// PassVault
// Copyright (c) 2026 Trevor W
// SPDX-License-Identifier: MIT

#pragma once

   /* Embedded sun-and-moon Font (TTF)
	  Original file: https://www.fontrepo.com/font/37817/sun-and-moon
	  Size: 133877 bytes */

unsigned char SunMoonFont[133877] = {
	0x00, 0x01, 0x00, 0x00, 0x00, 0x0F, 0x00, 0x30, 0x00, 0x03, 0x00, 0xC0,
	0x4F, 0x53, 0x2F, 0x32, 0x50, 0x97, 0x5A, 0xCA, 0x00, 0x02, 0x09, 0xE8,
	0x00, 0x00, 0x00, 0x56, 0x50, 0x43, 0x4C, 0x54, 0x92, 0x02, 0xAF, 0xF4,
	0x00, 0x02, 0x0A, 0x40, 0x00, 0x00, 0x00, 0x36, 0x63, 0x6D, 0x61, 0x70,
	0x07, 0xB6, 0x0A, 0xE3, 0x00, 0x02, 0x04, 0x68, 0x00, 0x00, 0x01, 0xB8,
	0x63, 0x76, 0x74, 0x20, 0x64, 0x8D, 0x0F, 0xBC, 0x00, 0x00, 0x04, 0x50,
	0x00, 0x00, 0x00, 0x3E, 0x66, 0x70, 0x67, 0x6D, 0x83, 0x33, 0xC2, 0x4F,
	0x00, 0x00, 0x04, 0x3C, 0x00, 0x00, 0x00, 0x14, 0x67, 0x6C, 0x79, 0x66,
	0x77, 0xDC, 0x86, 0x10, 0x00, 0x00, 0x05, 0x28, 0x00, 0x01, 0xFC, 0xE8,
	0x68, 0x64, 0x6D, 0x78, 0xD8, 0x0B, 0x76, 0x05, 0x00, 0x02, 0x06, 0x20,
	0x00, 0x00, 0x03, 0xC8, 0x68, 0x65, 0x61, 0x64, 0xCF, 0x2A, 0x30, 0xEA,
	0x00, 0x02, 0x0A, 0x78, 0x00, 0x00, 0x00, 0x36, 0x68, 0x68, 0x65, 0x61,
	0x07, 0x6D, 0x04, 0x0C, 0x00, 0x02, 0x0A, 0xB0, 0x00, 0x00, 0x00, 0x24,
	0x68, 0x6D, 0x74, 0x78, 0xA9, 0x2B, 0x00, 0x32, 0x00, 0x02, 0x02, 0xF4,
	0x00, 0x00, 0x00, 0xE0, 0x6C, 0x6F, 0x63, 0x61, 0x00, 0x3A, 0x47, 0x4A,
	0x00, 0x02, 0x02, 0x10, 0x00, 0x00, 0x00, 0xE4, 0x6D, 0x61, 0x78, 0x70,
	0x06, 0xAC, 0x14, 0xBC, 0x00, 0x02, 0x0A, 0xD4, 0x00, 0x00, 0x00, 0x20,
	0x6E, 0x61, 0x6D, 0x65, 0x47, 0xA3, 0x55, 0xCE, 0x00, 0x00, 0x00, 0xFC,
	0x00, 0x00, 0x03, 0x3F, 0x70, 0x6F, 0x73, 0x74, 0x06, 0x53, 0x06, 0x96,
	0x00, 0x02, 0x03, 0xD4, 0x00, 0x00, 0x00, 0x92, 0x70, 0x72, 0x65, 0x70,
	0x29, 0x90, 0x3A, 0x77, 0x00, 0x00, 0x04, 0x90, 0x00, 0x00, 0x00, 0x98,
	0x00, 0x00, 0x00, 0x18, 0x01, 0x26, 0x00, 0x00, 0x00, 0x00, 0x00, 0x00,
	0x00, 0x00, 0x00, 0x84, 0x00, 0x42, 0x00, 0x00, 0x00, 0x00, 0x00, 0x00,
	0x00, 0x01, 0x00, 0x14, 0x00, 0xD0, 0x00, 0x00, 0x00, 0x00, 0x00, 0x00,
	0x00, 0x02, 0x00, 0x0E, 0x00, 0xEB, 0x00, 0x00, 0x00, 0x00, 0x00, 0x00,
	0x00, 0x03, 0x00, 0x4C, 0x01, 0x3D, 0x00, 0x00, 0x00, 0x00, 0x00, 0x00,
	0x00, 0x04, 0x00, 0x14, 0x01, 0x03, 0x00, 0x00, 0x00, 0x00, 0x00, 0x00,
	0x00, 0x05, 0x00, 0x4C, 0x01, 0xAF, 0x00, 0x00, 0x00, 0x00, 0x00, 0x00,
	0x00, 0x06, 0x00, 0x14, 0x02, 0x05, 0x00, 0x00, 0x00, 0x00, 0x00, 0x00,
	0x00, 0x07, 0x00, 0x00, 0x02, 0x19, 0x00, 0x01, 0x00, 0x00, 0x00, 0x00,
	0x00, 0x00, 0x00, 0x42, 0x00, 0x00, 0x00, 0x01, 0x00, 0x00, 0x00, 0x00,
	0x00, 0x01, 0x00, 0x0A, 0x00, 0xC6, 0x00, 0x01, 0x00, 0x00, 0x00, 0x00,
	0x00, 0x02, 0x00, 0x07, 0x00, 0xE4, 0x00, 0x01, 0x00, 0x00, 0x00, 0x00,
	0x00, 0x03, 0x00, 0x26, 0x01, 0x17, 0x00, 0x01, 0x00, 0x00, 0x00, 0x00,
	0x00, 0x04, 0x00, 0x0A, 0x00, 0xF9, 0x00, 0x01, 0x00, 0x00, 0x00, 0x00,
	0x00, 0x05, 0x00, 0x26, 0x01, 0x89, 0x00, 0x01, 0x00, 0x00, 0x00, 0x00,
	0x00, 0x06, 0x00, 0x0A, 0x01, 0xFB, 0x00, 0x01, 0x00, 0x00, 0x00, 0x00,
	0x00, 0x07, 0x00, 0x00, 0x02, 0x19, 0x00, 0x03, 0x00, 0x01, 0x04, 0x09,
	0x00, 0x00, 0x00, 0x84, 0x00, 0x42, 0x00, 0x03, 0x00, 0x01, 0x04, 0x09,
	0x00, 0x01, 0x00, 0x14, 0x00, 0xD0, 0x00, 0x03, 0x00, 0x01, 0x04, 0x09,
	0x00, 0x02, 0x00, 0x0E, 0x00, 0xEB, 0x00, 0x03, 0x00, 0x01, 0x04, 0x09,
	0x00, 0x03, 0x00, 0x4C, 0x01, 0x3D, 0x00, 0x03, 0x00, 0x01, 0x04, 0x09,
	0x00, 0x04, 0x00, 0x14, 0x01, 0x03, 0x00, 0x03, 0x00, 0x01, 0x04, 0x09,
	0x00, 0x05, 0x00, 0x4C, 0x01, 0xAF, 0x00, 0x03, 0x00, 0x01, 0x04, 0x09,
	0x00, 0x06, 0x00, 0x14, 0x02, 0x05, 0x00, 0x03, 0x00, 0x01, 0x04, 0x09,
	0x00, 0x07, 0x00, 0x00, 0x02, 0x19, 0xA9, 0x4C, 0x69, 0x6D, 0x65, 0x20,
	0x32, 0x30, 0x30, 0x30, 0x2C, 0x20, 0x66, 0x6F, 0x72, 0x20, 0x74, 0x68,
	0x65, 0x20, 0x53, 0x75, 0x6E, 0x73, 0x68, 0x69, 0x6E, 0x65, 0x20, 0x69,
	0x6E, 0x20, 0x6D, 0x79, 0x20, 0x6C, 0x69, 0x66, 0x65, 0x2C, 0x20, 0x67,
	0x72, 0x61, 0x70, 0x68, 0x69, 0x63, 0x73, 0x20, 0x77, 0x77, 0x77, 0x2E,
	0x61, 0x72, 0x74, 0x74, 0x6F, 0x64, 0x61, 0x79, 0x2E, 0x63, 0x6F, 0x6D,
	0x00, 0xA9, 0x00, 0x4C, 0x00, 0x69, 0x00, 0x6D, 0x00, 0x65, 0x00, 0x20,
	0x00, 0x32, 0x00, 0x30, 0x00, 0x30, 0x00, 0x30, 0x00, 0x2C, 0x00, 0x20,
	0x00, 0x66, 0x00, 0x6F, 0x00, 0x72, 0x00, 0x20, 0x00, 0x74, 0x00, 0x68,
	0x00, 0x65, 0x00, 0x20, 0x00, 0x53, 0x00, 0x75, 0x00, 0x6E, 0x00, 0x73,
	0x00, 0x68, 0x00, 0x69, 0x00, 0x6E, 0x00, 0x65, 0x00, 0x20, 0x00, 0x69,
	0x00, 0x6E, 0x00, 0x20, 0x00, 0x6D, 0x00, 0x79, 0x00, 0x20, 0x00, 0x6C,
	0x00, 0x69, 0x00, 0x66, 0x00, 0x65, 0x00, 0x2C, 0x00, 0x20, 0x00, 0x67,
	0x00, 0x72, 0x00, 0x61, 0x00, 0x70, 0x00, 0x68, 0x00, 0x69, 0x00, 0x63,
	0x00, 0x73, 0x00, 0x20, 0x00, 0x77, 0x00, 0x77, 0x00, 0x77, 0x00, 0x2E,
	0x00, 0x61, 0x00, 0x72, 0x00, 0x74, 0x00, 0x74, 0x00, 0x6F, 0x00, 0x64,
	0x00, 0x61, 0x00, 0x79, 0x00, 0x2E, 0x00, 0x63, 0x00, 0x6F, 0x00, 0x6D,
	0x53, 0x75, 0x6E, 0x61, 0x6E, 0x64, 0x4D, 0x6F, 0x6F, 0x6E, 0x00, 0x53,
	0x00, 0x75, 0x00, 0x6E, 0x00, 0x61, 0x00, 0x6E, 0x00, 0x64, 0x00, 0x4D,
	0x00, 0x6F, 0x00, 0x6F, 0x00, 0x6E, 0x52, 0x65, 0x67, 0x75, 0x6C, 0x61,
	0x72, 0x00, 0x52, 0x00, 0x65, 0x00, 0x67, 0x00, 0x75, 0x00, 0x6C, 0x00,
	0x61, 0x00, 0x72, 0x53, 0x75, 0x6E, 0x61, 0x6E, 0x64, 0x4D, 0x6F, 0x6F,
	0x6E, 0x00, 0x53, 0x00, 0x75, 0x00, 0x6E, 0x00, 0x61, 0x00, 0x6E, 0x00,
	0x64, 0x00, 0x4D, 0x00, 0x6F, 0x00, 0x6F, 0x00, 0x6E, 0x4D, 0x61, 0x63,
	0x72, 0x6F, 0x6D, 0x65, 0x64, 0x69, 0x61, 0x20, 0x46, 0x6F, 0x6E, 0x74,
	0x6F, 0x67, 0x72, 0x61, 0x70, 0x68, 0x65, 0x72, 0x20, 0x34, 0x2E, 0x31,
	0x20, 0x53, 0x75, 0x6E, 0x61, 0x6E, 0x64, 0x4D, 0x6F, 0x6F, 0x6E, 0x00,
	0x4D, 0x00, 0x61, 0x00, 0x63, 0x00, 0x72, 0x00, 0x6F, 0x00, 0x6D, 0x00,
	0x65, 0x00, 0x64, 0x00, 0x69, 0x00, 0x61, 0x00, 0x20, 0x00, 0x46, 0x00,
	0x6F, 0x00, 0x6E, 0x00, 0x74, 0x00, 0x6F, 0x00, 0x67, 0x00, 0x72, 0x00,
	0x61, 0x00, 0x70, 0x00, 0x68, 0x00, 0x65, 0x00, 0x72, 0x00, 0x20, 0x00,
	0x34, 0x00, 0x2E, 0x00, 0x31, 0x00, 0x20, 0x00, 0x53, 0x00, 0x75, 0x00,
	0x6E, 0x00, 0x61, 0x00, 0x6E, 0x00, 0x64, 0x00, 0x4D, 0x00, 0x6F, 0x00,
	0x6F, 0x00, 0x6E, 0x4D, 0x61, 0x63, 0x72, 0x6F, 0x6D, 0x65, 0x64, 0x69,
	0x61, 0x20, 0x46, 0x6F, 0x6E, 0x74, 0x6F, 0x67, 0x72, 0x61, 0x70, 0x68,
	0x65, 0x72, 0x20, 0x34, 0x2E, 0x31, 0x20, 0x32, 0x30, 0x30, 0x30, 0x2D,
	0x30, 0x39, 0x2D, 0x31, 0x34, 0x00, 0x4D, 0x00, 0x61, 0x00, 0x63, 0x00,
	0x72, 0x00, 0x6F, 0x00, 0x6D, 0x00, 0x65, 0x00, 0x64, 0x00, 0x69, 0x00,
	0x61, 0x00, 0x20, 0x00, 0x46, 0x00, 0x6F, 0x00, 0x6E, 0x00, 0x74, 0x00,
	0x6F, 0x00, 0x67, 0x00, 0x72, 0x00, 0x61, 0x00, 0x70, 0x00, 0x68, 0x00,
	0x65, 0x00, 0x72, 0x00, 0x20, 0x00, 0x34, 0x00, 0x2E, 0x00, 0x31, 0x00,
	0x20, 0x00, 0x32, 0x00, 0x30, 0x00, 0x30, 0x00, 0x30, 0x00, 0x2D, 0x00,
	0x30, 0x00, 0x39, 0x00, 0x2D, 0x00, 0x31, 0x00, 0x34, 0x53, 0x75, 0x6E,
	0x61, 0x6E, 0x64, 0x4D, 0x6F, 0x6F, 0x6E, 0x00, 0x53, 0x00, 0x75, 0x00,
	0x6E, 0x00, 0x61, 0x00, 0x6E, 0x00, 0x64, 0x00, 0x4D, 0x00, 0x6F, 0x00,
	0x6F, 0x00, 0x6E, 0x00, 0x40, 0x01, 0x00, 0x2C, 0x76, 0x45, 0x20, 0xB0,
	0x03, 0x25, 0x45, 0x23, 0x61, 0x68, 0x18, 0x23, 0x68, 0x60, 0x44, 0x2D,
	0x00, 0x01, 0x03, 0x20, 0x00, 0x0F, 0x00, 0x1D, 0x00, 0x11, 0x00, 0x24,
	0x00, 0x12, 0x00, 0x35, 0x00, 0x62, 0x00, 0x8C, 0x01, 0x65, 0x01, 0xE5,
	0x00, 0xFF, 0x01, 0xB5, 0x01, 0x38, 0x00, 0xAF, 0x00, 0x66, 0x01, 0x22,
	0x00, 0xF4, 0x01, 0xEB, 0x01, 0x1B, 0x00, 0xD1, 0x00, 0x54, 0x01, 0xA5,
	0x01, 0xBB, 0x01, 0x59, 0x01, 0x78, 0x00, 0x74, 0x5A, 0x5D, 0x00, 0x01,
	0x00, 0x03, 0x00, 0x00, 0x40, 0x31, 0x1B, 0x1B, 0x1A, 0x1A, 0x19, 0x19,
	0x18, 0x18, 0x17, 0x17, 0x16, 0x16, 0x15, 0x15, 0x14, 0x14, 0x13, 0x13,
	0x12, 0x12, 0x11, 0x11, 0x10, 0x10, 0x0F, 0x0F, 0x0E, 0x0E, 0x0D, 0x0D,
	0x0C, 0x0C, 0x0B, 0x0B, 0x0A, 0x0A, 0x09, 0x09, 0x08, 0x08, 0x07, 0x07,
	0x06, 0x06, 0x01, 0x01, 0x00, 0x00, 0x01, 0x8D, 0xB8, 0x01, 0xFF, 0x85,
	0x45, 0x68, 0x44, 0x45, 0x68, 0x44, 0x45, 0x68, 0x44, 0x45, 0x68, 0x44,
	0x45, 0x68, 0x44, 0x45, 0x68, 0x44, 0x45, 0x68, 0x44, 0x45, 0x68, 0x44,
	0x45, 0x68, 0x44, 0x45, 0x68, 0x44, 0x45, 0x68, 0x44, 0x45, 0x68, 0x44,
	0x45, 0x68, 0x44, 0x45, 0x68, 0x44, 0x45, 0x68, 0x44, 0x45, 0x68, 0x44,
	0x45, 0x68, 0x44, 0x45, 0x68, 0x44, 0x45, 0x68, 0x44, 0x45, 0x68, 0x44,
	0x45, 0x68, 0x44, 0x45, 0x68, 0x44, 0x45, 0x68, 0x44, 0x45, 0x68, 0x44,
	0xB3, 0x03, 0x02, 0x46, 0x00, 0x2B, 0xB3, 0x05, 0x04, 0x46, 0x00, 0x2B,
	0xB1, 0x02, 0x02, 0x45, 0x68, 0x44, 0xB1, 0x04, 0x04, 0x45, 0x68, 0x44,
	0x00, 0x02, 0x00, 0x3F, 0x00, 0x00, 0x01, 0xB6, 0x03, 0x20, 0x00, 0x03,
	0x00, 0x07, 0x00, 0x57, 0x40, 0x21, 0x01, 0x08, 0x08, 0x40, 0x09, 0x02,
	0x07, 0x04, 0x03, 0x01, 0x00, 0x06, 0x05, 0x03, 0x03, 0x02, 0x05, 0x04,
	0x05, 0x00, 0x07, 0x06, 0x05, 0x01, 0x02, 0x01, 0x01, 0x03, 0x00, 0x00,
	0x01, 0x00, 0x46, 0x76, 0x2F, 0x37, 0x18, 0x00, 0x3F, 0x3C, 0x3F, 0x3C,
	0x10, 0xFD, 0x3C, 0x10, 0xFD, 0x3C, 0x01, 0x2F, 0x3C, 0xFD, 0x3C, 0x2F,
	0x3C, 0xFD, 0x3C, 0x00, 0x31, 0x30, 0x01, 0x49, 0x68, 0xB9, 0x00, 0x00,
	0x00, 0x08, 0x49, 0x68, 0x61, 0xB0, 0x40, 0x52, 0x58, 0x38, 0x11, 0x37,
	0xB9, 0x00, 0x08, 0xFF, 0xC0, 0x38, 0x59, 0x33, 0x11, 0x21, 0x11, 0x25,
	0x33, 0x11, 0x23, 0x3F, 0x01, 0x77, 0xFE, 0xC7, 0xFA, 0xFA, 0x03, 0x20,
	0xFC, 0xE0, 0x3F, 0x02, 0xA3, 0x00, 0x00, 0x04, 0x00, 0x00, 0x00, 0x00,
	0x02, 0xD1, 0x03, 0x20, 0x03, 0xA8, 0x03, 0xE4, 0x05, 0x68, 0x07, 0x08,
	0x0A, 0x96, 0x40, 0x63, 0x01, 0xF9, 0xD0, 0xCE, 0xC4, 0xC2, 0xBC, 0xB2,
	0xA4, 0x96, 0x8F, 0x82, 0x79, 0x68, 0x62, 0x61, 0x58, 0x52, 0x51, 0x42,
	0x3C, 0x38, 0x36, 0x34, 0x32, 0x30, 0x2D, 0x2B, 0x1C, 0x1A, 0x13, 0x0C,
	0x06, 0x02, 0xFC, 0xF7, 0xF5, 0xF3, 0xE7, 0xE5, 0xE3, 0xDF, 0xD0, 0xC8,
	0xBF, 0xB4, 0xAB, 0xA9, 0xA6, 0xA4, 0xA1, 0x98, 0x8D, 0x77, 0x6A, 0x5C,
	0x5A, 0x54, 0x44, 0x36, 0x28, 0x1D, 0x11, 0x00, 0xFF, 0x84, 0x10, 0xFF,
	0xFF, 0xB6, 0x03, 0xD2, 0x03, 0xED, 0xFF, 0xD6, 0x03, 0xD9, 0x03, 0xFF,
	0x03, 0x00, 0x0E, 0x05, 0x21, 0x21, 0x21, 0x05, 0x24, 0x05, 0x0A, 0x04,
	0x40, 0x05, 0x15, 0xE5, 0x00, 0x01, 0x46, 0x76, 0xB8, 0x02, 0x2F, 0x2F,
	0x37, 0x18, 0x00, 0x3F, 0xB9, 0x02, 0xE1, 0x00, 0x01, 0x3F, 0xB8, 0x02,
	0xCA, 0x3C, 0xB8, 0x02, 0xE1, 0x10, 0xB9, 0x02, 0xB0, 0x00, 0x04, 0xFD,
	0xB8, 0x01, 0x9D, 0x2F, 0xB9, 0x01, 0xB6, 0x00, 0x05, 0xFD, 0x2F, 0xB8,
	0x03, 0xE3, 0xB8, 0x03, 0xE5, 0xB8, 0x04, 0x65, 0xB8, 0x04, 0xA6, 0xB8,
	0x05, 0x67, 0x3C, 0x3C, 0x3C, 0x3C, 0x3C, 0xFD, 0x2F, 0xB8, 0x01, 0xE8,
	0xB8, 0x01, 0xEA, 0xB8, 0x01, 0xF1, 0xB8, 0x04, 0x5C, 0xB8, 0x04, 0xAD,
	0xB8, 0x04, 0xAF, 0x3C, 0x3C, 0x3C, 0x3C, 0x3C, 0x3C, 0x3C, 0xFD, 0xB8,
	0x01, 0xBA, 0xB8, 0x01, 0xBF, 0x3C, 0x3C, 0xB8, 0x03, 0x9C, 0x2F, 0xB8,
	0x01, 0xF4, 0xB8, 0x01, 0xF6, 0x3C, 0x3C, 0xFD, 0xB8, 0x04, 0x7A, 0x3C,
	0x10, 0xB9, 0x03, 0x7E, 0x00, 0x05, 0xFD, 0xB8, 0x02, 0x1E, 0xB8, 0x03,
	0x83, 0x3C, 0x3C, 0x10, 0xB9, 0x03, 0x5B, 0x00, 0x05, 0xFD, 0xB8, 0x03,
	0x36, 0x3C, 0xB8, 0x03, 0x7B, 0x2F, 0xFD, 0x3C, 0x01, 0xB8, 0x01, 0xE6,
	0x2F, 0xB9, 0x04, 0x98, 0x00, 0x03, 0xFD, 0xB8, 0x04, 0x9A, 0xB8, 0x04,
	0xB8, 0x3C, 0x3C, 0xB8, 0x01, 0x94, 0x2F, 0xB9, 0x05, 0x1A, 0x00, 0x03,
	0xFD, 0xB8, 0x01, 0x2B, 0x2F, 0xB8, 0x01, 0x35, 0x3C, 0xFD, 0xB8, 0x02,
	0xD3, 0x3C, 0xB8, 0x01, 0x32, 0x2F, 0xB8, 0x01, 0x39, 0x3C, 0xFD, 0xB8,
	0x03, 0xAD, 0x3C, 0xB8, 0x01, 0x32, 0x10, 0xFD, 0xB8, 0x02, 0xD0, 0xB8,
	0x06, 0x9E, 0x3C, 0x3C, 0x10, 0xB9, 0x01, 0x0E, 0x00, 0x03, 0xFD, 0xB8,
	0x03, 0xC8, 0xB8, 0x03, 0xCE, 0xB8, 0x04, 0x7A, 0x3C, 0x3C, 0x3C, 0x3C,
	0xB8, 0x01, 0x0E, 0x10, 0xFD, 0xB8, 0x04, 0x93, 0x3C, 0xB8, 0x01, 0x0E,
	0x10, 0xFD, 0x10, 0xB9, 0x05, 0x91, 0x00, 0x0F, 0xFD, 0xB8, 0x01, 0x2B,
	0x10, 0xB9, 0x01, 0x62, 0x00, 0x10, 0xFD, 0x10, 0xFD, 0xB8, 0x03, 0xE5,
	0x3C, 0x10, 0xB9, 0x04, 0xE6, 0x00, 0x10, 0xFD, 0xB8, 0x02, 0xFF, 0xB8,
	0x05, 0x53, 0x3C, 0x3C, 0x2E, 0x2E, 0x2E, 0x2E, 0x2E, 0x2E, 0x2E, 0x2E,
	0x2E, 0x2E, 0x2E, 0x2E, 0x2E, 0x2E, 0x2E, 0x2E, 0x2E, 0x2E, 0x2E, 0x2E,
	0x2E, 0x2E, 0x2E, 0x2E, 0x2E, 0x2E, 0x2E, 0x2E, 0x2E, 0x2E, 0xB8, 0x01,
	0x04, 0x2E, 0xB8, 0x01, 0x06, 0x2E, 0xB8, 0x01, 0x07, 0x2E, 0xB8, 0x01,
	0x0B, 0x2E, 0xB8, 0x01, 0x17, 0x2E, 0xB8, 0x01, 0x1B, 0x2E, 0xB8, 0x01,
	0x1F, 0x2E, 0xB8, 0x01, 0x21, 0x2E, 0xB8, 0x01, 0x26, 0x2E, 0xB8, 0x01,
	0x2E, 0x2E, 0xB8, 0x01, 0x47, 0x2E, 0xB8, 0x01, 0x53, 0x2E, 0xB8, 0x01,
	0x58, 0x2E, 0xB8, 0x01, 0x5A, 0x2E, 0xB8, 0x01, 0x60, 0x2E, 0xB8, 0x01,
	0x68, 0x2E, 0xB8, 0x01, 0x6A, 0x2E, 0xB8, 0x01, 0x6D, 0x2E, 0xB8, 0x01,
	0x77, 0x2E, 0xB8, 0x01, 0x7D, 0x2E, 0xB8, 0x01, 0x8B, 0x2E, 0xB8, 0x01,
	0xAA, 0x2E, 0xB8, 0x01, 0xAC, 0x2E, 0xB8, 0x01, 0xAE, 0x2E, 0xB8, 0x01,
	0xB8, 0x2E, 0xB8, 0x01, 0xC5, 0x2E, 0xB8, 0x01, 0xC6, 0x2E, 0xB8, 0x01,
	0xD2, 0x2E, 0xB8, 0x01, 0xDF, 0x2E, 0xB8, 0x01, 0xF3, 0x2E, 0xB8, 0x01,
	0xF4, 0x2E, 0xB8, 0x01, 0xFF, 0x2E, 0xB8, 0x02, 0x09, 0x2E, 0xB8, 0x02,
	0x0F, 0x2E, 0xB8, 0x02, 0x15, 0x2E, 0xB8, 0x02, 0x23, 0x2E, 0xB8, 0x02,
	0x2F, 0x2E, 0xB8, 0x02, 0x31, 0x2E, 0xB8, 0x02, 0x3F, 0x2E, 0xB8, 0x02,
	0x44, 0x2E, 0xB8, 0x02, 0x48, 0x2E, 0xB8, 0x02, 0x4A, 0x2E, 0xB8, 0x02,
	0x58, 0x2E, 0xB8, 0x02, 0x67, 0x2E, 0xB8, 0x02, 0x75, 0x2E, 0xB8, 0x02,
	0x7E, 0x2E, 0xB8, 0x02, 0x89, 0x2E, 0xB8, 0x02, 0x94, 0x2E, 0xB8, 0x02,
	0xA0, 0x2E, 0xB8, 0x02, 0xA3, 0x2E, 0xB8, 0x02, 0xA5, 0x2E, 0xB8, 0x02,
	0xAA, 0x2E, 0xB8, 0x02, 0xAE, 0x2E, 0xB8, 0x02, 0xB0, 0x2E, 0xB8, 0x02,
	0xB5, 0x2E, 0xB8, 0x02, 0xB6, 0x2E, 0xB8, 0x02, 0xC0, 0x2E, 0xB8, 0x02,
	0xC2, 0x2E, 0xB8, 0x02, 0xC4, 0x2E, 0xB8, 0x02, 0xCA, 0x2E, 0xB8, 0x02,
	0xD7, 0x2E, 0xB8, 0x02, 0xD9, 0x2E, 0xB8, 0x02, 0xDC, 0x2E, 0xB8, 0x02,
	0xDE, 0x2E, 0xB8, 0x02, 0xE3, 0x2E, 0xB8, 0x02, 0xE7, 0x2E, 0xB8, 0x02,
	0xEB, 0x2E, 0xB8, 0x02, 0xEE, 0x2E, 0xB8, 0x02, 0xF6, 0x2E, 0xB8, 0x02,
	0xFA, 0x2E, 0xB8, 0x03, 0x02, 0x2E, 0xB8, 0x03, 0x0B, 0x2E, 0xB8, 0x03,
	0x11, 0x2E, 0xB8, 0x03, 0x19, 0x2E, 0xB8, 0x03, 0x1F, 0x2E, 0xB8, 0x03,
	0x2A, 0x2E, 0xB8, 0x03, 0x34, 0x2E, 0xB8, 0x03, 0x43, 0x2E, 0xB8, 0x03,
	0x52, 0x2E, 0xB8, 0x03, 0x63, 0x2E, 0xB8, 0x03, 0x73, 0x2E, 0xB8, 0x03,
	0x85, 0x2E, 0xB8, 0x03, 0x94, 0x2E, 0xB8, 0x03, 0xA9, 0x2E, 0xB8, 0x03,
	0xAB, 0x2E, 0xB8, 0x03, 0xB5, 0x2E, 0xB8, 0x03, 0xB8, 0x2E, 0xB8, 0x03,
	0xBC, 0x2E, 0xB8, 0x03, 0xBE, 0x2E, 0xB8, 0x03, 0xC2, 0x2E, 0xB8, 0x03,
	0xC4, 0x2E, 0xB8, 0x03, 0xCB, 0x2E, 0xB8, 0x03, 0xCD, 0x2E, 0xB8, 0x03,
	0xD2, 0x2E, 0xB8, 0x03, 0xD5, 0x2E, 0xB8, 0x03, 0xDC, 0x2E, 0xB8, 0x03,
	0xDE, 0x2E, 0xB8, 0x03, 0xE6, 0x2E, 0xB8, 0x03, 0xE9, 0x2E, 0xB8, 0x03,
	0xEC, 0x2E, 0xB8, 0x03, 0xF0, 0x2E, 0xB8, 0x03, 0xF5, 0x2E, 0xB8, 0x03,
	0xFA, 0x2E, 0xB8, 0x03, 0xFC, 0x2E, 0xB8, 0x04, 0x01, 0x2E, 0xB8, 0x04,
	0x04, 0x2E, 0xB8, 0x04, 0x0B, 0x2E, 0xB8, 0x04, 0x0E, 0x2E, 0xB8, 0x04,
	0x14, 0x2E, 0xB8, 0x04, 0x16, 0x2E, 0xB8, 0x04, 0x1D, 0x2E, 0xB8, 0x04,
	0x1F, 0x2E, 0xB8, 0x04, 0x37, 0x2E, 0xB8, 0x04, 0x39, 0x2E, 0xB8, 0x04,
	0x3C, 0x2E, 0xB8, 0x04, 0x3E, 0x2E, 0xB8, 0x04, 0x44, 0x2E, 0xB8, 0x04,
	0x47, 0x2E, 0xB8, 0x04, 0x4C, 0x2E, 0xB8, 0x04, 0x4E, 0x2E, 0xB8, 0x04,
	0x54, 0x2E, 0xB8, 0x04, 0x56, 0x2E, 0xB8, 0x04, 0x5C, 0x2E, 0xB8, 0x04,
	0x61, 0x2E, 0xB8, 0x04, 0x63, 0x2E, 0xB8, 0x04, 0x67, 0x2E, 0xB8, 0x04,
	0x69, 0x2E, 0xB8, 0x04, 0x6F, 0x2E, 0xB8, 0x04, 0x71, 0x2E, 0xB8, 0x04,
	0x74, 0x2E, 0xB8, 0x04, 0x75, 0x2E, 0xB8, 0x04, 0x77, 0x2E, 0xB8, 0x04,
	0x79, 0x2E, 0xB8, 0x04, 0x7B, 0x2E, 0xB8, 0x04, 0x7F, 0x2E, 0xB8, 0x04,
	0x81, 0x2E, 0xB8, 0x04, 0x82, 0x2E, 0xB8, 0x04, 0x83, 0x2E, 0xB8, 0x04,
	0x89, 0x2E, 0xB8, 0x04, 0x8A, 0x2E, 0xB8, 0x04, 0x91, 0x2E, 0xB8, 0x04,
	0x9E, 0x2E, 0xB8, 0x04, 0xA0, 0x2E, 0xB8, 0x04, 0xA2, 0x2E, 0xB8, 0x04,
	0xA6, 0x2E, 0xB8, 0x04, 0xA9, 0x2E, 0xB8, 0x04, 0xAB, 0x2E, 0xB8, 0x04,
	0xB1, 0x2E, 0xB8, 0x04, 0xB3, 0x2E, 0xB8, 0x04, 0xBB, 0x2E, 0xB8, 0x04,
	0xC0, 0x2E, 0xB8, 0x04, 0xC2, 0x2E, 0xB8, 0x04, 0xCB, 0x2E, 0xB8, 0x04,
	0xCC, 0x2E, 0xB8, 0x04, 0xD2, 0x2E, 0xB8, 0x04, 0xDD, 0x2E, 0xB8, 0x04,
	0xEF, 0x2E, 0xB8, 0x04, 0xF6, 0x2E, 0xB8, 0x04, 0xF9, 0x2E, 0xB8, 0x04,
	0xFD, 0x2E, 0xB8, 0x04, 0xFF, 0x2E, 0xB8, 0x05, 0x06, 0x2E, 0xB8, 0x05,
	0x08, 0x2E, 0xB8, 0x05, 0x13, 0x2E, 0xB8, 0x05, 0x15, 0x2E, 0xB8, 0x05,
	0x2B, 0x2E, 0xB8, 0x05, 0x2D, 0x2E, 0xB8, 0x05, 0x34, 0x2E, 0xB8, 0x05,
	0x36, 0x2E, 0xB8, 0x05, 0x38, 0x2E, 0xB8, 0x05, 0x3B, 0x2E, 0xB8, 0x05,
	0x3D, 0x2E, 0xB8, 0x05, 0x40, 0x2E, 0xB8, 0x05, 0x42, 0x2E, 0xB8, 0x05,
	0x46, 0x2E, 0xB8, 0x05, 0x49, 0x2E, 0xB8, 0x05, 0x4F, 0x2E, 0xB8, 0x05,
	0x51, 0x2E, 0xB8, 0x05, 0x56, 0x2E, 0xB8, 0x05, 0x59, 0x2E, 0xB8, 0x05,
	0x5F, 0x2E, 0xB8, 0x05, 0x65, 0x2E, 0xB8, 0x05, 0x69, 0x2E, 0xB8, 0x05,
	0x6F, 0x2E, 0xB8, 0x05, 0x72, 0x2E, 0xB8, 0x05, 0x76, 0x2E, 0xB8, 0x05,
	0x7A, 0x2E, 0xB8, 0x05, 0x7F, 0x2E, 0xB8, 0x05, 0x82, 0x2E, 0xB8, 0x05,
	0x88, 0x2E, 0xB8, 0x05, 0x8B, 0x2E, 0xB8, 0x05, 0x93, 0x2E, 0xB8, 0x05,
	0x98, 0x2E, 0xB8, 0x05, 0x9A, 0x2E, 0xB8, 0x05, 0x9E, 0x2E, 0xB8, 0x05,
	0xA0, 0x2E, 0xB8, 0x05, 0xA6, 0x2E, 0xB8, 0x05, 0xA9, 0x2E, 0xB8, 0x05,
	0xAE, 0x2E, 0xB8, 0x05, 0xB0, 0x2E, 0xB8, 0x05, 0xBF, 0x2E, 0xB8, 0x05,
	0xC1, 0x2E, 0xB8, 0x05, 0xC7, 0x2E, 0xB8, 0x05, 0xC9, 0x2E, 0xB8, 0x05,
	0xDD, 0x2E, 0xB8, 0x05, 0xDF, 0x2E, 0xB8, 0x05, 0xE6, 0x2E, 0xB8, 0x05,
	0xE8, 0x2E, 0xB8, 0x05, 0xEF, 0x2E, 0xB8, 0x05, 0xF1, 0x2E, 0xB8, 0x05,
	0xF4, 0x2E, 0xB8, 0x05, 0xF6, 0x2E, 0xB8, 0x05, 0xFD, 0x2E, 0xB8, 0x06,
	0x00, 0x2E, 0xB8, 0x06, 0x04, 0x2E, 0xB8, 0x06, 0x07, 0x2E, 0xB8, 0x06,
	0x0B, 0x2E, 0xB8, 0x06, 0x0F, 0x2E, 0xB8, 0x06, 0x12, 0x2E, 0xB8, 0x06,
	0x16, 0x2E, 0xB8, 0x06, 0x19, 0x2E, 0xB8, 0x06, 0x26, 0x2E, 0xB8, 0x06,
	0x35, 0x2E, 0xB8, 0x06, 0x3A, 0x2E, 0xB8, 0x06, 0x3C, 0x2E, 0xB8, 0x06,
	0x3E, 0x2E, 0xB8, 0x06, 0x45, 0x2E, 0xB8, 0x06, 0x47, 0x2E, 0xB8, 0x06,
	0x4A, 0x2E, 0xB8, 0x06, 0x4D, 0x2E, 0xB8, 0x06, 0x4F, 0x2E, 0xB8, 0x06,
	0x57, 0x2E, 0xB8, 0x06, 0x58, 0x2E, 0xB8, 0x06, 0x5D, 0x2E, 0xB8, 0x06,
	0x5F, 0x2E, 0xB8, 0x06, 0x65, 0x2E, 0xB8, 0x06, 0x68, 0x2E, 0xB8, 0x06,
	0x74, 0x2E, 0xB8, 0x06, 0x76, 0x2E, 0xB8, 0x06, 0x7B, 0x2E, 0xB8, 0x06,
	0x7D, 0x2E, 0xB8, 0x06, 0x83, 0x2E, 0xB8, 0x06, 0x85, 0x2E, 0xB8, 0x06,
	0x94, 0x2E, 0xB8, 0x06, 0x95, 0x2E, 0xB8, 0x06, 0x99, 0x2E, 0xB8, 0x06,
	0x9B, 0x2E, 0xB8, 0x06, 0x9F, 0x2E, 0xB8, 0x06, 0xB2, 0x2E, 0xB8, 0x06,
	0xB4, 0x2E, 0xB8, 0x06, 0xB6, 0x2E, 0xB8, 0x06, 0xBD, 0x2E, 0xB8, 0x06,
	0xBF, 0x2E, 0xB8, 0x06, 0xCB, 0x2E, 0xB8, 0x06, 0xCF, 0x2E, 0xB8, 0x06,
	0xD5, 0x2E, 0xB8, 0x06, 0xD8, 0x2E, 0xB8, 0x06, 0xDF, 0x2E, 0xB8, 0x06,
	0xE2, 0x2E, 0xB8, 0x06, 0xE7, 0x2E, 0xB8, 0x06, 0xE9, 0x2E, 0xB8, 0x06,
	0xF0, 0x2E, 0xB8, 0x06, 0xF3, 0x2E, 0xB8, 0x06, 0xFB, 0x2E, 0xB8, 0x06,
	0xFD, 0x2E, 0xB8, 0x07, 0x03, 0x2E, 0xB8, 0x07, 0x05, 0x2E, 0x00, 0x2E,
	0x2E, 0x2E, 0x2E, 0x2E, 0x2E, 0x2E, 0x2E, 0x2E, 0x2E, 0x2E, 0x2E, 0x2E,
	0x2E, 0x2E, 0x2E, 0x2E, 0x2E, 0x2E, 0x2E, 0x2E, 0x2E, 0x2E, 0x2E, 0x2E,
	0x2E, 0x2E, 0x2E, 0x2E, 0x2E, 0x2E, 0x2E, 0x2E, 0xB8, 0x01, 0x07, 0x2E,
	0xB8, 0x01, 0x12, 0x2E, 0xB8, 0x01, 0x24, 0x2E, 0xB8, 0x01, 0x3B, 0x2E,
	0xB8, 0x01, 0x44, 0x2E, 0xB8, 0x01, 0x47, 0x2E, 0xB8, 0x01, 0x49, 0x2E,
	0xB8, 0x01, 0x55, 0x2E, 0xB8, 0x01, 0x60, 0x2E, 0xB8, 0x01, 0x6F, 0x2E,
	0xB8, 0x01, 0x75, 0x2E, 0xB8, 0x01, 0x7F, 0x2E, 0xB8, 0x01, 0x8A, 0x2E,
	0xB8, 0x01, 0x8B, 0x2E, 0xB8, 0x01, 0x99, 0x2E, 0xB8, 0x01, 0x9F, 0x2E,
	0xB8, 0x01, 0xA1, 0x2E, 0xB8, 0x01, 0xA3, 0x2E, 0xB8, 0x01, 0xA5, 0x2E,
	0xB8, 0x01, 0xA7, 0x2E, 0xB8, 0x01, 0xAC, 0x2E, 0xB8, 0x01, 0xBD, 0x2E,
	0xB8, 0x01, 0xC3, 0x2E, 0xB8, 0x01, 0xC6, 0x2E, 0xB8, 0x01, 0xC8, 0x2E,
	0xB8, 0x01, 0xC9, 0x2E, 0xB8, 0x01, 0xCC, 0x2E, 0xB8, 0x01, 0xCE, 0x2E,
	0xB8, 0x01, 0xD0, 0x2E, 0xB8, 0x01, 0xD2, 0x2E, 0xB8, 0x01, 0xD4, 0x2E,
	0xB8, 0x01, 0xD6, 0x2E, 0xB8, 0x01, 0xDA, 0x2E, 0xB8, 0x01, 0xDD, 0x2E,
	0xB8, 0x01, 0xE2, 0x2E, 0xB8, 0x01, 0xE4, 0x2E, 0xB8, 0x01, 0xED, 0x2E,
	0xB8, 0x01, 0xF9, 0x2E, 0xB8, 0x01, 0xFD, 0x2E, 0xB8, 0x02, 0x06, 0x2E,
	0xB8, 0x02, 0x07, 0x2E, 0xB8, 0x02, 0x0D, 0x2E, 0xB8, 0x02, 0x11, 0x2E,
	0xB8, 0x02, 0x13, 0x2E, 0xB8, 0x02, 0x19, 0x2E, 0xB8, 0x02, 0x1B, 0x2E,
	0xB8, 0x02, 0x21, 0x2E, 0xB8, 0x02, 0x23, 0x2E, 0xB8, 0x02, 0x28, 0x2E,
	0xB8, 0x02, 0x2A, 0x2E, 0xB8, 0x02, 0x31, 0x2E, 0xB8, 0x02, 0x3B, 0x2E,
	0xB8, 0x02, 0x46, 0x2E, 0xB8, 0x02, 0x56, 0x2E, 0xB8, 0x02, 0x5C, 0x2E,
	0xB8, 0x02, 0x5E, 0x2E, 0xB8, 0x02, 0x67, 0x2E, 0xB8, 0x02, 0x74, 0x2E,
	0xB8, 0x02, 0x7B, 0x2E, 0xB8, 0x02, 0x7C, 0x2E, 0xB8, 0x02, 0x80, 0x2E,
	0xB8, 0x02, 0x87, 0x2E, 0xB8, 0x02, 0x94, 0x2E, 0xB8, 0x02, 0x9E, 0x2E,
	0xB8, 0x02, 0xAC, 0x2E, 0xB8, 0x02, 0xBE, 0x2E, 0xB8, 0x02, 0xD5, 0x2E,
	0xB8, 0x02, 0xF0, 0x2E, 0xB8, 0x02, 0xFA, 0x2E, 0xB8, 0x02, 0xFB, 0x2E,
	0xB8, 0x03, 0x04, 0x2E, 0xB8, 0x03, 0x0D, 0x2E, 0xB8, 0x03, 0x0F, 0x2E,
	0xB8, 0x03, 0x15, 0x2E, 0xB8, 0x03, 0x20, 0x2E, 0xB8, 0x03, 0x29, 0x2E,
	0xB8, 0x03, 0x40, 0x2E, 0xB8, 0x03, 0x45, 0x2E, 0xB8, 0x03, 0x47, 0x2E,
	0xB8, 0x03, 0x54, 0x2E, 0xB8, 0x03, 0x56, 0x2E, 0xB8, 0x03, 0x57, 0x2E,
	0xB8, 0x03, 0x5E, 0x2E, 0xB8, 0x03, 0x63, 0x2E, 0xB8, 0x03, 0x76, 0x2E,
	0xB8, 0x03, 0x80, 0x2E, 0xB8, 0x03, 0x85, 0x2E, 0xB8, 0x03, 0x8A, 0x2E,
	0xB8, 0x03, 0x8C, 0x2E, 0xB8, 0x03, 0x8E, 0x2E, 0xB8, 0x03, 0x90, 0x2E,
	0xB8, 0x03, 0x92, 0x2E, 0xB8, 0x03, 0x99, 0x2E, 0xB8, 0x03, 0xA0, 0x2E,
	0xB8, 0x03, 0xA2, 0x2E, 0xB8, 0x03, 0xA6, 0x2E, 0xB8, 0x03, 0xAD, 0x2E,
	0xB8, 0x03, 0xAF, 0x2E, 0xB8, 0x03, 0xB1, 0x2E, 0xB8, 0x03, 0xBA, 0x2E,
	0xB8, 0x03, 0xC6, 0x2E, 0xB8, 0x03, 0xC8, 0x2E, 0xB8, 0x03, 0xCE, 0x2E,
	0xB8, 0x03, 0xD0, 0x2E, 0xB8, 0x03, 0xD7, 0x2E, 0xB8, 0x03, 0xDA, 0x2E,
	0xB8, 0x03, 0xDF, 0x2E, 0xB8, 0x03, 0xE1, 0x2E, 0xB8, 0x03, 0xF2, 0x2E,
	0xB8, 0x03, 0xF3, 0x2E, 0xB8, 0x03, 0xF7, 0x2E, 0xB8, 0x03, 0xF8, 0x2E,
	0xB8, 0x03, 0xFE, 0x2E, 0xB8, 0x03, 0xFF, 0x2E, 0xB8, 0x04, 0x06, 0x2E,
	0xB8, 0x04, 0x09, 0x2E, 0xB8, 0x04, 0x10, 0x2E, 0xB8, 0x04, 0x12, 0x2E,
	0xB8, 0x04, 0x18, 0x2E, 0xB8, 0x04, 0x1B, 0x2E, 0xB8, 0x04, 0x20, 0x2E,
	0xB8, 0x04, 0x23, 0x2E, 0xB8, 0x04, 0x28, 0x2E, 0xB8, 0x04, 0x2B, 0x2E,
	0xB8, 0x04, 0x2E, 0x2E, 0xB8, 0x04, 0x31, 0x2E, 0xB8, 0x04, 0x35, 0x2E,
	0xB8, 0x04, 0x39, 0x2E, 0xB8, 0x04, 0x3B, 0x2E, 0xB8, 0x04, 0x40, 0x2E,
	0xB8, 0x04, 0x43, 0x2E, 0xB8, 0x04, 0x49, 0x2E, 0xB8, 0x04, 0x4B, 0x2E,
	0xB8, 0x04, 0x50, 0x2E, 0xB8, 0x04, 0x52, 0x2E, 0xB8, 0x04, 0x58, 0x2E,
	0xB8, 0x04, 0x5A, 0x2E, 0xB8, 0x04, 0x5D, 0x2E, 0xB8, 0x04, 0x67, 0x2E,
	0xB8, 0x04, 0x6B, 0x2E, 0xB8, 0x04, 0x6D, 0x2E, 0xB8, 0x04, 0x74, 0x2E,
	0xB8, 0x04, 0x75, 0x2E, 0xB8, 0x04, 0x77, 0x2E, 0xB8, 0x04, 0x7D, 0x2E,
	0xB8, 0x04, 0x82, 0x2E, 0xB8, 0x04, 0x85, 0x2E, 0xB8, 0x04, 0x87, 0x2E,
	0xB8, 0x04, 0x8C, 0x2E, 0xB8, 0x04, 0x8F, 0x2E, 0xB8, 0x04, 0x93, 0x2E,
	0xB8, 0x04, 0x96, 0x2E, 0xB8, 0x04, 0x9A, 0x2E, 0xB8, 0x04, 0x9C, 0x2E,
	0xB8, 0x04, 0xA2, 0x2E, 0xB8, 0x04, 0xA4, 0x2E, 0xB8, 0x04, 0xA7, 0x2E,
	0xB8, 0x04, 0xB5, 0x2E, 0xB8, 0x04, 0xB6, 0x2E, 0xB8, 0x04, 0xBD, 0x2E,
	0xB8, 0x04, 0xBE, 0x2E, 0xB8, 0x04, 0xC4, 0x2E, 0xB8, 0x04, 0xC6, 0x2E,
	0xB8, 0x04, 0xC9, 0x2E, 0xB8, 0x04, 0xD7, 0x2E, 0xB8, 0x04, 0xE2, 0x2E,
	0xB8, 0x04, 0xEA, 0x2E, 0xB8, 0x04, 0xEC, 0x2E, 0xB8, 0x04, 0xF2, 0x2E,
	0xB8, 0x04, 0xF4, 0x2E, 0xB8, 0x05, 0x01, 0x2E, 0xB8, 0x05, 0x04, 0x2E,
	0xB8, 0x05, 0x0A, 0x2E, 0xB8, 0x05, 0x0D, 0x2E, 0xB8, 0x05, 0x0F, 0x2E,
	0xB8, 0x05, 0x11, 0x2E, 0xB8, 0x05, 0x16, 0x2E, 0xB8, 0x05, 0x18, 0x2E,
	0xB8, 0x05, 0x1C, 0x2E, 0xB8, 0x05, 0x1E, 0x2E, 0xB8, 0x05, 0x23, 0x2E,
	0xB8, 0x05, 0x26, 0x2E, 0xB8, 0x05, 0x2A, 0x2E, 0xB8, 0x05, 0x2F, 0x2E,
	0xB8, 0x05, 0x32, 0x2E, 0xB8, 0x05, 0x38, 0x2E, 0xB8, 0x05, 0x3A, 0x2E,
	0xB8, 0x05, 0x3D, 0x2E, 0xB8, 0x05, 0x3F, 0x2E, 0xB8, 0x05, 0x42, 0x2E,
	0xB8, 0x05, 0x44, 0x2E, 0xB8, 0x05, 0x4B, 0x2E, 0xB8, 0x05, 0x4D, 0x2E,
	0xB8, 0x05, 0x53, 0x2E, 0xB8, 0x05, 0x54, 0x2E, 0xB8, 0x05, 0x5B, 0x2E,
	0xB8, 0x05, 0x5D, 0x2E, 0xB8, 0x05, 0x61, 0x2E, 0xB8, 0x05, 0x63, 0x2E,
	0xB8, 0x05, 0x69, 0x2E, 0xB8, 0x05, 0x6B, 0x2E, 0xB8, 0x05, 0x6D, 0x2E,
	0xB8, 0x05, 0x7B, 0x2E, 0xB8, 0x05, 0x7D, 0x2E, 0xB8, 0x05, 0x84, 0x2E,
	0xB8, 0x05, 0x86, 0x2E, 0xB8, 0x05, 0x8E, 0x2E, 0xB8, 0x05, 0x8F, 0x2E,
	0xB8, 0x05, 0x95, 0x2E, 0xB8, 0x05, 0x96, 0x2E, 0xB8, 0x05, 0x9B, 0x2E,
	0xB8, 0x05, 0x9C, 0x2E, 0xB8, 0x05, 0xA2, 0x2E, 0xB8, 0x05, 0xA4, 0x2E,
	0xB8, 0x05, 0xAB, 0x2E, 0xB8, 0x05, 0xAE, 0x2E, 0xB8, 0x05, 0xB2, 0x2E,
	0xB8, 0x05, 0xB4, 0x2E, 0xB8, 0x05, 0xB9, 0x2E, 0xB8, 0x05, 0xBB, 0x2E,
	0xB8, 0x05, 0xBD, 0x2E, 0xB8, 0x05, 0xC3, 0x2E, 0xB8, 0x05, 0xC5, 0x2E,
	0xB8, 0x05, 0xCB, 0x2E, 0xB8, 0x05, 0xCE, 0x2E, 0xB8, 0x05, 0xD1, 0x2E,
	0xB8, 0x05, 0xD4, 0x2E, 0xB8, 0x05, 0xD8, 0x2E, 0xB8, 0x05, 0xDB, 0x2E,
	0xB8, 0x05, 0xE1, 0x2E, 0xB8, 0x05, 0xE4, 0x2E, 0xB8, 0x05, 0xEA, 0x2E,
	0xB8, 0x05, 0xEC, 0x2E, 0xB8, 0x05, 0xF7, 0x2E, 0xB8, 0x05, 0xF9, 0x2E,
	0xB8, 0x06, 0x0B, 0x2E, 0xB8, 0x06, 0x0D, 0x2E, 0xB8, 0x06, 0x14, 0x2E,
	0xB8, 0x06, 0x1D, 0x2E, 0xB8, 0x06, 0x1F, 0x2E, 0xB8, 0x06, 0x2C, 0x2E,
	0xB8, 0x06, 0x3A, 0x2E, 0xB8, 0x06, 0x52, 0x2E, 0xB8, 0x06, 0x55, 0x2E,
	0xB8, 0x06, 0x5B, 0x2E, 0xB8, 0x06, 0x5D, 0x2E, 0xB8, 0x06, 0x61, 0x2E,
	0xB8, 0x06, 0x63, 0x2E, 0xB8, 0x06, 0x6A, 0x2E, 0xB8, 0x06, 0x6C, 0x2E,
	0xB8, 0x06, 0x6F, 0x2E, 0xB8, 0x06, 0x73, 0x2E, 0xB8, 0x06, 0x78, 0x2E,
	0xB8, 0x06, 0x7A, 0x2E, 0xB8, 0x06, 0x7F, 0x2E, 0xB8, 0x06, 0x81, 0x2E,
	0xB8, 0x06, 0x87, 0x2E, 0xB8, 0x06, 0x89, 0x2E, 0xB8, 0x06, 0x8C, 0x2E,
	0xB8, 0x06, 0x8F, 0x2E, 0xB8, 0x06, 0x94, 0x2E, 0xB8, 0x06, 0x97, 0x2E,
	0xB8, 0x06, 0x9E, 0x2E, 0xB8, 0x06, 0xA1, 0x2E, 0xB8, 0x06, 0xA5, 0x2E,
	0xB8, 0x06, 0xA7, 0x2E, 0xB8, 0x06, 0xAB, 0x2E, 0xB8, 0x06, 0xAD, 0x2E,
	0xB8, 0x06, 0xB0, 0x2E, 0xB8, 0x06, 0xB8, 0x2E, 0xB8, 0x06, 0xBB, 0x2E,
	0xB8, 0x06, 0xC1, 0x2E, 0xB8, 0x06, 0xC4, 0x2E, 0xB8, 0x06, 0xC8, 0x2E,
	0xB8, 0x06, 0xC9, 0x2E, 0xB8, 0x06, 0xD1, 0x2E, 0xB8, 0x06, 0xD3, 0x2E,
	0xB8, 0x06, 0xDA, 0x2E, 0xB8, 0x06, 0xDB, 0x2E, 0xB8, 0x06, 0xE4, 0x2E,
	0xB8, 0x06, 0xE7, 0x2E, 0xB8, 0x06, 0xEB, 0x2E, 0xB8, 0x06, 0xEC, 0x2E,
	0xB8, 0x06, 0xF5, 0x2E, 0xB8, 0x06, 0xF8, 0x2E, 0xB8, 0x06, 0xFF, 0x2E,
	0xB8, 0x07, 0x01, 0x2E, 0xB8, 0x07, 0x07, 0x2E, 0x31, 0x30, 0x01, 0xB9,
	0x07, 0x0A, 0x00, 0x00, 0x49, 0x68, 0xB9, 0x02, 0x2F, 0x07, 0x09, 0x49,
	0x68, 0x61, 0xB0, 0x40, 0x52, 0x58, 0xB9, 0x07, 0x09, 0x00, 0x40, 0x38,
	0xB8, 0x07, 0x09, 0x11, 0x37, 0xB9, 0x07, 0x09, 0xFF, 0xC0, 0x38, 0x59,
	0x01, 0x06, 0x27, 0x26, 0x07, 0x06, 0x33, 0x22, 0x27, 0x26, 0x07, 0x06,
	0x27, 0x26, 0x23, 0x22, 0x06, 0x17, 0x16, 0x17, 0x36, 0x33, 0x32, 0x16,
	0x33, 0x16, 0x17, 0x36, 0x33, 0x17, 0x06, 0x07, 0x06, 0x23, 0x22, 0x26,
	0x23, 0x22, 0x07, 0x26, 0x07, 0x32, 0x16, 0x17, 0x36, 0x17, 0x1E, 0x01,
	0x33, 0x36, 0x33, 0x32, 0x17, 0x16, 0x37, 0x06, 0x27, 0x26, 0x07, 0x26,
	0x27, 0x26, 0x07, 0x06, 0x23, 0x22, 0x27, 0x06, 0x07, 0x1E, 0x01, 0x17,
	0x36, 0x1E, 0x01, 0x17, 0x16, 0x07, 0x16, 0x17, 0x16, 0x17, 0x33, 0x16,
	0x15, 0x14, 0x0E, 0x01, 0x07, 0x26, 0x31, 0x36, 0x37, 0x26, 0x27, 0x26,
	0x2F, 0x01, 0x07, 0x26, 0x27, 0x26, 0x27, 0x26, 0x27, 0x06, 0x07, 0x16,
	0x17, 0x16, 0x17, 0x16, 0x17, 0x16, 0x17, 0x06, 0x17, 0x1E, 0x01, 0x15,
	0x14, 0x07, 0x36, 0x27, 0x26, 0x27, 0x2E, 0x01, 0x27, 0x26, 0x27, 0x06,
	0x15, 0x34, 0x17, 0x1E, 0x01, 0x17, 0x16, 0x17, 0x16, 0x15, 0x06, 0x31,
	0x26, 0x27, 0x26, 0x27, 0x2E, 0x01, 0x27, 0x06, 0x07, 0x16, 0x17, 0x06,
	0x17, 0x16, 0x17, 0x1E, 0x01, 0x15, 0x14, 0x06, 0x07, 0x22, 0x37, 0x36,
	0x26, 0x35, 0x34, 0x37, 0x2E, 0x01, 0x27, 0x26, 0x27, 0x26, 0x27, 0x30,
	0x07, 0x16, 0x15, 0x14, 0x07, 0x06, 0x07, 0x06, 0x23, 0x22, 0x26, 0x27,
	0x26, 0x36, 0x31, 0x16, 0x37, 0x36, 0x37, 0x26, 0x37, 0x36, 0x27, 0x26,
	0x31, 0x26, 0x07, 0x22, 0x31, 0x16, 0x17, 0x06, 0x07, 0x06, 0x15, 0x14,
	0x16, 0x15, 0x14, 0x0E, 0x01, 0x07, 0x06, 0x31, 0x16, 0x17, 0x16, 0x15,
	0x14, 0x07, 0x36, 0x35, 0x34, 0x27, 0x30, 0x27, 0x26, 0x35, 0x34, 0x37,
	0x36, 0x37, 0x36, 0x27, 0x26, 0x27, 0x36, 0x37, 0x36, 0x27, 0x26, 0x06,
	0x15, 0x14, 0x16, 0x15, 0x14, 0x07, 0x16, 0x06, 0x15, 0x14, 0x17, 0x15,
	0x26, 0x27, 0x26, 0x35, 0x34, 0x36, 0x35, 0x34, 0x2E, 0x01, 0x27, 0x06,
	0x14, 0x07, 0x06, 0x07, 0x16, 0x17, 0x16, 0x15, 0x14, 0x0E, 0x01, 0x07,
	0x16, 0x07, 0x0E, 0x01, 0x07, 0x26, 0x35, 0x34, 0x32, 0x37, 0x36, 0x37,
	0x36, 0x26, 0x35, 0x34, 0x37, 0x36, 0x27, 0x34, 0x26, 0x35, 0x34, 0x37,
	0x36, 0x27, 0x26, 0x31, 0x0E, 0x01, 0x07, 0x06, 0x07, 0x06, 0x07, 0x06,
	0x07, 0x2E, 0x01, 0x37, 0x16, 0x33, 0x32, 0x37, 0x3E, 0x01, 0x37, 0x36,
	0x27, 0x26, 0x3F, 0x01, 0x26, 0x31, 0x0E, 0x01, 0x15, 0x14, 0x17, 0x16,
	0x07, 0x06, 0x07, 0x06, 0x07, 0x32, 0x37, 0x36, 0x33, 0x36, 0x37, 0x36,
	0x31, 0x26, 0x31, 0x3E, 0x01, 0x27, 0x26, 0x27, 0x0E, 0x02, 0x07, 0x06,
	0x07, 0x06, 0x27, 0x3E, 0x01, 0x37, 0x3E, 0x01, 0x37, 0x36, 0x27, 0x06,
	0x27, 0x0E, 0x01, 0x07, 0x06, 0x07, 0x16, 0x07, 0x06, 0x31, 0x23, 0x36,
	0x37, 0x36, 0x37, 0x36, 0x27, 0x3E, 0x01, 0x35, 0x34, 0x27, 0x22, 0x26,
	0x23, 0x22, 0x07, 0x06, 0x23, 0x22, 0x27, 0x06, 0x07, 0x30, 0x27, 0x06,
	0x07, 0x26, 0x23, 0x22, 0x06, 0x07, 0x16, 0x07, 0x06, 0x27, 0x36, 0x37,
	0x36, 0x37, 0x36, 0x37, 0x36, 0x17, 0x36, 0x37, 0x26, 0x23, 0x22, 0x06,
	0x27, 0x22, 0x27, 0x26, 0x07, 0x06, 0x07, 0x26, 0x27, 0x35, 0x16, 0x17,
	0x33, 0x3E, 0x01, 0x33, 0x32, 0x17, 0x16, 0x37, 0x36, 0x35, 0x26, 0x07,
	0x06, 0x23, 0x22, 0x27, 0x26, 0x23, 0x22, 0x06, 0x23, 0x22, 0x27, 0x3E,
	0x01, 0x17, 0x36, 0x17, 0x16, 0x37, 0x26, 0x07, 0x06, 0x23, 0x22, 0x26,
	0x23, 0x22, 0x07, 0x06, 0x23, 0x22, 0x27, 0x35, 0x16, 0x33, 0x32, 0x36,
	0x33, 0x32, 0x17, 0x16, 0x37, 0x36, 0x27, 0x30, 0x27, 0x26, 0x27, 0x2E,
	0x01, 0x27, 0x07, 0x26, 0x35, 0x34, 0x37, 0x36, 0x37, 0x16, 0x33, 0x06,
	0x15, 0x26, 0x23, 0x22, 0x07, 0x06, 0x17, 0x16, 0x37, 0x36, 0x37, 0x32,
	0x16, 0x37, 0x3E, 0x01, 0x33, 0x32, 0x17, 0x36, 0x27, 0x06, 0x26, 0x23,
	0x22, 0x07, 0x26, 0x27, 0x26, 0x06, 0x27, 0x26, 0x37, 0x16, 0x17, 0x1E,
	0x06, 0x33, 0x32, 0x37, 0x36, 0x27, 0x2E, 0x01, 0x27, 0x26, 0x27, 0x34,
	0x37, 0x36, 0x17, 0x06, 0x07, 0x16, 0x17, 0x16, 0x17, 0x16, 0x17, 0x16,
	0x17, 0x16, 0x17, 0x16, 0x17, 0x36, 0x27, 0x26, 0x27, 0x26, 0x23, 0x22,
	0x07, 0x22, 0x26, 0x27, 0x26, 0x27, 0x2E, 0x02, 0x27, 0x16, 0x17, 0x16,
	0x07, 0x1E, 0x01, 0x17, 0x16, 0x17, 0x16, 0x17, 0x16, 0x17, 0x37, 0x26,
	0x27, 0x26, 0x27, 0x26, 0x27, 0x07, 0x26, 0x37, 0x36, 0x33, 0x32, 0x17,
	0x1E, 0x01, 0x17, 0x16, 0x17, 0x32, 0x37, 0x26, 0x35, 0x26, 0x27, 0x2E,
	0x01, 0x37, 0x36, 0x27, 0x26, 0x27, 0x1E, 0x01, 0x17, 0x16, 0x17, 0x06,
	0x17, 0x32, 0x16, 0x33, 0x32, 0x37, 0x36, 0x26, 0x27, 0x36, 0x35, 0x34,
	0x26, 0x37, 0x26, 0x35, 0x36, 0x33, 0x32, 0x15, 0x06, 0x15, 0x14, 0x16,
	0x15, 0x16, 0x31, 0x15, 0x16, 0x17, 0x16, 0x17, 0x16, 0x17, 0x16, 0x17,
	0x36, 0x27, 0x26, 0x37, 0x36, 0x31, 0x34, 0x27, 0x26, 0x27, 0x26, 0x15,
	0x16, 0x17, 0x16, 0x17, 0x16, 0x15, 0x14, 0x06, 0x15, 0x14, 0x17, 0x16,
	0x37, 0x26, 0x35, 0x34, 0x36, 0x35, 0x34, 0x27, 0x3E, 0x01, 0x37, 0x16,
	0x17, 0x30, 0x07, 0x06, 0x17, 0x16, 0x17, 0x16, 0x15, 0x14, 0x06, 0x15,
	0x14, 0x17, 0x36, 0x34, 0x37, 0x3E, 0x01, 0x35, 0x34, 0x27, 0x26, 0x37,
	0x33, 0x06, 0x17, 0x16, 0x15, 0x14, 0x06, 0x15, 0x14, 0x17, 0x16, 0x36,
	0x33, 0x36, 0x37, 0x36, 0x37, 0x36, 0x27, 0x22, 0x23, 0x22, 0x35, 0x34,
	0x37, 0x36, 0x23, 0x32, 0x17, 0x16, 0x15, 0x14, 0x07, 0x06, 0x07, 0x06,
	0x07, 0x17, 0x36, 0x37, 0x3E, 0x02, 0x37, 0x26, 0x36, 0x37, 0x17, 0x06,
	0x17, 0x06, 0x07, 0x06, 0x17, 0x06, 0x07, 0x06, 0x07, 0x16, 0x33, 0x36,
	0x37, 0x36, 0x37, 0x36, 0x37, 0x26, 0x37, 0x36, 0x17, 0x36, 0x16, 0x33,
	0x06, 0x07, 0x26, 0x07, 0x06, 0x07, 0x06, 0x07, 0x06, 0x07, 0x06, 0x07,
	0x14, 0x06, 0x15, 0x14, 0x17, 0x36, 0x3B, 0x01, 0x32, 0x37, 0x36, 0x33,
	0x32, 0x16, 0x33, 0x32, 0x37, 0x3E, 0x01, 0x37, 0x06, 0x07, 0x06, 0x07,
	0x06, 0x27, 0x26, 0x07, 0x06, 0x07, 0x06, 0x23, 0x22, 0x07, 0x06, 0x17,
	0x1E, 0x01, 0x33, 0x32, 0x36, 0x33, 0x36, 0x33, 0x32, 0x16, 0x17, 0x36,
	0x31, 0x32, 0x16, 0x17, 0x16, 0x37, 0x16, 0x07, 0x06, 0x27, 0x07, 0x06,
	0x27, 0x06, 0x23, 0x22, 0x27, 0x26, 0x07, 0x26, 0x07, 0x06, 0x17, 0x36,
	0x16, 0x33, 0x3E, 0x01, 0x33, 0x32, 0x17, 0x16, 0x37, 0x36, 0x33, 0x32,
	0x17, 0x16, 0x33, 0x32, 0x36, 0x05, 0x06, 0x27, 0x36, 0x27, 0x16, 0x07,
	0x06, 0x27, 0x26, 0x27, 0x26, 0x37, 0x3E, 0x01, 0x37, 0x26, 0x31, 0x06,
	0x07, 0x16, 0x15, 0x06, 0x27, 0x22, 0x07, 0x14, 0x17, 0x16, 0x07, 0x06,
	0x27, 0x06, 0x16, 0x15, 0x06, 0x31, 0x15, 0x30, 0x37, 0x16, 0x15, 0x14,
	0x06, 0x15, 0x16, 0x33, 0x32, 0x36, 0x17, 0x16, 0x07, 0x06, 0x31, 0x17,
	0x26, 0x37, 0x16, 0x17, 0x36, 0x17, 0x35, 0x26, 0x06, 0x27, 0x36, 0x32,
	0x37, 0x34, 0x27, 0x06, 0x27, 0x34, 0x37, 0x17, 0x32, 0x37, 0x30, 0x27,
	0x07, 0x26, 0x37, 0x36, 0x31, 0x34, 0x27, 0x07, 0x26, 0x35, 0x34, 0x36,
	0x27, 0x26, 0x27, 0x0E, 0x01, 0x07, 0x22, 0x35, 0x26, 0x36, 0x35, 0x14,
	0x27, 0x06, 0x07, 0x06, 0x27, 0x26, 0x37, 0x30, 0x27, 0x22, 0x14, 0x27,
	0x26, 0x35, 0x36, 0x31, 0x27, 0x26, 0x06, 0x23, 0x26, 0x34, 0x27, 0x26,
	0x23, 0x22, 0x06, 0x07, 0x26, 0x36, 0x27, 0x26, 0x06, 0x07, 0x26, 0x35,
	0x34, 0x07, 0x06, 0x31, 0x16, 0x07, 0x22, 0x27, 0x07, 0x16, 0x15, 0x06,
	0x23, 0x22, 0x26, 0x27, 0x07, 0x17, 0x16, 0x17, 0x16, 0x07, 0x06, 0x27,
	0x07, 0x32, 0x17, 0x16, 0x07, 0x06, 0x27, 0x14, 0x07, 0x06, 0x17, 0x14,
	0x07, 0x22, 0x27, 0x06, 0x17, 0x33, 0x16, 0x15, 0x36, 0x17, 0x06, 0x15,
	0x14, 0x17, 0x36, 0x17, 0x16, 0x07, 0x16, 0x15, 0x36, 0x37, 0x36, 0x17,
	0x06, 0x15, 0x32, 0x16, 0x33, 0x35, 0x36, 0x17, 0x16, 0x07, 0x17, 0x27,
	0x26, 0x37, 0x36, 0x17, 0x16, 0x07, 0x17, 0x27, 0x30, 0x37, 0x30, 0x17,
	0x30, 0x37, 0x27, 0x26, 0x37, 0x32, 0x16, 0x17, 0x36, 0x31, 0x26, 0x37,
	0x36, 0x16, 0x31, 0x36, 0x27, 0x26, 0x37, 0x32, 0x17, 0x30, 0x37, 0x32,
	0x27, 0x26, 0x37, 0x16, 0x17, 0x34, 0x37, 0x07, 0x26, 0x23, 0x36, 0x17,
	0x36, 0x27, 0x16, 0x07, 0x26, 0x27, 0x34, 0x37, 0x36, 0x27, 0x07, 0x06,
	0x27, 0x26, 0x36, 0x37, 0x22, 0x27, 0x07, 0x06, 0x27, 0x34, 0x37, 0x26,
	0x27, 0x22, 0x07, 0x06, 0x26, 0x23, 0x22, 0x07, 0x15, 0x36, 0x17, 0x16,
	0x15, 0x16, 0x15, 0x14, 0x07, 0x0E, 0x01, 0x07, 0x26, 0x27, 0x26, 0x27,
	0x26, 0x35, 0x34, 0x36, 0x37, 0x36, 0x33, 0x32, 0x17, 0x16, 0x15, 0x14,
	0x07, 0x06, 0x07, 0x26, 0x27, 0x0E, 0x01, 0x15, 0x1E, 0x01, 0x33, 0x32,
	0x37, 0x16, 0x15, 0x14, 0x06, 0x17, 0x16, 0x37, 0x16, 0x07, 0x06, 0x15,
	0x16, 0x33, 0x32, 0x36, 0x33, 0x16, 0x07, 0x06, 0x17, 0x16, 0x33, 0x32,
	0x36, 0x33, 0x14, 0x17, 0x36, 0x37, 0x16, 0x07, 0x06, 0x31, 0x17, 0x36,
	0x37, 0x32, 0x17, 0x14, 0x33, 0x34, 0x37, 0x16, 0x07, 0x30, 0x16, 0x33,
	0x32, 0x36, 0x37, 0x16, 0x17, 0x16, 0x17, 0x37, 0x36, 0x27, 0x36, 0x33,
	0x32, 0x16, 0x33, 0x16, 0x35, 0x34, 0x27, 0x26, 0x37, 0x30, 0x17, 0x37,
	0x26, 0x37, 0x16, 0x17, 0x37, 0x26, 0x07, 0x16, 0x17, 0x36, 0x35, 0x34,
	0x26, 0x35, 0x34, 0x37, 0x16, 0x17, 0x36, 0x35, 0x34, 0x27, 0x26, 0x37,
	0x17, 0x16, 0x37, 0x2E, 0x01, 0x35, 0x36, 0x17, 0x16, 0x31, 0x30, 0x37,
	0x36, 0x27, 0x22, 0x07, 0x26, 0x27, 0x36, 0x17, 0x16, 0x17, 0x36, 0x27,
	0x22, 0x23, 0x26, 0x27, 0x36, 0x16, 0x37, 0x36, 0x23, 0x22, 0x27, 0x36,
	0x33, 0x32, 0x37, 0x27, 0x22, 0x07, 0x26, 0x31, 0x3E, 0x01, 0x37, 0x36,
	0x27, 0x26, 0x07, 0x22, 0x27, 0x26, 0x36, 0x37, 0x26, 0x34, 0x27, 0x07,
	0x30, 0x27, 0x36, 0x37, 0x26, 0x27, 0x07, 0x26, 0x27, 0x36, 0x37, 0x27,
	0x07, 0x26, 0x37, 0x36, 0x31, 0x26, 0x27, 0x06, 0x07, 0x26, 0x35, 0x34,
	0x36, 0x27, 0x26, 0x27, 0x0E, 0x01, 0x23, 0x26, 0x37, 0x26, 0x07, 0x14,
	0x07, 0x26, 0x34, 0x27, 0x06, 0x27, 0x26, 0x07, 0x06, 0x07, 0x26, 0x37,
	0x36, 0x27, 0x26, 0x07, 0x22, 0x31, 0x26, 0x07, 0x14, 0x15, 0x14, 0x07,
	0x2E, 0x01, 0x27, 0x07, 0x16, 0x07, 0x26, 0x36, 0x23, 0x06, 0x31, 0x14,
	0x07, 0x2E, 0x01, 0x27, 0x22, 0x07, 0x16, 0x31, 0x06, 0x07, 0x34, 0x26,
	0x23, 0x32, 0x07, 0x30, 0x17, 0x16, 0x07, 0x26, 0x27, 0x26, 0x06, 0x07,
	0x14, 0x17, 0x06, 0x26, 0x07, 0x06, 0x17, 0x07, 0x22, 0x27, 0x06, 0x35,
	0x06, 0x15, 0x14, 0x16, 0x15, 0x06, 0x14, 0x06, 0x17, 0x16, 0x36, 0x17,
	0x06, 0x31, 0x06, 0x17, 0x36, 0x33, 0x32, 0x17, 0x16, 0x06, 0x07, 0x16,
	0x17, 0x16, 0x37, 0x2E, 0x01, 0x27, 0x36, 0x37, 0x36, 0x17, 0x36, 0x17,
	0x16, 0x33, 0x1E, 0x01, 0x17, 0x16, 0x15, 0x14, 0x07, 0x06, 0x07, 0x06,
	0x07, 0x06, 0x27, 0x2E, 0x01, 0x27, 0x26, 0x27, 0x26, 0x35, 0x34, 0x37,
	0x3E, 0x01, 0x37, 0x06, 0x07, 0x30, 0x17, 0x06, 0x07, 0x06, 0x07, 0x16,
	0x06, 0x15, 0x14, 0x17, 0x16, 0x06, 0x15, 0x06, 0x16, 0x15, 0x06, 0x15,
	0x14, 0x16, 0x07, 0x37, 0x32, 0x37, 0x36, 0x17, 0x07, 0x06, 0x16, 0x15,
	0x36, 0x31, 0x30, 0x07, 0x30, 0x17, 0x36, 0x37, 0x16, 0x15, 0x14, 0x06,
	0x15, 0x16, 0x17, 0x36, 0x37, 0x16, 0x06, 0x17, 0x36, 0x33, 0x32, 0x37,
	0x17, 0x14, 0x07, 0x16, 0x17, 0x36, 0x37, 0x17, 0x16, 0x07, 0x36, 0x17,
	0x36, 0x37, 0x32, 0x17, 0x14, 0x15, 0x14, 0x17, 0x36, 0x33, 0x32, 0x16,
	0x33, 0x3E, 0x01, 0x33, 0x16, 0x17, 0x32, 0x16, 0x37, 0x35, 0x36, 0x17,
	0x16, 0x07, 0x06, 0x17, 0x1E, 0x01, 0x33, 0x35, 0x36, 0x17, 0x16, 0x17,
	0x36, 0x17, 0x26, 0x37, 0x32, 0x15, 0x16, 0x17, 0x36, 0x33, 0x32, 0x16,
	0x33, 0x36, 0x37, 0x34, 0x27, 0x34, 0x35, 0x36, 0x33, 0x32, 0x16, 0x33,
	0x32, 0x37, 0x36, 0x27, 0x34, 0x37, 0x32, 0x16, 0x33, 0x32, 0x36, 0x26,
	0x37, 0x17, 0x30, 0x37, 0x14, 0x27, 0x26, 0x35, 0x34, 0x37, 0x30, 0x17,
	0x36, 0x35, 0x34, 0x26, 0x35, 0x34, 0x37, 0x17, 0x30, 0x37, 0x36, 0x35,
	0x34, 0x26, 0x35, 0x36, 0x33, 0x32, 0x16, 0x37, 0x36, 0x27, 0x34, 0x33,
	0x17, 0x16, 0x37, 0x36, 0x35, 0x34, 0x26, 0x35, 0x36, 0x33, 0x32, 0x16,
	0x37, 0x26, 0x36, 0x35, 0x34, 0x27, 0x34, 0x37, 0x16, 0x17, 0x36, 0x37,
	0x26, 0x27, 0x34, 0x17, 0x16, 0x02, 0xD1, 0x0C, 0x13, 0x0D, 0x12, 0x21,
	0x02, 0x08, 0x06, 0x0D, 0x12, 0x0F, 0x0A, 0x14, 0x05, 0x06, 0x07, 0x02,
	0x03, 0x02, 0x05, 0x06, 0x06, 0x14, 0x04, 0x13, 0x30, 0x01, 0x04, 0x04,
	0x06, 0x13, 0x0F, 0x0A, 0x08, 0x1D, 0x08, 0x0E, 0x08, 0x06, 0x06, 0x06,
	0x10, 0x05, 0x2A, 0x0A, 0x08, 0x11, 0x09, 0x09, 0x0C, 0x14, 0x14, 0x0C,
	0x08, 0x09, 0x16, 0x10, 0x2D, 0x0B, 0x1A, 0x07, 0x0C, 0x0F, 0x05, 0x10,
	0x08, 0x0A, 0x04, 0x05, 0x17, 0x03, 0x06, 0x12, 0x04, 0x0C, 0x09, 0x01,
	0x06, 0x12, 0x16, 0x06, 0x03, 0x20, 0x03, 0x10, 0x07, 0x05, 0x0B, 0x01,
	0x07, 0x01, 0x06, 0x0B, 0x1F, 0x02, 0x0C, 0x14, 0x1A, 0x1F, 0x09, 0x10,
	0x01, 0x06, 0x0D, 0x18, 0x04, 0x04, 0x06, 0x09, 0x30, 0x0F, 0x03, 0x14,
	0x18, 0x09, 0x01, 0x01, 0x31, 0x04, 0x22, 0x0C, 0x18, 0x04, 0x06, 0x2E,
	0x09, 0x07, 0x07, 0x2C, 0x07, 0x04, 0x0F, 0x03, 0x03, 0x06, 0x0D, 0x03,
	0x19, 0x1E, 0x10, 0x12, 0x08, 0x05, 0x09, 0x07, 0x06, 0x34, 0x01, 0x0E,
	0x08, 0x11, 0x03, 0x04, 0x01, 0x05, 0x01, 0x27, 0x02, 0x02, 0x2B, 0x04,
	0x01, 0x02, 0x02, 0x11, 0x0F, 0x0F, 0x0C, 0x08, 0x08, 0x0E, 0x1C, 0x06,
	0x11, 0x03, 0x01, 0x05, 0x05, 0x0E, 0x0C, 0x0B, 0x03, 0x10, 0x01, 0x04,
	0x07, 0x02, 0x04, 0x08, 0x04, 0x02, 0x01, 0x18, 0x03, 0x0A, 0x08, 0x1E,
	0x03, 0x02, 0x03, 0x15, 0x0E, 0x11, 0x0C, 0x03, 0x16, 0x0D, 0x02, 0x02,
	0x16, 0x13, 0x04, 0x03, 0x07, 0x0D, 0x12, 0x03, 0x13, 0x10, 0x04, 0x06,
	0x10, 0x01, 0x05, 0x05, 0x0B, 0x07, 0x04, 0x06, 0x12, 0x02, 0x04, 0x03,
	0x01, 0x0A, 0x0C, 0x01, 0x0C, 0x09, 0x06, 0x17, 0x02, 0x0E, 0x0B, 0x06,
	0x16, 0x0B, 0x01, 0x09, 0x01, 0x17, 0x08, 0x02, 0x09, 0x09, 0x14, 0x01,
	0x15, 0x0D, 0x0D, 0x04, 0x04, 0x06, 0x08, 0x05, 0x14, 0x07, 0x08, 0x07,
	0x2D, 0x25, 0x02, 0x16, 0x01, 0x06, 0x07, 0x0B, 0x1F, 0x08, 0x13, 0x05,
	0x07, 0x01, 0x01, 0x0D, 0x09, 0x05, 0x03, 0x29, 0x01, 0x06, 0x0B, 0x0F,
	0x17, 0x08, 0x14, 0x01, 0x14, 0x0D, 0x0E, 0x07, 0x06, 0x09, 0x02, 0x0C,
	0x19, 0x01, 0x07, 0x08, 0x0D, 0x17, 0x18, 0x19, 0x1E, 0x09, 0x04, 0x05,
	0x07, 0x25, 0x06, 0x15, 0x16, 0x16, 0x01, 0x06, 0x0F, 0x11, 0x07, 0x07,
	0x06, 0x0A, 0x10, 0x03, 0x05, 0x08, 0x03, 0x04, 0x05, 0x02, 0x16, 0x0F,
	0x02, 0x03, 0x25, 0x01, 0x02, 0x04, 0x02, 0x01, 0x02, 0x1A, 0x07, 0x06,
	0x05, 0x0A, 0x11, 0x07, 0x01, 0x04, 0x03, 0x03, 0x04, 0x09, 0x03, 0x02,
	0x02, 0x02, 0x04, 0x02, 0x10, 0x01, 0x0B, 0x08, 0x0D, 0x0B, 0x0C, 0x09,
	0x12, 0x03, 0x05, 0x02, 0x0E, 0x04, 0x01, 0x0D, 0x07, 0x05, 0x06, 0x10,
	0x07, 0x0E, 0x03, 0x03, 0x12, 0x04, 0x14, 0x06, 0x04, 0x05, 0x06, 0x0B,
	0x0F, 0x04, 0x09, 0x0C, 0x02, 0x0B, 0x05, 0x03, 0x04, 0x05, 0x13, 0x05,
	0x04, 0x04, 0x07, 0x21, 0x0C, 0x05, 0x11, 0x0E, 0x04, 0x03, 0x04, 0x06,
	0x02, 0x05, 0x0F, 0x04, 0x04, 0x03, 0x0A, 0x0B, 0x0B, 0x0A, 0x07, 0x06,
	0x07, 0x17, 0x06, 0x05, 0x04, 0x12, 0x07, 0x0A, 0x02, 0x20, 0x13, 0x09,
	0x02, 0x1C, 0x04, 0x01, 0x0C, 0x01, 0x06, 0x08, 0x03, 0x06, 0x02, 0x03,
	0x04, 0x04, 0x02, 0x07, 0x0A, 0x03, 0x07, 0x06, 0x06, 0x0C, 0x28, 0x0F,
	0x02, 0x05, 0x01, 0x02, 0x02, 0x02, 0x04, 0x0E, 0x18, 0x0B, 0x04, 0x06,
	0x07, 0x09, 0x07, 0x1C, 0x11, 0x02, 0x02, 0x05, 0x11, 0x15, 0x0B, 0x08,
	0x08, 0x1C, 0x0B, 0x0C, 0x06, 0x04, 0x04, 0x08, 0x01, 0x10, 0x1D, 0x13,
	0x15, 0x19, 0x06, 0x05, 0x09, 0x07, 0x05, 0x01, 0x12, 0x07, 0x19, 0x15,
	0x08, 0x06, 0x0C, 0x09, 0x0B, 0x06, 0x0B, 0x0A, 0x06, 0x0B, 0x0C, 0x0A,
	0x0D, 0x04, 0x05, 0x09, 0x0C, 0x09, 0x0A, 0x16, 0x0A, 0x05, 0x0E, 0x01,
	0x08, 0x08, 0x0A, 0x01, 0x08, 0x2F, 0x06, 0x02, 0x1B, 0x12, 0x01, 0x0B,
	0x0F, 0x08, 0x1A, 0x1A, 0x06, 0x0E, 0x0B, 0x18, 0x07, 0x0A, 0x08, 0x08,
	0x0C, 0x0D, 0x19, 0x05, 0x11, 0x0B, 0x29, 0x18, 0x01, 0x02, 0x13, 0x05,
	0x0C, 0x09, 0x12, 0x02, 0x01, 0x04, 0x06, 0x04, 0x0B, 0x0F, 0x11, 0x12,
	0x03, 0x03, 0x06, 0x01, 0x0D, 0x05, 0x03, 0x04, 0x02, 0x07, 0x01, 0x04,
	0x26, 0x03, 0x06, 0x02, 0x03, 0x04, 0x03, 0x0B, 0x08, 0x15, 0x06, 0x0E,
	0x05, 0x05, 0x02, 0x02, 0x0C, 0x03, 0x02, 0x02, 0x01, 0x06, 0x10, 0x03,
	0x05, 0x04, 0x05, 0x05, 0x06, 0x0F, 0x02, 0x04, 0x07, 0x05, 0x09, 0x04,
	0x10, 0x07, 0x02, 0x06, 0x08, 0x04, 0x07, 0x0B, 0x06, 0x02, 0x02, 0x0F,
	0x0B, 0x09, 0x06, 0x06, 0x01, 0x02, 0x19, 0x03, 0x0D, 0x09, 0x01, 0x04,
	0x0D, 0x02, 0x1E, 0x0A, 0x06, 0x0F, 0x03, 0x22, 0x03, 0x12, 0x03, 0x01,
	0x06, 0x06, 0x06, 0x06, 0x01, 0x13, 0x01, 0x04, 0x03, 0x0D, 0x12, 0x02,
	0x12, 0x0D, 0x01, 0x06, 0x0D, 0x24, 0x06, 0x0B, 0x15, 0x0E, 0x03, 0x12,
	0x09, 0x01, 0x19, 0x03, 0x0E, 0x0F, 0x10, 0x02, 0x03, 0x1C, 0x13, 0x03,
	0x07, 0x06, 0x17, 0x1D, 0x0E, 0x27, 0x23, 0x11, 0x01, 0x13, 0x05, 0x0B,
	0x04, 0x0C, 0x01, 0x01, 0x05, 0x02, 0x0F, 0x04, 0x07, 0x05, 0x10, 0x24,
	0x24, 0x29, 0x12, 0x06, 0x06, 0x09, 0x1E, 0x0B, 0x20, 0x07, 0x06, 0x0B,
	0x05, 0x13, 0x04, 0x15, 0x06, 0x05, 0x2B, 0x06, 0x05, 0x1F, 0x16, 0x05,
	0x09, 0x11, 0x14, 0x08, 0x0B, 0x1B, 0x03, 0x1A, 0x11, 0x05, 0x06, 0x02,
	0x03, 0x01, 0x02, 0x03, 0x08, 0x02, 0x09, 0x0A, 0x0C, 0x2A, 0x09, 0x2E,
	0x04, 0x0A, 0x08, 0x09, 0x12, 0x03, 0x06, 0x21, 0x0A, 0x02, 0x03, 0x06,
	0x2B, 0x08, 0x0D, 0x0C, 0x02, 0x05, 0x14, 0x14, 0x01, 0x02, 0x0A, 0x20,
	0x07, 0x04, 0x14, 0x06, 0x05, 0x04, 0x0E, 0x0E, 0x22, 0x06, 0x0D, 0x08,
	0x02, 0x02, 0x04, 0x0E, 0xFE, 0x86, 0x08, 0x02, 0x0B, 0x04, 0x02, 0x0B,
	0x05, 0x06, 0x05, 0x05, 0x07, 0x01, 0x04, 0x08, 0x08, 0x03, 0x05, 0x07,
	0x03, 0x05, 0x01, 0x05, 0x03, 0x03, 0x01, 0x02, 0x04, 0x07, 0x01, 0x07,
	0x04, 0x0C, 0x03, 0x05, 0x02, 0x01, 0x02, 0x07, 0x03, 0x04, 0x01, 0x03,
	0x0B, 0x05, 0x08, 0x02, 0x06, 0x02, 0x77, 0x02, 0x0D, 0x02, 0x02, 0x0D,
	0x02, 0x02, 0x05, 0x0A, 0x03, 0x02, 0x02, 0x05, 0x06, 0x0A, 0x04, 0x01,
	0x07, 0x07, 0x05, 0x04, 0x06, 0x02, 0x02, 0x06, 0x02, 0x04, 0x02, 0x04,
	0x01, 0x06, 0x0B, 0x03, 0x06, 0x01, 0x02, 0x02, 0x02, 0x10, 0x02, 0x04,
	0x04, 0x01, 0x09, 0x06, 0x01, 0x04, 0x03, 0x01, 0x04, 0x02, 0x02, 0x04,
	0x04, 0x04, 0x01, 0x02, 0x09, 0x02, 0x04, 0x03, 0x06, 0x0A, 0x02, 0x02,
	0x02, 0x0A, 0x0C, 0x06, 0x01, 0x03, 0x02, 0x08, 0x02, 0x05, 0x06, 0x02,
	0x01, 0x01, 0x04, 0x0A, 0x03, 0x04, 0x02, 0x08, 0x01, 0x03, 0x07, 0x04,
	0x02, 0x06, 0x0B, 0x02, 0x01, 0x02, 0x0A, 0x03, 0x03, 0x01, 0x06, 0x03,
	0x0A, 0x03, 0x0B, 0x03, 0x01, 0x05, 0x01, 0x04, 0x03, 0x05, 0x02, 0x02,
	0x02, 0x07, 0x03, 0x01, 0x08, 0x02, 0x02, 0x0D, 0x01, 0x01, 0x02, 0x06,
	0x03, 0x05, 0x06, 0x12, 0x05, 0x09, 0x03, 0x0E, 0x03, 0x01, 0x02, 0x04,
	0x04, 0x02, 0x0B, 0x04, 0x04, 0x04, 0x06, 0x09, 0x03, 0x04, 0x04, 0x01,
	0x0A, 0x05, 0x01, 0x05, 0x03, 0x03, 0x04, 0x06, 0x02, 0x06, 0x04, 0x01,
	0x05, 0x06, 0x01, 0x03, 0x01, 0x02, 0x03, 0x06, 0x07, 0x01, 0x05, 0x06,
	0x05, 0x02, 0x03, 0x08, 0x04, 0x01, 0x0B, 0x05, 0x02, 0x04, 0x02, 0x02,
	0x04, 0x01, 0x05, 0x07, 0x02, 0x03, 0x02, 0x02, 0x08, 0x06, 0x0E, 0x0A,
	0x06, 0x03, 0x1D, 0x0E, 0x06, 0x16, 0x12, 0x07, 0x13, 0x2B, 0x17, 0x0A,
	0x0A, 0x2D, 0x24, 0x0D, 0x0D, 0x19, 0x46, 0x4F, 0x2C, 0x03, 0x06, 0x02,
	0x07, 0x02, 0x03, 0x02, 0x03, 0x05, 0x01, 0x03, 0x0C, 0x04, 0x02, 0x02,
	0x02, 0x03, 0x01, 0x0A, 0x03, 0x02, 0x01, 0x02, 0x01, 0x03, 0x02, 0x02,
	0x07, 0x02, 0x08, 0x02, 0x05, 0x06, 0x02, 0x02, 0x07, 0x02, 0x04, 0x02,
	0x03, 0x0D, 0x07, 0x05, 0x02, 0x06, 0x02, 0x03, 0x02, 0x02, 0x05, 0x01,
	0x01, 0x01, 0x0A, 0x02, 0x02, 0x02, 0x02, 0x02, 0x02, 0x05, 0x08, 0x02,
	0x01, 0x01, 0x0C, 0x0C, 0x02, 0x02, 0x03, 0x06, 0x0A, 0x02, 0x01, 0x04,
	0x0A, 0x05, 0x08, 0x04, 0x02, 0x09, 0x05, 0x04, 0x03, 0x03, 0x01, 0x0A,
	0x07, 0x01, 0x0A, 0x03, 0x04, 0x08, 0x03, 0x01, 0x04, 0x01, 0x02, 0x03,
	0x04, 0x02, 0x06, 0x07, 0x41, 0x02, 0x04, 0x05, 0x05, 0x05, 0x01, 0x02,
	0x0E, 0x02, 0x02, 0x07, 0x0A, 0x03, 0x02, 0x08, 0x04, 0x01, 0x03, 0x04,
	0x08, 0x04, 0x02, 0x0A, 0x01, 0x01, 0x04, 0x01, 0x07, 0x05, 0x02, 0x01,
	0x0C, 0x01, 0x03, 0x01, 0x0B, 0x01, 0x02, 0x04, 0x01, 0x05, 0x06, 0x04,
	0x04, 0x03, 0x06, 0x0F, 0x07, 0x07, 0x01, 0x03, 0x06, 0x09, 0x02, 0x05,
	0x06, 0x08, 0x02, 0x04, 0x0A, 0x01, 0x03, 0x04, 0x03, 0x04, 0x06, 0x09,
	0x07, 0x03, 0x02, 0x03, 0x05, 0x06, 0x03, 0x01, 0x08, 0x03, 0x02, 0x02,
	0x01, 0x02, 0x04, 0x06, 0x05, 0x01, 0x03, 0x04, 0x03, 0x02, 0x15, 0x01,
	0x05, 0x06, 0x01, 0x09, 0x10, 0x03, 0x04, 0x03, 0x02, 0x05, 0x0D, 0x03,
	0x01, 0x05, 0x03, 0x03, 0x01, 0x0F, 0x04, 0x02, 0x03, 0x08, 0x01, 0x06,
	0x08, 0x03, 0x08, 0x01, 0x0E, 0x01, 0x09, 0x0F, 0x05, 0x04, 0x05, 0x03,
	0x03, 0x09, 0x0D, 0x06, 0x01, 0x07, 0x01, 0x01, 0x09, 0x07, 0x04, 0x03,
	0x04, 0x04, 0x03, 0x01, 0x06, 0x03, 0x01, 0x05, 0x02, 0x0A, 0x04, 0x03,
	0x02, 0x0B, 0x1C, 0x17, 0x3C, 0x0E, 0x17, 0x1B, 0x0A, 0x1F, 0x38, 0x0D,
	0x0A, 0x1C, 0x0E, 0x1C, 0x05, 0x2F, 0x31, 0x47, 0x0A, 0x39, 0x0A, 0x03,
	0x13, 0x0F, 0x01, 0x06, 0x06, 0x06, 0x01, 0x05, 0x02, 0x0C, 0x02, 0x04,
	0x02, 0x02, 0x06, 0x09, 0x01, 0x06, 0x02, 0x10, 0x05, 0x07, 0x01, 0x01,
	0x01, 0x05, 0x03, 0x02, 0x07, 0x02, 0x09, 0x09, 0x05, 0x0B, 0x04, 0x05,
	0x03, 0x05, 0x03, 0x08, 0x02, 0x06, 0x05, 0x06, 0x05, 0x02, 0x09, 0x06,
	0x02, 0x03, 0x02, 0x03, 0x0B, 0x01, 0x06, 0x03, 0x01, 0x03, 0x01, 0x0B,
	0x01, 0x05, 0x04, 0x01, 0x01, 0x02, 0x02, 0x02, 0x06, 0x03, 0x01, 0x02,
	0x04, 0x01, 0x01, 0x02, 0x09, 0x04, 0x01, 0x08, 0x02, 0x01, 0x02, 0x01,
	0x02, 0x09, 0x04, 0x03, 0x03, 0x01, 0x01, 0x0D, 0x01, 0x01, 0x02, 0x06,
	0x01, 0x01, 0x01, 0x01, 0x01, 0x06, 0x02, 0x02, 0x02, 0x02, 0x02, 0x02,
	0x02, 0x05, 0x04, 0x05, 0x08, 0x02, 0x08, 0x02, 0x05, 0x07, 0x04, 0x03,
	0x09, 0x06, 0x04, 0x06, 0x0C, 0x04, 0x02, 0x02, 0x09, 0x07, 0x06, 0x05,
	0x07, 0x08, 0x01, 0x07, 0x01, 0x02, 0x02, 0x07, 0x02, 0x0B, 0x0F, 0x04,
	0x05, 0x03, 0x07, 0x02, 0x0C, 0x03, 0x02, 0x02, 0x08, 0x04, 0x01, 0x07,
	0x0C, 0x03, 0x05, 0x09, 0x02, 0x05, 0x06, 0x0A, 0x07, 0x0B, 0x01, 0xDE,
	0x0E, 0x01, 0x0D, 0x06, 0x0B, 0x05, 0x0D, 0x06, 0x0A, 0x05, 0x08, 0x08,
	0x08, 0x07, 0x06, 0x03, 0x09, 0x0F, 0x02, 0x02, 0x07, 0x02, 0x06, 0x05,
	0x09, 0x08, 0x01, 0x06, 0x0E, 0x01, 0x06, 0x06, 0x06, 0x0E, 0x04, 0x0C,
	0x01, 0x06, 0x0B, 0x05, 0x0B, 0x07, 0x0A, 0x0F, 0x01, 0x02, 0x02, 0x0B,
	0x05, 0x07, 0x05, 0x04, 0x02, 0x03, 0x0A, 0x02, 0x09, 0x07, 0x07, 0x0E,
	0x0C, 0x0F, 0x07, 0x20, 0x22, 0x06, 0x0E, 0x08, 0x04, 0x08, 0x05, 0x10,
	0x17, 0x02, 0x0E, 0x07, 0x0F, 0x02, 0x05, 0x10, 0x20, 0x09, 0x01, 0x01,
	0x05, 0x07, 0x09, 0x16, 0x0D, 0x0C, 0x0F, 0x06, 0x04, 0x26, 0x13, 0x14,
	0x17, 0x17, 0x0F, 0x07, 0x07, 0x29, 0x2F, 0x2B, 0x0E, 0x03, 0x07, 0x0A,
	0x30, 0x0C, 0x04, 0x07, 0x07, 0x1E, 0x0C, 0x1C, 0x0C, 0x10, 0x1B, 0x05,
	0x0C, 0x05, 0x13, 0x02, 0x15, 0x0B, 0x0E, 0x19, 0x18, 0x01, 0x0B, 0x07,
	0x23, 0x37, 0x26, 0x14, 0x23, 0x08, 0x12, 0x09, 0x05, 0x07, 0x03, 0x06,
	0x0F, 0x26, 0x0E, 0x05, 0x06, 0x11, 0x2A, 0x0F, 0x16, 0x16, 0x1A, 0x0C,
	0x07, 0x23, 0x17, 0x16, 0x0E, 0x1B, 0x1B, 0x20, 0x0C, 0x01, 0x03, 0x03,
	0x07, 0x04, 0x07, 0x14, 0x2C, 0x1A, 0x0C, 0x11, 0x1B, 0x04, 0x01, 0x0D,
	0x1B, 0x24, 0x0D, 0x04, 0x04, 0x04, 0x13, 0x05, 0x05, 0x0B, 0x05, 0x0A,
	0x14, 0x03, 0x10, 0x0B, 0x0C, 0x18, 0x16, 0x1C, 0x0E, 0x08, 0x08, 0x12,
	0x0B, 0x0B, 0x05, 0x07, 0x0B, 0x07, 0x07, 0x0F, 0x04, 0x0E, 0x0D, 0x1F,
	0x20, 0x16, 0x03, 0x10, 0x07, 0x08, 0x20, 0x07, 0x14, 0x0B, 0x03, 0x0B,
	0x02, 0x03, 0x02, 0x06, 0x01, 0x0C, 0x07, 0x09, 0x06, 0x18, 0x06, 0x0B,
	0x11, 0x29, 0x07, 0x03, 0x12, 0x03, 0x16, 0x2F, 0x04, 0x11, 0x0C, 0x0A,
	0x06, 0x0E, 0x10, 0x08, 0x1B, 0x17, 0x0A, 0x09, 0x03, 0x01, 0x02, 0x01,
	0x02, 0x08, 0x17, 0x07, 0x1A, 0x04, 0x09, 0x06, 0x11, 0x0B, 0x09, 0x1E,
	0x08, 0x08, 0x1F, 0x1C, 0x17, 0x02, 0x06, 0x21, 0x07, 0x0B, 0x1F, 0x26,
	0x0A, 0x26, 0x05, 0x04, 0x02, 0x07, 0x03, 0x12, 0x05, 0x1A, 0x05, 0x0C,
	0x25, 0x20, 0x0E, 0x23, 0x03, 0x0C, 0x2D, 0x10, 0x06, 0x05, 0x13, 0x0E,
	0x0D, 0x06, 0x0B, 0x0E, 0x18, 0x0E, 0x01, 0x09, 0x0E, 0x2F, 0x0D, 0x1C,
	0x10, 0x08, 0x01, 0x08, 0x2E, 0x10, 0x07, 0x08, 0x04, 0x02, 0x03, 0x07,
	0x0F, 0x05, 0x06, 0x46, 0x08, 0x03, 0x05, 0x10, 0x01, 0x05, 0x1D, 0x05,
	0x01, 0x0A, 0x08, 0x07, 0x0C, 0x0A, 0x15, 0x03, 0x0B, 0x08, 0x0F, 0x0B,
	0x0C, 0x0A, 0x04, 0x05, 0x09, 0x02, 0x14, 0x04, 0x03, 0x08, 0x02, 0x02,
	0x04, 0x02, 0x0A, 0x04, 0x04, 0x06, 0x01, 0x04, 0x12, 0x0A, 0x09, 0x07,
	0x01, 0x10, 0x0D, 0x02, 0x05, 0x09, 0x06, 0x06, 0x01, 0x03, 0x01, 0x05,
	0x08, 0x0A, 0x01, 0x05, 0x03, 0x01, 0x02, 0x02, 0x14, 0x03, 0x02, 0x02,
	0x0A, 0x0B, 0x01, 0x01, 0x02, 0x09, 0x03, 0x11, 0x04, 0x02, 0x1B, 0x01,
	0x03, 0x03, 0x01, 0x08, 0x03, 0x01, 0x02, 0x0C, 0x03, 0x05, 0x05, 0x03,
	0x03, 0x08, 0x02, 0x0A, 0x01, 0x0B, 0x0A, 0x02, 0x01, 0x0B, 0x09, 0x12,
	0x05, 0x01, 0x12, 0x0B, 0x05, 0x04, 0x07, 0x02, 0x04, 0x01, 0x04, 0x02,
	0x02, 0x09, 0x11, 0x05, 0x01, 0x01, 0x01, 0x1D, 0x02, 0x01, 0x08, 0x01,
	0x08, 0x02, 0x02, 0x20, 0x02, 0x03, 0x13, 0x0F, 0x02, 0x10, 0x03, 0x06,
	0x0B, 0x05, 0x06, 0x06, 0x0E, 0x0C, 0x05, 0x0C, 0x0C, 0x03, 0x06, 0x0A,
	0x07, 0x38, 0x05, 0x09, 0x33, 0x0D, 0x04, 0x01, 0x04, 0x01, 0x06, 0x13,
	0x0F, 0x04, 0x01, 0x01, 0x0B, 0x04, 0x12, 0x0E, 0x04, 0x01, 0x06, 0x0B,
	0x04, 0x04, 0x14, 0x11, 0x01, 0x1A, 0x02, 0x09, 0x0F, 0x06, 0x24, 0x0D,
	0x0A, 0x0B, 0x0B, 0x0F, 0x0C, 0x0D, 0x1F, 0x0E, 0x01, 0x09, 0x05, 0x10,
	0x0E, 0x02, 0x0A, 0x26, 0x05, 0x05, 0x24, 0x1B, 0x01, 0x06, 0x03, 0x10,
	0x07, 0x0D, 0x06, 0x23, 0x07, 0x0F, 0x23, 0x02, 0x20, 0x15, 0x04, 0x09,
	0x05, 0x0B, 0x0B, 0x02, 0x0B, 0x06, 0x08, 0x05, 0x2C, 0x02, 0x08, 0x18,
	0x07, 0x0A, 0x12, 0x03, 0x05, 0x0E, 0x02, 0x08, 0x07, 0x0D, 0x25, 0x0F,
	0x07, 0x14, 0x03, 0x04, 0x04, 0x03, 0x03, 0x09, 0x05, 0x06, 0x02, 0x06,
	0x03, 0x08, 0x0C, 0x07, 0x19, 0x15, 0x07, 0x02, 0x03, 0x04, 0x02, 0x28,
	0x17, 0x09, 0x05, 0x0A, 0x24, 0x02, 0x10, 0x11, 0x14, 0x09, 0x06, 0x07,
	0x06, 0x19, 0x06, 0x0C, 0x08, 0x01, 0x04, 0x08, 0x09, 0x0A, 0x22, 0x09,
	0x0A, 0x09, 0x0C, 0x18, 0x06, 0x02, 0x05, 0x06, 0x03, 0x06, 0x06, 0x1A,
	0x13, 0x0F, 0x06, 0x1A, 0x07, 0x09, 0x07, 0x01, 0x14, 0x02, 0x07, 0x16,
	0x09, 0x04, 0x05, 0x0E, 0x22, 0x24, 0x0A, 0x06, 0x05, 0x0B, 0x1E, 0x08,
	0x08, 0x0A, 0x01, 0x0D, 0x23, 0x03, 0x16, 0x16, 0x09, 0x01, 0x06, 0x03,
	0x03, 0x0A, 0x04, 0x0D, 0x14, 0x16, 0x22, 0x05, 0x16, 0x10, 0x0F, 0x06,
	0x1A, 0x0D, 0x06, 0x24, 0x0B, 0x11, 0x0E, 0x1A, 0x0C, 0x02, 0x23, 0x17,
	0x0B, 0x0B, 0x10, 0x11, 0x03, 0x12, 0x0D, 0x0F, 0x10, 0x1D, 0x11, 0x08,
	0x0D, 0x0B, 0x0D, 0x14, 0x09, 0x03, 0x01, 0x02, 0x08, 0x06, 0x04, 0x0C,
	0x0B, 0x05, 0x19, 0x14, 0x05, 0x0E, 0x0D, 0x13, 0x1E, 0x02, 0x0C, 0x03,
	0x05, 0x03, 0x14, 0x16, 0x05, 0x03, 0x14, 0x0C, 0x0B, 0x07, 0x06, 0x0F,
	0x0B, 0x11, 0x06, 0x02, 0x02, 0x03, 0x0B, 0x0E, 0x01, 0x0E, 0x03, 0x07,
	0x0B, 0x02, 0x07, 0x03, 0x0E, 0x01, 0x06, 0x01, 0x05, 0x02, 0x05, 0x01,
	0x0C, 0x0B, 0x08, 0x02, 0x01, 0x01, 0x09, 0x05, 0x01, 0x01, 0x01, 0x12,
	0x02, 0x04, 0x02, 0x0C, 0x01, 0x08, 0x02, 0x0F, 0x02, 0x0C, 0x09, 0x01,
	0x09, 0x17, 0x02, 0x08, 0x13, 0x08, 0x0E, 0x08, 0x04, 0x04, 0x03, 0x02,
	0x12, 0x08, 0x07, 0x0E, 0x01, 0x07, 0x01, 0x05, 0x02, 0x05, 0x03, 0x02,
	0x03, 0x05, 0x03, 0x04, 0x06, 0x01, 0x05, 0x04, 0x0A, 0x02, 0x03, 0x06,
	0x01, 0x02, 0x02, 0x01, 0x08, 0x03, 0x01, 0x08, 0x01, 0x02, 0x04, 0x07,
	0x02, 0x0D, 0x01, 0x04, 0x07, 0x02, 0x02, 0x0C, 0x04, 0x04, 0x06, 0x03,
	0x01, 0x05, 0x09, 0x02, 0x03, 0x05, 0x03, 0x02, 0x02, 0x0D, 0x04, 0x02,
	0x05, 0x05, 0x06, 0x07, 0x05, 0x01, 0x02, 0x01, 0x0A, 0x03, 0x03, 0x04,
	0x01, 0x07, 0x01, 0x02, 0x05, 0x05, 0x02, 0x01, 0x08, 0x03, 0x07, 0x01,
	0x02, 0x02, 0x0A, 0x04, 0x09, 0x01, 0x01, 0x05, 0x07, 0x01, 0x02, 0x0C,
	0x01, 0x0B, 0x01, 0x03, 0x0D, 0x01, 0x01, 0x0D, 0x02, 0x03, 0x14, 0x01,
	0x07, 0x03, 0x08, 0x02, 0x03, 0x06, 0x0D, 0x0F, 0x07, 0x08, 0x07, 0x03,
	0x08, 0x01, 0x06, 0x05, 0x03, 0x04, 0x04, 0x02, 0x01, 0x05, 0x0C, 0x07,
	0x03, 0x06, 0x01, 0x06, 0x01, 0x02, 0x0B, 0x06, 0x02, 0x04, 0x02, 0x05,
	0x09, 0x01, 0x02, 0x06, 0x07, 0x09, 0x05, 0x03, 0x01, 0x07, 0x02, 0x06,
	0x03, 0x04, 0x04, 0x02, 0x01, 0x02, 0x05, 0x02, 0x07, 0x07, 0x01, 0x02,
	0x02, 0x03, 0x08, 0x06, 0x01, 0x04, 0x05, 0x04, 0x05, 0x09, 0x03, 0x03,
	0x0C, 0x01, 0x0C, 0x03, 0x03, 0x04, 0x05, 0x07, 0x03, 0x04, 0x08, 0x05,
	0x02, 0x0A, 0x01, 0x07, 0x08, 0x03, 0x06, 0x04, 0x03, 0x03, 0x08, 0x01,
	0x02, 0x03, 0x04, 0x01, 0x0C, 0x05, 0x01, 0x03, 0x04, 0x01, 0x02, 0x02,
	0x04, 0x04, 0x07, 0x06, 0x09, 0x06, 0x01, 0x04, 0x05, 0x05, 0x02, 0x08,
	0x08, 0x01, 0x04, 0x03, 0x07, 0x02, 0x01, 0x09, 0x03, 0x0F, 0x02, 0x09,
	0x01, 0x05, 0x0C, 0x03, 0x0D, 0x14, 0x0F, 0x0B, 0x0E, 0x06, 0x01, 0x04,
	0x03, 0x02, 0x0A, 0x1A, 0x14, 0x17, 0x2F, 0x02, 0x02, 0x2B, 0x12, 0x1C,
	0x1C, 0x1D, 0x26, 0x07, 0x07, 0x34, 0x01, 0x04, 0x03, 0x01, 0x0C, 0x04,
	0x02, 0x02, 0x02, 0x07, 0x02, 0x08, 0x03, 0x01, 0x04, 0x06, 0x01, 0x06,
	0x08, 0x02, 0x04, 0x05, 0x02, 0x04, 0x09, 0x08, 0x0B, 0x03, 0x0C, 0x02,
	0x06, 0x0A, 0x03, 0x05, 0x09, 0x02, 0x0D, 0x05, 0x05, 0x05, 0x05, 0x07,
	0x0D, 0x01, 0x01, 0x05, 0x08, 0x01, 0x02, 0x05, 0x0A, 0x02, 0x10, 0x01,
	0x05, 0x01, 0x06, 0x05, 0x02, 0x0C, 0x08, 0x05, 0x0B, 0x04, 0x08, 0x08,
	0x10, 0x03, 0x02, 0x02, 0x02, 0x04, 0x02, 0x08, 0x02, 0x03, 0x02, 0x04,
	0x05, 0x04, 0x03, 0x01, 0x07, 0x04, 0x04, 0x02, 0x06, 0x0C, 0x03, 0x04,
	0x03, 0x04, 0x01, 0x03, 0x05, 0x03, 0x06, 0x02, 0x01, 0x05, 0x06, 0x02,
	0x02, 0x14, 0x08, 0x01, 0x01, 0x05, 0x04, 0x01, 0x02, 0x0A, 0x05, 0x04,
	0x03, 0x0F, 0x02, 0x08, 0x03, 0x01, 0x05, 0x06, 0x01, 0x01, 0x01, 0x02,
	0x05, 0x02, 0x01, 0x02, 0x0C, 0x01, 0x01, 0x06, 0x01, 0x03, 0x05, 0x09,
	0x06, 0x01, 0x05, 0x03, 0x04, 0x15, 0x08, 0x01, 0x06, 0x0B, 0x08, 0x03,
	0x05, 0x07, 0x01, 0x03, 0x02, 0x0C, 0x04, 0x03, 0x04, 0x01, 0x09, 0x03,
	0x0C, 0x05, 0x01, 0x06, 0x07, 0x02, 0x0B, 0x02, 0x01, 0x02, 0x01, 0x01,
	0x06, 0x09, 0x03, 0x03, 0x04, 0x02, 0x04, 0x01, 0x01, 0x03, 0x01, 0x06,
	0x04, 0x02, 0x01, 0x0D, 0x01, 0x01, 0x07, 0x0B, 0x02, 0x0C, 0x01, 0x05,
	0x0B, 0x02, 0x0B, 0x02, 0x09, 0x0C, 0x02, 0x02, 0x02, 0x07, 0x09, 0x09,
	0x05, 0x03, 0x01, 0x05, 0x02, 0x0C, 0x02, 0x01, 0x0B, 0x05, 0x04, 0x03,
	0x0E, 0x08, 0x05, 0x03, 0x05, 0x01, 0x04, 0x03, 0x02, 0x09, 0x04, 0x02,
	0x02, 0x0D, 0x04, 0x03, 0x01, 0x06, 0x03, 0x0D, 0x07, 0x01, 0x01, 0x04,
	0x06, 0x02, 0x09, 0x06, 0x01, 0x04, 0x04, 0x14, 0x04, 0x39, 0x30, 0x2A,
	0x06, 0x03, 0x03, 0x03, 0x06, 0x31, 0x1E, 0x19, 0x1F, 0x36, 0x24, 0x18,
	0x0E, 0x02, 0x11, 0x07, 0x0A, 0x0A, 0x19, 0x10, 0x0A, 0x26, 0x1E, 0x15,
	0x08, 0x07, 0x0C, 0x39, 0x0D, 0x03, 0x09, 0x06, 0x0D, 0x1A, 0x24, 0x07,
	0x05, 0x16, 0x03, 0x09, 0x02, 0x03, 0x05, 0x01, 0x08, 0x06, 0x04, 0x02,
	0x02, 0x01, 0x08, 0x04, 0x02, 0x02, 0x02, 0x04, 0x08, 0x04, 0x09, 0x03,
	0x03, 0x0C, 0x0D, 0x01, 0x06, 0x02, 0x02, 0x01, 0x08, 0x03, 0x03, 0x04,
	0x03, 0x07, 0x03, 0x0D, 0x03, 0x01, 0x06, 0x03, 0x03, 0x06, 0x02, 0x04,
	0x05, 0x06, 0x03, 0x04, 0x07, 0x01, 0x04, 0x04, 0x07, 0x02, 0x01, 0x04,
	0x04, 0x01, 0x02, 0x07, 0x04, 0x07, 0x05, 0x0A, 0x06, 0x02, 0x04, 0x08,
	0x02, 0x02, 0x03, 0x03, 0x02, 0x01, 0x04, 0x0C, 0x04, 0x01, 0x01, 0x0E,
	0x05, 0x08, 0x07, 0x0C, 0x06, 0x09, 0x01, 0x02, 0x05, 0x01, 0x02, 0x01,
	0x02, 0x05, 0x0A, 0x02, 0x0F, 0x04, 0x06, 0x06, 0x03, 0x06, 0x0F, 0x05,
	0x11, 0x03, 0x09, 0x02, 0x01, 0x0D, 0x02, 0x03, 0x03, 0x02, 0x09, 0x01,
	0x02, 0x02, 0x08, 0x03, 0x03, 0x02, 0x08, 0x05, 0x02, 0x01, 0x02, 0x07,
	0x03, 0x04, 0x08, 0x01, 0x0A, 0x05, 0x07, 0x04, 0x04, 0x07, 0x02, 0x02,
	0x03, 0x09, 0x04, 0x05, 0x0A, 0x01, 0x03, 0x02, 0x01, 0x05, 0x05, 0x05,
	0x03, 0x01, 0x07, 0x05, 0x0A, 0x01, 0x05, 0x07, 0x01, 0x02, 0x00, 0x07,
	0x00, 0x00, 0x00, 0x00, 0x03, 0x00, 0x03, 0x23, 0x00, 0x46, 0x00, 0x4D,
	0x00, 0x55, 0x00, 0x5A, 0x00, 0xAD, 0x00, 0xB1, 0x01, 0xB3, 0x02, 0xA6,
	0x40, 0x8B, 0x01, 0xF3, 0xEC, 0xE3, 0xDF, 0xDD, 0xDA, 0xD7, 0xD1, 0xCB,
	0xCA, 0xC3, 0xC2, 0xBD, 0xBA, 0xB6, 0xB2, 0xB0, 0xAE, 0xAC, 0xA8, 0x9F,
	0x98, 0x94, 0x91, 0x8F, 0x86, 0x80, 0x7A, 0x72, 0x71, 0x6D, 0x67, 0x61,
	0x5D, 0x57, 0x56, 0x4E, 0x4C, 0x4B, 0x47, 0x3C, 0x13, 0x11, 0xEE, 0xEC,
	0xE6, 0xE4, 0xE3, 0xD8, 0xD7, 0xD3, 0xD1, 0xCF, 0xCB, 0xC4, 0xBE, 0xB8,
	0xB0, 0xAE, 0xAC, 0xA8, 0xA4, 0x9F, 0x9A, 0x92, 0x8F, 0x86, 0x7A, 0x6D,
	0x65, 0x5B, 0x59, 0x56, 0x52, 0x4E, 0x4B, 0x47, 0x3E, 0x34, 0x26, 0x20,
	0x1E, 0x1C, 0x0D, 0x71, 0x03, 0x2A, 0xF3, 0x2A, 0x02, 0xF5, 0xFE, 0x7E,
	0x03, 0x19, 0x94, 0xF9, 0x02, 0x30, 0x23, 0x19, 0xAA, 0x02, 0x02, 0xC8,
	0xC2, 0xBA, 0xB9, 0x04, 0xB2, 0x03, 0x61, 0x8A, 0x50, 0xA3, 0x05, 0x07,
	0x49, 0x04, 0xD3, 0x05, 0x44, 0x38, 0x05, 0x44, 0xE8, 0xF0, 0x05, 0x44,
	0x50, 0x05, 0x44, 0x01, 0x07, 0x00, 0x01, 0x0D, 0x46, 0x76, 0x2F, 0x37,
	0x18, 0x00, 0x3F, 0x3F, 0xB8, 0x01, 0x54, 0x2F, 0xFD, 0xB8, 0x01, 0x54,
	0x10, 0xB9, 0x01, 0x5B, 0x00, 0x05, 0xFD, 0x10, 0xFD, 0x3C, 0x10, 0xFD,
	0xB8, 0x01, 0x80, 0x2F, 0xB8, 0x01, 0x82, 0x3C, 0xB9, 0x01, 0x30, 0x00,
	0x04, 0xFD, 0x10, 0xFD, 0xB8, 0x01, 0x54, 0x10, 0xFD, 0x10, 0xFD, 0xB8,
	0x01, 0x91, 0xB8, 0x01, 0x99, 0xB8, 0x01, 0xA2, 0x3C, 0x3C, 0x3C, 0xB8,
	0x01, 0x5B, 0x10, 0xB9, 0x01, 0x26, 0x00, 0x15, 0xFD, 0x10, 0xB9, 0x01,
	0x23, 0x00, 0x15, 0xFD, 0x01, 0x2F, 0x3C, 0xFD, 0x17, 0x3C, 0x2F, 0xFD,
	0x2F, 0xB8, 0x01, 0x96, 0x3C, 0x3C, 0x3C, 0xFD, 0x3C, 0x10, 0xFD, 0x2F,
	0xB8, 0x01, 0x3C, 0x3C, 0x3C, 0xFD, 0xB8, 0x01, 0x0E, 0x3C, 0x3C, 0x10,
	0xFD, 0x2E, 0x2E, 0x2E, 0x2E, 0x2E, 0x2E, 0x2E, 0x2E, 0x2E, 0x2E, 0x2E,
	0x2E, 0x2E, 0x2E, 0x2E, 0x2E, 0x2E, 0x2E, 0x2E, 0x2E, 0x2E, 0x2E, 0x2E,
	0x2E, 0x2E, 0x2E, 0x2E, 0x2E, 0x2E, 0x2E, 0x2E, 0x2E, 0x2E, 0x2E, 0x2E,
	0x2E, 0x2E, 0x2E, 0x2E, 0x2E, 0x2E, 0xB8, 0x01, 0x02, 0x2E, 0xB8, 0x01,
	0x0C, 0x2E, 0xB8, 0x01, 0x14, 0x2E, 0xB8, 0x01, 0x1E, 0x2E, 0xB8, 0x01,
	0x21, 0x2E, 0xB8, 0x01, 0x28, 0x2E, 0xB8, 0x01, 0x2A, 0x2E, 0xB8, 0x01,
	0x30, 0x2E, 0xB8, 0x01, 0x34, 0x2E, 0xB8, 0x01, 0x36, 0x2E, 0xB8, 0x01,
	0x38, 0x2E, 0xB8, 0x01, 0x3E, 0x2E, 0xB8, 0x01, 0x40, 0x2E, 0xB8, 0x01,
	0x44, 0x2E, 0xB8, 0x01, 0x48, 0x2E, 0xB8, 0x01, 0x4B, 0x2E, 0xB8, 0x01,
	0x50, 0x2E, 0xB8, 0x01, 0x56, 0x2E, 0xB8, 0x01, 0x5D, 0x2E, 0xB8, 0x01,
	0x61, 0x2E, 0xB8, 0x01, 0x65, 0x2E, 0xB8, 0x01, 0x70, 0x2E, 0xB8, 0x01,
	0x72, 0x2E, 0xB8, 0x01, 0x74, 0x2E, 0xB8, 0x01, 0x76, 0x2E, 0xB8, 0x01,
	0x78, 0x2E, 0xB8, 0x01, 0x7A, 0x2E, 0xB8, 0x01, 0x82, 0x2E, 0xB8, 0x01,
	0x83, 0x2E, 0xB8, 0x01, 0x85, 0x2E, 0xB8, 0x01, 0x87, 0x2E, 0xB8, 0x01,
	0x8E, 0x2E, 0xB8, 0x01, 0x8F, 0x2E, 0xB8, 0x01, 0x97, 0x2E, 0xB8, 0x01,
	0x9E, 0x2E, 0xB8, 0x01, 0x9F, 0x2E, 0xB8, 0x01, 0xA4, 0x2E, 0xB8, 0x01,
	0xA5, 0x2E, 0xB8, 0x01, 0xAB, 0x2E, 0xB8, 0x01, 0xB0, 0x2E, 0x00, 0x2E,
	0x2E, 0x2E, 0x2E, 0x2E, 0x2E, 0x2E, 0x2E, 0x2E, 0x2E, 0x2E, 0x2E, 0x2E,
	0x2E, 0x2E, 0x2E, 0x2E, 0x2E, 0x2E, 0x2E, 0x2E, 0x2E, 0x2E, 0x2E, 0x2E,
	0x2E, 0x2E, 0x2E, 0x2E, 0x2E, 0x2E, 0x2E, 0x2E, 0x2E, 0x2E, 0x2E, 0x2E,
	0x2E, 0x2E, 0x2E, 0x2E, 0x2E, 0x2E, 0xB8, 0x01, 0x06, 0x2E, 0xB8, 0x01,
	0x08, 0x2E, 0xB8, 0x01, 0x0B, 0x2E, 0xB8, 0x01, 0x10, 0x2E, 0xB8, 0x01,
	0x18, 0x2E, 0xB8, 0x01, 0x1B, 0x2E, 0xB8, 0x01, 0x1E, 0x2E, 0xB8, 0x01,
	0x1F, 0x2E, 0xB8, 0x01, 0x3C, 0x2E, 0xB8, 0x01, 0x3E, 0x2E, 0xB8, 0x01,
	0x42, 0x2E, 0xB8, 0x01, 0x44, 0x2E, 0xB8, 0x01, 0x4D, 0x2E, 0xB8, 0x01,
	0x4E, 0x2E, 0xB8, 0x01, 0x56, 0x2E, 0xB8, 0x01, 0x5D, 0x2E, 0xB8, 0x01,
	0x5F, 0x2E, 0xB8, 0x01, 0x67, 0x2E, 0xB8, 0x01, 0x69, 0x2E, 0xB8, 0x01,
	0x6C, 0x2E, 0xB8, 0x01, 0x6E, 0x2E, 0xB8, 0x01, 0x74, 0x2E, 0xB8, 0x01,
	0x75, 0x2E, 0xB8, 0x01, 0x78, 0x2E, 0xB8, 0x01, 0x7A, 0x2E, 0xB8, 0x01,
	0x85, 0x2E, 0xB8, 0x01, 0x89, 0x2E, 0xB8, 0x01, 0x8C, 0x2E, 0xB8, 0x01,
	0x94, 0x2E, 0xB8, 0x01, 0x9C, 0x2E, 0xB8, 0x01, 0xA0, 0x2E, 0xB8, 0x01,
	0xA7, 0x2E, 0xB8, 0x01, 0xA9, 0x2E, 0xB8, 0x01, 0xAB, 0x2E, 0xB8, 0x01,
	0xAE, 0x2E, 0x31, 0x30, 0x01, 0xB9, 0x01, 0xB5, 0x00, 0x02, 0x49, 0x68,
	0xB9, 0x00, 0x0D, 0x01, 0xB4, 0x49, 0x68, 0x61, 0xB0, 0x40, 0x52, 0x58,
	0xB9, 0x01, 0xB4, 0x00, 0x40, 0x38, 0xB8, 0x01, 0xB4, 0x11, 0x37, 0xB9,
	0x01, 0xB4, 0xFF, 0xC0, 0x38, 0x59, 0x01, 0x16, 0x15, 0x14, 0x07, 0x0E,
	0x01, 0x23, 0x22, 0x27, 0x26, 0x27, 0x26, 0x27, 0x32, 0x37, 0x36, 0x17,
	0x16, 0x37, 0x26, 0x37, 0x36, 0x37, 0x36, 0x35, 0x34, 0x26, 0x35, 0x34,
	0x37, 0x26, 0x37, 0x3E, 0x01, 0x27, 0x2E, 0x01, 0x27, 0x36, 0x37, 0x36,
	0x35, 0x34, 0x27, 0x26, 0x27, 0x26, 0x35, 0x34, 0x37, 0x36, 0x27, 0x26,
	0x27, 0x26, 0x23, 0x22, 0x07, 0x06, 0x07, 0x26, 0x35, 0x34, 0x37, 0x36,
	0x37, 0x36, 0x37, 0x36, 0x16, 0x07, 0x26, 0x23, 0x22, 0x07, 0x37, 0x16,
	0x17, 0x26, 0x23, 0x22, 0x07, 0x32, 0x17, 0x16, 0x17, 0x27, 0x16, 0x07,
	0x16, 0x05, 0x06, 0x27, 0x26, 0x27, 0x26, 0x27, 0x16, 0x17, 0x16, 0x17,
	0x06, 0x07, 0x26, 0x27, 0x26, 0x27, 0x26, 0x27, 0x16, 0x17, 0x16, 0x07,
	0x23, 0x26, 0x27, 0x26, 0x27, 0x26, 0x27, 0x26, 0x27, 0x16, 0x17, 0x16,
	0x17, 0x14, 0x27, 0x26, 0x27, 0x26, 0x27, 0x26, 0x27, 0x16, 0x17, 0x16,
	0x15, 0x14, 0x07, 0x0E, 0x01, 0x07, 0x36, 0x37, 0x17, 0x06, 0x07, 0x36,
	0x37, 0x36, 0x37, 0x16, 0x15, 0x14, 0x06, 0x15, 0x06, 0x07, 0x36, 0x37,
	0x36, 0x33, 0x17, 0x06, 0x07, 0x06, 0x07, 0x36, 0x35, 0x34, 0x27, 0x16,
	0x07, 0x30, 0x27, 0x16, 0x17, 0x07, 0x22, 0x06, 0x23, 0x22, 0x27, 0x37,
	0x35, 0x0E, 0x01, 0x07, 0x27, 0x36, 0x37, 0x36, 0x37, 0x07, 0x27, 0x36,
	0x37, 0x36, 0x35, 0x34, 0x27, 0x07, 0x26, 0x37, 0x36, 0x35, 0x26, 0x27,
	0x16, 0x07, 0x26, 0x27, 0x26, 0x27, 0x15, 0x06, 0x23, 0x22, 0x26, 0x23,
	0x16, 0x07, 0x26, 0x27, 0x26, 0x27, 0x17, 0x30, 0x15, 0x16, 0x07, 0x26,
	0x27, 0x26, 0x27, 0x16, 0x17, 0x16, 0x07, 0x2E, 0x01, 0x27, 0x32, 0x17,
	0x06, 0x07, 0x06, 0x15, 0x14, 0x16, 0x17, 0x16, 0x15, 0x14, 0x07, 0x06,
	0x07, 0x16, 0x15, 0x16, 0x17, 0x16, 0x37, 0x1E, 0x01, 0x17, 0x37, 0x26,
	0x27, 0x36, 0x17, 0x16, 0x17, 0x16, 0x15, 0x14, 0x07, 0x06, 0x23, 0x22,
	0x26, 0x27, 0x16, 0x06, 0x17, 0x33, 0x16, 0x17, 0x06, 0x23, 0x22, 0x26,
	0x23, 0x22, 0x07, 0x16, 0x17, 0x16, 0x07, 0x06, 0x07, 0x06, 0x07, 0x16,
	0x37, 0x36, 0x35, 0x34, 0x27, 0x26, 0x37, 0x26, 0x27, 0x26, 0x37, 0x16,
	0x37, 0x06, 0x27, 0x36, 0x17, 0x16, 0x17, 0x26, 0x31, 0x26, 0x35, 0x34,
	0x36, 0x35, 0x34, 0x27, 0x23, 0x26, 0x37, 0x36, 0x33, 0x36, 0x37, 0x16,
	0x17, 0x06, 0x26, 0x27, 0x26, 0x23, 0x22, 0x07, 0x32, 0x37, 0x16, 0x17,
	0x06, 0x07, 0x06, 0x15, 0x14, 0x17, 0x26, 0x37, 0x16, 0x06, 0x17, 0x34,
	0x37, 0x16, 0x15, 0x14, 0x07, 0x06, 0x17, 0x37, 0x17, 0x06, 0x07, 0x36,
	0x37, 0x16, 0x07, 0x06, 0x07, 0x06, 0x23, 0x22, 0x27, 0x15, 0x16, 0x37,
	0x26, 0x27, 0x36, 0x33, 0x32, 0x16, 0x33, 0x16, 0x37, 0x27, 0x26, 0x37,
	0x17, 0x16, 0x37, 0x36, 0x33, 0x27, 0x36, 0x33, 0x32, 0x16, 0x33, 0x32,
	0x37, 0x27, 0x37, 0x16, 0x33, 0x32, 0x2F, 0x01, 0x36, 0x17, 0x32, 0x31,
	0x36, 0x37, 0x26, 0x06, 0x23, 0x22, 0x27, 0x36, 0x31, 0x36, 0x02, 0xDD,
	0x23, 0x57, 0x3C, 0xA7, 0x5A, 0x44, 0x40, 0x5E, 0x3F, 0x42, 0x09, 0x01,
	0x03, 0x01, 0x06, 0x73, 0x86, 0x0A, 0x12, 0x3C, 0x19, 0x01, 0x11, 0x02,
	0x07, 0x05, 0x06, 0x0E, 0x01, 0x05, 0x1C, 0x03, 0x06, 0x20, 0x1C, 0x03,
	0x09, 0x09, 0x0B, 0x04, 0x1B, 0x02, 0x07, 0x14, 0x1C, 0x1A, 0x8F, 0x50,
	0x26, 0x13, 0x02, 0x1A, 0x17, 0x18, 0x51, 0xB3, 0x78, 0xD1, 0xD3, 0x0A,
	0x0B, 0x0E, 0x0F, 0x24, 0x05, 0x19, 0x06, 0x1E, 0x03, 0x02, 0x0A, 0x0C,
	0x12, 0x04, 0x1E, 0x01, 0x07, 0x0E, 0x01, 0x11, 0x07, 0x04, 0x0E, 0x0E,
	0x13, 0x23, 0x23, 0x14, 0x0C, 0x0F, 0x01, 0x0A, 0x05, 0x01, 0x02, 0x02,
	0x2E, 0x53, 0x45, 0x0A, 0x26, 0x05, 0x05, 0x06, 0x09, 0x08, 0x0D, 0x1E,
	0x1F, 0x25, 0x34, 0x32, 0x32, 0x34, 0x04, 0x09, 0x0A, 0x35, 0x24, 0x24,
	0x2D, 0x29, 0x69, 0x48, 0x2A, 0x2A, 0x2B, 0x85, 0x40, 0x84, 0x75, 0x05,
	0x3E, 0xBB, 0x5D, 0x60, 0x6F, 0x1D, 0x05, 0x08, 0x2A, 0x80, 0x1F, 0x25,
	0x3F, 0x01, 0x05, 0x07, 0x15, 0x22, 0x01, 0x98, 0x15, 0x05, 0xFB, 0x26,
	0x26, 0x45, 0x1C, 0x04, 0x0F, 0x03, 0x03, 0x02, 0x37, 0x07, 0x24, 0x07,
	0x02, 0x05, 0x18, 0x15, 0x02, 0x29, 0x03, 0x04, 0x15, 0x12, 0x02, 0x19,
	0x01, 0x08, 0x0C, 0x08, 0x31, 0x08, 0x08, 0x07, 0x01, 0x01, 0x02, 0x02,
	0x02, 0x04, 0x05, 0x06, 0x01, 0x07, 0x03, 0x04, 0x02, 0x0A, 0x03, 0x01,
	0x07, 0x02, 0x02, 0x05, 0x0A, 0x03, 0x02, 0x02, 0x04, 0x07, 0x04, 0x0E,
	0x01, 0x0A, 0x09, 0x12, 0x01, 0x16, 0x01, 0x03, 0x18, 0x14, 0x13, 0x03,
	0x06, 0x07, 0x07, 0x07, 0x06, 0x0C, 0x04, 0x08, 0x03, 0x03, 0x03, 0x04,
	0x04, 0x03, 0x05, 0x0A, 0x04, 0x04, 0x05, 0x0F, 0x02, 0x03, 0x1B, 0x02,
	0x02, 0x22, 0x23, 0x06, 0x08, 0x05, 0x17, 0x06, 0x08, 0x07, 0x02, 0x0C,
	0x04, 0x25, 0x05, 0x0B, 0x04, 0x05, 0x46, 0x27, 0x04, 0x11, 0x04, 0x27,
	0x0D, 0x19, 0x07, 0x02, 0x10, 0x3F, 0x20, 0x24, 0x02, 0x04, 0x04, 0x03,
	0x08, 0x0C, 0x16, 0x02, 0x08, 0x09, 0x01, 0x12, 0x01, 0x0B, 0x0B, 0x24,
	0x26, 0x07, 0x0A, 0x05, 0x19, 0x12, 0x0B, 0x09, 0x08, 0x0E, 0x36, 0x01,
	0x0B, 0x27, 0x29, 0x03, 0x01, 0x06, 0x06, 0x04, 0x04, 0x08, 0x03, 0x03,
	0x02, 0x02, 0x11, 0x05, 0x09, 0x12, 0x09, 0x0D, 0x02, 0x15, 0x18, 0x01,
	0x33, 0x48, 0x0B, 0x0B, 0x0C, 0x0D, 0x02, 0x07, 0x04, 0x02, 0x03, 0x08,
	0x05, 0x07, 0x07, 0x08, 0x01, 0x03, 0x0B, 0x04, 0x08, 0x0B, 0x02, 0x08,
	0x02, 0x03, 0x03, 0x0E, 0x04, 0x03, 0x03, 0x05, 0x03, 0x05, 0x0C, 0x0B,
	0x01, 0x03, 0x04, 0x09, 0x0F, 0x57, 0x21, 0x04, 0x0E, 0x03, 0x04, 0x02,
	0x08, 0x19, 0x02, 0x32, 0x4A, 0x5B, 0x97, 0x64, 0x45, 0x4D, 0x17, 0x2C,
	0x53, 0x57, 0x65, 0x08, 0x05, 0x02, 0xC9, 0x06, 0x21, 0x06, 0x12, 0x2C,
	0x05, 0x04, 0x09, 0x1A, 0x08, 0x06, 0x06, 0x15, 0x06, 0x06, 0x0E, 0x07,
	0x09, 0x0A, 0x08, 0x13, 0x21, 0x1D, 0x17, 0x08, 0x09, 0x07, 0x07, 0x0B,
	0x09, 0x06, 0x06, 0x28, 0x12, 0x20, 0x14, 0x04, 0x6F, 0x35, 0x25, 0x0B,
	0x0C, 0x27, 0x2E, 0x27, 0x27, 0x69, 0x1D, 0x03, 0x84, 0x7E, 0x09, 0x0E,
	0x08, 0x01, 0x35, 0x19, 0x01, 0x09, 0x0F, 0x11, 0x19, 0x0E, 0x08, 0x01,
	0x15, 0x07, 0x01, 0x38, 0x37, 0x40, 0x24, 0x32, 0x47, 0x2B, 0x5A, 0x07,
	0x07, 0x0C, 0x17, 0x1B, 0x09, 0xAF, 0x50, 0x6F, 0x13, 0x4D, 0x46, 0x0F,
	0x31, 0x29, 0x15, 0x36, 0x36, 0x3F, 0x12, 0x36, 0x36, 0x41, 0x3E, 0x11,
	0x03, 0x3D, 0x4C, 0x27, 0x27, 0x2C, 0x09, 0x31, 0x81, 0x49, 0x68, 0x6B,
	0x58, 0x41, 0x6C, 0x15, 0x16, 0x9E, 0x05, 0x85, 0x3D, 0x03, 0x5D, 0x6A,
	0x4D, 0x06, 0x07, 0x05, 0x15, 0x05, 0x50, 0x70, 0x10, 0x26, 0x40, 0x05,
	0x12, 0x17, 0x26, 0x01, 0x79, 0xBB, 0x40, 0x3D, 0x0E, 0x2F, 0x06, 0x06,
	0x54, 0x14, 0x0E, 0x04, 0x2B, 0x0B, 0x09, 0x11, 0x09, 0x02, 0x0C, 0x0E,
	0x0D, 0x10, 0x1E, 0x03, 0x09, 0x11, 0x0E, 0x0C, 0x05, 0x06, 0x19, 0x07,
	0x09, 0x10, 0x01, 0x3F, 0x3C, 0x0A, 0x06, 0x02, 0x09, 0x0D, 0x03, 0x08,
	0x01, 0x16, 0x06, 0x0A, 0x04, 0x0F, 0x0C, 0x05, 0x03, 0x0E, 0x09, 0x02,
	0x11, 0x07, 0x0C, 0x05, 0x0A, 0x0B, 0x0E, 0x08, 0x05, 0x2C, 0x05, 0x29,
	0x2B, 0x11, 0x03, 0x03, 0x08, 0x13, 0x02, 0x0A, 0x09, 0x17, 0x1E, 0x17,
	0x17, 0x03, 0x03, 0x02, 0x03, 0x03, 0x06, 0x02, 0x12, 0x02, 0x0E, 0x02,
	0x08, 0x05, 0x03, 0x02, 0x02, 0x05, 0x05, 0x07, 0x0D, 0x03, 0x07, 0x01,
	0x0B, 0x1A, 0x09, 0x05, 0x0E, 0x07, 0x0A, 0x06, 0x09, 0x10, 0x27, 0x23,
	0x01, 0x08, 0x02, 0x02, 0x05, 0x62, 0x08, 0x0A, 0x15, 0x18, 0x3B, 0x1F,
	0x04, 0x0F, 0x09, 0x0A, 0x1B, 0x02, 0x02, 0x1E, 0x05, 0x01, 0x02, 0x02,
	0x0B, 0x03, 0x03, 0x02, 0x0C, 0x07, 0x03, 0x03, 0x05, 0x10, 0x12, 0x09,
	0x01, 0x05, 0x42, 0x03, 0x0D, 0x06, 0x11, 0x06, 0x06, 0x17, 0x2E, 0x11,
	0x0A, 0x22, 0x22, 0x09, 0x08, 0x09, 0x05, 0x03, 0x1C, 0x05, 0x0E, 0x0B,
	0x05, 0x06, 0x03, 0x0B, 0x0A, 0x06, 0x1B, 0x05, 0x10, 0x1F, 0x08, 0x11,
	0x0F, 0x15, 0x16, 0x0E, 0x43, 0x02, 0x08, 0x14, 0x01, 0x02, 0x0E, 0x03,
	0x0E, 0x08, 0x0B, 0x08, 0x03, 0x05, 0x0B, 0x05, 0x01, 0x02, 0x0A, 0x02,
	0x08, 0x04, 0x05, 0x03, 0x03, 0x03, 0x03, 0x06, 0x01, 0x25, 0x7F, 0x01,
	0x0C, 0x06, 0x05, 0x08, 0x00, 0x45, 0x00, 0x00, 0x00, 0x00, 0x03, 0x56,
	0x03, 0x20, 0x00, 0x1C, 0x00, 0x39, 0x00, 0x50, 0x00, 0x6E, 0x00, 0x8D,
	0x00, 0xAD, 0x00, 0xC9, 0x00, 0xE5, 0x00, 0xF8, 0x01, 0x15, 0x01, 0x2A,
	0x01, 0x47, 0x01, 0x69, 0x01, 0x87, 0x01, 0xA1, 0x01, 0xBB, 0x01, 0xD8,
	0x01, 0xD9, 0x01, 0xDA, 0x02, 0x06, 0x02, 0x1D, 0x02, 0x24, 0x02, 0x30,
	0x02, 0x4A, 0x02, 0x4B, 0x02, 0x82, 0x02, 0x8D, 0x02, 0xBE, 0x02, 0xC2,
	0x02, 0xCD, 0x02, 0xE5, 0x02, 0xE7, 0x03, 0x01, 0x03, 0x06, 0x03, 0x0E,
	0x03, 0x3F, 0x03, 0x52, 0x03, 0x7C, 0x03, 0x82, 0x03, 0x86, 0x03, 0xA2,
	0x03, 0xBA, 0x03, 0xC2, 0x03, 0xC3, 0x03, 0xFB, 0x04, 0x02, 0x04, 0x04,
	0x04, 0x3A, 0x04, 0x3D, 0x04, 0x46, 0x04, 0x4F, 0x04, 0x6C, 0x04, 0x6F,
	0x04, 0x8D, 0x04, 0x9B, 0x04, 0xA5, 0x04, 0xBB, 0x04, 0xBE, 0x04, 0xC0,
	0x04, 0xD2, 0x04, 0xF0, 0x05, 0x0B, 0x05, 0x1F, 0x05, 0x26, 0x05, 0x2F,
	0x05, 0x35, 0x05, 0x3C, 0x05, 0x44, 0x05, 0x4E, 0x00, 0x00, 0x01, 0x0E,
	0x01, 0x15, 0x14, 0x17, 0x06, 0x07, 0x0E, 0x01, 0x07, 0x06, 0x07, 0x26,
	0x27, 0x26, 0x35, 0x34, 0x37, 0x16, 0x33, 0x32, 0x37, 0x36, 0x37, 0x3E,
	0x01, 0x37, 0x36, 0x17, 0x06, 0x31, 0x07, 0x22, 0x26, 0x23, 0x22, 0x0E,
	0x02, 0x07, 0x06, 0x23, 0x26, 0x27, 0x32, 0x37, 0x16, 0x33, 0x32, 0x36,
	0x33, 0x32, 0x17, 0x36, 0x33, 0x32, 0x16, 0x27, 0x30, 0x07, 0x17, 0x06,
	0x07, 0x17, 0x07, 0x16, 0x17, 0x26, 0x27, 0x26, 0x35, 0x34, 0x3F, 0x01,
	0x26, 0x35, 0x34, 0x37, 0x36, 0x27, 0x01, 0x2E, 0x01, 0x23, 0x22, 0x07,
	0x26, 0x27, 0x06, 0x23, 0x22, 0x26, 0x23, 0x22, 0x07, 0x36, 0x35, 0x34,
	0x26, 0x35, 0x34, 0x1F, 0x01, 0x37, 0x1E, 0x01, 0x33, 0x32, 0x37, 0x16,
	0x25, 0x26, 0x07, 0x06, 0x23, 0x22, 0x3F, 0x01, 0x2E, 0x01, 0x35, 0x34,
	0x3F, 0x01, 0x26, 0x35, 0x34, 0x36, 0x37, 0x14, 0x06, 0x15, 0x14, 0x17,
	0x07, 0x16, 0x15, 0x14, 0x06, 0x15, 0x14, 0x01, 0x26, 0x27, 0x26, 0x23,
	0x22, 0x07, 0x27, 0x26, 0x06, 0x23, 0x22, 0x27, 0x26, 0x07, 0x06, 0x31,
	0x36, 0x37, 0x36, 0x33, 0x32, 0x17, 0x14, 0x16, 0x17, 0x14, 0x17, 0x16,
	0x33, 0x32, 0x37, 0x01, 0x22, 0x06, 0x23, 0x22, 0x27, 0x26, 0x35, 0x34,
	0x36, 0x35, 0x26, 0x27, 0x26, 0x36, 0x35, 0x34, 0x27, 0x36, 0x37, 0x16,
	0x35, 0x17, 0x06, 0x07, 0x16, 0x17, 0x16, 0x07, 0x0E, 0x01, 0x23, 0x22,
	0x27, 0x26, 0x37, 0x26, 0x27, 0x26, 0x37, 0x27, 0x26, 0x27, 0x26, 0x27,
	0x16, 0x17, 0x16, 0x37, 0x16, 0x17, 0x16, 0x33, 0x36, 0x16, 0x17, 0x04,
	0x15, 0x14, 0x07, 0x06, 0x23, 0x22, 0x26, 0x27, 0x26, 0x35, 0x34, 0x37,
	0x36, 0x33, 0x32, 0x17, 0x1E, 0x01, 0x13, 0x26, 0x27, 0x26, 0x07, 0x26,
	0x27, 0x26, 0x2F, 0x02, 0x26, 0x27, 0x36, 0x37, 0x36, 0x33, 0x32, 0x1F,
	0x01, 0x14, 0x17, 0x16, 0x07, 0x16, 0x15, 0x16, 0x17, 0x16, 0x23, 0x07,
	0x2F, 0x01, 0x36, 0x37, 0x26, 0x37, 0x27, 0x36, 0x37, 0x1E, 0x01, 0x07,
	0x06, 0x1F, 0x01, 0x14, 0x06, 0x15, 0x14, 0x01, 0x06, 0x07, 0x06, 0x23,
	0x22, 0x27, 0x2E, 0x01, 0x37, 0x06, 0x27, 0x26, 0x27, 0x16, 0x17, 0x16,
	0x33, 0x32, 0x37, 0x36, 0x16, 0x17, 0x16, 0x36, 0x33, 0x32, 0x17, 0x36,
	0x12, 0x07, 0x06, 0x31, 0x16, 0x17, 0x0E, 0x01, 0x15, 0x14, 0x17, 0x06,
	0x07, 0x36, 0x37, 0x36, 0x35, 0x34, 0x27, 0x37, 0x30, 0x27, 0x26, 0x35,
	0x34, 0x37, 0x36, 0x26, 0x27, 0x16, 0x37, 0x36, 0x15, 0x14, 0x01, 0x06,
	0x17, 0x16, 0x15, 0x14, 0x2F, 0x01, 0x06, 0x07, 0x26, 0x27, 0x26, 0x23,
	0x22, 0x07, 0x23, 0x27, 0x32, 0x16, 0x33, 0x32, 0x37, 0x16, 0x17, 0x36,
	0x33, 0x32, 0x17, 0x36, 0x17, 0x07, 0x15, 0x06, 0x07, 0x06, 0x15, 0x14,
	0x17, 0x07, 0x36, 0x35, 0x34, 0x27, 0x37, 0x2E, 0x01, 0x35, 0x34, 0x37,
	0x27, 0x16, 0x17, 0x16, 0x15, 0x14, 0x27, 0x06, 0x23, 0x22, 0x27, 0x0E,
	0x01, 0x07, 0x26, 0x27, 0x06, 0x23, 0x22, 0x26, 0x23, 0x36, 0x37, 0x36,
	0x37, 0x36, 0x16, 0x33, 0x3E, 0x01, 0x37, 0x16, 0x17, 0x22, 0x0F, 0x01,
	0x06, 0x07, 0x06, 0x15, 0x06, 0x07, 0x3E, 0x01, 0x35, 0x34, 0x27, 0x36,
	0x37, 0x26, 0x35, 0x34, 0x36, 0x35, 0x34, 0x27, 0x16, 0x17, 0x16, 0x15,
	0x14, 0x01, 0x17, 0x27, 0x06, 0x07, 0x06, 0x07, 0x30, 0x07, 0x06, 0x27,
	0x0E, 0x01, 0x07, 0x27, 0x36, 0x37, 0x16, 0x33, 0x32, 0x36, 0x33, 0x22,
	0x07, 0x06, 0x07, 0x06, 0x23, 0x22, 0x27, 0x06, 0x15, 0x14, 0x17, 0x16,
	0x17, 0x3E, 0x01, 0x37, 0x3E, 0x03, 0x37, 0x3E, 0x01, 0x17, 0x26, 0x06,
	0x07, 0x26, 0x27, 0x06, 0x07, 0x26, 0x23, 0x22, 0x06, 0x07, 0x17, 0x37,
	0x16, 0x33, 0x32, 0x37, 0x36, 0x37, 0x17, 0x36, 0x27, 0x06, 0x15, 0x14,
	0x30, 0x35, 0x34, 0x17, 0x07, 0x30, 0x27, 0x07, 0x36, 0x37, 0x16, 0x33,
	0x32, 0x37, 0x36, 0x2F, 0x01, 0x16, 0x07, 0x22, 0x15, 0x14, 0x16, 0x15,
	0x14, 0x07, 0x30, 0x17, 0x16, 0x07, 0x16, 0x17, 0x26, 0x37, 0x30, 0x27,
	0x26, 0x35, 0x34, 0x37, 0x36, 0x27, 0x01, 0x27, 0x06, 0x23, 0x22, 0x26,
	0x27, 0x0E, 0x01, 0x23, 0x22, 0x27, 0x07, 0x26, 0x35, 0x34, 0x37, 0x36,
	0x37, 0x16, 0x33, 0x32, 0x36, 0x33, 0x32, 0x17, 0x26, 0x23, 0x22, 0x06,
	0x07, 0x2E, 0x01, 0x23, 0x26, 0x15, 0x14, 0x16, 0x15, 0x14, 0x07, 0x36,
	0x33, 0x16, 0x37, 0x36, 0x33, 0x32, 0x17, 0x16, 0x33, 0x32, 0x36, 0x33,
	0x32, 0x25, 0x16, 0x06, 0x17, 0x06, 0x17, 0x27, 0x26, 0x35, 0x34, 0x36,
	0x07, 0x26, 0x37, 0x27, 0x34, 0x37, 0x36, 0x35, 0x34, 0x26, 0x37, 0x07,
	0x16, 0x15, 0x14, 0x07, 0x06, 0x07, 0x16, 0x17, 0x06, 0x15, 0x14, 0x17,
	0x30, 0x07, 0x06, 0x23, 0x22, 0x26, 0x27, 0x36, 0x35, 0x34, 0x26, 0x35,
	0x34, 0x37, 0x07, 0x06, 0x17, 0x16, 0x17, 0x06, 0x07, 0x06, 0x33, 0x32,
	0x36, 0x01, 0x26, 0x07, 0x36, 0x23, 0x06, 0x27, 0x26, 0x07, 0x36, 0x33,
	0x32, 0x16, 0x33, 0x32, 0x17, 0x2E, 0x01, 0x07, 0x06, 0x23, 0x22, 0x26,
	0x27, 0x23, 0x26, 0x27, 0x07, 0x37, 0x16, 0x33, 0x32, 0x36, 0x33, 0x16,
	0x17, 0x36, 0x37, 0x36, 0x01, 0x27, 0x17, 0x27, 0x36, 0x26, 0x27, 0x26,
	0x36, 0x35, 0x30, 0x27, 0x26, 0x37, 0x23, 0x15, 0x33, 0x16, 0x17, 0x07,
	0x16, 0x17, 0x06, 0x15, 0x14, 0x17, 0x06, 0x2F, 0x01, 0x2E, 0x01, 0x37,
	0x07, 0x17, 0x27, 0x26, 0x37, 0x06, 0x15, 0x14, 0x16, 0x01, 0x27, 0x26,
	0x27, 0x26, 0x27, 0x26, 0x27, 0x35, 0x36, 0x27, 0x30, 0x27, 0x14, 0x37,
	0x36, 0x33, 0x32, 0x16, 0x33, 0x06, 0x15, 0x14, 0x16, 0x07, 0x36, 0x27,
	0x26, 0x27, 0x26, 0x35, 0x34, 0x37, 0x26, 0x23, 0x22, 0x07, 0x06, 0x07,
	0x16, 0x1F, 0x01, 0x16, 0x17, 0x14, 0x15, 0x16, 0x17, 0x16, 0x27, 0x34,
	0x27, 0x26, 0x27, 0x26, 0x23, 0x22, 0x07, 0x06, 0x15, 0x14, 0x17, 0x16,
	0x33, 0x32, 0x37, 0x3E, 0x01, 0x25, 0x22, 0x27, 0x36, 0x27, 0x26, 0x31,
	0x27, 0x2E, 0x01, 0x27, 0x17, 0x36, 0x17, 0x16, 0x1F, 0x01, 0x06, 0x17,
	0x30, 0x06, 0x23, 0x22, 0x26, 0x23, 0x36, 0x35, 0x34, 0x26, 0x37, 0x15,
	0x16, 0x17, 0x16, 0x15, 0x14, 0x07, 0x16, 0x33, 0x32, 0x37, 0x36, 0x01,
	0x26, 0x27, 0x17, 0x06, 0x07, 0x17, 0x26, 0x27, 0x16, 0x17, 0x36, 0x35,
	0x34, 0x26, 0x27, 0x36, 0x37, 0x26, 0x27, 0x26, 0x35, 0x36, 0x35, 0x34,
	0x26, 0x27, 0x07, 0x16, 0x17, 0x06, 0x16, 0x17, 0x06, 0x07, 0x16, 0x17,
	0x16, 0x01, 0x07, 0x26, 0x23, 0x22, 0x06, 0x2F, 0x01, 0x32, 0x07, 0x06,
	0x27, 0x17, 0x36, 0x33, 0x32, 0x16, 0x17, 0x32, 0x17, 0x16, 0x17, 0x3E,
	0x01, 0x07, 0x06, 0x26, 0x07, 0x36, 0x16, 0x33, 0x32, 0x27, 0x01, 0x36,
	0x23, 0x22, 0x23, 0x06, 0x23, 0x22, 0x27, 0x17, 0x07, 0x17, 0x16, 0x15,
	0x14, 0x07, 0x06, 0x07, 0x14, 0x16, 0x15, 0x14, 0x07, 0x37, 0x26, 0x35,
	0x34, 0x37, 0x36, 0x37, 0x26, 0x37, 0x36, 0x35, 0x34, 0x26, 0x35, 0x36,
	0x17, 0x16, 0x15, 0x14, 0x07, 0x06, 0x15, 0x14, 0x16, 0x15, 0x14, 0x07,
	0x36, 0x35, 0x34, 0x26, 0x37, 0x36, 0x27, 0x36, 0x27, 0x23, 0x16, 0x15,
	0x14, 0x23, 0x07, 0x27, 0x16, 0x15, 0x14, 0x06, 0x07, 0x26, 0x23, 0x22,
	0x06, 0x2F, 0x01, 0x16, 0x33, 0x32, 0x36, 0x33, 0x32, 0x17, 0x16, 0x37,
	0x34, 0x35, 0x0E, 0x01, 0x27, 0x26, 0x23, 0x22, 0x06, 0x23, 0x22, 0x27,
	0x26, 0x23, 0x22, 0x06, 0x27, 0x16, 0x37, 0x17, 0x16, 0x33, 0x32, 0x36,
	0x33, 0x32, 0x17, 0x36, 0x37, 0x36, 0x33, 0x32, 0x1F, 0x01, 0x07, 0x15,
	0x27, 0x0E, 0x01, 0x23, 0x22, 0x27, 0x16, 0x33, 0x32, 0x17, 0x14, 0x15,
	0x06, 0x07, 0x37, 0x36, 0x35, 0x26, 0x37, 0x2E, 0x01, 0x07, 0x16, 0x07,
	0x06, 0x17, 0x16, 0x15, 0x16, 0x15, 0x14, 0x07, 0x06, 0x07, 0x30, 0x17,
	0x16, 0x07, 0x36, 0x35, 0x26, 0x31, 0x36, 0x37, 0x36, 0x35, 0x36, 0x17,
	0x07, 0x37, 0x03, 0x27, 0x07, 0x06, 0x23, 0x06, 0x15, 0x06, 0x23, 0x22,
	0x27, 0x22, 0x07, 0x06, 0x23, 0x16, 0x37, 0x36, 0x37, 0x32, 0x17, 0x16,
	0x33, 0x32, 0x37, 0x36, 0x31, 0x16, 0x33, 0x32, 0x17, 0x0F, 0x01, 0x06,
	0x07, 0x06, 0x07, 0x32, 0x37, 0x36, 0x37, 0x16, 0x36, 0x17, 0x27, 0x0E,
	0x01, 0x23, 0x22, 0x27, 0x16, 0x33, 0x32, 0x36, 0x17, 0x27, 0x07, 0x0E,
	0x01, 0x0F, 0x01, 0x30, 0x07, 0x06, 0x27, 0x37, 0x26, 0x36, 0x37, 0x36,
	0x37, 0x36, 0x17, 0x36, 0x34, 0x37, 0x17, 0x35, 0x07, 0x27, 0x07, 0x25,
	0x26, 0x27, 0x06, 0x07, 0x06, 0x27, 0x37, 0x26, 0x07, 0x16, 0x37, 0x06,
	0x27, 0x3E, 0x01, 0x37, 0x16, 0x27, 0x06, 0x07, 0x14, 0x07, 0x06, 0x17,
	0x0E, 0x01, 0x23, 0x22, 0x27, 0x2E, 0x01, 0x35, 0x34, 0x37, 0x27, 0x2E,
	0x01, 0x27, 0x36, 0x17, 0x16, 0x15, 0x14, 0x17, 0x36, 0x26, 0x36, 0x07,
	0x06, 0x27, 0x36, 0x37, 0x36, 0x37, 0x26, 0x27, 0x06, 0x07, 0x06, 0x23,
	0x22, 0x26, 0x23, 0x22, 0x0F, 0x01, 0x27, 0x36, 0x37, 0x1E, 0x01, 0x17,
	0x07, 0x16, 0x17, 0x07, 0x26, 0x07, 0x06, 0x23, 0x22, 0x27, 0x26, 0x27,
	0x26, 0x27, 0x3E, 0x01, 0x33, 0x32, 0x17, 0x36, 0x17, 0x16, 0x27, 0x26,
	0x23, 0x22, 0x07, 0x17, 0x32, 0x17, 0x26, 0x23, 0x22, 0x07, 0x36, 0x33,
	0x32, 0x16, 0x27, 0x26, 0x31, 0x07, 0x17, 0x16, 0x27, 0x26, 0x07, 0x06,
	0x17, 0x33, 0x36, 0x17, 0x06, 0x23, 0x22, 0x27, 0x16, 0x33, 0x32, 0x27,
	0x26, 0x27, 0x26, 0x23, 0x22, 0x07, 0x36, 0x33, 0x32, 0x02, 0xDF, 0x0F,
	0x20, 0x01, 0x08, 0x1F, 0x03, 0x09, 0x10, 0x06, 0x07, 0x04, 0x19, 0x15,
	0x0F, 0x05, 0x05, 0x10, 0x0A, 0x08, 0x08, 0x10, 0x23, 0x01, 0x12, 0x5D,
	0x25, 0x14, 0x04, 0x12, 0x04, 0x07, 0x08, 0x0A, 0x13, 0x08, 0x0C, 0x01,
	0x07, 0x0C, 0x01, 0x14, 0x08, 0x09, 0x08, 0x1F, 0x09, 0x0A, 0x0A, 0x07,
	0x0C, 0x07, 0x1D, 0xCB, 0x17, 0x06, 0x0A, 0x12, 0x0B, 0x0D, 0x03, 0x03,
	0x05, 0x1E, 0x18, 0x05, 0x15, 0x02, 0x23, 0x01, 0x03, 0x01, 0x3D, 0x07,
	0x1E, 0x08, 0x12, 0x0B, 0x0B, 0x17, 0x0B, 0x18, 0x04, 0x13, 0x04, 0x17,
	0x0B, 0x02, 0x03, 0x1F, 0x18, 0x2E, 0x05, 0x1C, 0x08, 0x08, 0x07, 0x18,
	0xFE, 0x93, 0x06, 0x11, 0x14, 0x07, 0x20, 0x04, 0x14, 0x01, 0x0F, 0x09,
	0x0F, 0x08, 0x20, 0x02, 0x07, 0x10, 0x16, 0x16, 0x04, 0x01, 0x4E, 0x09,
	0x0A, 0x0D, 0x0B, 0x08, 0x07, 0x12, 0x06, 0x17, 0x04, 0x09, 0x06, 0x07,
	0x0B, 0x12, 0x04, 0x08, 0x07, 0x0D, 0x08, 0x0C, 0x20, 0x10, 0x0B, 0x07,
	0x09, 0x04, 0x05, 0xFE, 0x80, 0x09, 0x22, 0x08, 0x0A, 0x07, 0x08, 0x08,
	0x06, 0x11, 0x01, 0x09, 0x0B, 0x05, 0x08, 0x05, 0x18, 0x02, 0x07, 0x16,
	0x09, 0x09, 0x35, 0x08, 0x24, 0x0B, 0x0B, 0x0A, 0x06, 0x01, 0x03, 0x1A,
	0x12, 0x04, 0x02, 0x17, 0x01, 0x01, 0x01, 0x0A, 0x0A, 0x0E, 0x14, 0x03,
	0x02, 0x01, 0x12, 0x0F, 0x12, 0x08, 0x01, 0x75, 0x20, 0x45, 0x6F, 0x42,
	0x70, 0x18, 0x0C, 0x35, 0x42, 0x61, 0x2C, 0x27, 0x23, 0x43, 0x60, 0x0B,
	0x0A, 0x0D, 0x15, 0x03, 0x02, 0x02, 0x08, 0x1C, 0x14, 0x0C, 0x16, 0x07,
	0x14, 0x11, 0x0B, 0x0B, 0x0A, 0x06, 0x1D, 0x11, 0x05, 0x03, 0x16, 0x02,
	0x02, 0x87, 0x11, 0x03, 0x18, 0x03, 0x06, 0x22, 0x01, 0x1A, 0x13, 0x26,
	0x06, 0x0D, 0x02, 0x09, 0x05, 0x14, 0x09, 0xFE, 0xBC, 0x03, 0x0B, 0x08,
	0x0D, 0x08, 0x0B, 0x02, 0x3E, 0x01, 0x13, 0x0A, 0x07, 0x08, 0x01, 0x12,
	0x0B, 0x09, 0x06, 0x07, 0x09, 0x09, 0x04, 0x06, 0x17, 0x05, 0x0C, 0x08,
	0x19, 0xED, 0x07, 0x0B, 0x04, 0x09, 0x03, 0x19, 0x06, 0x0C, 0x17, 0x01,
	0x05, 0x04, 0x0E, 0x18, 0x0D, 0x07, 0x05, 0x01, 0x0F, 0x02, 0x07, 0x27,
	0x1E, 0xFE, 0xF5, 0x02, 0x03, 0x03, 0x20, 0x1A, 0x0A, 0x22, 0x05, 0x0F,
	0x0D, 0x08, 0x08, 0x07, 0x04, 0x2C, 0x08, 0x1E, 0x08, 0x11, 0x0B, 0x0C,
	0x17, 0x22, 0x0A, 0x09, 0x08, 0x11, 0xB9, 0x16, 0x03, 0x12, 0x0E, 0x02,
	0x29, 0x16, 0x05, 0x1B, 0x01, 0x06, 0x0B, 0x07, 0x05, 0x1F, 0x17, 0x92,
	0x14, 0x06, 0x07, 0x08, 0x06, 0x14, 0x04, 0x0D, 0x16, 0x07, 0x0C, 0x06,
	0x1D, 0x07, 0x19, 0x07, 0x11, 0x05, 0x05, 0x18, 0x04, 0x01, 0x37, 0x03,
	0x08, 0x44, 0x01, 0x1B, 0x14, 0x03, 0x1D, 0x14, 0x12, 0x24, 0x0D, 0x1E,
	0x02, 0x0E, 0x1B, 0x04, 0x28, 0x03, 0x04, 0x1A, 0x16, 0x01, 0xB0, 0x4C,
	0x73, 0x02, 0x11, 0x06, 0x1D, 0x0C, 0x07, 0x14, 0x04, 0x04, 0x03, 0x0F,
	0x01, 0x0C, 0x05, 0x05, 0x0E, 0x15, 0x10, 0x06, 0x0A, 0x08, 0x08, 0x0A,
	0x0F, 0x04, 0x05, 0x0A, 0x0D, 0x10, 0x03, 0x02, 0x04, 0x07, 0x0F, 0x05,
	0x04, 0x1A, 0x0B, 0x06, 0x07, 0x3B, 0x06, 0x07, 0x03, 0x0B, 0x17, 0x0A,
	0x17, 0x05, 0x04, 0x04, 0x0B, 0x04, 0x06, 0x10, 0x04, 0x03, 0x0A, 0x08,
	0x0D, 0x01, 0x20, 0x04, 0xD2, 0x09, 0xB0, 0x18, 0x15, 0x10, 0x05, 0x0B,
	0x06, 0x06, 0x09, 0x0B, 0x07, 0x80, 0x05, 0x02, 0x06, 0x18, 0x02, 0x11,
	0x03, 0x02, 0x03, 0x06, 0x0B, 0x07, 0x0E, 0x05, 0x02, 0x0B, 0x0F, 0x86,
	0x01, 0x8B, 0x0D, 0x07, 0x08, 0x07, 0x1A, 0x06, 0x08, 0x20, 0x08, 0x0B,
	0x09, 0x15, 0x03, 0x03, 0x07, 0x0E, 0x09, 0x0E, 0x07, 0x1F, 0x07, 0x0D,
	0x09, 0x08, 0x0E, 0x08, 0x20, 0x06, 0x03, 0x10, 0x07, 0x15, 0x03, 0x02,
	0x18, 0x05, 0x1D, 0x10, 0x05, 0x06, 0x05, 0x11, 0x06, 0x07, 0x05, 0x16,
	0x06, 0x03, 0xFE, 0xD5, 0x02, 0x17, 0x02, 0x03, 0x09, 0x06, 0x03, 0x16,
	0x3F, 0x15, 0x0C, 0x15, 0x0F, 0x06, 0x11, 0x02, 0x02, 0x0B, 0x0B, 0x0C,
	0x01, 0x07, 0x0A, 0x09, 0x0B, 0x08, 0x04, 0x04, 0x07, 0x06, 0x03, 0x10,
	0x0D, 0x0E, 0x0D, 0x02, 0x05, 0x05, 0x05, 0x0C, 0x05, 0x04, 0x17, 0x06,
	0x17, 0x01, 0x14, 0x03, 0x13, 0x13, 0x1C, 0x07, 0x0A, 0x01, 0x1B, 0x06,
	0x05, 0x07, 0x0C, 0x08, 0x03, 0x4C, 0x04, 0x08, 0x05, 0x06, 0x04, 0x07,
	0x0C, 0x04, 0x27, 0x09, 0x1A, 0x06, 0x17, 0x07, 0x0C, 0x06, 0x14, 0x03,
	0x06, 0x0E, 0x0B, 0x0A, 0x0C, 0xFE, 0x35, 0x0B, 0x43, 0x13, 0x03, 0x15,
	0x0B, 0x01, 0x08, 0x0F, 0x08, 0x01, 0x02, 0x02, 0x05, 0x0A, 0x06, 0x08,
	0x12, 0x02, 0x0D, 0x03, 0x01, 0x14, 0x08, 0x10, 0x02, 0x02, 0x21, 0x09,
	0x09, 0x07, 0x05, 0x10, 0x01, 0x76, 0x05, 0x1A, 0x02, 0x06, 0x10, 0x19,
	0x01, 0x03, 0x0A, 0x13, 0x07, 0x03, 0x06, 0x04, 0x0E, 0x03, 0x03, 0x33,
	0x02, 0x01, 0x04, 0x03, 0x18, 0x12, 0x04, 0x08, 0x09, 0x08, 0x0C, 0x0F,
	0x04, 0x22, 0x07, 0x1E, 0x0C, 0x01, 0x04, 0x14, 0x0F, 0x41, 0x1E, 0x2C,
	0x5D, 0x0F, 0x10, 0x83, 0x3C, 0x11, 0x21, 0x40, 0x68, 0x15, 0x15, 0x41,
	0x62, 0xFE, 0xA3, 0x08, 0x15, 0x01, 0x13, 0x20, 0x04, 0x04, 0x1F, 0x02,
	0x02, 0x14, 0x04, 0x03, 0x04, 0x2B, 0x02, 0x1E, 0x0A, 0x05, 0x04, 0x10,
	0x04, 0x03, 0x32, 0x04, 0x03, 0x19, 0x13, 0x04, 0x08, 0x09, 0x09, 0x0C,
	0x10, 0x01, 0x0A, 0x04, 0x09, 0x0D, 0x05, 0x02, 0x16, 0x01, 0x17, 0x0A,
	0x0C, 0x01, 0x0F, 0x02, 0x04, 0x05, 0x02, 0x0E, 0x0A, 0x05, 0x11, 0x01,
	0x0F, 0x08, 0x0B, 0x03, 0x15, 0x0B, 0x02, 0x07, 0x02, 0x0D, 0x0A, 0xFE,
	0xAE, 0x1A, 0x06, 0x0A, 0x04, 0x16, 0x06, 0x11, 0x03, 0x16, 0x0B, 0x05,
	0x06, 0x06, 0x05, 0x0A, 0x0D, 0x05, 0x1E, 0x0A, 0x03, 0x08, 0x09, 0x13,
	0x16, 0x0A, 0x0C, 0x0B, 0x0A, 0x0B, 0x06, 0x03, 0x36, 0x01, 0x3C, 0x03,
	0x17, 0x03, 0x06, 0x07, 0x03, 0x09, 0x04, 0x0F, 0x09, 0x11, 0x01, 0x09,
	0x0C, 0x01, 0x0E, 0x01, 0x04, 0x0A, 0x0A, 0x0D, 0x02, 0x0E, 0x01, 0x09,
	0x07, 0x08, 0x0C, 0x07, 0x05, 0x0C, 0x0A, 0x0D, 0x0F, 0x0C, 0x01, 0x08,
	0x56, 0x01, 0x03, 0x02, 0x04, 0x04, 0x09, 0x98, 0x02, 0x1A, 0x02, 0x08,
	0x0C, 0x06, 0x21, 0x09, 0x1A, 0x09, 0x10, 0x08, 0x20, 0x08, 0x0E, 0x09,
	0x16, 0x02, 0x04, 0x13, 0x08, 0x07, 0x08, 0x08, 0x1C, 0x07, 0x09, 0x09,
	0x05, 0x07, 0x05, 0x18, 0x09, 0x0E, 0x0F, 0x02, 0x0B, 0x11, 0x08, 0x24,
	0x09, 0x0C, 0x09, 0x01, 0x09, 0x06, 0x04, 0x02, 0x02, 0x94, 0x02, 0x7A,
	0x04, 0x0C, 0x04, 0x03, 0x03, 0x03, 0x04, 0x04, 0x86, 0x01, 0x0A, 0x05,
	0x07, 0x01, 0x05, 0x02, 0x03, 0x0D, 0x08, 0x0C, 0x04, 0x03, 0x03, 0x03,
	0x0C, 0x0F, 0x02, 0x04, 0x02, 0x06, 0x05, 0x01, 0x13, 0x05, 0x02, 0x01,
	0x66, 0x07, 0x04, 0xD7, 0x08, 0x0D, 0x03, 0x0E, 0x0A, 0x05, 0x10, 0x07,
	0x11, 0x01, 0x09, 0x06, 0x08, 0x07, 0x05, 0x08, 0x02, 0x07, 0x0C, 0x05,
	0x04, 0x08, 0x09, 0x0D, 0x04, 0x04, 0x12, 0x53, 0x09, 0x1C, 0x04, 0x08,
	0x05, 0x0E, 0x0B, 0x03, 0x05, 0x10, 0x05, 0x0F, 0x04, 0x5F, 0x08, 0x10,
	0x08, 0x04, 0x04, 0x04, 0x04, 0x09, 0x16, 0x65, 0x1D, 0x06, 0x12, 0x06,
	0x02, 0x2C, 0x03, 0x02, 0x06, 0x07, 0x03, 0x24, 0x11, 0x05, 0x06, 0x07,
	0x15, 0x02, 0x05, 0x2B, 0x07, 0xBA, 0x09, 0x01, 0xA8, 0x07, 0x0D, 0x01,
	0x08, 0x0B, 0x04, 0x03, 0x07, 0x0F, 0x0D, 0x1A, 0x19, 0x15, 0x08, 0x12,
	0x09, 0x1A, 0x27, 0x0E, 0x19, 0x05, 0x04, 0x02, 0x04, 0x0A, 0x06, 0x03,
	0x03, 0x02, 0x0D, 0x02, 0x06, 0x06, 0x1D, 0x04, 0x26, 0x12, 0x02, 0x07,
	0x07, 0x02, 0x17, 0x4A, 0x0C, 0x1F, 0x0E, 0x06, 0x0C, 0x07, 0x04, 0x10,
	0x02, 0x06, 0x03, 0x02, 0x05, 0x08, 0x03, 0x03, 0x05, 0x06, 0x03, 0x06,
	0x10, 0x0D, 0x1A, 0x07, 0x02, 0x02, 0xA5, 0x04, 0x19, 0x22, 0x26, 0x11,
	0x0E, 0x0E, 0x0C, 0x1E, 0x23, 0x0A, 0x0C, 0x38, 0x0F, 0x10, 0x0F, 0x26,
	0x1D, 0x1C, 0x4A, 0x02, 0x03, 0x04, 0x02, 0x03, 0x03, 0x4D, 0x17, 0x1C,
	0x16, 0x10, 0x11, 0x1D, 0x09, 0x20, 0x53, 0x06, 0x07, 0x02, 0x05, 0x0B,
	0x02, 0x05, 0x04, 0x02, 0x07, 0x02, 0x4A, 0x22, 0x22, 0x21, 0x22, 0x21,
	0x22, 0x23, 0x20, 0x04, 0x07, 0x0A, 0x0A, 0x08, 0x35, 0x26, 0x17, 0x11,
	0x02, 0xA4, 0x0A, 0x18, 0x10, 0x04, 0x05, 0x03, 0x05, 0x10, 0x22, 0x05,
	0x08, 0x1F, 0x09, 0x12, 0x10, 0x0B, 0x0B, 0x0B, 0x01, 0x13, 0x0F, 0x0F,
	0x02, 0x06, 0x12, 0x05, 0x89, 0x05, 0x1A, 0x09, 0x11, 0x0F, 0x01, 0x0B,
	0x11, 0x13, 0x26, 0x13, 0x08, 0x1A, 0x0B, 0x0C, 0x0C, 0xCC, 0x21, 0x1E,
	0x05, 0x0D, 0x1E, 0x16, 0x13, 0x0D, 0x04, 0x09, 0x06, 0x0F, 0x08, 0x0A,
	0x0D, 0x07, 0x06, 0x19, 0x12, 0x07, 0x0B, 0xFE, 0xC0, 0x01, 0x07, 0x10,
	0x07, 0x0E, 0x15, 0x02, 0x14, 0x05, 0x08, 0x06, 0x1C, 0x06, 0x1F, 0x03,
	0x14, 0x11, 0x02, 0x18, 0x07, 0x0A, 0xB8, 0x01, 0x02, 0x03, 0x20, 0x18,
	0x07, 0x1D, 0x08, 0x09, 0x08, 0x13, 0x09, 0x09, 0x0B, 0x21, 0x08, 0x08,
	0x1E, 0x08, 0x12, 0x0A, 0x25, 0x08, 0x15, 0x05, 0x17, 0x06, 0x13, 0xFE,
	0x99, 0x07, 0x07, 0x08, 0x05, 0x1A, 0x02, 0x08, 0x09, 0x03, 0x02, 0x04,
	0x05, 0x1E, 0x18, 0x06, 0x11, 0x06, 0x01, 0x01, 0x13, 0x0D, 0x02, 0x01,
	0x30, 0x13, 0x0D, 0x03, 0x06, 0x03, 0x0F, 0x03, 0x0A, 0x13, 0x05, 0x16,
	0x05, 0x0A, 0x05, 0x10, 0x20, 0x26, 0x01, 0x13, 0x08, 0x17, 0x01, 0x1B,
	0x1E, 0x21, 0x03, 0x2A, 0x0F, 0x0C, 0x12, 0x04, 0x0D, 0x09, 0x11, 0x18,
	0x04, 0x18, 0x15, 0x15, 0x11, 0x10, 0x12, 0x03, 0x03, 0x1B, 0x12, 0x03,
	0x18, 0x0B, 0x88, 0x24, 0x3E, 0x28, 0x57, 0x42, 0x3C, 0x1C, 0x20, 0x4B,
	0x34, 0x41, 0x0F, 0x0E, 0x3B, 0xFE, 0x6F, 0x11, 0x10, 0x12, 0x03, 0x05,
	0x13, 0x10, 0x06, 0x04, 0x1C, 0x03, 0x08, 0x03, 0x16, 0x13, 0x0E, 0x20,
	0x01, 0x0F, 0x09, 0x10, 0x12, 0x06, 0x04, 0x18, 0x2A, 0x2E, 0x25, 0x18,
	0x0A, 0x13, 0x13, 0x14, 0x15, 0x08, 0x0C, 0x07, 0x11, 0x06, 0x0F, 0x05,
	0x16, 0x06, 0x18, 0x05, 0x0B, 0x01, 0x91, 0x04, 0x1E, 0x17, 0x06, 0x15,
	0x06, 0x1A, 0x04, 0x13, 0x10, 0x11, 0x01, 0x10, 0x09, 0x04, 0x01, 0x13,
	0x08, 0x01, 0x05, 0x0B, 0x05, 0xFE, 0xAB, 0x07, 0x0B, 0x10, 0x20, 0x06,
	0x1B, 0x09, 0x07, 0x07, 0x0F, 0x1D, 0x05, 0x12, 0x0E, 0x09, 0x11, 0x0B,
	0x23, 0x15, 0x0D, 0x09, 0x08, 0x07, 0x08, 0x19, 0x04, 0x03, 0x02, 0x02,
	0x15, 0x06, 0x01, 0x03, 0x07, 0x12, 0x15, 0x08, 0x1E, 0x06, 0x11, 0x02,
	0x0D, 0x02, 0x0E, 0x0B, 0x08, 0x21, 0x07, 0x10, 0x07, 0x11, 0x18, 0x05,
	0x06, 0xF9, 0x0D, 0x23, 0x05, 0x08, 0x07, 0x09, 0x05, 0x05, 0x1A, 0x24,
	0x07, 0x09, 0x09, 0x11, 0x05, 0x16, 0x06, 0x0C, 0x07, 0x21, 0x04, 0x07,
	0x06, 0x0F, 0x08, 0x70, 0x14, 0x07, 0x02, 0x14, 0x02, 0x01, 0x07, 0x0D,
	0x0D, 0x03, 0x02, 0x05, 0x11, 0x02, 0x07, 0x15, 0x15, 0x13, 0x12, 0x80,
	0x06, 0x2C, 0x02, 0x06, 0x04, 0x12, 0x05, 0x0A, 0x0B, 0x19, 0x0F, 0x05,
	0x07, 0x02, 0x0B, 0x08, 0x07, 0x0E, 0x21, 0x0E, 0x07, 0x08, 0x07, 0x12,
	0x0F, 0x0B, 0x0A, 0x01, 0x37, 0x6D, 0xEF, 0x13, 0x07, 0x03, 0x05, 0x21,
	0x14, 0x03, 0x04, 0x13, 0x03, 0x0F, 0x0A, 0x0E, 0x02, 0x32, 0x03, 0x0F,
	0x0F, 0x13, 0x02, 0x09, 0x08, 0x08, 0x0B, 0x0F, 0x04, 0x0A, 0x14, 0x05,
	0x02, 0x1A, 0x18, 0x03, 0x02, 0x04, 0x1E, 0x7C, 0x01, 0x0C, 0x02, 0x03,
	0x04, 0x0C, 0x10, 0x03, 0x0C, 0x02, 0x12, 0x14, 0x01, 0x0C, 0x12, 0x01,
	0x06, 0x08, 0x9B, 0x01, 0x0B, 0x11, 0x11, 0x0B, 0x8F, 0x15, 0x06, 0x0F,
	0x05, 0x08, 0x05, 0x09, 0x07, 0x9A, 0x16, 0x08, 0x0C, 0x14, 0x04, 0x12,
	0x05, 0x11, 0x03, 0x0B, 0x06, 0x05, 0x01, 0x05, 0x1F, 0x08, 0x16, 0x04,
	0x04, 0x07, 0x06, 0x08, 0x42, 0xFE, 0xB2, 0x02, 0x0B, 0x16, 0x02, 0x01,
	0x13, 0x0D, 0x0D, 0x05, 0x07, 0x07, 0x05, 0x03, 0x06, 0x10, 0x0C, 0x0E,
	0x10, 0x0F, 0x01, 0x02, 0x10, 0x01, 0x13, 0x05, 0x12, 0x05, 0x05, 0x04,
	0x10, 0x0C, 0x17, 0x06, 0x0D, 0x09, 0x11, 0xE5, 0x09, 0x08, 0x09, 0x07,
	0x08, 0x04, 0x05, 0x04, 0x07, 0x0E, 0x1A, 0x14, 0x20, 0x1D, 0x08, 0x12,
	0x06, 0x05, 0x05, 0x17, 0x09, 0x09, 0x08, 0x08, 0x08, 0x0C, 0x0F, 0x06,
	0x10, 0x1F, 0x08, 0x09, 0x0C, 0x0D, 0x02, 0x02, 0x12, 0x08, 0x09, 0x0D,
	0x07, 0x1F, 0x08, 0x0D, 0x08, 0x0F, 0x0B, 0x10, 0x0C, 0x0D, 0x0B, 0x0D,
	0x17, 0x04, 0xFE, 0xD1, 0x0D, 0x02, 0x02, 0x02, 0x07, 0x11, 0x02, 0x03,
	0x18, 0x31, 0x04, 0x09, 0x02, 0x04, 0x1B, 0x03, 0x11, 0x01, 0x12, 0x04,
	0x0C, 0x06, 0x0A, 0x12, 0x01, 0x02, 0x01, 0x01, 0x97, 0x0A, 0x61, 0x0F,
	0x0E, 0x11, 0x08, 0x07, 0x15, 0x05, 0x0A, 0x07, 0x09, 0x0B, 0x06, 0x07,
	0x23, 0x0A, 0x12, 0x05, 0x05, 0x0D, 0x0A, 0x03, 0x01, 0x23, 0x08, 0x12,
	0x08, 0x08, 0x41, 0x08, 0x09, 0x09, 0x04, 0x04, 0x05, 0x0D, 0xFE, 0x3E,
	0x0D, 0x02, 0x2E, 0x08, 0x07, 0x0C, 0x01, 0x06, 0x0D, 0x06, 0x07, 0x01,
	0x0A, 0x07, 0x0B, 0x08, 0x06, 0x0F, 0x17, 0x12, 0x07, 0x0D, 0x04, 0x0B,
	0x08, 0x0C, 0x06, 0x09, 0x0B, 0x0B, 0x0F, 0x03, 0x04, 0x1C, 0x07, 0x02,
	0x0F, 0x0D, 0x0D, 0x03, 0x06, 0x04, 0xFB, 0x38, 0x2B, 0x3E, 0x14, 0x02,
	0x6A, 0x1F, 0x28, 0x3B, 0x2A, 0x51, 0x03, 0x0A, 0x64, 0xE1, 0x0B, 0x12,
	0x05, 0x09, 0x27, 0x04, 0x08, 0x0A, 0x09, 0x01, 0x15, 0x11, 0x11, 0x18,
	0x1C, 0x02, 0x10, 0x0B, 0x08, 0x07, 0x0E, 0x18, 0x13, 0x14, 0x04, 0x0C,
	0x09, 0x0D, 0x07, 0x09, 0x0B, 0x0D, 0x11, 0xFE, 0x9A, 0x05, 0x06, 0x0B,
	0x0B, 0x06, 0x27, 0x0A, 0x18, 0x0A, 0x51, 0x03, 0x03, 0x05, 0x0D, 0x02,
	0x08, 0x19, 0x04, 0x0D, 0x0A, 0x0A, 0x04, 0x03, 0x04, 0x0B, 0x04, 0x07,
	0x04, 0x0D, 0x0E, 0x10, 0x07, 0x0B, 0x16, 0x03, 0x09, 0x06, 0x01, 0x8F,
	0x02, 0x0B, 0x06, 0x01, 0x1C, 0x02, 0x01, 0x08, 0x07, 0x02, 0x14, 0x0A,
	0x02, 0x05, 0x0B, 0x02, 0x03, 0x14, 0x03, 0x1A, 0x03, 0x03, 0x18, 0x17,
	0xFE, 0xC7, 0x16, 0x01, 0x03, 0x1A, 0x1C, 0x1B, 0x02, 0x03, 0x08, 0x0A,
	0x0D, 0x03, 0x06, 0x17, 0x03, 0x03, 0x02, 0x07, 0x08, 0x09, 0x08, 0x0C,
	0x10, 0x03, 0x23, 0x0F, 0x06, 0x08, 0x04, 0x13, 0x05, 0x01, 0x03, 0x13,
	0x01, 0x06, 0x03, 0x07, 0x0C, 0x07, 0x1B, 0x07, 0x0C, 0x08, 0x07, 0x0D,
	0x06, 0x21, 0x08, 0x06, 0x14, 0x08, 0x0E, 0x02, 0x07, 0x0D, 0x06, 0xDB,
	0x04, 0x03, 0x08, 0x05, 0x01, 0x11, 0x11, 0x02, 0x13, 0x14, 0x0C, 0x10,
	0x01, 0x13, 0x13, 0x12, 0x01, 0x10, 0x02, 0x07, 0x18, 0x0E, 0x0A, 0x13,
	0x03, 0x06, 0x0F, 0x03, 0x15, 0x0F, 0x0B, 0x01, 0x06, 0x05, 0x01, 0xE4,
	0x05, 0x06, 0x8D, 0x01, 0x0D, 0x03, 0x02, 0x87, 0x09, 0x09, 0x0A, 0x02,
	0x04, 0x01, 0x09, 0x10, 0x1F, 0x09, 0x14, 0x01, 0x1C, 0x07, 0x05, 0x07,
	0x0B, 0x01, 0x04, 0x04, 0x07, 0x07, 0x07, 0x03, 0x11, 0x0A, 0x06, 0x04,
	0x08, 0x0E, 0x03, 0x0C, 0x05, 0x17, 0x14, 0x82, 0x0B, 0x04, 0x01, 0x16,
	0x10, 0x14, 0x01, 0x01, 0x09, 0x12, 0x05, 0x0E, 0x08, 0x02, 0x06, 0x0B,
	0x01, 0x05, 0x03, 0x0B, 0x10, 0x01, 0x44, 0x16, 0x07, 0x04, 0x17, 0x11,
	0x01, 0x02, 0x10, 0x1E, 0x02, 0x05, 0x01, 0x52, 0x07, 0x10, 0x02, 0x03,
	0x18, 0x36, 0x1A, 0x1E, 0x04, 0x22, 0x11, 0x0D, 0x16, 0x0E, 0x02, 0x02,
	0x14, 0x0C, 0x05, 0x11, 0x11, 0x15, 0x03, 0x03, 0x14, 0x03, 0x9D, 0x02,
	0x08, 0xBB, 0x09, 0xCF, 0x02, 0x04, 0x06, 0x07, 0x03, 0x0C, 0x02, 0x04,
	0x0B, 0x10, 0x03, 0x0A, 0x15, 0x08, 0x0F, 0x01, 0x01, 0x15, 0x05, 0x0D,
	0x06, 0x22, 0x19, 0x0D, 0x04, 0x0A, 0x01, 0x05, 0x0B, 0x04, 0x04, 0x04,
	0x3F, 0x07, 0x07, 0x04, 0x01, 0x1B, 0x07, 0x1B, 0x17, 0x06, 0x09, 0x38,
	0x14, 0x26, 0x10, 0x03, 0x03, 0x01, 0x04, 0x08, 0x03, 0x05, 0x04, 0x09,
	0x01, 0x10, 0x04, 0x06, 0x02, 0x08, 0x0B, 0x02, 0x05, 0x0C, 0x02, 0x03,
	0x61, 0x07, 0x04, 0x10, 0x11, 0x05, 0x0B, 0x06, 0x06, 0x05, 0x01, 0x16,
	0x0A, 0x10, 0x0B, 0x0F, 0x32, 0x03, 0x03, 0x03, 0x2F, 0x0F, 0x0B, 0x0B,
	0x10, 0x28, 0x08, 0x08, 0x02, 0x01, 0x10, 0x03, 0x01, 0x02, 0x05, 0x03,
	0x3B, 0x05, 0x05, 0x07, 0x16, 0x02, 0x05, 0x02, 0x0F, 0x0D, 0x00, 0x6B,
	0xFF, 0xFF, 0x00, 0x00, 0x03, 0x22, 0x03, 0x21, 0x00, 0x00, 0x00, 0x03,
	0x00, 0x06, 0x00, 0x09, 0x00, 0x0A, 0x00, 0x0D, 0x00, 0x0F, 0x00, 0x14,
	0x00, 0x17, 0x00, 0x1E, 0x00, 0x21, 0x00, 0x23, 0x00, 0x2A, 0x00, 0x2D,
	0x00, 0x31, 0x00, 0x34, 0x02, 0x68, 0x02, 0x69, 0x02, 0x6D, 0x02, 0x72,
	0x02, 0x73, 0x02, 0x7B, 0x02, 0x7F, 0x02, 0x81, 0x02, 0x84, 0x02, 0x85,
	0x02, 0x94, 0x02, 0x97, 0x02, 0xAB, 0x02, 0xB5, 0x02, 0xBD, 0x02, 0xCC,
	0x02, 0xCF, 0x02, 0xD3, 0x02, 0xDA, 0x02, 0xDD, 0x02, 0xE2, 0x02, 0xE6,
	0x02, 0xFC, 0x03, 0x06, 0x03, 0x09, 0x03, 0x0C, 0x03, 0x0F, 0x03, 0x14,
	0x03, 0x16, 0x03, 0x19, 0x03, 0x1E, 0x03, 0x2C, 0x03, 0x33, 0x03, 0x47,
	0x03, 0x4C, 0x03, 0x4D, 0x03, 0x50, 0x03, 0x5A, 0x03, 0x5D, 0x03, 0x62,
	0x03, 0x66, 0x03, 0x70, 0x03, 0x72, 0x03, 0x73, 0x03, 0x75, 0x03, 0x7A,
	0x03, 0x7D, 0x03, 0x92, 0x03, 0x95, 0x04, 0x6C, 0x04, 0x74, 0x04, 0x87,
	0x04, 0x97, 0x04, 0x98, 0x04, 0x9D, 0x04, 0x9E, 0x04, 0xA3, 0x04, 0xA8,
	0x04, 0xAC, 0x04, 0xAF, 0x04, 0xB6, 0x04, 0xB9, 0x04, 0xC1, 0x04, 0xCB,
	0x04, 0xD2, 0x04, 0xDD, 0x04, 0xE3, 0x04, 0xED, 0x04, 0xF1, 0x04, 0xF7,
	0x05, 0x2E, 0x05, 0x31, 0x05, 0x34, 0x05, 0x3F, 0x05, 0x61, 0x05, 0x67,
	0x05, 0x6E, 0x05, 0x81, 0x05, 0x82, 0x05, 0x89, 0x05, 0x9A, 0x05, 0xA1,
	0x05, 0xBE, 0x05, 0xC7, 0x05, 0xCF, 0x05, 0xD3, 0x05, 0xD6, 0x05, 0xDB,
	0x05, 0xF4, 0x06, 0x0C, 0x06, 0x1F, 0x00, 0x00, 0x01, 0x2F, 0x01, 0x33,
	0x17, 0x23, 0x2F, 0x02, 0x33, 0x15, 0x17, 0x27, 0x33, 0x27, 0x07, 0x13,
	0x27, 0x36, 0x17, 0x37, 0x17, 0x23, 0x27, 0x01, 0x23, 0x16, 0x37, 0x36,
	0x33, 0x32, 0x07, 0x27, 0x33, 0x17, 0x27, 0x17, 0x14, 0x23, 0x22, 0x31,
	0x27, 0x36, 0x2F, 0x01, 0x33, 0x17, 0x06, 0x27, 0x36, 0x2F, 0x01, 0x33,
	0x01, 0x06, 0x15, 0x14, 0x17, 0x06, 0x07, 0x06, 0x17, 0x22, 0x07, 0x17,
	0x06, 0x1F, 0x01, 0x26, 0x07, 0x14, 0x16, 0x17, 0x06, 0x07, 0x17, 0x2E,
	0x01, 0x07, 0x0E, 0x01, 0x15, 0x14, 0x17, 0x26, 0x07, 0x15, 0x26, 0x07,
	0x15, 0x26, 0x23, 0x22, 0x23, 0x06, 0x15, 0x16, 0x31, 0x22, 0x26, 0x0F,
	0x01, 0x26, 0x07, 0x30, 0x07, 0x26, 0x23, 0x22, 0x07, 0x26, 0x27, 0x06,
	0x07, 0x26, 0x23, 0x22, 0x07, 0x26, 0x27, 0x26, 0x23, 0x07, 0x36, 0x2F,
	0x01, 0x07, 0x26, 0x07, 0x36, 0x2F, 0x01, 0x06, 0x07, 0x26, 0x27, 0x06,
	0x31, 0x27, 0x06, 0x27, 0x16, 0x37, 0x36, 0x27, 0x22, 0x23, 0x06, 0x27,
	0x23, 0x30, 0x33, 0x32, 0x37, 0x26, 0x07, 0x22, 0x27, 0x16, 0x37, 0x27,
	0x06, 0x26, 0x07, 0x32, 0x33, 0x16, 0x37, 0x35, 0x27, 0x36, 0x37, 0x36,
	0x37, 0x30, 0x27, 0x06, 0x26, 0x07, 0x30, 0x17, 0x32, 0x37, 0x26, 0x23,
	0x22, 0x23, 0x36, 0x37, 0x27, 0x30, 0x33, 0x16, 0x37, 0x26, 0x07, 0x22,
	0x27, 0x16, 0x37, 0x36, 0x27, 0x23, 0x30, 0x17, 0x32, 0x37, 0x36, 0x26,
	0x27, 0x23, 0x30, 0x17, 0x32, 0x37, 0x26, 0x07, 0x30, 0x17, 0x32, 0x37,
	0x26, 0x23, 0x06, 0x31, 0x36, 0x33, 0x32, 0x16, 0x33, 0x32, 0x37, 0x26,
	0x07, 0x22, 0x27, 0x36, 0x33, 0x32, 0x23, 0x26, 0x27, 0x26, 0x23, 0x07,
	0x30, 0x27, 0x36, 0x33, 0x16, 0x37, 0x26, 0x23, 0x22, 0x23, 0x36, 0x16,
	0x37, 0x26, 0x23, 0x06, 0x27, 0x36, 0x33, 0x32, 0x37, 0x30, 0x27, 0x36,
	0x37, 0x26, 0x23, 0x06, 0x31, 0x32, 0x33, 0x32, 0x37, 0x26, 0x07, 0x16,
	0x37, 0x36, 0x31, 0x27, 0x32, 0x33, 0x36, 0x37, 0x26, 0x33, 0x36, 0x37,
	0x36, 0x37, 0x26, 0x23, 0x22, 0x23, 0x37, 0x17, 0x16, 0x37, 0x2F, 0x01,
	0x16, 0x33, 0x32, 0x37, 0x26, 0x27, 0x36, 0x33, 0x17, 0x37, 0x26, 0x07,
	0x22, 0x27, 0x07, 0x27, 0x22, 0x33, 0x32, 0x37, 0x26, 0x27, 0x37, 0x2E,
	0x01, 0x27, 0x32, 0x37, 0x26, 0x27, 0x22, 0x23, 0x16, 0x37, 0x36, 0x26,
	0x31, 0x23, 0x37, 0x26, 0x35, 0x34, 0x37, 0x36, 0x33, 0x32, 0x1F, 0x01,
	0x06, 0x26, 0x07, 0x1E, 0x01, 0x17, 0x06, 0x26, 0x23, 0x22, 0x07, 0x32,
	0x17, 0x26, 0x07, 0x17, 0x16, 0x33, 0x32, 0x37, 0x27, 0x36, 0x16, 0x33,
	0x32, 0x37, 0x36, 0x17, 0x16, 0x33, 0x32, 0x37, 0x26, 0x23, 0x06, 0x23,
	0x27, 0x36, 0x17, 0x32, 0x37, 0x26, 0x23, 0x22, 0x06, 0x23, 0x22, 0x27,
	0x26, 0x31, 0x37, 0x36, 0x37, 0x17, 0x37, 0x16, 0x07, 0x27, 0x06, 0x22,
	0x15, 0x14, 0x17, 0x06, 0x33, 0x30, 0x17, 0x36, 0x27, 0x16, 0x37, 0x26,
	0x27, 0x16, 0x37, 0x17, 0x37, 0x16, 0x3F, 0x01, 0x17, 0x30, 0x37, 0x17,
	0x33, 0x07, 0x15, 0x17, 0x06, 0x26, 0x07, 0x16, 0x36, 0x17, 0x23, 0x07,
	0x32, 0x16, 0x33, 0x32, 0x37, 0x26, 0x06, 0x27, 0x30, 0x33, 0x32, 0x3F,
	0x01, 0x16, 0x33, 0x32, 0x27, 0x06, 0x07, 0x06, 0x15, 0x14, 0x1F, 0x01,
	0x06, 0x27, 0x26, 0x23, 0x22, 0x07, 0x17, 0x26, 0x07, 0x16, 0x37, 0x06,
	0x27, 0x22, 0x07, 0x17, 0x30, 0x33, 0x32, 0x17, 0x06, 0x27, 0x22, 0x07,
	0x16, 0x17, 0x22, 0x07, 0x16, 0x37, 0x32, 0x17, 0x30, 0x07, 0x16, 0x37,
	0x26, 0x07, 0x16, 0x37, 0x26, 0x07, 0x17, 0x36, 0x16, 0x37, 0x30, 0x23,
	0x26, 0x07, 0x1F, 0x01, 0x26, 0x07, 0x30, 0x17, 0x37, 0x17, 0x25, 0x06,
	0x17, 0x16, 0x33, 0x36, 0x17, 0x0D, 0x01, 0x36, 0x17, 0x16, 0x17, 0x05,
	0x32, 0x05, 0x06, 0x07, 0x16, 0x33, 0x32, 0x17, 0x06, 0x26, 0x07, 0x16,
	0x37, 0x30, 0x07, 0x16, 0x17, 0x36, 0x17, 0x26, 0x23, 0x22, 0x07, 0x06,
	0x17, 0x36, 0x17, 0x16, 0x33, 0x26, 0x07, 0x16, 0x36, 0x17, 0x22, 0x23,
	0x26, 0x07, 0x17, 0x22, 0x07, 0x15, 0x16, 0x33, 0x32, 0x37, 0x06, 0x17,
	0x16, 0x37, 0x06, 0x07, 0x16, 0x31, 0x07, 0x17, 0x07, 0x16, 0x17, 0x16,
	0x37, 0x06, 0x07, 0x30, 0x17, 0x14, 0x15, 0x16, 0x17, 0x33, 0x06, 0x17,
	0x25, 0x17, 0x22, 0x07, 0x27, 0x01, 0x26, 0x06, 0x27, 0x36, 0x09, 0x01,
	0x06, 0x27, 0x16, 0x37, 0x17, 0x36, 0x37, 0x07, 0x06, 0x27, 0x36, 0x2F,
	0x01, 0x17, 0x23, 0x27, 0x17, 0x01, 0x26, 0x07, 0x2E, 0x01, 0x27, 0x16,
	0x07, 0x1F, 0x01, 0x37, 0x16, 0x17, 0x26, 0x27, 0x07, 0x35, 0x23, 0x17,
	0x26, 0x23, 0x26, 0x37, 0x34, 0x15, 0x07, 0x27, 0x16, 0x17, 0x07, 0x16,
	0x36, 0x17, 0x1E, 0x01, 0x17, 0x37, 0x36, 0x27, 0x06, 0x26, 0x0F, 0x01,
	0x36, 0x17, 0x16, 0x33, 0x32, 0x37, 0x35, 0x30, 0x23, 0x22, 0x07, 0x36,
	0x17, 0x05, 0x26, 0x23, 0x22, 0x07, 0x25, 0x07, 0x16, 0x33, 0x32, 0x37,
	0x36, 0x17, 0x16, 0x37, 0x05, 0x27, 0x16, 0x17, 0x27, 0x07, 0x32, 0x27,
	0x07, 0x16, 0x37, 0x17, 0x34, 0x37, 0x17, 0x23, 0x15, 0x17, 0x27, 0x06,
	0x07, 0x16, 0x17, 0x26, 0x27, 0x16, 0x37, 0x27, 0x34, 0x36, 0x35, 0x07,
	0x06, 0x23, 0x22, 0x27, 0x14, 0x16, 0x15, 0x0E, 0x01, 0x07, 0x17, 0x16,
	0x17, 0x16, 0x17, 0x37, 0x27, 0x26, 0x07, 0x06, 0x23, 0x16, 0x33, 0x32,
	0x37, 0x36, 0x17, 0x27, 0x23, 0x37, 0x23, 0x1F, 0x01, 0x27, 0x07, 0x37,
	0x26, 0x07, 0x36, 0x16, 0x17, 0x27, 0x17, 0x2F, 0x01, 0x17, 0x26, 0x06,
	0x27, 0x16, 0x27, 0x06, 0x2B, 0x01, 0x06, 0x07, 0x26, 0x06, 0x27, 0x07,
	0x16, 0x07, 0x36, 0x16, 0x17, 0x27, 0x22, 0x27, 0x26, 0x23, 0x25, 0x37,
	0x06, 0x27, 0x34, 0x26, 0x27, 0x07, 0x06, 0x23, 0x26, 0x23, 0x17, 0x07,
	0x37, 0x16, 0x17, 0x2E, 0x01, 0x27, 0x36, 0x27, 0x26, 0x23, 0x22, 0x07,
	0x17, 0x2F, 0x01, 0x07, 0x05, 0x27, 0x06, 0x26, 0x07, 0x36, 0x17, 0x16,
	0x33, 0x32, 0x2F, 0x01, 0x07, 0x17, 0x23, 0x16, 0x17, 0x16, 0x37, 0x25,
	0x16, 0x1F, 0x01, 0x27, 0x06, 0x26, 0x07, 0x36, 0x17, 0x16, 0x33, 0x32,
	0x2F, 0x01, 0x17, 0x2F, 0x01, 0x05, 0x22, 0x27, 0x17, 0x32, 0x37, 0x23,
	0x07, 0x37, 0x26, 0x27, 0x26, 0x23, 0x22, 0x07, 0x06, 0x15, 0x14, 0x17,
	0x1E, 0x01, 0x17, 0x26, 0x35, 0x34, 0x37, 0x36, 0x37, 0x36, 0x13, 0x23,
	0x17, 0x05, 0x26, 0x31, 0x36, 0x27, 0x36, 0x35, 0x34, 0x26, 0x27, 0x26,
	0x35, 0x34, 0x37, 0x26, 0x37, 0x06, 0x27, 0x26, 0x37, 0x2E, 0x01, 0x23,
	0x22, 0x07, 0x26, 0x37, 0x23, 0x26, 0x37, 0x26, 0x07, 0x2E, 0x01, 0x37,
	0x06, 0x07, 0x26, 0x07, 0x06, 0x26, 0x07, 0x06, 0x27, 0x06, 0x23, 0x22,
	0x26, 0x23, 0x22, 0x07, 0x06, 0x27, 0x14, 0x07, 0x06, 0x27, 0x16, 0x07,
	0x06, 0x07, 0x06, 0x27, 0x07, 0x30, 0x17, 0x14, 0x06, 0x17, 0x06, 0x07,
	0x06, 0x31, 0x16, 0x15, 0x14, 0x06, 0x17, 0x0E, 0x01, 0x27, 0x15, 0x06,
	0x07, 0x06, 0x23, 0x14, 0x16, 0x15, 0x14, 0x07, 0x22, 0x15, 0x14, 0x16,
	0x15, 0x14, 0x07, 0x06, 0x27, 0x26, 0x07, 0x16, 0x37, 0x16, 0x07, 0x06,
	0x07, 0x17, 0x16, 0x07, 0x06, 0x31, 0x16, 0x15, 0x06, 0x15, 0x16, 0x17,
	0x16, 0x17, 0x16, 0x07, 0x36, 0x16, 0x37, 0x1E, 0x01, 0x15, 0x14, 0x07,
	0x36, 0x16, 0x07, 0x17, 0x37, 0x36, 0x16, 0x31, 0x16, 0x07, 0x37, 0x16,
	0x17, 0x36, 0x17, 0x16, 0x17, 0x36, 0x17, 0x16, 0x17, 0x26, 0x37, 0x16,
	0x33, 0x32, 0x36, 0x17, 0x16, 0x31, 0x36, 0x17, 0x34, 0x17, 0x16, 0x37,
	0x16, 0x17, 0x37, 0x36, 0x17, 0x26, 0x37, 0x36, 0x31, 0x36, 0x17, 0x36,
	0x35, 0x34, 0x27, 0x36, 0x33, 0x32, 0x31, 0x26, 0x36, 0x35, 0x36, 0x37,
	0x36, 0x35, 0x36, 0x17, 0x35, 0x36, 0x17, 0x35, 0x36, 0x37, 0x26, 0x27,
	0x36, 0x17, 0x26, 0x37, 0x27, 0x3E, 0x01, 0x37, 0x27, 0x26, 0x35, 0x34,
	0x25, 0x27, 0x07, 0x36, 0x17, 0x16, 0x33, 0x32, 0x27, 0x26, 0x35, 0x34,
	0x37, 0x06, 0x23, 0x22, 0x27, 0x16, 0x15, 0x14, 0x06, 0x15, 0x37, 0x16,
	0x17, 0x35, 0x36, 0x27, 0x06, 0x27, 0x26, 0x23, 0x22, 0x07, 0x16, 0x33,
	0x32, 0x37, 0x36, 0x17, 0x16, 0x33, 0x32, 0x17, 0x27, 0x35, 0x26, 0x07,
	0x15, 0x17, 0x27, 0x30, 0x27, 0x17, 0x32, 0x17, 0x27, 0x16, 0x17, 0x16,
	0x27, 0x30, 0x27, 0x16, 0x17, 0x27, 0x1F, 0x01, 0x26, 0x23, 0x22, 0x33,
	0x07, 0x36, 0x37, 0x27, 0x07, 0x17, 0x26, 0x07, 0x06, 0x27, 0x16, 0x33,
	0x32, 0x17, 0x26, 0x23, 0x22, 0x07, 0x06, 0x27, 0x16, 0x33, 0x32, 0x37,
	0x27, 0x25, 0x17, 0x32, 0x17, 0x16, 0x17, 0x26, 0x06, 0x27, 0x06, 0x23,
	0x22, 0x27, 0x16, 0x33, 0x36, 0x17, 0x27, 0x07, 0x16, 0x33, 0x32, 0x37,
	0x26, 0x07, 0x22, 0x27, 0x07, 0x23, 0x16, 0x17, 0x16, 0x17, 0x30, 0x27,
	0x07, 0x17, 0x26, 0x23, 0x22, 0x07, 0x17, 0x37, 0x27, 0x35, 0x26, 0x06,
	0x23, 0x22, 0x27, 0x37, 0x27, 0x37, 0x07, 0x33, 0x16, 0x07, 0x27, 0x16,
	0x15, 0x14, 0x07, 0x27, 0x07, 0x16, 0x33, 0x32, 0x37, 0x14, 0x16, 0x07,
	0x17, 0x0E, 0x01, 0x27, 0x26, 0x07, 0x32, 0x37, 0x16, 0x17, 0x16, 0x17,
	0x16, 0x17, 0x37, 0x34, 0x33, 0x32, 0x37, 0x26, 0x27, 0x37, 0x16, 0x33,
	0x32, 0x36, 0x17, 0x35, 0x23, 0x17, 0x35, 0x23, 0x37, 0x07, 0x32, 0x23,
	0x22, 0x27, 0x15, 0x17, 0x36, 0x17, 0x32, 0x17, 0x26, 0x23, 0x22, 0x06,
	0x23, 0x22, 0x27, 0x36, 0x33, 0x32, 0x31, 0x26, 0x23, 0x22, 0x07, 0x26,
	0x37, 0x34, 0x31, 0x06, 0x27, 0x16, 0x15, 0x14, 0x07, 0x37, 0x36, 0x17,
	0x37, 0x32, 0x17, 0x06, 0x23, 0x17, 0x27, 0x23, 0x16, 0x33, 0x36, 0x27,
	0x06, 0x27, 0x16, 0x33, 0x32, 0x36, 0x27, 0x06, 0x27, 0x17, 0x0E, 0x01,
	0x07, 0x16, 0x17, 0x06, 0x15, 0x36, 0x17, 0x16, 0x17, 0x27, 0x26, 0x35,
	0x34, 0x17, 0x37, 0x26, 0x07, 0x06, 0x23, 0x36, 0x1F, 0x01, 0x06, 0x27,
	0x06, 0x23, 0x22, 0x27, 0x07, 0x06, 0x26, 0x23, 0x22, 0x0F, 0x01, 0x16,
	0x37, 0x36, 0x17, 0x35, 0x26, 0x07, 0x06, 0x07, 0x16, 0x37, 0x35, 0x30,
	0x27, 0x22, 0x07, 0x26, 0x35, 0x34, 0x36, 0x35, 0x07, 0x06, 0x27, 0x15,
	0x16, 0x07, 0x16, 0x17, 0x26, 0x37, 0x36, 0x17, 0x27, 0x36, 0x17, 0x16,
	0x33, 0x32, 0x17, 0x35, 0x23, 0x15, 0x36, 0x17, 0x16, 0x33, 0x32, 0x27,
	0x26, 0x23, 0x22, 0x07, 0x16, 0x33, 0x32, 0x17, 0x26, 0x07, 0x16, 0x17,
	0x27, 0x07, 0x27, 0x26, 0x27, 0x15, 0x16, 0x27, 0x22, 0x27, 0x26, 0x27,
	0x06, 0x27, 0x17, 0x30, 0x07, 0x36, 0x17, 0x07, 0x36, 0x17, 0x16, 0x33,
	0x32, 0x37, 0x27, 0x36, 0x31, 0x16, 0x15, 0x26, 0x25, 0x06, 0x07, 0x06,
	0x07, 0x06, 0x23, 0x22, 0x27, 0x26, 0x27, 0x26, 0x35, 0x34, 0x37, 0x36,
	0x33, 0x32, 0x17, 0x16, 0x17, 0x16, 0x15, 0x14, 0x07, 0x36, 0x35, 0x34,
	0x27, 0x26, 0x27, 0x26, 0x07, 0x0E, 0x01, 0x15, 0x14, 0x17, 0x16, 0x17,
	0x36, 0x37, 0x36, 0x02, 0x93, 0x12, 0x08, 0x08, 0x0A, 0x0A, 0x03, 0x10,
	0x0B, 0x08, 0x13, 0x0B, 0x0B, 0x29, 0x38, 0xDA, 0x08, 0x02, 0x03, 0x03,
	0x0E, 0x06, 0x08, 0xFE, 0xF3, 0x59, 0x0D, 0x14, 0x1A, 0x07, 0x0C, 0x56,
	0x0D, 0x0D, 0x08, 0x0B, 0x18, 0x05, 0x08, 0x03, 0x07, 0x17, 0x0B, 0x09,
	0x0D, 0x04, 0x07, 0x03, 0x0E, 0x30, 0x30, 0x01, 0xAF, 0x0C, 0x07, 0x05,
	0x09, 0x01, 0x07, 0x01, 0x0A, 0x0D, 0x0C, 0x04, 0x0B, 0x0F, 0x09, 0x0B,
	0x05, 0x07, 0x0C, 0x03, 0x02, 0x0A, 0x04, 0x02, 0x22, 0x06, 0x06, 0x0D,
	0x06, 0x0A, 0x02, 0x06, 0x06, 0x05, 0x06, 0x01, 0x02, 0x0A, 0x04, 0x08,
	0x05, 0x09, 0x0B, 0x04, 0x06, 0x08, 0x06, 0x04, 0x09, 0x05, 0x09, 0x07,
	0x07, 0x09, 0x04, 0x02, 0x06, 0x04, 0x0C, 0x05, 0x03, 0x01, 0x08, 0x0D,
	0x0E, 0x10, 0x08, 0x08, 0x05, 0x04, 0x0A, 0x01, 0x09, 0x0E, 0x05, 0x6F,
	0xD2, 0x11, 0x20, 0x01, 0x04, 0x02, 0x08, 0x07, 0x02, 0x1B, 0x17, 0x0E,
	0x06, 0x0C, 0x19, 0x1C, 0x0A, 0x15, 0x26, 0x0A, 0x0D, 0x2F, 0x0D, 0x01,
	0x2B, 0x1A, 0x0D, 0x36, 0x04, 0x26, 0x0B, 0x07, 0x06, 0x10, 0x3B, 0x10,
	0x34, 0x20, 0x12, 0x0D, 0x17, 0x13, 0x14, 0x33, 0x63, 0xA6, 0x53, 0x32,
	0x1F, 0x22, 0x3B, 0x42, 0x1B, 0x0B, 0x13, 0x03, 0x0B, 0x11, 0x0F, 0x09,
	0x03, 0x02, 0x10, 0x02, 0x15, 0x10, 0x09, 0x04, 0x05, 0x1B, 0x1B, 0x11,
	0x07, 0x0A, 0x12, 0x1F, 0x15, 0x1D, 0x0C, 0x33, 0x0C, 0x1D, 0x15, 0x1A,
	0x2F, 0x34, 0x14, 0x17, 0x28, 0x40, 0x01, 0x16, 0x24, 0x3B, 0x01, 0x03,
	0x0E, 0x13, 0x2E, 0x2A, 0x17, 0x16, 0x24, 0x3B, 0x02, 0x17, 0x5A, 0x16,
	0x19, 0x2D, 0x32, 0x14, 0x13, 0x30, 0x2B, 0x18, 0x9C, 0x0E, 0x13, 0x05,
	0x0C, 0x12, 0x07, 0x07, 0x09, 0x04, 0x0D, 0x11, 0x08, 0x09, 0x0F, 0x1B,
	0x09, 0x09, 0x0A, 0x02, 0x24, 0x01, 0x0E, 0x07, 0x0B, 0x06, 0x05, 0x0A,
	0x11, 0x01, 0x19, 0xFD, 0x05, 0x08, 0xF2, 0x31, 0x39, 0x3F, 0x3F, 0x3C,
	0x45, 0x85, 0x01, 0x07, 0x03, 0x33, 0x09, 0x15, 0x19, 0x07, 0x03, 0x05,
	0x01, 0x14, 0x0E, 0x04, 0x0D, 0x13, 0x13, 0x03, 0x17, 0x04, 0x01, 0x0D,
	0x04, 0x0C, 0x0B, 0x0B, 0x09, 0x0F, 0x02, 0x0A, 0x0B, 0x0B, 0x16, 0x39,
	0x30, 0x63, 0x38, 0x35, 0x2E, 0x06, 0x1A, 0x06, 0x07, 0x26, 0x06, 0x05,
	0x0D, 0x02, 0x04, 0x03, 0x01, 0x22, 0x07, 0x0C, 0x06, 0x21, 0x23, 0x24,
	0x21, 0x74, 0x04, 0x0B, 0x01, 0x03, 0x03, 0x0F, 0x16, 0x1D, 0x07, 0x0F,
	0x0B, 0x0E, 0x1B, 0x2C, 0x01, 0x05, 0x0C, 0x1E, 0x1B, 0x0E, 0x02, 0x06,
	0x02, 0x0D, 0x03, 0x03, 0x03, 0x3E, 0x59, 0x01, 0x02, 0x10, 0x08, 0x07,
	0x02, 0x05, 0x04, 0x13, 0x04, 0x06, 0x11, 0x0A, 0x08, 0x02, 0x09, 0x04,
	0x06, 0x07, 0x04, 0x07, 0x02, 0x03, 0x03, 0x02, 0x03, 0x03, 0x0D, 0x03,
	0x1B, 0x33, 0x3E, 0x0C, 0x38, 0x0D, 0x0F, 0x3B, 0x0F, 0x51, 0x05, 0x0F,
	0x40, 0x11, 0x1C, 0x15, 0x05, 0x1C, 0x05, 0x17, 0x0E, 0x06, 0x03, 0x07,
	0x17, 0x2A, 0x02, 0x02, 0x0D, 0x0A, 0x06, 0x06, 0x06, 0x0A, 0x0D, 0x03,
	0x07, 0x04, 0x25, 0x46, 0x8F, 0x68, 0x6D, 0x1E, 0x4E, 0x44, 0x27, 0x0B,
	0x6A, 0x40, 0x28, 0x1F, 0x50, 0x46, 0x28, 0x49, 0x91, 0x03, 0x4B, 0x12,
	0x25, 0x2E, 0x0C, 0x77, 0x39, 0x3B, 0x30, 0x2E, 0x1B, 0x33, 0x30, 0x2C,
	0x09, 0x12, 0x42, 0x12, 0x3F, 0x26, 0x17, 0x08, 0x6F, 0x2A, 0x50, 0x06,
	0x02, 0x64, 0xFF, 0x00, 0x03, 0x01, 0x2A, 0x4C, 0x55, 0x21, 0xFE, 0x75,
	0x01, 0x10, 0x16, 0x22, 0x1C, 0x1D, 0xFE, 0xC7, 0x06, 0x01, 0x3D, 0x24,
	0x47, 0x15, 0x25, 0x29, 0x11, 0x0F, 0x42, 0x10, 0x3B, 0x3E, 0x64, 0x01,
	0x05, 0x30, 0x33, 0x0B, 0x0C, 0x0B, 0x34, 0x01, 0x04, 0x0E, 0x17, 0x21,
	0x05, 0x14, 0x25, 0x04, 0x23, 0x05, 0x01, 0x14, 0x0A, 0x04, 0x30, 0x01,
	0x2D, 0x07, 0x09, 0x0A, 0x07, 0x07, 0x04, 0x04, 0x09, 0x03, 0x05, 0x0B,
	0x05, 0x02, 0x02, 0x04, 0x04, 0x05, 0x03, 0x01, 0x02, 0x0B, 0x01, 0x07,
	0x08, 0x0E, 0x0B, 0xFC, 0xF1, 0x16, 0x04, 0x04, 0x03, 0x01, 0x81, 0x04,
	0x12, 0x03, 0x09, 0xFE, 0x74, 0x01, 0x7E, 0x53, 0xA5, 0x4D, 0x96, 0x05,
	0x05, 0x0B, 0x0D, 0x58, 0xAD, 0xAE, 0xFA, 0x18, 0x2E, 0x0B, 0x13, 0x39,
	0x02, 0x9E, 0x0B, 0x1E, 0x06, 0x08, 0x04, 0x02, 0x20, 0x1B, 0x05, 0x0E,
	0x0A, 0x13, 0x01, 0x09, 0x6F, 0x08, 0x3E, 0x07, 0x01, 0x0C, 0x01, 0x1B,
	0x1B, 0x05, 0x09, 0x10, 0x05, 0x10, 0x06, 0x06, 0x09, 0x04, 0x05, 0x08,
	0x13, 0x14, 0x4E, 0x14, 0x06, 0x13, 0x1D, 0x24, 0x0A, 0x11, 0x20, 0xB7,
	0x6F, 0x45, 0x02, 0x03, 0x01, 0x84, 0x28, 0x29, 0x2A, 0x27, 0xFE, 0xF6,
	0x06, 0x0E, 0x11, 0x11, 0x0E, 0x03, 0x03, 0x03, 0x02, 0x01, 0x02, 0x3D,
	0x13, 0x38, 0x36, 0x03, 0x15, 0x83, 0xCD, 0x3F, 0x7B, 0x05, 0x03, 0x49,
	0x2E, 0x97, 0x05, 0x20, 0x3F, 0x24, 0x32, 0x1D, 0x3B, 0x1D, 0x05, 0x22,
	0x08, 0x03, 0x0C, 0x0E, 0x0E, 0x1B, 0x08, 0x05, 0x1A, 0x04, 0x25, 0x0E,
	0x09, 0x06, 0x06, 0x0E, 0x41, 0x16, 0x23, 0x34, 0x06, 0x0D, 0x10, 0x09,
	0x22, 0x1A, 0x09, 0x03, 0x63, 0x63, 0xD2, 0x03, 0xB4, 0x12, 0x13, 0x33,
	0x49, 0x0D, 0x0F, 0x38, 0x25, 0x57, 0x74, 0x02, 0x77, 0x87, 0x16, 0x59,
	0x15, 0x7F, 0x2C, 0x19, 0x21, 0x53, 0x21, 0x19, 0x04, 0x12, 0x05, 0x03,
	0x04, 0x01, 0x25, 0x98, 0xF4, 0x02, 0x23, 0x41, 0x47, 0x1F, 0xFE, 0xE8,
	0xCC, 0x0B, 0x15, 0x0C, 0x01, 0x06, 0x03, 0x09, 0x0E, 0x01, 0x19, 0x03,
	0x10, 0x08, 0x10, 0x04, 0x04, 0x03, 0x0A, 0x2C, 0x19, 0x1B, 0x1A, 0x19,
	0xA4, 0x3D, 0x6C, 0x05, 0x01, 0x02, 0x03, 0x13, 0x4D, 0x13, 0x11, 0x1B,
	0x22, 0x09, 0x11, 0xA6, 0x54, 0x03, 0xF5, 0x60, 0x19, 0x1A, 0x1E, 0x15,
	0xFE, 0xF0, 0x0D, 0x16, 0xE5, 0x03, 0x0C, 0x2E, 0x0C, 0x0B, 0x11, 0x14,
	0x06, 0x0A, 0x8E, 0x66, 0x86, 0x0D, 0x7C, 0x01, 0x33, 0x68, 0xD0, 0x02,
	0x03, 0x79, 0x7C, 0x05, 0xD2, 0x05, 0x06, 0x4E, 0x42, 0x4C, 0x2C, 0x41,
	0x0B, 0x0E, 0x4F, 0x2F, 0x20, 0x10, 0x17, 0x3B, 0x38, 0x61, 0x46, 0x3B,
	0x01, 0xA9, 0x05, 0x0A, 0x13, 0x02, 0x11, 0x01, 0x0D, 0x03, 0x0E, 0x03,
	0x13, 0x08, 0x08, 0x08, 0x04, 0x08, 0x03, 0x03, 0x04, 0x0D, 0x03, 0x0B,
	0x09, 0x01, 0x05, 0x09, 0x01, 0x25, 0x01, 0x01, 0x10, 0x06, 0x0A, 0x04,
	0x19, 0x03, 0x07, 0x11, 0x04, 0x06, 0x04, 0x0D, 0x02, 0x06, 0x03, 0x0F,
	0x09, 0x08, 0x0A, 0x09, 0x01, 0x04, 0x07, 0x01, 0x04, 0x07, 0x02, 0x02,
	0x16, 0x01, 0x02, 0x07, 0x0A, 0x06, 0x17, 0x04, 0x04, 0x07, 0x06, 0x04,
	0x02, 0x05, 0x07, 0x05, 0x05, 0x08, 0x04, 0x02, 0x0D, 0x1F, 0x26, 0x09,
	0x3F, 0x12, 0x0D, 0x03, 0x02, 0x0E, 0x10, 0x02, 0x03, 0x04, 0x06, 0x01,
	0x05, 0x09, 0x02, 0x02, 0x01, 0x05, 0x0E, 0x09, 0x0C, 0x01, 0x0A, 0x03,
	0x03, 0x0D, 0x03, 0x03, 0x03, 0x04, 0x09, 0x01, 0x04, 0x08, 0x05, 0x06,
	0x05, 0x09, 0x01, 0x07, 0x0B, 0x05, 0x04, 0x07, 0x01, 0x03, 0x05, 0x05,
	0x02, 0x12, 0x05, 0x09, 0x11, 0x04, 0x0D, 0x11, 0x02, 0x08, 0x0B, 0x05,
	0x07, 0x0A, 0x02, 0x04, 0x06, 0x06, 0x0A, 0x14, 0x01, 0x03, 0x09, 0x0F,
	0x03, 0x13, 0x0A, 0x04, 0x07, 0x06, 0x0A, 0x0F, 0x07, 0x04, 0x0A, 0x0A,
	0x01, 0x08, 0x0A, 0x08, 0x08, 0x07, 0x01, 0x04, 0x0B, 0x03, 0x03, 0xFE,
	0x62, 0x41, 0x03, 0x0B, 0x0F, 0x14, 0x05, 0x09, 0x29, 0x14, 0x01, 0x04,
	0x0E, 0x05, 0x04, 0x03, 0x08, 0x10, 0x05, 0x06, 0x04, 0x1A, 0x14, 0x1F,
	0x27, 0x0B, 0x13, 0x11, 0x0C, 0x0F, 0x0F, 0x0C, 0x0D, 0x13, 0x19, 0x06,
	0x0B, 0x2A, 0x1B, 0x31, 0x5B, 0x9F, 0x06, 0x96, 0x02, 0x03, 0xD7, 0xBC,
	0x2F, 0x2F, 0x3A, 0x3D, 0x79, 0x26, 0x51, 0x71, 0x05, 0x84, 0x16, 0x24,
	0x3E, 0x02, 0x06, 0x2A, 0x32, 0x59, 0x08, 0x97, 0x0E, 0x19, 0x1C, 0x0C,
	0x13, 0x15, 0x16, 0x11, 0x0A, 0x0E, 0x08, 0x19, 0x14, 0x0A, 0x15, 0x16,
	0x17, 0x2A, 0x03, 0xFE, 0xF1, 0x02, 0x02, 0x86, 0x52, 0x28, 0x09, 0x2F,
	0x0B, 0x26, 0x28, 0x28, 0x26, 0x28, 0x48, 0x50, 0x15, 0x39, 0x02, 0x0D,
	0x10, 0x10, 0x13, 0x12, 0x2D, 0x29, 0x16, 0x03, 0x69, 0x11, 0x22, 0x5F,
	0x48, 0x43, 0x03, 0x51, 0x16, 0x1B, 0x1C, 0x14, 0x5E, 0x06, 0x5C, 0x03,
	0x09, 0x03, 0x02, 0x02, 0x03, 0x03, 0x03, 0x13, 0x0E, 0x06, 0x09, 0x23,
	0x03, 0x03, 0x06, 0x43, 0x12, 0x14, 0x14, 0x11, 0x0A, 0x01, 0x05, 0x05,
	0x0C, 0x05, 0x01, 0x04, 0x02, 0x03, 0x01, 0x12, 0x0B, 0x04, 0x06, 0x04,
	0x02, 0x0F, 0x14, 0x03, 0x0B, 0x10, 0x08, 0x0D, 0x13, 0x0A, 0x28, 0x14,
	0x36, 0x39, 0x41, 0x36, 0x2E, 0x01, 0x5D, 0x3C, 0x24, 0x8C, 0x0A, 0x27,
	0x1F, 0x34, 0x0A, 0x0E, 0x05, 0x14, 0x05, 0x12, 0x0C, 0x0D, 0x16, 0x26,
	0x13, 0x15, 0x16, 0x13, 0x06, 0x01, 0x07, 0x19, 0x02, 0x05, 0x03, 0x0C,
	0x0C, 0x08, 0x03, 0x05, 0x04, 0x01, 0x71, 0x06, 0x69, 0x14, 0x22, 0x39,
	0x41, 0x45, 0x8D, 0x1E, 0x28, 0x18, 0x5E, 0xC4, 0x22, 0x09, 0x03, 0x02,
	0x13, 0x01, 0x09, 0x0F, 0x02, 0x05, 0x09, 0x07, 0x08, 0x02, 0x03, 0x9C,
	0x4E, 0x2B, 0x42, 0x6B, 0x02, 0x44, 0x86, 0x16, 0x0C, 0x15, 0x04, 0x07,
	0x06, 0x04, 0x06, 0x03, 0x0B, 0x02, 0x03, 0x02, 0x8A, 0x2C, 0x42, 0x36,
	0x7F, 0x2D, 0x44, 0x38, 0x39, 0x4B, 0x8A, 0x65, 0x3D, 0x25, 0x0E, 0x0B,
	0x0E, 0x11, 0x07, 0x02, 0x0D, 0x19, 0x02, 0x01, 0x04, 0x03, 0x18, 0x03,
	0x1B, 0x2D, 0x38, 0x11, 0x1C, 0x33, 0xF5, 0x23, 0x38, 0x46, 0x13, 0x24,
	0x98, 0x0A, 0x0C, 0x0B, 0x04, 0x0A, 0x08, 0x09, 0x05, 0x0D, 0x19, 0x0E,
	0x30, 0x3E, 0x05, 0x0E, 0x04, 0x09, 0x05, 0x3B, 0x08, 0x04, 0x04, 0x03,
	0x0B, 0x0A, 0x08, 0x06, 0x06, 0x08, 0x03, 0x03, 0x05, 0x05, 0x01, 0x03,
	0x02, 0x10, 0x10, 0x03, 0x08, 0x02, 0xA9, 0x0C, 0x20, 0x02, 0x0B, 0x32,
	0x59, 0x17, 0x18, 0x68, 0x2C, 0x13, 0x24, 0x3E, 0x67, 0x17, 0x18, 0x60,
	0x24, 0x20, 0x18, 0x11, 0x1E, 0x1B, 0x36, 0x32, 0x3D, 0x49, 0x68, 0x2B,
	0x2F, 0x6A, 0x3E, 0x32, 0x37, 0x02, 0xF7, 0x0E, 0x02, 0x10, 0x03, 0x0B,
	0x02, 0x10, 0x0D, 0x02, 0x31, 0x03, 0xFE, 0xE3, 0x02, 0x01, 0x03, 0x02,
	0x15, 0x03, 0x01, 0x2D, 0x02, 0x02, 0x03, 0x06, 0x03, 0x10, 0x02, 0x12,
	0x03, 0x03, 0x07, 0x09, 0x02, 0x15, 0x01, 0x04, 0x05, 0x18, 0x03, 0xFD,
	0xF3, 0x07, 0x0C, 0x07, 0x06, 0x01, 0x07, 0x09, 0x05, 0x08, 0x0D, 0x04,
	0x0A, 0x0A, 0x02, 0x0B, 0x05, 0x0B, 0x05, 0x01, 0x0A, 0x13, 0x01, 0x06,
	0x01, 0x0B, 0x09, 0x06, 0x04, 0x08, 0x01, 0x06, 0x09, 0x01, 0x06, 0x0D,
	0x05, 0x03, 0x09, 0x0F, 0x07, 0x01, 0x09, 0x07, 0x01, 0x18, 0x06, 0x09,
	0x0D, 0x03, 0x03, 0x05, 0x06, 0x0B, 0x04, 0x06, 0x03, 0x05, 0x03, 0x02,
	0x08, 0x0D, 0x14, 0x0F, 0x09, 0x07, 0x06, 0x02, 0x0C, 0x07, 0x0C, 0x05,
	0x0A, 0x06, 0x0C, 0x01, 0x04, 0x06, 0x02, 0x01, 0x03, 0x06, 0x06, 0x01,
	0x03, 0x02, 0x04, 0x08, 0x01, 0x06, 0x02, 0x01, 0x09, 0x03, 0x03, 0x01,
	0x01, 0x01, 0x02, 0x08, 0x02, 0x06, 0x01, 0x01, 0x06, 0x08, 0x02, 0x09,
	0x08, 0x01, 0x06, 0x07, 0x01, 0x03, 0x02, 0x04, 0x0B, 0x03, 0x01, 0x06,
	0x07, 0x02, 0x02, 0x01, 0x06, 0x0C, 0x01, 0x01, 0x09, 0x06, 0x01, 0x06,
	0x03, 0x06, 0x06, 0x01, 0x03, 0x05, 0x08, 0x02, 0x03, 0x02, 0x02, 0x03,
	0x01, 0x06, 0x06, 0x03, 0x01, 0x03, 0x06, 0x01, 0x03, 0x03, 0x05, 0x03,
	0x01, 0x0A, 0x06, 0x01, 0x06, 0x0A, 0x02, 0x02, 0x05, 0x07, 0x06, 0x01,
	0x07, 0x05, 0x01, 0x01, 0x01, 0x05, 0x06, 0x03, 0x06, 0x01, 0x04, 0x0A,
	0x06, 0x03, 0x03, 0x02, 0x0B, 0x03, 0x03, 0x06, 0x09, 0x01, 0x03, 0x03,
	0x05, 0x06, 0x03, 0x05, 0x05, 0x08, 0x01, 0x04, 0x06, 0x09, 0x02, 0x01,
	0x06, 0x04, 0x0A, 0x05, 0x26, 0x30, 0x54, 0x48, 0x3D, 0x15, 0x02, 0x03,
	0x01, 0x03, 0x05, 0x04, 0x08, 0x01, 0x04, 0x03, 0x0A, 0x01, 0x04, 0x06,
	0x03, 0x03, 0x09, 0x02, 0x05, 0x05, 0x02, 0x02, 0x03, 0x03, 0x09, 0x01,
	0x06, 0x03, 0x01, 0x06, 0x05, 0x04, 0x02, 0x05, 0x02, 0x06, 0x0B, 0x0B,
	0x0D, 0x03, 0x0D, 0x08, 0x05, 0x04, 0x03, 0x06, 0x13, 0x08, 0x02, 0x0E,
	0x01, 0x06, 0x02, 0x09, 0x03, 0x03, 0x03, 0x03, 0x04, 0x01, 0x03, 0x03,
	0x03, 0x03, 0x05, 0x06, 0x05, 0x03, 0x01, 0x06, 0x03, 0x01, 0x03, 0x06,
	0x05, 0x05, 0x06, 0x01, 0x03, 0x06, 0x15, 0x16, 0x01, 0x05, 0x10, 0x0C,
	0x09, 0x07, 0x08, 0x05, 0x04, 0x04, 0x05, 0x08, 0x08, 0x01, 0x04, 0x0A,
	0x02, 0x03, 0x01, 0x06, 0x05, 0x06, 0x03, 0x01, 0x06, 0x01, 0x09, 0x06,
	0x0C, 0x01, 0x02, 0x06, 0x0A, 0x02, 0x02, 0x0A, 0x09, 0x01, 0x02, 0x0A,
	0x05, 0x01, 0x06, 0x02, 0x01, 0x06, 0x06, 0x05, 0x01, 0x04, 0x08, 0x03,
	0x08, 0x02, 0x03, 0x02, 0x06, 0x01, 0x03, 0x05, 0x09, 0x05, 0x03, 0x02,
	0x02, 0x06, 0x0A, 0x02, 0x09, 0x06, 0x02, 0x05, 0x07, 0x08, 0x0A, 0x02,
	0x05, 0x04, 0x04, 0x06, 0x06, 0x03, 0x0B, 0x02, 0x04, 0x04, 0x02, 0x02,
	0x02, 0x04, 0x09, 0x01, 0x03, 0x01, 0x09, 0x03, 0x05, 0x06, 0x03, 0x03,
	0x0E, 0x04, 0x07, 0x01, 0x04, 0x09, 0x08, 0x06, 0x03, 0x02, 0x02, 0x03,
	0x02, 0x04, 0x05, 0x0B, 0x03, 0x07, 0x08, 0x08, 0x04, 0x0D, 0x08, 0xB7,
	0x10, 0x03, 0x03, 0xFE, 0x6C, 0x04, 0x06, 0x05, 0x01, 0x01, 0x80, 0xFE,
	0x7C, 0x01, 0x04, 0x02, 0x04, 0x05, 0x01, 0x02, 0x13, 0x01, 0x03, 0x07,
	0x7D, 0x03, 0x4E, 0x03, 0x3C, 0x02, 0xDA, 0x02, 0x0A, 0x02, 0x0F, 0x07,
	0x23, 0x08, 0x0B, 0x18, 0x0E, 0x04, 0x05, 0x0A, 0x11, 0x6B, 0x02, 0x1D,
	0x05, 0x02, 0x0A, 0x15, 0x01, 0x15, 0x08, 0x08, 0x10, 0x13, 0x02, 0x06,
	0x01, 0x04, 0x14, 0x03, 0x20, 0x04, 0x2F, 0x02, 0x06, 0x01, 0x03, 0x02,
	0x02, 0x03, 0x61, 0x06, 0x06, 0x01, 0x03, 0x09, 0x04, 0x04, 0x03, 0x05,
	0x03, 0x03, 0x01, 0x02, 0x03, 0x04, 0x5E, 0x02, 0x03, 0x12, 0x05, 0x03,
	0x64, 0x05, 0x01, 0x03, 0x05, 0x02, 0x03, 0x10, 0x02, 0x5F, 0x06, 0x01,
	0x02, 0x01, 0x12, 0x01, 0x02, 0x0A, 0x25, 0x23, 0x06, 0x1C, 0x09, 0x03,
	0x0D, 0x13, 0x06, 0x16, 0x07, 0x08, 0x0E, 0x05, 0x06, 0x02, 0x0F, 0x0D,
	0x0D, 0x23, 0x36, 0x04, 0x02, 0x02, 0x03, 0x03, 0x02, 0x12, 0x03, 0x25,
	0x05, 0x3B, 0x02, 0x02, 0x0A, 0x05, 0x02, 0x02, 0x06, 0x1A, 0x03, 0x13,
	0x03, 0x03, 0x13, 0x03, 0x01, 0x03, 0x05, 0x63, 0x02, 0x01, 0x02, 0x05,
	0x07, 0x05, 0x03, 0x03, 0x02, 0x06, 0x02, 0x73, 0x03, 0x04, 0x04, 0x03,
	0x38, 0x01, 0x04, 0x06, 0x10, 0x02, 0x18, 0x06, 0x01, 0x13, 0x1E, 0x10,
	0x05, 0x08, 0x04, 0x13, 0x04, 0x07, 0x2C, 0x03, 0x03, 0x8C, 0x7C, 0x03,
	0x03, 0x9A, 0x03, 0x04, 0x06, 0x05, 0x02, 0x02, 0x02, 0x8E, 0x03, 0x03,
	0x99, 0x02, 0x02, 0x03, 0x52, 0x03, 0x01, 0x02, 0x5B, 0x03, 0x05, 0x06,
	0x04, 0x02, 0x02, 0x03, 0x9F, 0x03, 0x61, 0x4E, 0x03, 0x64, 0x05, 0x08,
	0x59, 0x03, 0xA7, 0x05, 0x0B, 0x24, 0x31, 0x3A, 0x60, 0x26, 0x25, 0x2C,
	0x3D, 0x05, 0x35, 0x44, 0x2D, 0x24, 0x3D, 0x25, 0x23, 0xFE, 0xCE, 0x05,
	0x9F, 0x08, 0x0E, 0x08, 0x04, 0x04, 0x06, 0x0D, 0x05, 0x12, 0x0A, 0x05,
	0x05, 0x0E, 0x07, 0x08, 0x0B, 0x0B, 0x0A, 0x01, 0x0B, 0x03, 0x04, 0x09,
	0x06, 0x0F, 0x01, 0x03, 0x0B, 0x09, 0x0F, 0x01, 0x0A, 0x0F, 0x01, 0x0A,
	0x06, 0x05, 0x01, 0x0A, 0x09, 0x06, 0x08, 0x02, 0x0A, 0x0A, 0x06, 0x08,
	0x08, 0x05, 0x04, 0x07, 0x01, 0x01, 0x04, 0x03, 0x0A, 0x08, 0x07, 0x07,
	0x05, 0x01, 0x02, 0x06, 0x04, 0x05, 0x0E, 0x08, 0x02, 0x0D, 0x01, 0x05,
	0x0B, 0x03, 0x08, 0x03, 0x0B, 0x03, 0x04, 0x03, 0x04, 0x01, 0x0A, 0x02,
	0x03, 0x02, 0x0C, 0x01, 0x01, 0x03, 0x06, 0x0B, 0x0C, 0x09, 0x0A, 0x04,
	0x0D, 0x05, 0x05, 0x09, 0x09, 0x0D, 0x14, 0x01, 0x01, 0x07, 0x06, 0x05,
	0x06, 0x05, 0x02, 0x24, 0x02, 0x02, 0x0B, 0x03, 0x03, 0x03, 0x02, 0x10,
	0x02, 0x02, 0x02, 0x02, 0x0A, 0x04, 0x06, 0x02, 0x04, 0x09, 0x06, 0x01,
	0x05, 0x08, 0x06, 0x01, 0x05, 0x0B, 0x02, 0x03, 0x08, 0x0A, 0x02, 0x0B,
	0x04, 0x0E, 0x0C, 0x02, 0x02, 0x02, 0x01, 0x09, 0x05, 0x01, 0x06, 0x05,
	0x06, 0x0A, 0x01, 0x03, 0x04, 0x0A, 0x03, 0x04, 0x06, 0x07, 0x0C, 0x05,
	0x01, 0x09, 0x10, 0x01, 0x03, 0x03, 0x02, 0x0D, 0x02, 0x0D, 0x05, 0x06,
	0x08, 0x0B, 0x0A, 0x02, 0x10, 0x03, 0x08, 0x0C, 0x19, 0x04, 0x02, 0x05,
	0x06, 0x0D, 0x97, 0x03, 0x03, 0x02, 0x02, 0x03, 0x21, 0x05, 0x12, 0x03,
	0x03, 0x0D, 0x03, 0x04, 0x03, 0x04, 0x0D, 0x03, 0x02, 0x05, 0x0D, 0x0A,
	0x07, 0x55, 0x02, 0x02, 0x03, 0x03, 0x03, 0x03, 0x01, 0x02, 0x02, 0x84,
	0x74, 0x03, 0x01, 0x04, 0x03, 0x7E, 0x63, 0x03, 0x05, 0x46, 0x02, 0x02,
	0x02, 0x03, 0x40, 0x03, 0x0A, 0x09, 0x03, 0x06, 0x1B, 0x06, 0x03, 0x01,
	0x0C, 0x06, 0x06, 0x71, 0x03, 0x02, 0x02, 0x01, 0x03, 0x18, 0x03, 0x02,
	0x02, 0x01, 0x03, 0x47, 0x02, 0x06, 0x06, 0x04, 0x03, 0x0E, 0x03, 0x01,
	0x06, 0x03, 0x03, 0x06, 0x01, 0x4F, 0x03, 0x03, 0x03, 0x44, 0x03, 0x01,
	0x06, 0x05, 0x01, 0x02, 0x06, 0x48, 0x03, 0x03, 0x10, 0x06, 0x06, 0x03,
	0x4C, 0x02, 0x05, 0x01, 0x0B, 0x03, 0x02, 0x03, 0x02, 0x02, 0x09, 0x07,
	0x1B, 0x02, 0x05, 0x05, 0x02, 0x05, 0x02, 0x03, 0x03, 0x05, 0x14, 0x05,
	0x05, 0x04, 0x0A, 0x03, 0x01, 0x04, 0x03, 0x01, 0x02, 0x01, 0x0C, 0x10,
	0x03, 0x10, 0x0E, 0x02, 0x07, 0x12, 0x15, 0x08, 0x06, 0x97, 0x02, 0x12,
	0x05, 0x51, 0x06, 0x06, 0x06, 0x05, 0x03, 0x01, 0x68, 0x04, 0x02, 0x09,
	0x05, 0x03, 0x03, 0x06, 0x09, 0x11, 0x11, 0x06, 0x09, 0x0B, 0x0E, 0x06,
	0x03, 0x03, 0x0E, 0x13, 0x03, 0x03, 0x12, 0x05, 0x06, 0x01, 0x6E, 0x02,
	0x02, 0x05, 0x05, 0x8F, 0x0B, 0x18, 0x13, 0x06, 0x02, 0x05, 0x02, 0x09,
	0x01, 0x07, 0x07, 0x01, 0x02, 0x02, 0x03, 0x04, 0x04, 0x0B, 0xB2, 0x21,
	0x04, 0x03, 0x04, 0x01, 0x04, 0x08, 0x01, 0x04, 0x01, 0x01, 0x05, 0x01,
	0x08, 0x05, 0x02, 0x05, 0x03, 0x02, 0x6C, 0x05, 0x05, 0x03, 0x02, 0x02,
	0x01, 0x0E, 0x05, 0x01, 0x06, 0x05, 0x09, 0x05, 0x16, 0x05, 0x0B, 0x0A,
	0x10, 0x06, 0x14, 0x07, 0x10, 0x10, 0x04, 0x07, 0x0B, 0x01, 0x03, 0x02,
	0x02, 0x03, 0x1A, 0x05, 0x05, 0x01, 0x02, 0x02, 0x4E, 0x01, 0x01, 0x03,
	0x0B, 0x01, 0x03, 0x01, 0x0D, 0x03, 0x05, 0x20, 0x01, 0x01, 0x05, 0x01,
	0x52, 0x08, 0x0C, 0x01, 0x16, 0x01, 0x08, 0x18, 0x01, 0x04, 0x03, 0x02,
	0x02, 0x02, 0x05, 0x05, 0x06, 0x04, 0x02, 0x0C, 0x05, 0x1C, 0x30, 0x06,
	0x07, 0x3D, 0x04, 0x12, 0x62, 0x2A, 0x31, 0x44, 0x30, 0x56, 0x05, 0x24,
	0x3A, 0x2B, 0x49, 0x16, 0x33, 0x20, 0x2B, 0x3D, 0x2D, 0x32, 0x1A, 0x19,
	0x02, 0x02, 0x74, 0x49, 0x47, 0x3D, 0x43, 0x0B, 0x04, 0x1D, 0x21, 0x00,
	0x00, 0x06, 0x00, 0x00, 0x00, 0x00, 0x03, 0xA2, 0x03, 0x20, 0x00, 0xF4,
	0x01, 0xA7, 0x01, 0xB3, 0x01, 0xBD, 0x01, 0xC7, 0x01, 0xD2, 0x02, 0x80,
	0x40, 0x79, 0x01, 0xFF, 0xF2, 0xEB, 0xE8, 0xE3, 0xDF, 0xDB, 0xD8, 0xD2,
	0xCF, 0xC6, 0xC1, 0xB7, 0xB5, 0xAF, 0xAB, 0xA8, 0xA6, 0xA1, 0x9E, 0x97,
	0x94, 0x8D, 0x8A, 0x7F, 0x7E, 0x6A, 0x66, 0x54, 0x4D, 0x4B, 0x47, 0x43,
	0x34, 0x2D, 0x29, 0x1D, 0x16, 0x14, 0x10, 0x0F, 0x00, 0xFD, 0xF5, 0xEC,
	0xEB, 0xE6, 0xE4, 0xDD, 0xDB, 0xD4, 0xD2, 0xC8, 0xC6, 0xC1, 0xB0, 0xAB,
	0xA9, 0xA6, 0xA3, 0x9D, 0x9A, 0x94, 0x93, 0x91, 0x8D, 0x84, 0x81, 0x7C,
	0x78, 0x6F, 0x6C, 0x60, 0x4F, 0x41, 0x3E, 0x34, 0x29, 0x25, 0x1C, 0x1A,
	0x13, 0x11, 0x0E, 0x0A, 0x08, 0x06, 0x00, 0x30, 0x10, 0xCA, 0x63, 0x10,
	0x56, 0x88, 0xCA, 0x03, 0x56, 0xB3, 0x03, 0xBE, 0x86, 0x52, 0xBE, 0x02,
	0x58, 0x56, 0x20, 0x20, 0x76, 0x5C, 0x3C, 0x73, 0xBC, 0x01, 0x60, 0x00,
	0x01, 0x8D, 0x46, 0x76, 0x2F, 0x37, 0x18, 0x00, 0x3F, 0x3F, 0x2F, 0xB9,
	0x01, 0x95, 0x00, 0x05, 0xFD, 0x2F, 0x3C, 0x3C, 0xB9, 0x01, 0x9D, 0x00,
	0x05, 0xFD, 0x2F, 0xB9, 0x01, 0xA6, 0x00, 0x05, 0xFD, 0x10, 0xB9, 0x01,
	0xA3, 0x00, 0x05, 0xFD, 0x01, 0x2F, 0x3C, 0xFD, 0x3C, 0x2F, 0xB9, 0x01,
	0x8F, 0x00, 0x02, 0xFD, 0x10, 0xFD, 0x10, 0xFD, 0x2F, 0xB9, 0x01, 0x8A,
	0x00, 0x03, 0xFD, 0x10, 0xFD, 0x10, 0xFD, 0x2E, 0x2E, 0x2E, 0x2E, 0x2E,
	0x2E, 0x2E, 0x2E, 0x2E, 0x2E, 0x2E, 0x2E, 0x2E, 0x2E, 0x2E, 0x2E, 0x2E,
	0x2E, 0x2E, 0x2E, 0x2E, 0x2E, 0x2E, 0x2E, 0x2E, 0x2E, 0x2E, 0x2E, 0x2E,
	0x2E, 0x2E, 0x2E, 0x2E, 0x2E, 0x2E, 0x2E, 0x2E, 0x2E, 0x2E, 0x2E, 0x2E,
	0x2E, 0x2E, 0x2E, 0x2E, 0x2E, 0xB8, 0x01, 0x03, 0x2E, 0xB8, 0x01, 0x0C,
	0x2E, 0xB8, 0x01, 0x0E, 0x2E, 0xB8, 0x01, 0x16, 0x2E, 0xB8, 0x01, 0x18,
	0x2E, 0xB8, 0x01, 0x21, 0x2E, 0xB8, 0x01, 0x24, 0x2E, 0xB8, 0x01, 0x2B,
	0x2E, 0xB8, 0x01, 0x2E, 0x2E, 0xB8, 0x01, 0x51, 0x2E, 0xB8, 0x01, 0x54,
	0x2E, 0xB8, 0x01, 0x58, 0x2E, 0xB8, 0x01, 0x5B, 0x2E, 0xB8, 0x01, 0x62,
	0x2E, 0xB8, 0x01, 0x65, 0x2E, 0xB8, 0x01, 0x6B, 0x2E, 0xB8, 0x01, 0x6E,
	0x2E, 0xB8, 0x01, 0x74, 0x2E, 0xB8, 0x01, 0x75, 0x2E, 0xB8, 0x01, 0x77,
	0x2E, 0xB8, 0x01, 0x78, 0x2E, 0xB8, 0x01, 0x7E, 0x2E, 0xB8, 0x01, 0x82,
	0x2E, 0xB8, 0x01, 0x86, 0x2E, 0xB8, 0x01, 0x91, 0x2E, 0xB8, 0x01, 0xAC,
	0x2E, 0xB8, 0x01, 0xB2, 0x2E, 0xB8, 0x01, 0xB4, 0x2E, 0xB8, 0x01, 0xB8,
	0x2E, 0xB8, 0x01, 0xC0, 0x2E, 0xB8, 0x01, 0xC4, 0x2E, 0xB8, 0x01, 0xC8,
	0x2E, 0xB8, 0x01, 0xCF, 0x2E, 0x00, 0x2E, 0x2E, 0x2E, 0x2E, 0x2E, 0x2E,
	0x2E, 0x2E, 0x2E, 0x2E, 0x2E, 0x2E, 0x2E, 0x2E, 0x2E, 0x2E, 0x2E, 0x2E,
	0x2E, 0x2E, 0x2E, 0x2E, 0x2E, 0x2E, 0x2E, 0x2E, 0x2E, 0x2E, 0x2E, 0x2E,
	0x2E, 0x2E, 0x2E, 0x2E, 0x2E, 0x2E, 0x2E, 0x2E, 0x2E, 0x2E, 0x2E, 0x2E,
	0xB8, 0x01, 0x01, 0x2E, 0xB8, 0x01, 0x03, 0x2E, 0xB8, 0x01, 0x07, 0x2E,
	0xB8, 0x01, 0x0A, 0x2E, 0xB8, 0x01, 0x1C, 0x2E, 0xB8, 0x01, 0x1F, 0x2E,
	0xB8, 0x01, 0x26, 0x2E, 0xB8, 0x01, 0x2B, 0x2E, 0xB8, 0x01, 0x2E, 0x2E,
	0xB8, 0x01, 0x2F, 0x2E, 0xB8, 0x01, 0x31, 0x2E, 0xB8, 0x01, 0x32, 0x2E,
	0xB8, 0x01, 0x34, 0x2E, 0xB8, 0x01, 0x36, 0x2E, 0xB8, 0x01, 0x38, 0x2E,
	0xB8, 0x01, 0x3A, 0x2E, 0xB8, 0x01, 0x3C, 0x2E, 0xB8, 0x01, 0x3E, 0x2E,
	0xB8, 0x01, 0x40, 0x2E, 0xB8, 0x01, 0x42, 0x2E, 0xB8, 0x01, 0x46, 0x2E,
	0xB8, 0x01, 0x48, 0x2E, 0xB8, 0x01, 0x49, 0x2E, 0xB8, 0x01, 0x4B, 0x2E,
	0xB8, 0x01, 0x4F, 0x2E, 0xB8, 0x01, 0x56, 0x2E, 0xB8, 0x01, 0x5B, 0x2E,
	0xB8, 0x01, 0x5E, 0x2E, 0xB8, 0x01, 0x66, 0x2E, 0xB8, 0x01, 0x68, 0x2E,
	0xB8, 0x01, 0x70, 0x2E, 0xB8, 0x01, 0x72, 0x2E, 0xB8, 0x01, 0x7A, 0x2E,
	0xB8, 0x01, 0x7D, 0x2E, 0xB8, 0x01, 0x82, 0x2E, 0xB8, 0x01, 0x84, 0x2E,
	0xB8, 0x01, 0x86, 0x2E, 0xB8, 0x01, 0x88, 0x2E, 0xB8, 0x01, 0x99, 0x2E,
	0xB8, 0x01, 0xA8, 0x2E, 0xB8, 0x01, 0xAA, 0x2E, 0xB8, 0x01, 0xAE, 0x2E,
	0xB8, 0x01, 0xB6, 0x2E, 0xB8, 0x01, 0xBC, 0x2E, 0xB8, 0x01, 0xBE, 0x2E,
	0xB8, 0x01, 0xC4, 0x2E, 0xB8, 0x01, 0xCA, 0x2E, 0xB8, 0x01, 0xD1, 0x2E,
	0x31, 0x30, 0x01, 0xB9, 0x01, 0xD4, 0x00, 0x00, 0x49, 0x68, 0xB9, 0x00,
	0x8D, 0x01, 0xD3, 0x49, 0x68, 0x61, 0xB0, 0x40, 0x52, 0x58, 0xB9, 0x01,
	0xD3, 0x00, 0x40, 0x38, 0xB8, 0x01, 0xD3, 0x11, 0x37, 0xB9, 0x01, 0xD3,
	0xFF, 0xC0, 0x38, 0x59, 0x01, 0x06, 0x07, 0x06, 0x23, 0x26, 0x07, 0x16,
	0x15, 0x14, 0x07, 0x16, 0x17, 0x16, 0x31, 0x07, 0x27, 0x07, 0x16, 0x17,
	0x07, 0x26, 0x27, 0x06, 0x07, 0x06, 0x07, 0x16, 0x17, 0x07, 0x2E, 0x01,
	0x23, 0x22, 0x07, 0x0E, 0x01, 0x15, 0x14, 0x17, 0x16, 0x17, 0x06, 0x26,
	0x2F, 0x01, 0x07, 0x06, 0x15, 0x14, 0x17, 0x16, 0x17, 0x26, 0x27, 0x26,
	0x27, 0x34, 0x27, 0x26, 0x27, 0x06, 0x07, 0x06, 0x16, 0x15, 0x14, 0x07,
	0x26, 0x27, 0x26, 0x23, 0x22, 0x07, 0x06, 0x27, 0x22, 0x31, 0x06, 0x15,
	0x14, 0x16, 0x15, 0x14, 0x07, 0x26, 0x27, 0x34, 0x35, 0x26, 0x27, 0x26,
	0x27, 0x06, 0x07, 0x06, 0x07, 0x3E, 0x01, 0x35, 0x34, 0x2F, 0x01, 0x06,
	0x17, 0x22, 0x07, 0x26, 0x35, 0x34, 0x36, 0x27, 0x26, 0x27, 0x26, 0x27,
	0x0E, 0x01, 0x07, 0x26, 0x35, 0x34, 0x37, 0x36, 0x37, 0x26, 0x27, 0x07,
	0x26, 0x23, 0x3E, 0x01, 0x37, 0x26, 0x35, 0x34, 0x37, 0x26, 0x23, 0x22,
	0x06, 0x27, 0x3E, 0x01, 0x3F, 0x01, 0x26, 0x27, 0x35, 0x36, 0x15, 0x17,
	0x3E, 0x01, 0x37, 0x2E, 0x01, 0x27, 0x37, 0x16, 0x1F, 0x01, 0x36, 0x37,
	0x2E, 0x01, 0x27, 0x16, 0x17, 0x37, 0x26, 0x27, 0x36, 0x16, 0x1F, 0x01,
	0x37, 0x34, 0x26, 0x35, 0x34, 0x37, 0x16, 0x17, 0x36, 0x37, 0x36, 0x26,
	0x37, 0x16, 0x15, 0x14, 0x06, 0x15, 0x16, 0x37, 0x3E, 0x01, 0x37, 0x16,
	0x07, 0x06, 0x15, 0x14, 0x17, 0x36, 0x16, 0x33, 0x32, 0x3F, 0x01, 0x16,
	0x07, 0x16, 0x17, 0x16, 0x31, 0x3E, 0x01, 0x17, 0x06, 0x07, 0x16, 0x17,
	0x36, 0x37, 0x36, 0x37, 0x17, 0x06, 0x07, 0x16, 0x17, 0x3E, 0x01, 0x37,
	0x07, 0x16, 0x17, 0x16, 0x17, 0x16, 0x33, 0x32, 0x36, 0x07, 0x26, 0x27,
	0x26, 0x27, 0x26, 0x27, 0x26, 0x27, 0x36, 0x33, 0x32, 0x17, 0x16, 0x37,
	0x26, 0x27, 0x26, 0x35, 0x0E, 0x01, 0x07, 0x26, 0x37, 0x36, 0x35, 0x34,
	0x27, 0x26, 0x27, 0x26, 0x07, 0x06, 0x27, 0x36, 0x37, 0x26, 0x27, 0x26,
	0x27, 0x0E, 0x01, 0x27, 0x26, 0x35, 0x34, 0x36, 0x37, 0x26, 0x27, 0x07,
	0x30, 0x07, 0x06, 0x27, 0x3E, 0x01, 0x37, 0x23, 0x16, 0x07, 0x27, 0x26,
	0x07, 0x26, 0x07, 0x06, 0x23, 0x26, 0x37, 0x06, 0x07, 0x06, 0x27, 0x06,
	0x07, 0x26, 0x37, 0x06, 0x07, 0x06, 0x07, 0x26, 0x37, 0x23, 0x26, 0x35,
	0x07, 0x06, 0x16, 0x07, 0x26, 0x35, 0x34, 0x36, 0x35, 0x34, 0x27, 0x06,
	0x07, 0x14, 0x16, 0x07, 0x06, 0x26, 0x27, 0x06, 0x07, 0x06, 0x15, 0x14,
	0x16, 0x15, 0x07, 0x26, 0x23, 0x22, 0x06, 0x23, 0x14, 0x16, 0x17, 0x06,
	0x23, 0x22, 0x27, 0x06, 0x07, 0x17, 0x06, 0x07, 0x17, 0x06, 0x07, 0x22,
	0x26, 0x23, 0x07, 0x16, 0x37, 0x16, 0x07, 0x06, 0x27, 0x22, 0x07, 0x30,
	0x33, 0x32, 0x17, 0x06, 0x26, 0x07, 0x06, 0x15, 0x06, 0x15, 0x14, 0x17,
	0x16, 0x33, 0x32, 0x37, 0x36, 0x33, 0x32, 0x17, 0x16, 0x33, 0x32, 0x37,
	0x36, 0x37, 0x36, 0x33, 0x32, 0x16, 0x33, 0x32, 0x27, 0x06, 0x27, 0x26,
	0x37, 0x36, 0x33, 0x32, 0x17, 0x16, 0x15, 0x14, 0x25, 0x16, 0x07, 0x26,
	0x27, 0x26, 0x37, 0x36, 0x31, 0x36, 0x05, 0x36, 0x27, 0x26, 0x37, 0x26,
	0x23, 0x16, 0x17, 0x16, 0x05, 0x26, 0x23, 0x22, 0x06, 0x07, 0x16, 0x07,
	0x06, 0x17, 0x36, 0x03, 0xA2, 0x02, 0x0B, 0x11, 0x01, 0x04, 0x07, 0x17,
	0x22, 0x04, 0x09, 0x12, 0x06, 0x1E, 0x2F, 0x10, 0x21, 0x02, 0x12, 0x26,
	0x0C, 0x10, 0x0D, 0x0E, 0x0F, 0x15, 0x03, 0x07, 0x1B, 0x09, 0x07, 0x08,
	0x04, 0x2B, 0x03, 0x0E, 0x05, 0x06, 0x0B, 0x02, 0x16, 0x5C, 0x02, 0x04,
	0x06, 0x01, 0x07, 0x04, 0x05, 0x01, 0x01, 0x02, 0x05, 0x16, 0x2A, 0x02,
	0x0F, 0x02, 0x04, 0x0A, 0x09, 0x0D, 0x04, 0x04, 0x0C, 0x15, 0x21, 0x04,
	0x08, 0x02, 0x0A, 0x01, 0x02, 0x09, 0x12, 0x22, 0x07, 0x07, 0x09, 0x0B,
	0x01, 0x11, 0x04, 0x3A, 0x07, 0x04, 0x03, 0x05, 0x02, 0x07, 0x02, 0x06,
	0x13, 0x16, 0x06, 0x06, 0x0A, 0x06, 0x02, 0x07, 0x07, 0x02, 0x0F, 0x1D,
	0x22, 0x03, 0x02, 0x03, 0x13, 0x08, 0x5C, 0x07, 0x05, 0x05, 0x05, 0x14,
	0x07, 0x03, 0x2B, 0x04, 0x11, 0x0F, 0x21, 0x19, 0x1C, 0x09, 0x11, 0x02,
	0x09, 0x09, 0x05, 0x06, 0x04, 0x0F, 0x03, 0x10, 0x1C, 0x03, 0x1E, 0x02,
	0x17, 0x15, 0x3F, 0x05, 0x0B, 0x07, 0x06, 0x03, 0x09, 0x42, 0x0C, 0x01,
	0x07, 0x12, 0x1B, 0x33, 0x03, 0x01, 0x06, 0x05, 0x05, 0x2D, 0x23, 0x06,
	0x0A, 0x06, 0x04, 0x04, 0x05, 0x08, 0x09, 0x27, 0x07, 0x14, 0x05, 0x03,
	0x0C, 0x0C, 0x0A, 0x13, 0x20, 0x0E, 0x20, 0x0F, 0x11, 0x1E, 0x1A, 0x30,
	0x16, 0x07, 0x10, 0x02, 0x09, 0x06, 0x24, 0x15, 0x28, 0x0D, 0x1B, 0x0D,
	0x2A, 0x06, 0x1B, 0x17, 0x02, 0x07, 0x07, 0x06, 0x1A, 0x15, 0x02, 0x01,
	0x03, 0x0A, 0x01, 0x11, 0x14, 0x04, 0x03, 0x03, 0x01, 0x06, 0x05, 0x04,
	0x07, 0x11, 0x1C, 0x04, 0x06, 0x07, 0x07, 0x02, 0x07, 0x11, 0x18, 0x02,
	0x0A, 0x19, 0x1E, 0x07, 0x0A, 0x14, 0x11, 0x10, 0x14, 0x10, 0x05, 0x10,
	0x0A, 0x01, 0x11, 0x01, 0x10, 0x22, 0x24, 0x0D, 0x07, 0x05, 0x05, 0x24,
	0x04, 0x06, 0x01, 0x04, 0x03, 0x04, 0x06, 0x03, 0x05, 0x08, 0x01, 0x04,
	0x01, 0x04, 0x04, 0x05, 0x04, 0x03, 0x08, 0x03, 0x01, 0x0E, 0x02, 0x03,
	0x03, 0x0B, 0x08, 0x06, 0x03, 0x3F, 0x03, 0x01, 0x06, 0x09, 0x04, 0x01,
	0x16, 0x2A, 0x0C, 0x01, 0x08, 0x0D, 0x06, 0x16, 0x2A, 0x01, 0x0C, 0x05,
	0x09, 0x0A, 0x08, 0x23, 0x0A, 0x14, 0x02, 0x05, 0x05, 0x06, 0x14, 0x08,
	0x0E, 0x02, 0x08, 0x13, 0x0B, 0x02, 0x02, 0x03, 0x0C, 0x03, 0x11, 0x01,
	0x10, 0x0F, 0x0D, 0x0E, 0x0D, 0x01, 0x13, 0x16, 0x0C, 0x05, 0x04, 0x20,
	0x05, 0x06, 0x03, 0x14, 0x3F, 0x41, 0x31, 0x24, 0x2B, 0x41, 0x3A, 0x4D,
	0x11, 0x11, 0x1E, 0x24, 0x0A, 0x33, 0x18, 0x2D, 0x0B, 0x2D, 0x0B, 0x3B,
	0xE4, 0x09, 0x08, 0x1C, 0x06, 0x06, 0x05, 0x0E, 0x0E, 0x03, 0xFE, 0x79,
	0x01, 0x22, 0x0D, 0x04, 0x01, 0x08, 0x0D, 0x0B, 0x01, 0x8E, 0x03, 0x02,
	0x02, 0x01, 0x06, 0x10, 0x06, 0x01, 0x06, 0xFE, 0x86, 0x04, 0x05, 0x04,
	0x0D, 0x02, 0x06, 0x09, 0x01, 0x07, 0x14, 0x02, 0x1C, 0x07, 0x04, 0x09,
	0x01, 0x03, 0x3E, 0x3D, 0x48, 0x31, 0x0A, 0x09, 0x11, 0x06, 0x19, 0x3A,
	0x05, 0x0B, 0x09, 0x06, 0x0B, 0x06, 0x11, 0x0D, 0x0E, 0x0A, 0x17, 0x03,
	0x02, 0x1B, 0x07, 0x0A, 0x0A, 0x08, 0x04, 0x06, 0x0D, 0x0F, 0x02, 0x12,
	0x01, 0x13, 0x1C, 0x06, 0x08, 0x08, 0x0E, 0x11, 0x05, 0x01, 0x09, 0x0E,
	0x01, 0x0C, 0x05, 0x0A, 0x04, 0x02, 0x0A, 0x08, 0x19, 0x06, 0x04, 0x04,
	0x03, 0x18, 0x13, 0x01, 0x04, 0x01, 0x05, 0x06, 0x05, 0x12, 0x05, 0x04,
	0x04, 0x02, 0x0D, 0x0B, 0x0C, 0x0A, 0x04, 0x02, 0x0A, 0x12, 0x12, 0x15,
	0x0A, 0x09, 0x26, 0x0A, 0x08, 0x07, 0x0E, 0x15, 0x07, 0x05, 0x03, 0x03,
	0x02, 0x10, 0x06, 0x0C, 0x07, 0x0A, 0x04, 0x07, 0x23, 0x07, 0x04, 0x05,
	0x09, 0x0E, 0x12, 0x05, 0x0C, 0x1A, 0x29, 0x03, 0x0A, 0x18, 0x0A, 0x73,
	0x72, 0x1E, 0x1D, 0x03, 0x0A, 0x01, 0x0C, 0x0A, 0x0B, 0x32, 0x10, 0x17,
	0x06, 0x04, 0x12, 0x11, 0x0B, 0x18, 0x0C, 0x09, 0x1E, 0x0E, 0x05, 0x12,
	0x22, 0x03, 0x0B, 0x1C, 0x06, 0x14, 0x0A, 0x0A, 0x12, 0x2A, 0x0F, 0x20,
	0x01, 0x1A, 0x03, 0x0E, 0x1F, 0x0A, 0x26, 0x0A, 0x06, 0x05, 0x15, 0x28,
	0x04, 0x0F, 0x07, 0x26, 0x08, 0x06, 0x0A, 0x06, 0x19, 0x06, 0x0D, 0x13,
	0x06, 0x1D, 0x06, 0x05, 0x0A, 0x0C, 0x03, 0x06, 0x05, 0x01, 0x07, 0x14,
	0x13, 0x0C, 0x1B, 0x09, 0x05, 0x08, 0x0A, 0x15, 0x03, 0x0B, 0x14, 0x0A,
	0x1C, 0x08, 0x05, 0x0B, 0x0E, 0x05, 0x0F, 0x18, 0x11, 0x26, 0x0D, 0x1B,
	0x01, 0x31, 0x0B, 0x1C, 0x17, 0x13, 0x06, 0x0E, 0xA3, 0x1F, 0x1F, 0x25,
	0x14, 0x0E, 0x09, 0x09, 0x07, 0x03, 0x03, 0x02, 0x02, 0x0F, 0x13, 0x1F,
	0x01, 0x02, 0x13, 0x01, 0x07, 0x04, 0x08, 0x08, 0x0B, 0x0F, 0x13, 0x03,
	0x10, 0x03, 0x04, 0x05, 0x04, 0x07, 0x08, 0x09, 0x0A, 0x01, 0x03, 0x17,
	0x01, 0x02, 0x03, 0x05, 0x11, 0x03, 0x07, 0x07, 0x21, 0x05, 0x03, 0x02,
	0x0B, 0x18, 0x0C, 0x02, 0x03, 0x02, 0x02, 0x04, 0x06, 0x02, 0x02, 0x04,
	0x02, 0x02, 0x02, 0x03, 0x04, 0x01, 0x02, 0x04, 0x02, 0x03, 0x14, 0x18,
	0x06, 0x0D, 0x20, 0x03, 0x02, 0x03, 0x04, 0x1B, 0x05, 0x02, 0x08, 0x03,
	0x0F, 0x03, 0x03, 0x02, 0x04, 0x0F, 0x06, 0x12, 0x06, 0x03, 0x13, 0x09,
	0x08, 0x14, 0x02, 0x03, 0x03, 0x09, 0x02, 0x06, 0x11, 0x22, 0x06, 0x0A,
	0x06, 0x03, 0x0E, 0x05, 0x0E, 0x03, 0x08, 0x0B, 0x1F, 0x01, 0x01, 0x0D,
	0x1E, 0x0A, 0x02, 0x02, 0x0F, 0x02, 0x0A, 0x31, 0x09, 0x0F, 0x0E, 0x0A,
	0x30, 0x02, 0x0C, 0x0E, 0x0C, 0x48, 0x1F, 0x14, 0x1D, 0x18, 0x05, 0x11,
	0x04, 0x1C, 0x13, 0x03, 0xA7, 0x07, 0x07, 0x19, 0x24, 0x03, 0x19, 0x09,
	0x0B, 0x0B, 0x06, 0x1E, 0x17, 0x02, 0x12, 0x0C, 0x0F, 0x19, 0x02, 0x18,
	0x03, 0x07, 0x09, 0x03, 0x14, 0x14, 0x04, 0x0C, 0x06, 0x08, 0x0F, 0x01,
	0x09, 0x05, 0x09, 0x05, 0x04, 0x00, 0x00, 0x03, 0x00, 0x00, 0x00, 0x00,
	0x03, 0x36, 0x03, 0x22, 0x03, 0x77, 0x03, 0x82, 0x05, 0x4C, 0x08, 0x9E,
	0x40, 0x7B, 0x01, 0xF4, 0xE7, 0xD3, 0xD2, 0xCB, 0xBB, 0xAD, 0x90, 0x83,
	0x81, 0x7B, 0x70, 0x6C, 0x69, 0x67, 0x65, 0x63, 0x61, 0x5F, 0x5D, 0x5A,
	0x56, 0x54, 0x52, 0x4C, 0x4A, 0x46, 0x44, 0x42, 0x40, 0x3D, 0x3C, 0x3A,
	0x37, 0x33, 0x31, 0x30, 0x2E, 0x2A, 0x25, 0x1E, 0x1B, 0x17, 0x15, 0x13,
	0x0E, 0x0C, 0x07, 0x04, 0x02, 0x00, 0xF9, 0xF6, 0xF2, 0xF1, 0xEF, 0xEC,
	0xEA, 0xE7, 0xE5, 0xE0, 0xD9, 0xD8, 0xD6, 0xCF, 0xCD, 0xC9, 0xC6, 0xC4,
	0xC2, 0xBE, 0xBB, 0xB4, 0xB2, 0xAF, 0x9E, 0x99, 0x97, 0x92, 0x90, 0x8E,
	0x87, 0x7B, 0x72, 0x5F, 0x4F, 0x3D, 0x31, 0x1B, 0x11, 0x00, 0xA3, 0x03,
	0xD3, 0xE2, 0xDD, 0x03, 0xD3, 0xB6, 0x03, 0xD3, 0x20, 0x16, 0x09, 0xDB,
	0x09, 0x9C, 0x28, 0xA7, 0x04, 0xA5, 0x23, 0x09, 0xDB, 0x05, 0x85, 0x6E,
	0x9C, 0xA5, 0x00, 0x01, 0x46, 0x76, 0xB8, 0x01, 0x48, 0x2F, 0x37, 0x18,
	0x00, 0x3F, 0xB9, 0x01, 0xE3, 0x00, 0x01, 0x3F, 0x2F, 0x3C, 0x3C, 0xFD,
	0x2F, 0xB9, 0x02, 0xBC, 0x00, 0x05, 0xFD, 0xB8, 0x03, 0x14, 0xB8, 0x03,
	0x5F, 0xB8, 0x04, 0xAE, 0x3C, 0x3C, 0x3C, 0x2F, 0xB9, 0x03, 0x70, 0x00,
	0x05, 0xFD, 0xB8, 0x03, 0xA0, 0xB8, 0x04, 0xBB, 0x3C, 0x3C, 0x10, 0xFD,
	0xB8, 0x01, 0x5F, 0x2F, 0xB8, 0x03, 0x37, 0xB8, 0x03, 0xFB, 0x3C, 0x3C,
	0xB9, 0x01, 0x66, 0x00, 0x04, 0xFD, 0xB8, 0x04, 0x8D, 0x3C, 0x2F, 0xB9,
	0x03, 0x2A, 0x00, 0x05, 0xFD, 0x10, 0xB9, 0x02, 0xA6, 0x00, 0x05, 0xFD,
	0xB8, 0x04, 0xB0, 0x3C, 0x10, 0xB9, 0x03, 0x41, 0x00, 0x05, 0xFD, 0xB8,
	0x03, 0x4D, 0xB8, 0x03, 0x4E, 0xB8, 0x04, 0x9F, 0x3C, 0x3C, 0x3C, 0x10,
	0xB9, 0x02, 0x4A, 0x00, 0x05, 0xFD, 0x10, 0xFD, 0x01, 0xB8, 0x01, 0xD4,
	0x2F, 0xB8, 0x01, 0xD6, 0x3C, 0xB9, 0x01, 0xDA, 0x00, 0x02, 0xFD, 0xB8,
	0x01, 0xDB, 0x3C, 0x2F, 0xFD, 0xB8, 0x02, 0x6F, 0xB8, 0x02, 0x70, 0x3C,
	0x3C, 0x10, 0xB9, 0x04, 0xF8, 0x00, 0x03, 0xFD, 0xB8, 0x01, 0xB4, 0x2F,
	0xB9, 0x01, 0xFC, 0x00, 0x03, 0xFD, 0xB8, 0x04, 0xD1, 0x3C, 0xB8, 0x01,
	0x02, 0x2F, 0xB8, 0x01, 0x05, 0x3C, 0xFD, 0xB8, 0x02, 0x48, 0x3C, 0x3C,
	0xB8, 0x01, 0x2C, 0x2F, 0xB9, 0x04, 0x5C, 0x00, 0x03, 0xFD, 0xB8, 0x04,
	0xB3, 0x3C, 0x10, 0xFD, 0xB8, 0x01, 0xDA, 0x10, 0xB9, 0x01, 0xC7, 0x00,
	0x03, 0xFD, 0xB8, 0x01, 0xC0, 0xB8, 0x01, 0xC9, 0xB8, 0x02, 0x0F, 0x3C,
	0x3C, 0x3C, 0xB9, 0x04, 0x34, 0x04, 0x35, 0x87, 0xB8, 0x04, 0x34, 0x2E,
	0x0E, 0xB8, 0x04, 0x35, 0xC4, 0x0E, 0xB9, 0x04, 0x43, 0x00, 0x07, 0xFC,
	0x0E, 0xB8, 0x04, 0x42, 0xC4, 0x01, 0x2E, 0x2E, 0x2E, 0x2E, 0x2E, 0x2E,
	0x2E, 0x2E, 0x2E, 0x2E, 0x2E, 0x2E, 0x2E, 0x2E, 0x2E, 0x2E, 0x2E, 0x2E,
	0x2E, 0x2E, 0x2E, 0x2E, 0x2E, 0x2E, 0x2E, 0x2E, 0x2E, 0x2E, 0x2E, 0x2E,
	0x2E, 0x2E, 0x2E, 0x2E, 0x2E, 0x2E, 0x2E, 0x2E, 0x2E, 0x2E, 0xB8, 0x01,
	0x00, 0x2E, 0xB8, 0x01, 0x0A, 0x2E, 0xB8, 0x01, 0x17, 0x2E, 0xB8, 0x01,
	0x1C, 0x2E, 0xB8, 0x01, 0x24, 0x2E, 0xB8, 0x01, 0x33, 0x2E, 0xB8, 0x01,
	0x3E, 0x2E, 0xB8, 0x01, 0x48, 0x2E, 0xB8, 0x01, 0x56, 0x2E, 0xB8, 0x01,
	0x58, 0x2E, 0xB8, 0x01, 0x5A, 0x2E, 0xB8, 0x01, 0x64, 0x2E, 0xB8, 0x01,
	0x71, 0x2E, 0xB8, 0x01, 0x78, 0x2E, 0xB8, 0x01, 0x81, 0x2E, 0xB8, 0x01,
	0x85, 0x2E, 0xB8, 0x01, 0x8A, 0x2E, 0xB8, 0x01, 0x8E, 0x2E, 0xB8, 0x01,
	0x8F, 0x2E, 0xB8, 0x01, 0x95, 0x2E, 0xB8, 0x01, 0x9B, 0x2E, 0xB8, 0x01,
	0xA6, 0x2E, 0xB8, 0x01, 0xA9, 0x2E, 0xB8, 0x01, 0xAA, 0x2E, 0xB8, 0x01,
	0xBA, 0x2E, 0xB8, 0x01, 0xC4, 0x2E, 0xB8, 0x01, 0xCB, 0x2E, 0xB8, 0x01,
	0xCD, 0x2E, 0xB8, 0x01, 0xE3, 0x2E, 0xB8, 0x01, 0xE7, 0x2E, 0xB8, 0x01,
	0xE9, 0x2E, 0xB8, 0x01, 0xEB, 0x2E, 0xB8, 0x01, 0xF4, 0x2E, 0xB8, 0x02,
	0x06, 0x2E, 0xB8, 0x02, 0x1A, 0x2E, 0xB8, 0x02, 0x25, 0x2E, 0xB8, 0x02,
	0x2D, 0x2E, 0xB8, 0x02, 0x35, 0x2E, 0xB8, 0x02, 0x3D, 0x2E, 0xB8, 0x02,
	0x50, 0x2E, 0xB8, 0x02, 0x58, 0x2E, 0xB8, 0x02, 0x63, 0x2E, 0xB8, 0x02,
	0x6A, 0x2E, 0xB8, 0x02, 0x74, 0x2E, 0xB8, 0x02, 0x7B, 0x2E, 0xB8, 0x02,
	0x7D, 0x2E, 0xB8, 0x02, 0x81, 0x2E, 0xB8, 0x02, 0x83, 0x2E, 0xB8, 0x02,
	0x85, 0x2E, 0xB8, 0x02, 0x8A, 0x2E, 0xB8, 0x02, 0x91, 0x2E, 0xB8, 0x02,
	0x93, 0x2E, 0xB8, 0x02, 0x97, 0x2E, 0xB8, 0x02, 0x9A, 0x2E, 0xB8, 0x02,
	0x9C, 0x2E, 0xB8, 0x02, 0xA1, 0x2E, 0xB8, 0x02, 0xAC, 0x2E, 0xB8, 0x02,
	0xAF, 0x2E, 0xB8, 0x02, 0xB1, 0x2E, 0xB8, 0x02, 0xB4, 0x2E, 0xB8, 0x02,
	0xB7, 0x2E, 0xB8, 0x02, 0xBA, 0x2E, 0xB8, 0x02, 0xBE, 0x2E, 0xB8, 0x02,
	0xC2, 0x2E, 0xB8, 0x02, 0xCA, 0x2E, 0xB8, 0x02, 0xCD, 0x2E, 0xB8, 0x02,
	0xD0, 0x2E, 0xB8, 0x02, 0xD2, 0x2E, 0xB8, 0x02, 0xDB, 0x2E, 0xB8, 0x02,
	0xDE, 0x2E, 0xB8, 0x02, 0xE1, 0x2E, 0xB8, 0x02, 0xE6, 0x2E, 0xB8, 0x02,
	0xEC, 0x2E, 0xB8, 0x02, 0xEF, 0x2E, 0xB8, 0x02, 0xF7, 0x2E, 0xB8, 0x02,
	0xF9, 0x2E, 0xB8, 0x03, 0x01, 0x2E, 0xB8, 0x03, 0x05, 0x2E, 0xB8, 0x03,
	0x08, 0x2E, 0xB8, 0x03, 0x0A, 0x2E, 0xB8, 0x03, 0x0D, 0x2E, 0xB8, 0x03,
	0x12, 0x2E, 0xB8, 0x03, 0x18, 0x2E, 0xB8, 0x03, 0x1A, 0x2E, 0xB8, 0x03,
	0x1C, 0x2E, 0xB8, 0x03, 0x1F, 0x2E, 0xB8, 0x03, 0x21, 0x2E, 0xB8, 0x03,
	0x23, 0x2E, 0xB8, 0x03, 0x25, 0x2E, 0xB8, 0x03, 0x28, 0x2E, 0xB8, 0x03,
	0x2C, 0x2E, 0xB8, 0x03, 0x2F, 0x2E, 0xB8, 0x03, 0x31, 0x2E, 0xB8, 0x03,
	0x33, 0x2E, 0xB8, 0x03, 0x37, 0x2E, 0xB8, 0x03, 0x3A, 0x2E, 0xB8, 0x03,
	0x3C, 0x2E, 0xB8, 0x03, 0x3F, 0x2E, 0xB8, 0x03, 0x48, 0x2E, 0xB8, 0x03,
	0x4D, 0x2E, 0xB8, 0x03, 0x57, 0x2E, 0xB8, 0x03, 0x5D, 0x2E, 0xB8, 0x03,
	0x62, 0x2E, 0xB8, 0x03, 0x6B, 0x2E, 0xB8, 0x03, 0x78, 0x2E, 0xB8, 0x03,
	0x7C, 0x2E, 0xB8, 0x03, 0x7F, 0x2E, 0xB8, 0x03, 0x80, 0x2E, 0xB8, 0x03,
	0x83, 0x2E, 0xB8, 0x03, 0x87, 0x2E, 0xB8, 0x03, 0x89, 0x2E, 0xB8, 0x03,
	0x8C, 0x2E, 0xB8, 0x03, 0x8E, 0x2E, 0xB8, 0x03, 0x90, 0x2E, 0xB8, 0x03,
	0x92, 0x2E, 0xB8, 0x03, 0x97, 0x2E, 0xB8, 0x03, 0x9A, 0x2E, 0xB8, 0x03,
	0x9C, 0x2E, 0xB8, 0x03, 0x9D, 0x2E, 0xB8, 0x03, 0xA0, 0x2E, 0xB8, 0x03,
	0xA2, 0x2E, 0xB8, 0x03, 0xB5, 0x2E, 0xB8, 0x03, 0xB7, 0x2E, 0xB8, 0x03,
	0xC1, 0x2E, 0xB8, 0x03, 0xC3, 0x2E, 0xB8, 0x03, 0xC9, 0x2E, 0xB8, 0x03,
	0xCC, 0x2E, 0xB8, 0x03, 0xD7, 0x2E, 0xB8, 0x03, 0xDC, 0x2E, 0xB8, 0x03,
	0xDF, 0x2E, 0xB8, 0x03, 0xE0, 0x2E, 0xB8, 0x03, 0xE2, 0x2E, 0xB8, 0x03,
	0xE5, 0x2E, 0xB8, 0x03, 0xEF, 0x2E, 0xB8, 0x03, 0xF4, 0x2E, 0xB8, 0x03,
	0xFC, 0x2E, 0xB8, 0x04, 0x00, 0x2E, 0xB8, 0x04, 0x05, 0x2E, 0xB8, 0x04,
	0x08, 0x2E, 0xB8, 0x04, 0x0C, 0x2E, 0xB8, 0x04, 0x0D, 0x2E, 0xB8, 0x04,
	0x13, 0x2E, 0xB8, 0x04, 0x16, 0x2E, 0xB8, 0x04, 0x18, 0x2E, 0xB8, 0x04,
	0x1B, 0x2E, 0xB8, 0x04, 0x1F, 0x2E, 0xB8, 0x04, 0x25, 0x2E, 0xB8, 0x04,
	0x27, 0x2E, 0xB8, 0x04, 0x2F, 0x2E, 0xB8, 0x04, 0x31, 0x2E, 0xB8, 0x04,
	0x37, 0x2E, 0xB8, 0x04, 0x40, 0x2E, 0xB8, 0x04, 0x42, 0x2E, 0xB8, 0x04,
	0x47, 0x2E, 0xB8, 0x04, 0x4A, 0x2E, 0xB8, 0x04, 0x53, 0x2E, 0xB8, 0x04,
	0x56, 0x2E, 0xB8, 0x04, 0x5F, 0x2E, 0xB8, 0x04, 0x66, 0x2E, 0xB8, 0x04,
	0x6C, 0x2E, 0xB8, 0x04, 0x72, 0x2E, 0xB8, 0x04, 0x79, 0x2E, 0xB8, 0x04,
	0x7D, 0x2E, 0xB8, 0x04, 0x83, 0x2E, 0xB8, 0x04, 0x89, 0x2E, 0xB8, 0x04,
	0x8E, 0x2E, 0xB8, 0x04, 0x94, 0x2E, 0xB8, 0x04, 0x99, 0x2E, 0xB8, 0x04,
	0x9C, 0x2E, 0xB8, 0x04, 0xA8, 0x2E, 0xB8, 0x04, 0xAB, 0x2E, 0xB8, 0x04,
	0xB1, 0x2E, 0xB8, 0x04, 0xBC, 0x2E, 0xB8, 0x04, 0xBE, 0x2E, 0xB8, 0x04,
	0xC4, 0x2E, 0xB8, 0x04, 0xC7, 0x2E, 0xB8, 0x04, 0xCF, 0x2E, 0xB8, 0x04,
	0xD8, 0x2E, 0xB8, 0x04, 0xDA, 0x2E, 0xB8, 0x04, 0xDE, 0x2E, 0xB8, 0x04,
	0xE1, 0x2E, 0xB8, 0x04, 0xE5, 0x2E, 0xB8, 0x04, 0xE7, 0x2E, 0xB8, 0x04,
	0xEC, 0x2E, 0xB8, 0x04, 0xEE, 0x2E, 0xB8, 0x04, 0xEF, 0x2E, 0xB8, 0x04,
	0xF6, 0x2E, 0xB8, 0x04, 0xFC, 0x2E, 0xB8, 0x04, 0xFF, 0x2E, 0xB8, 0x05,
	0x04, 0x2E, 0xB8, 0x05, 0x06, 0x2E, 0xB8, 0x05, 0x0B, 0x2E, 0xB8, 0x05,
	0x0D, 0x2E, 0xB8, 0x05, 0x13, 0x2E, 0xB8, 0x05, 0x17, 0x2E, 0xB8, 0x05,
	0x1B, 0x2E, 0xB8, 0x05, 0x1D, 0x2E, 0xB8, 0x05, 0x24, 0x2E, 0xB8, 0x05,
	0x26, 0x2E, 0xB8, 0x05, 0x2A, 0x2E, 0xB8, 0x05, 0x2C, 0x2E, 0xB8, 0x05,
	0x31, 0x2E, 0xB8, 0x05, 0x33, 0x2E, 0xB8, 0x05, 0x39, 0x2E, 0xB8, 0x05,
	0x3C, 0x2E, 0xB8, 0x05, 0x3E, 0x2E, 0xB8, 0x05, 0x3F, 0x2E, 0xB8, 0x05,
	0x46, 0x2E, 0xB8, 0x05, 0x47, 0x2E, 0x00, 0x2E, 0x2E, 0x2E, 0x2E, 0x2E,
	0x2E, 0x2E, 0x2E, 0x2E, 0x2E, 0x2E, 0x2E, 0x2E, 0x2E, 0x2E, 0x2E, 0x2E,
	0x2E, 0x2E, 0x2E, 0x2E, 0x2E, 0x2E, 0x2E, 0x2E, 0x2E, 0x2E, 0x2E, 0x2E,
	0x2E, 0x2E, 0x2E, 0x2E, 0x2E, 0x2E, 0x2E, 0x2E, 0x2E, 0x2E, 0x2E, 0x2E,
	0x2E, 0x2E, 0x2E, 0x2E, 0x2E, 0x2E, 0x2E, 0x2E, 0x2E, 0x2E, 0xB8, 0x01,
	0x00, 0x2E, 0xB8, 0x01, 0x0C, 0x2E, 0xB8, 0x01, 0x0E, 0x2E, 0xB8, 0x01,
	0x10, 0x2E, 0xB8, 0x01, 0x12, 0x2E, 0xB8, 0x01, 0x17, 0x2E, 0xB8, 0x01,
	0x20, 0x2E, 0xB8, 0x01, 0x24, 0x2E, 0xB8, 0x01, 0x2E, 0x2E, 0xB8, 0x01,
	0x32, 0x2E, 0xB8, 0x01, 0x33, 0x2E, 0xB8, 0x01, 0x42, 0x2E, 0xB8, 0x01,
	0x43, 0x2E, 0xB8, 0x01, 0x46, 0x2E, 0xB8, 0x01, 0x48, 0x2E, 0xB8, 0x01,
	0x4A, 0x2E, 0xB8, 0x01, 0x4E, 0x2E, 0xB8, 0x01, 0x51, 0x2E, 0xB8, 0x01,
	0x54, 0x2E, 0xB8, 0x01, 0x5C, 0x2E, 0xB8, 0x01, 0x61, 0x2E, 0xB8, 0x01,
	0x63, 0x2E, 0xB8, 0x01, 0x68, 0x2E, 0xB8, 0x01, 0x6B, 0x2E, 0xB8, 0x01,
	0x6D, 0x2E, 0xB8, 0x01, 0x73, 0x2E, 0xB8, 0x01, 0x75, 0x2E, 0xB8, 0x01,
	0x7A, 0x2E, 0xB8, 0x01, 0x7D, 0x2E, 0xB8, 0x01, 0x85, 0x2E, 0xB8, 0x01,
	0x88, 0x2E, 0xB8, 0x01, 0x8F, 0x2E, 0xB8, 0x01, 0x92, 0x2E, 0xB8, 0x01,
	0x9D, 0x2E, 0xB8, 0x01, 0xA3, 0x2E, 0xB8, 0x01, 0xAA, 0x2E, 0xB8, 0x01,
	0xB0, 0x2E, 0xB8, 0x01, 0xBA, 0x2E, 0xB8, 0x01, 0xBF, 0x2E, 0xB8, 0x01,
	0xC9, 0x2E, 0xB8, 0x01, 0xD0, 0x2E, 0xB8, 0x01, 0xD8, 0x2E, 0xB8, 0x01,
	0xDB, 0x2E, 0xB8, 0x01, 0xED, 0x2E, 0xB8, 0x01, 0xEF, 0x2E, 0xB8, 0x01,
	0xF1, 0x2E, 0xB8, 0x01, 0xF4, 0x2E, 0xB8, 0x01, 0xF8, 0x2E, 0xB8, 0x01,
	0xFA, 0x2E, 0xB8, 0x01, 0xFE, 0x2E, 0xB8, 0x02, 0x00, 0x2E, 0xB8, 0x02,
	0x02, 0x2E, 0xB8, 0x02, 0x04, 0x2E, 0xB8, 0x02, 0x09, 0x2E, 0xB8, 0x02,
	0x0B, 0x2E, 0xB8, 0x02, 0x0F, 0x2E, 0xB8, 0x02, 0x11, 0x2E, 0xB8, 0x02,
	0x13, 0x2E, 0xB8, 0x02, 0x15, 0x2E, 0xB8, 0x02, 0x18, 0x2E, 0xB8, 0x02,
	0x1A, 0x2E, 0xB8, 0x02, 0x20, 0x2E, 0xB8, 0x02, 0x22, 0x2E, 0xB8, 0x02,
	0x27, 0x2E, 0xB8, 0x02, 0x2D, 0x2E, 0xB8, 0x02, 0x38, 0x2E, 0xB8, 0x02,
	0x3D, 0x2E, 0xB8, 0x02, 0x41, 0x2E, 0xB8, 0x02, 0x43, 0x2E, 0xB8, 0x02,
	0x45, 0x2E, 0xB8, 0x02, 0x46, 0x2E, 0xB8, 0x02, 0x4D, 0x2E, 0xB8, 0x02,
	0x4F, 0x2E, 0xB8, 0x02, 0x50, 0x2E, 0xB8, 0x02, 0x53, 0x2E, 0xB8, 0x02,
	0x55, 0x2E, 0xB8, 0x02, 0x5A, 0x2E, 0xB8, 0x02, 0x5F, 0x2E, 0xB8, 0x02,
	0x61, 0x2E, 0xB8, 0x02, 0x63, 0x2E, 0xB8, 0x02, 0x6C, 0x2E, 0xB8, 0x02,
	0x6E, 0x2E, 0xB8, 0x02, 0x6F, 0x2E, 0xB8, 0x02, 0x78, 0x2E, 0xB8, 0x02,
	0x80, 0x2E, 0xB8, 0x02, 0x8E, 0x2E, 0xB8, 0x02, 0x95, 0x2E, 0xB8, 0x02,
	0xB1, 0x2E, 0xB8, 0x02, 0xC7, 0x2E, 0xB8, 0x02, 0xD5, 0x2E, 0xB8, 0x02,
	0xE0, 0x2E, 0xB8, 0x02, 0xE1, 0x2E, 0xB8, 0x02, 0xE8, 0x2E, 0xB8, 0x02,
	0xF1, 0x2E, 0xB8, 0x02, 0xFC, 0x2E, 0xB8, 0x03, 0x08, 0x2E, 0xB8, 0x03,
	0x21, 0x2E, 0xB8, 0x03, 0x44, 0x2E, 0xB8, 0x03, 0x46, 0x2E, 0xB8, 0x03,
	0x48, 0x2E, 0xB8, 0x03, 0x50, 0x2E, 0xB8, 0x03, 0x52, 0x2E, 0xB8, 0x03,
	0x54, 0x2E, 0xB8, 0x03, 0x56, 0x2E, 0xB8, 0x03, 0x60, 0x2E, 0xB8, 0x03,
	0x64, 0x2E, 0xB8, 0x03, 0x66, 0x2E, 0xB8, 0x03, 0x6D, 0x2E, 0xB8, 0x03,
	0x72, 0x2E, 0xB8, 0x03, 0x75, 0x2E, 0xB8, 0x03, 0x77, 0x2E, 0xB8, 0x03,
	0x78, 0x2E, 0xB8, 0x03, 0x7E, 0x2E, 0xB8, 0x03, 0x81, 0x2E, 0xB8, 0x03,
	0x82, 0x2E, 0xB8, 0x03, 0x89, 0x2E, 0xB8, 0x03, 0x8A, 0x2E, 0xB8, 0x03,
	0x8E, 0x2E, 0xB8, 0x03, 0x96, 0x2E, 0xB8, 0x03, 0xA4, 0x2E, 0xB8, 0x03,
	0xAA, 0x2E, 0xB8, 0x03, 0xAC, 0x2E, 0xB8, 0x03, 0xAE, 0x2E, 0xB8, 0x03,
	0xB2, 0x2E, 0xB8, 0x03, 0xB7, 0x2E, 0xB8, 0x03, 0xB8, 0x2E, 0xB8, 0x03,
	0xB9, 0x2E, 0xB8, 0x03, 0xBB, 0x2E, 0xB8, 0x03, 0xBD, 0x2E, 0xB8, 0x03,
	0xC0, 0x2E, 0xB8, 0x03, 0xC4, 0x2E, 0xB8, 0x03, 0xC7, 0x2E, 0xB8, 0x03,
	0xD2, 0x2E, 0xB8, 0x03, 0xD5, 0x2E, 0xB8, 0x03, 0xDF, 0x2E, 0xB8, 0x03,
	0xE2, 0x2E, 0xB8, 0x03, 0xE9, 0x2E, 0xB8, 0x03, 0xED, 0x2E, 0xB8, 0x03,
	0xF2, 0x2E, 0xB8, 0x03, 0xF3, 0x2E, 0xB8, 0x03, 0xF7, 0x2E, 0xB8, 0x04,
	0x01, 0x2E, 0xB8, 0x04, 0x03, 0x2E, 0xB8, 0x04, 0x0C, 0x2E, 0xB8, 0x04,
	0x0F, 0x2E, 0xB8, 0x04, 0x11, 0x2E, 0xB8, 0x04, 0x29, 0x2E, 0xB8, 0x04,
	0x2B, 0x2E, 0xB8, 0x04, 0x34, 0x2E, 0xB8, 0x04, 0x35, 0x2E, 0xB8, 0x04,
	0x37, 0x2E, 0xB8, 0x04, 0x3B, 0x2E, 0xB8, 0x04, 0x3D, 0x2E, 0xB8, 0x04,
	0x42, 0x2E, 0xB8, 0x04, 0x43, 0x2E, 0xB8, 0x04, 0x4C, 0x2E, 0xB8, 0x04,
	0x50, 0x2E, 0xB8, 0x04, 0x51, 0x2E, 0xB8, 0x04, 0x52, 0x2E, 0xB8, 0x04,
	0x57, 0x2E, 0xB8, 0x04, 0x59, 0x2E, 0xB8, 0x04, 0x60, 0x2E, 0xB8, 0x04,
	0x63, 0x2E, 0xB8, 0x04, 0x6E, 0x2E, 0xB8, 0x04, 0x70, 0x2E, 0xB8, 0x04,
	0x74, 0x2E, 0xB8, 0x04, 0x77, 0x2E, 0xB8, 0x04, 0x80, 0x2E, 0xB8, 0x04,
	0x82, 0x2E, 0xB8, 0x04, 0x85, 0x2E, 0xB8, 0x04, 0x88, 0x2E, 0xB8, 0x04,
	0x8B, 0x2E, 0xB8, 0x04, 0x90, 0x2E, 0xB8, 0x04, 0x91, 0x2E, 0xB8, 0x04,
	0x92, 0x2E, 0xB8, 0x04, 0x94, 0x2E, 0xB8, 0x04, 0x96, 0x2E, 0xB8, 0x04,
	0x98, 0x2E, 0xB8, 0x04, 0xA1, 0x2E, 0xB8, 0x04, 0xA4, 0x2E, 0xB8, 0x04,
	0xA6, 0x2E, 0xB8, 0x04, 0xB5, 0x2E, 0xB8, 0x04, 0xB7, 0x2E, 0xB8, 0x04,
	0xB8, 0x2E, 0xB8, 0x04, 0xC0, 0x2E, 0xB8, 0x04, 0xC2, 0x2E, 0xB8, 0x04,
	0xC9, 0x2E, 0xB8, 0x04, 0xCD, 0x2E, 0xB8, 0x04, 0xD5, 0x2E, 0xB8, 0x04,
	0xD6, 0x2E, 0xB8, 0x04, 0xD8, 0x2E, 0xB8, 0x04, 0xDD, 0x2E, 0xB8, 0x04,
	0xE2, 0x2E, 0xB8, 0x04, 0xE9, 0x2E, 0xB8, 0x04, 0xEF, 0x2E, 0xB8, 0x04,
	0xF1, 0x2E, 0xB8, 0x04, 0xF4, 0x2E, 0xB8, 0x04, 0xFA, 0x2E, 0xB8, 0x04,
	0xFF, 0x2E, 0xB8, 0x05, 0x08, 0x2E, 0xB8, 0x05, 0x0D, 0x2E, 0xB8, 0x05,
	0x0E, 0x2E, 0xB8, 0x05, 0x10, 0x2E, 0xB8, 0x05, 0x19, 0x2E, 0xB8, 0x05,
	0x1D, 0x2E, 0xB8, 0x05, 0x20, 0x2E, 0xB8, 0x05, 0x22, 0x2E, 0xB8, 0x05,
	0x28, 0x2E, 0xB8, 0x05, 0x2F, 0x2E, 0xB8, 0x05, 0x36, 0x2E, 0xB8, 0x05,
	0x38, 0x2E, 0xB8, 0x05, 0x40, 0x2E, 0xB8, 0x05, 0x44, 0x2E, 0xB8, 0x05,
	0x49, 0x2E, 0xB8, 0x05, 0x4C, 0x2E, 0x31, 0x30, 0x01, 0xB9, 0x05, 0x4E,
	0x00, 0x00, 0x49, 0x68, 0xB9, 0x01, 0x48, 0x05, 0x4D, 0x49, 0x68, 0x61,
	0xB0, 0x40, 0x52, 0x58, 0xB9, 0x05, 0x4D, 0x00, 0x40, 0x38, 0xB8, 0x05,
	0x4D, 0x11, 0x37, 0xB9, 0x05, 0x4D, 0xFF, 0xC0, 0x38, 0x59, 0x01, 0x16,
	0x07, 0x26, 0x23, 0x22, 0x06, 0x23, 0x22, 0x27, 0x0E, 0x01, 0x23, 0x22,
	0x27, 0x0E, 0x01, 0x07, 0x16, 0x37, 0x36, 0x33, 0x32, 0x17, 0x36, 0x17,
	0x32, 0x37, 0x0E, 0x01, 0x07, 0x26, 0x23, 0x22, 0x06, 0x23, 0x22, 0x27,
	0x0E, 0x01, 0x23, 0x22, 0x27, 0x26, 0x07, 0x06, 0x23, 0x22, 0x27, 0x07,
	0x22, 0x37, 0x32, 0x17, 0x16, 0x33, 0x32, 0x36, 0x33, 0x32, 0x17, 0x37,
	0x0E, 0x01, 0x07, 0x26, 0x27, 0x06, 0x27, 0x26, 0x23, 0x22, 0x0E, 0x01,
	0x07, 0x26, 0x23, 0x22, 0x06, 0x23, 0x06, 0x16, 0x17, 0x16, 0x37, 0x36,
	0x33, 0x32, 0x17, 0x16, 0x33, 0x32, 0x36, 0x33, 0x32, 0x17, 0x26, 0x23,
	0x22, 0x07, 0x22, 0x23, 0x22, 0x27, 0x06, 0x23, 0x22, 0x26, 0x23, 0x22,
	0x07, 0x26, 0x07, 0x06, 0x31, 0x06, 0x16, 0x36, 0x17, 0x1E, 0x01, 0x17,
	0x16, 0x07, 0x26, 0x27, 0x26, 0x27, 0x26, 0x23, 0x22, 0x07, 0x36, 0x27,
	0x06, 0x07, 0x16, 0x17, 0x16, 0x37, 0x16, 0x14, 0x17, 0x06, 0x33, 0x36,
	0x35, 0x34, 0x27, 0x2E, 0x01, 0x35, 0x34, 0x37, 0x2E, 0x01, 0x23, 0x22,
	0x07, 0x16, 0x17, 0x06, 0x16, 0x15, 0x14, 0x07, 0x26, 0x27, 0x26, 0x27,
	0x34, 0x27, 0x22, 0x27, 0x06, 0x15, 0x14, 0x16, 0x15, 0x14, 0x07, 0x16,
	0x15, 0x14, 0x06, 0x15, 0x06, 0x31, 0x26, 0x36, 0x35, 0x34, 0x27, 0x26,
	0x27, 0x34, 0x35, 0x26, 0x27, 0x34, 0x36, 0x35, 0x34, 0x23, 0x22, 0x07,
	0x16, 0x15, 0x14, 0x06, 0x07, 0x23, 0x26, 0x36, 0x35, 0x34, 0x27, 0x37,
	0x26, 0x27, 0x06, 0x15, 0x14, 0x16, 0x07, 0x06, 0x15, 0x14, 0x16, 0x15,
	0x14, 0x07, 0x26, 0x36, 0x35, 0x34, 0x27, 0x34, 0x36, 0x35, 0x34, 0x27,
	0x37, 0x26, 0x27, 0x06, 0x15, 0x14, 0x16, 0x15, 0x14, 0x07, 0x0E, 0x01,
	0x07, 0x06, 0x31, 0x36, 0x35, 0x3C, 0x01, 0x35, 0x34, 0x37, 0x36, 0x26,
	0x37, 0x26, 0x27, 0x06, 0x07, 0x26, 0x23, 0x22, 0x31, 0x0E, 0x01, 0x07,
	0x06, 0x07, 0x36, 0x37, 0x36, 0x17, 0x37, 0x26, 0x27, 0x26, 0x23, 0x0E,
	0x01, 0x0F, 0x01, 0x36, 0x37, 0x36, 0x31, 0x36, 0x37, 0x36, 0x37, 0x26,
	0x27, 0x06, 0x07, 0x06, 0x07, 0x23, 0x34, 0x37, 0x36, 0x31, 0x36, 0x37,
	0x36, 0x37, 0x3E, 0x01, 0x37, 0x26, 0x35, 0x26, 0x27, 0x07, 0x06, 0x26,
	0x23, 0x22, 0x07, 0x36, 0x33, 0x32, 0x17, 0x16, 0x33, 0x32, 0x36, 0x37,
	0x36, 0x16, 0x17, 0x36, 0x35, 0x34, 0x27, 0x26, 0x37, 0x26, 0x23, 0x22,
	0x06, 0x23, 0x22, 0x27, 0x06, 0x07, 0x27, 0x36, 0x33, 0x32, 0x17, 0x32,
	0x36, 0x33, 0x32, 0x17, 0x36, 0x37, 0x36, 0x37, 0x26, 0x23, 0x22, 0x23,
	0x2E, 0x01, 0x27, 0x36, 0x33, 0x32, 0x16, 0x33, 0x32, 0x37, 0x26, 0x37,
	0x26, 0x27, 0x26, 0x27, 0x1E, 0x01, 0x17, 0x36, 0x37, 0x26, 0x27, 0x26,
	0x27, 0x35, 0x1E, 0x01, 0x17, 0x3E, 0x01, 0x35, 0x34, 0x27, 0x2E, 0x01,
	0x2F, 0x01, 0x36, 0x33, 0x32, 0x16, 0x17, 0x06, 0x16, 0x17, 0x16, 0x36,
	0x37, 0x2E, 0x01, 0x27, 0x35, 0x36, 0x16, 0x17, 0x1E, 0x01, 0x17, 0x36,
	0x37, 0x36, 0x35, 0x34, 0x27, 0x26, 0x37, 0x34, 0x27, 0x16, 0x07, 0x14,
	0x1F, 0x01, 0x37, 0x30, 0x27, 0x26, 0x37, 0x3E, 0x01, 0x35, 0x34, 0x27,
	0x16, 0x07, 0x06, 0x15, 0x14, 0x16, 0x07, 0x36, 0x37, 0x36, 0x35, 0x34,
	0x27, 0x36, 0x27, 0x32, 0x17, 0x15, 0x36, 0x37, 0x36, 0x37, 0x36, 0x37,
	0x36, 0x17, 0x06, 0x07, 0x06, 0x07, 0x16, 0x31, 0x06, 0x07, 0x16, 0x33,
	0x32, 0x37, 0x16, 0x33, 0x32, 0x36, 0x33, 0x06, 0x07, 0x06, 0x07, 0x06,
	0x27, 0x06, 0x07, 0x16, 0x33, 0x32, 0x37, 0x36, 0x17, 0x36, 0x37, 0x36,
	0x17, 0x0E, 0x01, 0x07, 0x26, 0x23, 0x22, 0x07, 0x06, 0x17, 0x16, 0x37,
	0x16, 0x37, 0x36, 0x33, 0x32, 0x16, 0x33, 0x32, 0x37, 0x06, 0x23, 0x26,
	0x0E, 0x01, 0x23, 0x22, 0x27, 0x0E, 0x01, 0x07, 0x16, 0x37, 0x36, 0x17,
	0x36, 0x37, 0x36, 0x33, 0x0E, 0x01, 0x07, 0x06, 0x26, 0x07, 0x30, 0x07,
	0x32, 0x16, 0x33, 0x32, 0x37, 0x3E, 0x01, 0x37, 0x06, 0x07, 0x06, 0x23,
	0x22, 0x27, 0x06, 0x2F, 0x01, 0x06, 0x17, 0x16, 0x33, 0x32, 0x36, 0x33,
	0x32, 0x17, 0x37, 0x16, 0x06, 0x15, 0x26, 0x23, 0x22, 0x06, 0x23, 0x16,
	0x17, 0x36, 0x37, 0x32, 0x36, 0x35, 0x16, 0x33, 0x32, 0x37, 0x06, 0x07,
	0x06, 0x07, 0x06, 0x26, 0x07, 0x06, 0x17, 0x36, 0x37, 0x33, 0x15, 0x06,
	0x07, 0x06, 0x27, 0x16, 0x17, 0x16, 0x31, 0x3E, 0x01, 0x35, 0x34, 0x27,
	0x3E, 0x01, 0x37, 0x17, 0x06, 0x07, 0x16, 0x07, 0x0E, 0x01, 0x07, 0x06,
	0x15, 0x16, 0x37, 0x16, 0x17, 0x26, 0x36, 0x35, 0x34, 0x27, 0x26, 0x37,
	0x16, 0x15, 0x14, 0x06, 0x15, 0x16, 0x17, 0x16, 0x07, 0x0E, 0x01, 0x15,
	0x14, 0x17, 0x36, 0x16, 0x33, 0x32, 0x37, 0x3E, 0x02, 0x35, 0x34, 0x26,
	0x35, 0x34, 0x37, 0x16, 0x06, 0x07, 0x06, 0x16, 0x15, 0x14, 0x0F, 0x01,
	0x16, 0x17, 0x36, 0x35, 0x34, 0x27, 0x26, 0x37, 0x36, 0x35, 0x3E, 0x01,
	0x37, 0x16, 0x06, 0x17, 0x0E, 0x01, 0x15, 0x14, 0x16, 0x07, 0x06, 0x15,
	0x14, 0x1F, 0x01, 0x36, 0x35, 0x36, 0x37, 0x36, 0x35, 0x34, 0x26, 0x35,
	0x34, 0x37, 0x33, 0x06, 0x16, 0x07, 0x06, 0x17, 0x16, 0x37, 0x36, 0x27,
	0x26, 0x37, 0x2E, 0x01, 0x35, 0x34, 0x37, 0x16, 0x17, 0x16, 0x31, 0x16,
	0x07, 0x06, 0x15, 0x14, 0x16, 0x33, 0x32, 0x36, 0x33, 0x36, 0x35, 0x34,
	0x27, 0x26, 0x35, 0x34, 0x36, 0x33, 0x06, 0x15, 0x14, 0x16, 0x15, 0x14,
	0x07, 0x0E, 0x01, 0x15, 0x14, 0x17, 0x36, 0x37, 0x36, 0x37, 0x30, 0x27,
	0x34, 0x37, 0x2E, 0x01, 0x35, 0x34, 0x37, 0x06, 0x17, 0x16, 0x15, 0x14,
	0x06, 0x15, 0x14, 0x17, 0x36, 0x35, 0x3C, 0x01, 0x35, 0x34, 0x37, 0x26,
	0x35, 0x34, 0x37, 0x36, 0x37, 0x16, 0x06, 0x15, 0x14, 0x17, 0x16, 0x06,
	0x15, 0x14, 0x17, 0x3E, 0x01, 0x33, 0x32, 0x17, 0x36, 0x37, 0x06, 0x07,
	0x0E, 0x01, 0x07, 0x33, 0x36, 0x33, 0x32, 0x17, 0x32, 0x33, 0x32, 0x37,
	0x17, 0x0E, 0x01, 0x07, 0x26, 0x0F, 0x01, 0x16, 0x17, 0x37, 0x16, 0x15,
	0x06, 0x07, 0x26, 0x23, 0x22, 0x07, 0x16, 0x06, 0x15, 0x14, 0x17, 0x16,
	0x36, 0x33, 0x32, 0x17, 0x16, 0x36, 0x33, 0x32, 0x17, 0x27, 0x06, 0x07,
	0x06, 0x15, 0x06, 0x17, 0x37, 0x27, 0x37, 0x17, 0x07, 0x36, 0x27, 0x26,
	0x31, 0x34, 0x37, 0x23, 0x26, 0x37, 0x34, 0x15, 0x26, 0x07, 0x16, 0x15,
	0x14, 0x07, 0x06, 0x07, 0x27, 0x3E, 0x01, 0x35, 0x34, 0x27, 0x37, 0x26,
	0x06, 0x27, 0x30, 0x17, 0x14, 0x07, 0x26, 0x37, 0x36, 0x27, 0x26, 0x23,
	0x06, 0x31, 0x26, 0x23, 0x22, 0x07, 0x06, 0x07, 0x27, 0x26, 0x37, 0x36,
	0x27, 0x07, 0x27, 0x26, 0x07, 0x26, 0x23, 0x22, 0x06, 0x07, 0x27, 0x36,
	0x2F, 0x01, 0x07, 0x06, 0x07, 0x26, 0x35, 0x34, 0x36, 0x35, 0x34, 0x27,
	0x36, 0x27, 0x26, 0x27, 0x0E, 0x01, 0x07, 0x22, 0x27, 0x36, 0x26, 0x37,
	0x36, 0x35, 0x34, 0x26, 0x27, 0x15, 0x06, 0x27, 0x3E, 0x01, 0x37, 0x36,
	0x27, 0x26, 0x27, 0x06, 0x07, 0x06, 0x07, 0x26, 0x35, 0x34, 0x36, 0x37,
	0x17, 0x37, 0x2E, 0x01, 0x27, 0x06, 0x07, 0x06, 0x07, 0x27, 0x37, 0x32,
	0x36, 0x17, 0x27, 0x26, 0x07, 0x06, 0x27, 0x37, 0x36, 0x35, 0x34, 0x27,
	0x26, 0x37, 0x15, 0x06, 0x23, 0x22, 0x23, 0x26, 0x35, 0x34, 0x36, 0x27,
	0x26, 0x35, 0x34, 0x36, 0x35, 0x34, 0x27, 0x06, 0x27, 0x36, 0x37, 0x36,
	0x27, 0x36, 0x37, 0x26, 0x27, 0x26, 0x37, 0x32, 0x17, 0x36, 0x37, 0x36,
	0x31, 0x06, 0x27, 0x26, 0x36, 0x37, 0x17, 0x36, 0x37, 0x06, 0x07, 0x06,
	0x07, 0x06, 0x27, 0x0E, 0x01, 0x07, 0x16, 0x07, 0x27, 0x22, 0x07, 0x06,
	0x31, 0x14, 0x16, 0x15, 0x14, 0x07, 0x26, 0x27, 0x26, 0x31, 0x07, 0x27,
	0x07, 0x1E, 0x01, 0x17, 0x07, 0x06, 0x27, 0x0E, 0x01, 0x07, 0x1E, 0x01,
	0x17, 0x07, 0x06, 0x26, 0x23, 0x0E, 0x01, 0x07, 0x16, 0x37, 0x30, 0x17,
	0x16, 0x07, 0x06, 0x27, 0x26, 0x37, 0x06, 0x07, 0x16, 0x33, 0x32, 0x36,
	0x33, 0x32, 0x17, 0x06, 0x07, 0x06, 0x15, 0x14, 0x16, 0x17, 0x16, 0x37,
	0x17, 0x30, 0x07, 0x06, 0x26, 0x27, 0x07, 0x16, 0x17, 0x16, 0x37, 0x17,
	0x16, 0x07, 0x27, 0x07, 0x26, 0x23, 0x06, 0x17, 0x36, 0x37, 0x17, 0x0E,
	0x01, 0x27, 0x06, 0x16, 0x17, 0x36, 0x33, 0x32, 0x16, 0x33, 0x32, 0x37,
	0x16, 0x15, 0x0E, 0x01, 0x07, 0x06, 0x16, 0x07, 0x16, 0x37, 0x17, 0x06,
	0x07, 0x16, 0x17, 0x32, 0x37, 0x17, 0x3E, 0x01, 0x37, 0x17, 0x06, 0x07,
	0x16, 0x17, 0x36, 0x37, 0x16, 0x15, 0x14, 0x06, 0x07, 0x16, 0x17, 0x32,
	0x37, 0x36, 0x27, 0x30, 0x17, 0x06, 0x07, 0x14, 0x17, 0x16, 0x33, 0x37,
	0x16, 0x37, 0x26, 0x35, 0x34, 0x36, 0x37, 0x17, 0x0E, 0x01, 0x1F, 0x01,
	0x3E, 0x01, 0x35, 0x34, 0x27, 0x36, 0x17, 0x16, 0x07, 0x17, 0x06, 0x27,
	0x15, 0x36, 0x33, 0x32, 0x16, 0x33, 0x32, 0x37, 0x26, 0x35, 0x36, 0x37,
	0x16, 0x15, 0x14, 0x06, 0x07, 0x36, 0x17, 0x3E, 0x01, 0x35, 0x34, 0x27,
	0x26, 0x37, 0x17, 0x16, 0x07, 0x14, 0x31, 0x37, 0x32, 0x17, 0x3E, 0x01,
	0x17, 0x36, 0x27, 0x26, 0x35, 0x34, 0x37, 0x16, 0x17, 0x14, 0x07, 0x16,
	0x36, 0x33, 0x32, 0x17, 0x34, 0x37, 0x30, 0x27, 0x26, 0x37, 0x32, 0x17,
	0x16, 0x07, 0x1E, 0x01, 0x37, 0x36, 0x37, 0x06, 0x27, 0x37, 0x36, 0x33,
	0x32, 0x17, 0x37, 0x34, 0x26, 0x35, 0x34, 0x37, 0x27, 0x37, 0x32, 0x1E,
	0x01, 0x37, 0x36, 0x33, 0x27, 0x26, 0x37, 0x32, 0x16, 0x17, 0x03, 0x35,
	0x01, 0x07, 0x06, 0x05, 0x0A, 0x1F, 0x09, 0x07, 0x08, 0x07, 0x1B, 0x0A,
	0x05, 0x05, 0x04, 0x18, 0x02, 0x0C, 0x0F, 0x15, 0x06, 0x07, 0x05, 0x0C,
	0x16, 0x1B, 0x09, 0x04, 0x0E, 0x07, 0x06, 0x07, 0x06, 0x18, 0x05, 0x06,
	0x06, 0x03, 0x1A, 0x06, 0x06, 0x04, 0x02, 0x0A, 0x0A, 0x03, 0x03, 0x02,
	0x25, 0x03, 0x1F, 0x11, 0x07, 0x03, 0x03, 0x07, 0x16, 0x05, 0x08, 0x06,
	0x18, 0x02, 0x0F, 0x07, 0x07, 0x0E, 0x14, 0x13, 0x10, 0x06, 0x04, 0x06,
	0x0F, 0x02, 0x05, 0x07, 0x06, 0x1A, 0x07, 0x02, 0x08, 0x03, 0x06, 0x08,
	0x09, 0x02, 0x07, 0x04, 0x07, 0x12, 0x04, 0x10, 0x04, 0x13, 0x05, 0x0B,
	0x16, 0x04, 0x08, 0x07, 0x04, 0x18, 0x0B, 0x06, 0x06, 0x08, 0x15, 0x06,
	0x05, 0x05, 0x04, 0x05, 0x09, 0x01, 0x06, 0x11, 0x02, 0x04, 0x3B, 0x06,
	0x08, 0x02, 0x06, 0x14, 0x0F, 0x10, 0x18, 0x0D, 0x06, 0x05, 0x03, 0x0C,
	0x0B, 0x13, 0x0B, 0x07, 0x06, 0x15, 0x06, 0x03, 0x0A, 0x01, 0x03, 0x03,
	0x0B, 0x18, 0x02, 0x09, 0x1B, 0x09, 0x07, 0x09, 0x0D, 0x02, 0x01, 0x16,
	0x03, 0x02, 0x06, 0x05, 0x0B, 0x1B, 0x0A, 0x11, 0x04, 0x05, 0x01, 0x09,
	0x06, 0x09, 0x01, 0x0B, 0x01, 0x0B, 0x01, 0x02, 0x07, 0x06, 0x12, 0x10,
	0x08, 0x06, 0x11, 0x01, 0x03, 0x01, 0x0E, 0x04, 0x09, 0x0F, 0x25, 0x03,
	0x07, 0x01, 0x06, 0x03, 0x0F, 0x01, 0x0B, 0x07, 0x09, 0x09, 0x09, 0x0C,
	0x1B, 0x06, 0x03, 0x06, 0x0B, 0x07, 0x03, 0x09, 0x09, 0x0F, 0x05, 0x07,
	0x08, 0x11, 0x13, 0x03, 0x0F, 0x01, 0x05, 0x06, 0x08, 0x07, 0x03, 0x0E,
	0x1A, 0x27, 0x0A, 0x0E, 0x07, 0x12, 0x04, 0x08, 0x05, 0x0A, 0x04, 0x3C,
	0x06, 0x1B, 0x01, 0x09, 0x0E, 0x07, 0x21, 0x1D, 0x04, 0x05, 0x13, 0x08,
	0x22, 0x27, 0x0A, 0x03, 0x09, 0x0F, 0x12, 0x11, 0x15, 0x02, 0x01, 0x0F,
	0x02, 0x03, 0x08, 0x1D, 0x21, 0x07, 0x16, 0x04, 0x06, 0x06, 0x05, 0x0F,
	0x08, 0x05, 0x04, 0x04, 0x07, 0x17, 0x04, 0x08, 0x0F, 0x08, 0x03, 0x03,
	0x02, 0x02, 0x05, 0x05, 0x07, 0x1B, 0x09, 0x07, 0x07, 0x0A, 0x14, 0x03,
	0x15, 0x15, 0x08, 0x07, 0x09, 0x0F, 0x07, 0x02, 0x04, 0x05, 0x02, 0x04,
	0x01, 0x03, 0x08, 0x0D, 0x01, 0x05, 0x1C, 0x03, 0x05, 0x05, 0x08, 0x1F,
	0x06, 0x0B, 0x04, 0x02, 0x05, 0x08, 0x20, 0x1B, 0x06, 0x09, 0x36, 0x0A,
	0x07, 0x08, 0x0A, 0x09, 0x0C, 0x12, 0x0E, 0x18, 0x0B, 0x01, 0x10, 0x08,
	0x0B, 0x0D, 0x0C, 0x06, 0x02, 0x02, 0x04, 0x10, 0x03, 0x01, 0x13, 0x09,
	0x0C, 0x0E, 0x04, 0x0B, 0x04, 0x0C, 0x05, 0x01, 0x03, 0x09, 0x03, 0x0F,
	0x03, 0x0E, 0x0C, 0x05, 0x0D, 0x01, 0x03, 0x0A, 0x01, 0x03, 0x12, 0x18,
	0x08, 0x05, 0x01, 0x01, 0x0D, 0x02, 0x0E, 0x0B, 0x09, 0x0D, 0x01, 0x04,
	0x13, 0x0F, 0x01, 0x0C, 0x09, 0x03, 0x06, 0x03, 0x0F, 0x0B, 0x01, 0x09,
	0x0B, 0x09, 0x10, 0x10, 0x05, 0x07, 0x0B, 0x06, 0x07, 0x17, 0x0A, 0x0D,
	0x0C, 0x0A, 0x06, 0x06, 0x05, 0x15, 0x04, 0x06, 0x16, 0x1D, 0x06, 0x0D,
	0x08, 0x24, 0x06, 0x06, 0x07, 0x03, 0x11, 0x0C, 0x09, 0x04, 0x03, 0x04,
	0x04, 0x06, 0x23, 0x07, 0x0B, 0x09, 0x0E, 0x06, 0x08, 0x02, 0x02, 0x04,
	0x05, 0x0B, 0x05, 0x0B, 0x03, 0x0E, 0x03, 0x07, 0x05, 0x01, 0x0E, 0x12,
	0x06, 0x0D, 0x03, 0x05, 0x04, 0x10, 0x08, 0x03, 0x06, 0x0A, 0x0C, 0x06,
	0x06, 0x13, 0x1F, 0x01, 0x03, 0x2E, 0x02, 0x05, 0x1E, 0x05, 0x03, 0x04,
	0x10, 0x03, 0x07, 0x04, 0x05, 0x27, 0x07, 0x06, 0x05, 0x08, 0x07, 0x04,
	0x03, 0x1A, 0x0E, 0x03, 0x05, 0x02, 0x07, 0x06, 0x06, 0x13, 0x06, 0x04,
	0x04, 0x0F, 0x01, 0x0D, 0x06, 0x04, 0x07, 0x13, 0x0A, 0x04, 0x0B, 0x05,
	0x13, 0x10, 0x09, 0x04, 0x05, 0x05, 0x16, 0x03, 0x14, 0x17, 0x05, 0x03,
	0x15, 0x03, 0x01, 0x13, 0x1F, 0x1D, 0x06, 0x06, 0x12, 0x0F, 0x0F, 0x02,
	0x0A, 0x12, 0x04, 0x1D, 0x06, 0x03, 0x18, 0x03, 0x03, 0x08, 0x10, 0x05,
	0x03, 0x05, 0x01, 0x0C, 0x08, 0x09, 0x06, 0x04, 0x0B, 0x01, 0x1B, 0x08,
	0x02, 0x11, 0x04, 0x0A, 0x03, 0x02, 0x03, 0x05, 0x01, 0x13, 0x02, 0x06,
	0x13, 0x03, 0x05, 0x03, 0x01, 0x10, 0x04, 0x07, 0x17, 0x01, 0x0F, 0x01,
	0x02, 0x08, 0x06, 0x13, 0x14, 0x1A, 0x09, 0x06, 0x04, 0x01, 0x03, 0x0A,
	0x03, 0x05, 0x03, 0x04, 0x04, 0x01, 0x0F, 0x0C, 0x03, 0x06, 0x07, 0x18,
	0x05, 0x04, 0x06, 0x03, 0x06, 0x0F, 0x03, 0x12, 0x15, 0x0F, 0x07, 0x01,
	0x12, 0x18, 0x04, 0x01, 0x01, 0x0D, 0x01, 0x16, 0x02, 0x05, 0x03, 0x04,
	0x11, 0x02, 0x0C, 0x06, 0x04, 0x02, 0x0A, 0x03, 0x11, 0x02, 0x10, 0x0F,
	0x01, 0x0B, 0x17, 0x06, 0x01, 0x04, 0x08, 0x0D, 0x06, 0x0A, 0x04, 0x01,
	0x07, 0x01, 0x0E, 0x09, 0x04, 0x04, 0x0C, 0x05, 0x02, 0x0F, 0x09, 0x06,
	0x08, 0x06, 0x07, 0x01, 0x10, 0x09, 0x03, 0x10, 0x07, 0x06, 0x18, 0x09,
	0x04, 0x05, 0x0C, 0x2B, 0x1E, 0x25, 0x05, 0x09, 0x04, 0x21, 0x04, 0x08,
	0x02, 0x03, 0x04, 0x02, 0x06, 0x05, 0x03, 0x05, 0x1F, 0x04, 0x14, 0x0D,
	0x09, 0x05, 0x16, 0x06, 0x03, 0x08, 0x0D, 0x05, 0x05, 0x06, 0x11, 0x01,
	0x04, 0x06, 0x0A, 0x1F, 0x07, 0x06, 0x06, 0x0B, 0x1F, 0x08, 0x05, 0x06,
	0x7F, 0x06, 0x0B, 0x13, 0x02, 0x0E, 0x06, 0x09, 0x06, 0x06, 0x15, 0x02,
	0x04, 0x07, 0x03, 0x03, 0x04, 0x01, 0x10, 0x0B, 0x03, 0x06, 0x09, 0x01,
	0x06, 0x01, 0x09, 0x04, 0x03, 0x06, 0x18, 0x06, 0x01, 0x0A, 0x07, 0x01,
	0x08, 0x0B, 0x04, 0x0A, 0x0D, 0x05, 0x03, 0x09, 0x01, 0x01, 0x08, 0x03,
	0x03, 0x02, 0x02, 0x01, 0x03, 0x03, 0x04, 0x05, 0x09, 0x06, 0x05, 0x0E,
	0x0C, 0x03, 0x10, 0x04, 0x1B, 0x06, 0x03, 0x0F, 0x01, 0x0C, 0x02, 0x02,
	0x0B, 0x0B, 0x0A, 0x05, 0x05, 0x05, 0x04, 0x05, 0x03, 0x01, 0x07, 0x05,
	0x1B, 0x02, 0x0C, 0x12, 0x02, 0x06, 0x07, 0x02, 0x0B, 0x11, 0x01, 0x05,
	0x0C, 0x10, 0x04, 0x03, 0x0B, 0x01, 0x03, 0x10, 0x05, 0x09, 0x0B, 0x01,
	0x0B, 0x10, 0x02, 0x06, 0x06, 0x08, 0x10, 0x09, 0x0F, 0x03, 0x08, 0x09,
	0x04, 0x09, 0x0D, 0x03, 0x02, 0x01, 0x02, 0x05, 0x07, 0x01, 0x07, 0x19,
	0x03, 0x01, 0x04, 0x06, 0x09, 0x0C, 0x03, 0x13, 0x0E, 0x03, 0x04, 0x0B,
	0x04, 0x08, 0x01, 0x04, 0x01, 0x0B, 0x07, 0x06, 0x09, 0x02, 0x04, 0x02,
	0x05, 0x03, 0x06, 0x0A, 0x1A, 0x10, 0x03, 0x0B, 0x03, 0x05, 0x07, 0x03,
	0x15, 0x04, 0x09, 0x09, 0x06, 0x06, 0x07, 0x0B, 0x0F, 0x03, 0x07, 0x05,
	0x09, 0x0C, 0x03, 0x06, 0x01, 0x12, 0x02, 0x03, 0x17, 0x04, 0x05, 0x05,
	0x05, 0x05, 0x05, 0x05, 0x06, 0x06, 0x07, 0x02, 0x08, 0x04, 0x06, 0x08,
	0x04, 0x07, 0x04, 0x02, 0x03, 0x04, 0x17, 0x03, 0x01, 0x05, 0x03, 0x04,
	0x02, 0x08, 0x02, 0x05, 0x03, 0x05, 0x1C, 0x04, 0x08, 0x05, 0x05, 0x04,
	0x03, 0x09, 0x05, 0x0C, 0x01, 0x03, 0x06, 0x07, 0x07, 0x04, 0x03, 0x02,
	0x0B, 0x03, 0x03, 0x02, 0x07, 0x03, 0x0C, 0x02, 0x07, 0x06, 0x03, 0x05,
	0x07, 0x02, 0x05, 0x03, 0x01, 0x04, 0x02, 0x08, 0x02, 0x05, 0x02, 0x03,
	0x03, 0x0D, 0x05, 0x02, 0x13, 0x02, 0x17, 0x07, 0x06, 0x02, 0x16, 0x0A,
	0x0B, 0x02, 0x04, 0x03, 0x06, 0x06, 0x03, 0x06, 0x03, 0x0C, 0x10, 0x02,
	0x14, 0x10, 0x02, 0x12, 0x02, 0x0B, 0x16, 0x01, 0x10, 0x09, 0x01, 0x09,
	0x03, 0x0C, 0x05, 0x09, 0x01, 0x03, 0x08, 0x04, 0x04, 0x0F, 0x01, 0x06,
	0x03, 0x08, 0x02, 0x1B, 0x01, 0x08, 0x03, 0x04, 0x02, 0x0D, 0x04, 0x03,
	0x04, 0x02, 0x04, 0x04, 0x04, 0x0E, 0x03, 0x0A, 0x03, 0x03, 0x01, 0x05,
	0x0A, 0x06, 0x01, 0x0A, 0x12, 0x03, 0x03, 0x09, 0x02, 0x05, 0x09, 0x0A,
	0x01, 0x03, 0x03, 0x06, 0x05, 0x0B, 0x05, 0x03, 0x0C, 0x03, 0x09, 0x04,
	0x0E, 0x03, 0x06, 0x0F, 0x04, 0x02, 0x03, 0x03, 0x0C, 0x01, 0x07, 0x04,
	0x05, 0x01, 0x04, 0x05, 0x09, 0x07, 0x0A, 0x0E, 0x04, 0x08, 0x06, 0x03,
	0x04, 0x0D, 0x02, 0x06, 0x0D, 0x03, 0x03, 0x03, 0x06, 0x04, 0x06, 0x06,
	0x08, 0x01, 0x0C, 0x02, 0x05, 0x04, 0x07, 0x04, 0x01, 0x00, 0x04, 0x08,
	0x03, 0x18, 0x06, 0x01, 0x13, 0x02, 0x07, 0x0B, 0x09, 0x0F, 0x03, 0x0F,
	0x06, 0x0A, 0x01, 0x03, 0x06, 0x04, 0x02, 0x05, 0x0D, 0x05, 0x01, 0x0B,
	0x03, 0x03, 0x06, 0x09, 0x03, 0x1B, 0x01, 0x0D, 0x01, 0x0D, 0x09, 0x03,
	0x05, 0x05, 0x02, 0x04, 0x08, 0x14, 0x08, 0x0F, 0x08, 0x02, 0x02, 0x05,
	0x0E, 0x05, 0x07, 0x03, 0x02, 0x02, 0x02, 0x05, 0x10, 0x02, 0x14, 0x10,
	0x01, 0x13, 0x05, 0x13, 0x05, 0x04, 0x02, 0x05, 0x08, 0x02, 0x01, 0x04,
	0x14, 0x09, 0x0D, 0x08, 0x04, 0x0F, 0x04, 0x03, 0x02, 0x1E, 0x03, 0x0C,
	0x04, 0x01, 0x05, 0x04, 0x1A, 0x16, 0x03, 0x02, 0x13, 0x03, 0x06, 0x04,
	0x05, 0x06, 0x03, 0x06, 0x0D, 0x0B, 0x04, 0x05, 0x03, 0x1A, 0x04, 0x13,
	0x18, 0x09, 0x1A, 0x07, 0x04, 0x05, 0x02, 0x12, 0x0D, 0x03, 0x22, 0x1E,
	0x06, 0x06, 0x08, 0x05, 0x17, 0x06, 0x05, 0x05, 0x03, 0x06, 0x04, 0x0E,
	0x03, 0x06, 0x05, 0x0D, 0x04, 0x02, 0x03, 0x06, 0x0B, 0x0B, 0x0A, 0x08,
	0x06, 0x02, 0x0A, 0x02, 0x0A, 0x12, 0x0A, 0x0B, 0x0B, 0x26, 0x09, 0x0D,
	0x2A, 0x0B, 0x09, 0x0A, 0x0C, 0x16, 0x05, 0x04, 0x05, 0x03, 0x11, 0x04,
	0x08, 0x0D, 0x06, 0x17, 0x05, 0x12, 0x06, 0x06, 0x11, 0x04, 0x05, 0x04,
	0x07, 0x1A, 0x07, 0x0A, 0x08, 0x1B, 0x0C, 0x12, 0x04, 0x07, 0x03, 0x0B,
	0x03, 0x07, 0x04, 0x08, 0x1C, 0x0C, 0x07, 0x08, 0x0F, 0x02, 0x09, 0x02,
	0x11, 0x08, 0x06, 0x1B, 0x06, 0x20, 0x01, 0x16, 0x08, 0x03, 0x04, 0x19,
	0x04, 0x04, 0x0B, 0x14, 0x1F, 0x08, 0x02, 0x1E, 0x03, 0x0F, 0x0C, 0x14,
	0x14, 0x0E, 0x06, 0x05, 0x03, 0x04, 0x0F, 0x0C, 0x0B, 0x17, 0x0D, 0x17,
	0x1A, 0x09, 0x0A, 0x0D, 0x09, 0x06, 0x0A, 0x04, 0x03, 0x07, 0x13, 0x05,
	0x01, 0x03, 0x06, 0x0F, 0x05, 0x07, 0x15, 0x01, 0x0A, 0x06, 0x0C, 0x06,
	0x02, 0x12, 0x02, 0x02, 0x06, 0x02, 0x07, 0x08, 0x04, 0x10, 0x0D, 0x09,
	0x04, 0x15, 0x05, 0x06, 0x0C, 0x03, 0x16, 0x04, 0x17, 0x02, 0x07, 0x0C,
	0x13, 0x02, 0x06, 0x06, 0x0D, 0x02, 0x03, 0x12, 0x15, 0x06, 0x09, 0x0B,
	0x0F, 0x0D, 0x12, 0x0C, 0x10, 0x0E, 0x04, 0x1A, 0x11, 0x11, 0x15, 0x06,
	0x0C, 0x08, 0x22, 0x10, 0x06, 0x18, 0x07, 0x08, 0x07, 0x03, 0x27, 0x03,
	0x06, 0x01, 0x0C, 0x01, 0x0C, 0x15, 0x09, 0x02, 0x1D, 0x03, 0x05, 0x2D,
	0x07, 0x09, 0x01, 0x0C, 0x01, 0x04, 0x2B, 0x01, 0x06, 0x0E, 0x0B, 0x09,
	0x06, 0x08, 0x07, 0x13, 0x1A, 0x05, 0x05, 0x0E, 0x11, 0x06, 0x1E, 0x15,
	0x16, 0x0D, 0x0A, 0x03, 0x10, 0x05, 0x03, 0x04, 0x03, 0x16, 0x05, 0x08,
	0x05, 0x17, 0x07, 0x06, 0x05, 0x04, 0x0A, 0x04, 0x04, 0x0B, 0x1D, 0x03,
	0x34, 0x05, 0x03, 0x02, 0x08, 0x04, 0x18, 0x14, 0x02, 0x03, 0x16, 0x1A,
	0x07, 0x09, 0x05, 0x0A, 0x0D, 0x0A, 0x06, 0x0C, 0x0E, 0x03, 0x03, 0x04,
	0x02, 0x0B, 0x08, 0x16, 0x0C, 0x0A, 0x07, 0x0B, 0x02, 0x02, 0x02, 0x03,
	0x05, 0x05, 0x08, 0x06, 0x0F, 0x0A, 0x0B, 0x01, 0x04, 0x08, 0x02, 0x0B,
	0x03, 0x04, 0x0A, 0x01, 0x04, 0x0B, 0x09, 0x04, 0x22, 0x11, 0x03, 0x02,
	0x02, 0x01, 0x0E, 0x05, 0x08, 0x0A, 0x07, 0x10, 0x03, 0x01, 0x0A, 0x24,
	0x06, 0x06, 0x0F, 0x05, 0x07, 0x06, 0x06, 0x08, 0x02, 0x19, 0x01, 0x03,
	0x1D, 0x04, 0x05, 0x13, 0x02, 0x0C, 0x05, 0x0D, 0x03, 0x03, 0x18, 0x14,
	0x0E, 0x06, 0x01, 0x14, 0x01, 0x03, 0x0F, 0x0D, 0x08, 0x09, 0x0A, 0x03,
	0x01, 0x07, 0x0F, 0x18, 0x06, 0x1E, 0x06, 0x02, 0x14, 0x0F, 0x01, 0x09,
	0x0A, 0x11, 0x06, 0x0E, 0x07, 0x05, 0x07, 0x09, 0x0B, 0x04, 0x03, 0x05,
	0x10, 0x05, 0x08, 0x0E, 0x02, 0x07, 0x04, 0x08, 0x0D, 0x07, 0x06, 0x06,
	0x0B, 0x12, 0x05, 0x06, 0x08, 0x09, 0x0C, 0x02, 0x02, 0x02, 0x09, 0x03,
	0x08, 0x07, 0x09, 0x06, 0x05, 0x0A, 0x05, 0x03, 0x04, 0x01, 0x0E, 0x0A,
	0x05, 0x04, 0x08, 0x06, 0x07, 0x1A, 0x05, 0x10, 0x01, 0x05, 0x06, 0x04,
	0x08, 0x1C, 0x05, 0x09, 0x07, 0x0F, 0x10, 0x03, 0x04, 0x08, 0x05, 0x0E,
	0x02, 0x03, 0x06, 0x01, 0x01, 0x1A, 0x03, 0x03, 0x11, 0x04, 0x03, 0x0E,
	0x03, 0x04, 0x08, 0x06, 0x09, 0x01, 0x04, 0x03, 0x03, 0x0F, 0x01, 0x08,
	0x01, 0x02, 0x05, 0x04, 0x14, 0x04, 0x0B, 0x02, 0x09, 0x27, 0x07, 0x07,
	0x05, 0x0B, 0x02, 0x05, 0x14, 0x10, 0x05, 0x07, 0x1F, 0x0A, 0x06, 0x06,
	0x04, 0x0B, 0x12, 0x16, 0x0E, 0x0A, 0x09, 0x05, 0x09, 0x05, 0x19, 0x12,
	0x06, 0x06, 0x09, 0x0F, 0x09, 0x0C, 0x08, 0x09, 0x07, 0x1B, 0x09, 0x07,
	0x08, 0x03, 0x0A, 0x02, 0x05, 0x02, 0x04, 0x02, 0x05, 0x08, 0x0D, 0x08,
	0x03, 0x06, 0x1C, 0x07, 0x08, 0x05, 0x13, 0x05, 0x05, 0x0C, 0x04, 0x13,
	0x04, 0x04, 0x03, 0x02, 0x12, 0x03, 0x0A, 0x03, 0x0F, 0x06, 0x08, 0x08,
	0x09, 0x0D, 0x09, 0x0A, 0x07, 0x19, 0x05, 0x08, 0x06, 0x08, 0x14, 0x04,
	0x05, 0x05, 0x03, 0x20, 0x02, 0x0A, 0x0E, 0x1C, 0x05, 0x04, 0x11, 0x03,
	0x0A, 0x01, 0x06, 0x03, 0x08, 0x05, 0x08, 0x02, 0x0B, 0x13, 0x05, 0x01,
	0x09, 0x01, 0x08, 0x08, 0x04, 0x07, 0x16, 0x02, 0x09, 0x01, 0x02, 0x01,
	0x01, 0x15, 0x05, 0x01, 0x16, 0x03, 0x16, 0x07, 0x06, 0x08, 0x01, 0x0E,
	0x0D, 0x06, 0x0C, 0x06, 0x06, 0x21, 0x05, 0x04, 0x06, 0x08, 0x01, 0x02,
	0x05, 0x09, 0x01, 0x01, 0x0A, 0x04, 0x05, 0x06, 0x08, 0x0B, 0x02, 0x06,
	0x02, 0x0C, 0x04, 0x03, 0x03, 0x03, 0x05, 0x07, 0x05, 0x15, 0x0D, 0x05,
	0x08, 0x04, 0x13, 0x05, 0x04, 0x01, 0x02, 0x1B, 0x0E, 0x03, 0x03, 0x0A,
	0x0F, 0x11, 0x06, 0x03, 0x03, 0x01, 0x04, 0x0B, 0x27, 0x02, 0x03, 0x18,
	0x15, 0x0A, 0x19, 0x04, 0x08, 0x02, 0x02, 0x04, 0x0F, 0x05, 0x03, 0x02,
	0x0C, 0x05, 0x02, 0x03, 0x06, 0x1C, 0x06, 0x03, 0x04, 0x15, 0x03, 0x07,
	0x05, 0x07, 0x10, 0x07, 0x03, 0x16, 0x01, 0x06, 0x0D, 0x02, 0x0E, 0x0C,
	0x14, 0x02, 0x09, 0x04, 0x04, 0x04, 0x03, 0x03, 0x02, 0x07, 0x03, 0x03,
	0x0F, 0x0C, 0x19, 0x02, 0x07, 0x05, 0x07, 0x02, 0x06, 0x06, 0x18, 0x03,
	0x1F, 0x02, 0x02, 0x01, 0x04, 0x09, 0x01, 0x09, 0x03, 0x0C, 0x09, 0x05,
	0x03, 0x03, 0x03, 0x03, 0x02, 0x0E, 0x08, 0x03, 0x04, 0x04, 0x0F, 0x03,
	0x07, 0x03, 0x09, 0x0F, 0x05, 0x03, 0x02, 0x0B, 0x0C, 0x16, 0x02, 0x07,
	0x06, 0x09, 0x09, 0x04, 0x0B, 0x12, 0x01, 0x04, 0x05, 0x09, 0x04, 0x06,
	0x02, 0x19, 0x05, 0x01, 0x05, 0x0A, 0x01, 0x04, 0x05, 0x0A, 0x03, 0x0B,
	0x07, 0x06, 0x07, 0x0B, 0x07, 0x0D, 0x04, 0x03, 0x03, 0x01, 0x06, 0x0B,
	0x0F, 0x03, 0x09, 0x05, 0x06, 0x04, 0x03, 0x0C, 0x0F, 0x03, 0x10, 0x03,
	0x01, 0x13, 0x01, 0x06, 0x02, 0x0E, 0x03, 0x17, 0x04, 0x07, 0x01, 0x06,
	0x04, 0x05, 0x02, 0x01, 0x03, 0x01, 0x09, 0x0F, 0x03, 0x02, 0x08, 0x05,
	0x04, 0x06, 0x09, 0x09, 0x09, 0x02, 0x03, 0x05, 0x03, 0x0D, 0x01, 0x07,
	0x01, 0x28, 0x02, 0x02, 0x01, 0x08, 0x03, 0x06, 0x0C, 0x03, 0x03, 0x03,
	0x1E, 0x12, 0x04, 0x08, 0x06, 0x06, 0x0D, 0x01, 0x06, 0x0D, 0x05, 0x09,
	0x03, 0x06, 0x02, 0x07, 0x05, 0x05, 0x02, 0x09, 0x10, 0x09, 0x04, 0x14,
	0x07, 0x08, 0x10, 0x07, 0x14, 0x03, 0x03, 0x01, 0x0C, 0x05, 0x06, 0x0F,
	0x09, 0x06, 0x12, 0x04, 0x0E, 0x03, 0x03, 0x06, 0x0F, 0x03, 0x07, 0x11,
	0x0B, 0x06, 0x0A, 0x06, 0x0E, 0x0A, 0x06, 0x02, 0x04, 0x03, 0x08, 0x02,
	0x05, 0x03, 0x04, 0x0A, 0x05, 0x06, 0x06, 0x0C, 0x06, 0x06, 0x03, 0x10,
	0x05, 0x05, 0x04, 0x04, 0x01, 0x0E, 0x0D, 0x03, 0x04, 0x01, 0x06, 0x01,
	0x03, 0x0B, 0x03, 0x06, 0x06, 0x03, 0x04, 0x08, 0x05, 0x10, 0x03, 0x04,
	0x01, 0x03, 0x05, 0x03, 0x03, 0x0A, 0x06, 0x09, 0x09, 0x01, 0x0D, 0x10,
	0x03, 0x03, 0x02, 0x05, 0x01, 0x0B, 0x04, 0x02, 0x03, 0x04, 0x09, 0x07,
	0x0E, 0x04, 0x05, 0x02, 0x09, 0x01, 0x03, 0x06, 0x09, 0x0A, 0x05, 0x03,
	0x02, 0x04, 0x05, 0x0A, 0x03, 0x06, 0x12, 0x01, 0x07, 0x06, 0x03, 0x0C,
	0x06, 0x04, 0x0B, 0x03, 0x03, 0x03, 0x03, 0x03, 0x0A, 0x0A, 0x03, 0x05,
	0x09, 0x07, 0x0B, 0x0D, 0x02, 0x00, 0x00, 0x2E, 0x00, 0x00, 0x00, 0x00,
	0x02, 0xE6, 0x03, 0x20, 0x00, 0x2C, 0x00, 0x49, 0x00, 0x68, 0x00, 0x98,
	0x00, 0xB9, 0x02, 0x14, 0x02, 0x38, 0x02, 0x6D, 0x02, 0x95, 0x02, 0xBB,
	0x02, 0xE3, 0x03, 0x04, 0x03, 0x1B, 0x03, 0x35, 0x03, 0x5A, 0x03, 0x6F,
	0x03, 0x74, 0x03, 0x83, 0x03, 0xA1, 0x03, 0xA7, 0x03, 0xBA, 0x03, 0xC5,
	0x03, 0xCA, 0x03, 0xD5, 0x03, 0xE9, 0x03, 0xF2, 0x03, 0xF8, 0x04, 0x17,
	0x04, 0x34, 0x04, 0x56, 0x04, 0x5A, 0x04, 0x61, 0x04, 0x87, 0x04, 0x9D,
	0x04, 0xCD, 0x04, 0xD3, 0x04, 0xF8, 0x04, 0xFE, 0x05, 0x02, 0x05, 0x26,
	0x05, 0x29, 0x05, 0x4B, 0x05, 0x66, 0x05, 0x80, 0x05, 0x9E, 0x05, 0xB5,
	0x00, 0x00, 0x01, 0x06, 0x27, 0x26, 0x23, 0x22, 0x07, 0x2E, 0x01, 0x23,
	0x06, 0x07, 0x06, 0x07, 0x17, 0x06, 0x27, 0x2E, 0x01, 0x27, 0x36, 0x37,
	0x36, 0x37, 0x36, 0x16, 0x33, 0x37, 0x27, 0x33, 0x30, 0x17, 0x30, 0x17,
	0x16, 0x17, 0x22, 0x37, 0x36, 0x16, 0x37, 0x32, 0x17, 0x07, 0x16, 0x27,
	0x06, 0x27, 0x26, 0x31, 0x26, 0x07, 0x06, 0x07, 0x06, 0x07, 0x06, 0x07,
	0x06, 0x07, 0x26, 0x27, 0x3E, 0x01, 0x37, 0x36, 0x37, 0x36, 0x37, 0x16,
	0x37, 0x1E, 0x01, 0x17, 0x27, 0x26, 0x06, 0x23, 0x26, 0x07, 0x06, 0x07,
	0x06, 0x07, 0x06, 0x07, 0x06, 0x07, 0x26, 0x07, 0x3E, 0x01, 0x37, 0x36,
	0x37, 0x36, 0x37, 0x3E, 0x01, 0x37, 0x36, 0x17, 0x37, 0x16, 0x17, 0x13,
	0x0E, 0x01, 0x07, 0x26, 0x27, 0x37, 0x26, 0x07, 0x37, 0x26, 0x06, 0x2F,
	0x01, 0x26, 0x07, 0x26, 0x27, 0x26, 0x23, 0x22, 0x07, 0x26, 0x27, 0x36,
	0x37, 0x36, 0x35, 0x14, 0x17, 0x06, 0x15, 0x16, 0x36, 0x17, 0x16, 0x17,
	0x16, 0x17, 0x16, 0x17, 0x16, 0x17, 0x16, 0x17, 0x06, 0x17, 0x16, 0x01,
	0x06, 0x27, 0x06, 0x07, 0x0E, 0x01, 0x23, 0x07, 0x16, 0x07, 0x06, 0x07,
	0x06, 0x17, 0x06, 0x07, 0x36, 0x27, 0x34, 0x37, 0x30, 0x37, 0x36, 0x37,
	0x17, 0x34, 0x3E, 0x02, 0x33, 0x32, 0x17, 0x01, 0x22, 0x27, 0x26, 0x27,
	0x26, 0x27, 0x26, 0x31, 0x06, 0x17, 0x33, 0x06, 0x23, 0x22, 0x2E, 0x01,
	0x27, 0x06, 0x17, 0x16, 0x07, 0x32, 0x07, 0x26, 0x27, 0x2E, 0x01, 0x27,
	0x26, 0x27, 0x16, 0x17, 0x26, 0x27, 0x06, 0x15, 0x17, 0x26, 0x27, 0x26,
	0x27, 0x06, 0x17, 0x06, 0x31, 0x16, 0x17, 0x16, 0x17, 0x16, 0x37, 0x32,
	0x17, 0x16, 0x17, 0x16, 0x17, 0x1E, 0x01, 0x15, 0x14, 0x07, 0x06, 0x07,
	0x36, 0x27, 0x26, 0x37, 0x2F, 0x01, 0x26, 0x27, 0x26, 0x27, 0x30, 0x07,
	0x16, 0x17, 0x16, 0x31, 0x16, 0x17, 0x07, 0x2E, 0x01, 0x27, 0x30, 0x27,
	0x26, 0x2F, 0x01, 0x07, 0x06, 0x17, 0x06, 0x07, 0x15, 0x22, 0x07, 0x15,
	0x23, 0x36, 0x37, 0x06, 0x07, 0x06, 0x23, 0x22, 0x2F, 0x01, 0x36, 0x27,
	0x2E, 0x01, 0x23, 0x22, 0x06, 0x23, 0x06, 0x07, 0x1E, 0x01, 0x17, 0x06,
	0x17, 0x16, 0x32, 0x17, 0x06, 0x07, 0x0E, 0x01, 0x23, 0x22, 0x27, 0x22,
	0x27, 0x07, 0x27, 0x15, 0x26, 0x27, 0x26, 0x27, 0x26, 0x27, 0x30, 0x17,
	0x22, 0x17, 0x36, 0x16, 0x37, 0x16, 0x37, 0x16, 0x33, 0x32, 0x37, 0x36,
	0x37, 0x36, 0x37, 0x26, 0x27, 0x07, 0x0E, 0x01, 0x07, 0x36, 0x37, 0x27,
	0x0E, 0x01, 0x07, 0x26, 0x07, 0x26, 0x07, 0x26, 0x22, 0x2F, 0x01, 0x06,
	0x15, 0x26, 0x35, 0x34, 0x36, 0x35, 0x34, 0x27, 0x37, 0x26, 0x27, 0x37,
	0x16, 0x17, 0x36, 0x35, 0x16, 0x17, 0x26, 0x07, 0x16, 0x17, 0x16, 0x17,
	0x16, 0x36, 0x17, 0x36, 0x37, 0x26, 0x27, 0x36, 0x37, 0x36, 0x35, 0x34,
	0x26, 0x35, 0x34, 0x17, 0x30, 0x27, 0x36, 0x37, 0x34, 0x26, 0x2F, 0x01,
	0x06, 0x07, 0x34, 0x27, 0x06, 0x27, 0x06, 0x27, 0x34, 0x36, 0x35, 0x27,
	0x36, 0x26, 0x35, 0x34, 0x37, 0x36, 0x3F, 0x01, 0x16, 0x06, 0x15, 0x14,
	0x1F, 0x01, 0x22, 0x15, 0x16, 0x17, 0x3E, 0x01, 0x27, 0x35, 0x32, 0x17,
	0x36, 0x37, 0x34, 0x17, 0x37, 0x26, 0x35, 0x34, 0x37, 0x26, 0x37, 0x36,
	0x37, 0x16, 0x33, 0x36, 0x37, 0x36, 0x33, 0x06, 0x07, 0x06, 0x07, 0x06,
	0x07, 0x06, 0x15, 0x14, 0x17, 0x16, 0x17, 0x36, 0x33, 0x32, 0x16, 0x37,
	0x06, 0x07, 0x22, 0x37, 0x36, 0x37, 0x36, 0x37, 0x07, 0x16, 0x32, 0x17,
	0x16, 0x17, 0x37, 0x16, 0x17, 0x16, 0x17, 0x1E, 0x01, 0x17, 0x16, 0x37,
	0x36, 0x17, 0x26, 0x07, 0x16, 0x17, 0x16, 0x17, 0x1E, 0x01, 0x07, 0x30,
	0x07, 0x16, 0x17, 0x16, 0x17, 0x16, 0x07, 0x22, 0x27, 0x0F, 0x01, 0x36,
	0x37, 0x36, 0x37, 0x26, 0x27, 0x36, 0x35, 0x34, 0x26, 0x35, 0x16, 0x37,
	0x26, 0x31, 0x26, 0x27, 0x26, 0x27, 0x36, 0x37, 0x16, 0x17, 0x16, 0x1F,
	0x02, 0x36, 0x27, 0x16, 0x17, 0x07, 0x06, 0x07, 0x22, 0x07, 0x06, 0x17,
	0x16, 0x15, 0x14, 0x07, 0x06, 0x07, 0x30, 0x07, 0x06, 0x27, 0x30, 0x27,
	0x26, 0x27, 0x36, 0x31, 0x17, 0x36, 0x17, 0x16, 0x23, 0x16, 0x33, 0x32,
	0x36, 0x33, 0x36, 0x37, 0x26, 0x23, 0x26, 0x37, 0x30, 0x37, 0x36, 0x26,
	0x27, 0x26, 0x27, 0x36, 0x37, 0x36, 0x17, 0x16, 0x17, 0x16, 0x25, 0x06,
	0x15, 0x06, 0x23, 0x22, 0x26, 0x27, 0x2E, 0x01, 0x07, 0x2E, 0x01, 0x27,
	0x32, 0x17, 0x37, 0x2E, 0x01, 0x27, 0x23, 0x37, 0x16, 0x17, 0x16, 0x17,
	0x14, 0x17, 0x06, 0x07, 0x27, 0x06, 0x07, 0x1E, 0x01, 0x17, 0x16, 0x33,
	0x16, 0x14, 0x17, 0x06, 0x17, 0x07, 0x15, 0x14, 0x15, 0x06, 0x07, 0x06,
	0x07, 0x06, 0x07, 0x36, 0x27, 0x0E, 0x01, 0x07, 0x30, 0x27, 0x36, 0x37,
	0x36, 0x35, 0x36, 0x37, 0x26, 0x37, 0x3E, 0x01, 0x35, 0x26, 0x23, 0x37,
	0x32, 0x37, 0x14, 0x17, 0x27, 0x16, 0x15, 0x14, 0x06, 0x15, 0x06, 0x15,
	0x14, 0x17, 0x22, 0x14, 0x07, 0x06, 0x07, 0x26, 0x06, 0x23, 0x26, 0x27,
	0x36, 0x37, 0x36, 0x37, 0x36, 0x37, 0x36, 0x37, 0x3E, 0x01, 0x37, 0x26,
	0x23, 0x36, 0x37, 0x36, 0x37, 0x36, 0x37, 0x16, 0x01, 0x26, 0x23, 0x22,
	0x07, 0x06, 0x27, 0x26, 0x27, 0x06, 0x26, 0x23, 0x22, 0x07, 0x06, 0x07,
	0x32, 0x16, 0x35, 0x36, 0x37, 0x36, 0x17, 0x36, 0x33, 0x32, 0x16, 0x33,
	0x36, 0x37, 0x32, 0x17, 0x16, 0x27, 0x26, 0x27, 0x26, 0x33, 0x06, 0x07,
	0x06, 0x07, 0x14, 0x07, 0x06, 0x17, 0x07, 0x16, 0x37, 0x36, 0x37, 0x36,
	0x37, 0x36, 0x37, 0x36, 0x27, 0x22, 0x26, 0x23, 0x22, 0x07, 0x06, 0x07,
	0x26, 0x07, 0x06, 0x07, 0x06, 0x07, 0x06, 0x07, 0x32, 0x37, 0x34, 0x36,
	0x37, 0x22, 0x27, 0x36, 0x37, 0x36, 0x13, 0x36, 0x35, 0x34, 0x27, 0x26,
	0x35, 0x26, 0x27, 0x26, 0x27, 0x26, 0x27, 0x26, 0x27, 0x22, 0x07, 0x06,
	0x17, 0x36, 0x37, 0x36, 0x17, 0x34, 0x37, 0x16, 0x17, 0x16, 0x17, 0x16,
	0x17, 0x07, 0x33, 0x16, 0x17, 0x1E, 0x01, 0x17, 0x34, 0x26, 0x35, 0x34,
	0x37, 0x30, 0x27, 0x36, 0x33, 0x06, 0x27, 0x34, 0x17, 0x36, 0x17, 0x07,
	0x22, 0x27, 0x1E, 0x01, 0x27, 0x26, 0x07, 0x17, 0x36, 0x27, 0x22, 0x27,
	0x26, 0x23, 0x06, 0x17, 0x33, 0x1E, 0x01, 0x17, 0x16, 0x06, 0x15, 0x16,
	0x03, 0x26, 0x23, 0x22, 0x07, 0x06, 0x15, 0x06, 0x07, 0x06, 0x17, 0x16,
	0x07, 0x37, 0x36, 0x35, 0x34, 0x26, 0x37, 0x36, 0x33, 0x34, 0x27, 0x37,
	0x36, 0x37, 0x36, 0x37, 0x27, 0x36, 0x13, 0x26, 0x27, 0x26, 0x31, 0x16,
	0x17, 0x26, 0x27, 0x26, 0x23, 0x06, 0x16, 0x15, 0x16, 0x17, 0x16, 0x31,
	0x26, 0x27, 0x35, 0x36, 0x17, 0x36, 0x16, 0x27, 0x30, 0x27, 0x06, 0x22,
	0x07, 0x17, 0x16, 0x33, 0x32, 0x36, 0x17, 0x26, 0x07, 0x17, 0x36, 0x27,
	0x23, 0x26, 0x27, 0x17, 0x30, 0x17, 0x16, 0x07, 0x16, 0x17, 0x27, 0x06,
	0x26, 0x23, 0x22, 0x07, 0x26, 0x27, 0x26, 0x23, 0x22, 0x07, 0x32, 0x17,
	0x36, 0x33, 0x32, 0x16, 0x33, 0x32, 0x17, 0x34, 0x26, 0x35, 0x26, 0x27,
	0x16, 0x17, 0x16, 0x27, 0x30, 0x27, 0x06, 0x17, 0x14, 0x03, 0x07, 0x06,
	0x07, 0x16, 0x07, 0x06, 0x15, 0x14, 0x17, 0x14, 0x17, 0x16, 0x17, 0x27,
	0x14, 0x07, 0x27, 0x30, 0x27, 0x26, 0x37, 0x26, 0x35, 0x34, 0x36, 0x3F,
	0x01, 0x3E, 0x01, 0x35, 0x01, 0x36, 0x35, 0x34, 0x27, 0x26, 0x27, 0x35,
	0x22, 0x26, 0x2F, 0x01, 0x26, 0x23, 0x22, 0x07, 0x16, 0x17, 0x36, 0x17,
	0x1E, 0x01, 0x1F, 0x01, 0x16, 0x17, 0x36, 0x35, 0x34, 0x03, 0x26, 0x27,
	0x23, 0x26, 0x27, 0x26, 0x27, 0x06, 0x07, 0x17, 0x07, 0x30, 0x17, 0x14,
	0x07, 0x16, 0x32, 0x17, 0x30, 0x37, 0x36, 0x17, 0x06, 0x07, 0x32, 0x17,
	0x07, 0x1E, 0x01, 0x37, 0x36, 0x17, 0x16, 0x27, 0x07, 0x17, 0x36, 0x17,
	0x06, 0x27, 0x36, 0x16, 0x37, 0x36, 0x17, 0x26, 0x27, 0x37, 0x27, 0x2E,
	0x01, 0x27, 0x36, 0x37, 0x07, 0x26, 0x27, 0x36, 0x33, 0x16, 0x33, 0x32,
	0x36, 0x33, 0x06, 0x27, 0x26, 0x31, 0x17, 0x07, 0x16, 0x17, 0x26, 0x37,
	0x16, 0x17, 0x06, 0x17, 0x37, 0x30, 0x17, 0x16, 0x03, 0x0E, 0x01, 0x07,
	0x06, 0x15, 0x14, 0x16, 0x07, 0x06, 0x17, 0x16, 0x31, 0x37, 0x26, 0x27,
	0x37, 0x26, 0x35, 0x34, 0x37, 0x36, 0x00, 0x35, 0x34, 0x27, 0x26, 0x37,
	0x26, 0x31, 0x27, 0x26, 0x37, 0x27, 0x26, 0x37, 0x27, 0x26, 0x37, 0x27,
	0x26, 0x37, 0x27, 0x26, 0x37, 0x27, 0x26, 0x37, 0x26, 0x27, 0x2E, 0x01,
	0x07, 0x06, 0x07, 0x16, 0x17, 0x16, 0x17, 0x16, 0x17, 0x06, 0x15, 0x14,
	0x16, 0x15, 0x07, 0x16, 0x07, 0x36, 0x01, 0x26, 0x27, 0x26, 0x07, 0x16,
	0x05, 0x27, 0x06, 0x26, 0x07, 0x0E, 0x01, 0x22, 0x07, 0x26, 0x06, 0x27,
	0x07, 0x16, 0x17, 0x1E, 0x01, 0x17, 0x37, 0x17, 0x06, 0x23, 0x16, 0x17,
	0x16, 0x07, 0x32, 0x37, 0x16, 0x37, 0x32, 0x37, 0x36, 0x37, 0x36, 0x37,
	0x36, 0x25, 0x27, 0x22, 0x07, 0x16, 0x1F, 0x01, 0x06, 0x15, 0x36, 0x05,
	0x26, 0x27, 0x22, 0x06, 0x07, 0x17, 0x16, 0x17, 0x16, 0x17, 0x06, 0x15,
	0x14, 0x17, 0x07, 0x26, 0x06, 0x27, 0x37, 0x06, 0x07, 0x06, 0x23, 0x22,
	0x27, 0x16, 0x17, 0x36, 0x37, 0x33, 0x37, 0x26, 0x35, 0x34, 0x36, 0x25,
	0x27, 0x15, 0x27, 0x2E, 0x01, 0x27, 0x22, 0x27, 0x26, 0x27, 0x2E, 0x01,
	0x27, 0x26, 0x35, 0x36, 0x35, 0x34, 0x27, 0x26, 0x27, 0x26, 0x27, 0x30,
	0x17, 0x06, 0x17, 0x16, 0x15, 0x16, 0x17, 0x16, 0x31, 0x16, 0x17, 0x16,
	0x17, 0x35, 0x26, 0x06, 0x27, 0x06, 0x15, 0x14, 0x1F, 0x01, 0x06, 0x07,
	0x0E, 0x01, 0x07, 0x06, 0x07, 0x36, 0x16, 0x36, 0x37, 0x36, 0x37, 0x36,
	0x27, 0x26, 0x37, 0x27, 0x06, 0x07, 0x06, 0x23, 0x2E, 0x01, 0x27, 0x26,
	0x27, 0x26, 0x27, 0x16, 0x07, 0x06, 0x17, 0x16, 0x17, 0x16, 0x17, 0x16,
	0x37, 0x36, 0x37, 0x34, 0x36, 0x17, 0x26, 0x27, 0x0E, 0x01, 0x17, 0x06,
	0x17, 0x0E, 0x01, 0x07, 0x27, 0x06, 0x07, 0x06, 0x07, 0x16, 0x17, 0x16,
	0x31, 0x16, 0x37, 0x36, 0x37, 0x36, 0x37, 0x36, 0x37, 0x17, 0x36, 0x27,
	0x26, 0x07, 0x27, 0x06, 0x0F, 0x01, 0x06, 0x27, 0x26, 0x07, 0x06, 0x27,
	0x26, 0x27, 0x1E, 0x01, 0x17, 0x36, 0x17, 0x36, 0x37, 0x36, 0x02, 0xBF,
	0x05, 0x14, 0x10, 0x13, 0x1E, 0x1A, 0x07, 0x22, 0x0B, 0x02, 0x0F, 0x02,
	0x04, 0x03, 0x05, 0x0C, 0x01, 0x0B, 0x01, 0x08, 0x08, 0x0C, 0x15, 0x06,
	0x10, 0x04, 0x03, 0x02, 0x06, 0x05, 0x0E, 0x03, 0x09, 0x05, 0x15, 0x05,
	0x19, 0x05, 0x0A, 0x21, 0x02, 0x06, 0x5F, 0x02, 0x09, 0x0F, 0x0B, 0x0F,
	0x14, 0x13, 0x17, 0x07, 0x01, 0x0D, 0x11, 0x03, 0x09, 0x12, 0x0E, 0x1E,
	0x05, 0x09, 0x1A, 0x16, 0x17, 0x08, 0x0D, 0x03, 0x14, 0x02, 0x22, 0x07,
	0x13, 0x03, 0x0A, 0x09, 0x38, 0x11, 0x12, 0x04, 0x03, 0x03, 0x03, 0x08,
	0x18, 0x0A, 0x0A, 0x05, 0x09, 0x05, 0x1E, 0x13, 0x15, 0x05, 0x19, 0x03,
	0x0E, 0x1C, 0x01, 0x06, 0x0D, 0xAA, 0x06, 0x02, 0x04, 0x01, 0x12, 0x02,
	0x02, 0x01, 0x01, 0x02, 0x01, 0x03, 0x04, 0x1E, 0x0C, 0x12, 0x20, 0x08,
	0x08, 0x08, 0x21, 0x01, 0x05, 0x04, 0x0B, 0x11, 0x01, 0x01, 0x02, 0x08,
	0x02, 0x11, 0x23, 0x08, 0x14, 0x06, 0x20, 0x04, 0x06, 0x0B, 0x0D, 0x02,
	0x01, 0x02, 0xFE, 0xD9, 0x07, 0x0F, 0x24, 0x07, 0x01, 0x05, 0x05, 0x18,
	0x04, 0x02, 0x02, 0x02, 0x05, 0x04, 0x11, 0x16, 0x07, 0x04, 0x02, 0x33,
	0x01, 0x06, 0x02, 0x0D, 0x04, 0x11, 0x05, 0x0C, 0x1A, 0x01, 0x32, 0x03,
	0x06, 0x09, 0x08, 0x0D, 0x0E, 0x06, 0x01, 0x08, 0x02, 0x03, 0x03, 0x04,
	0x0E, 0x08, 0x0A, 0x05, 0x01, 0x05, 0x01, 0x01, 0x05, 0x05, 0x0C, 0x04,
	0x15, 0x03, 0x08, 0x0F, 0x03, 0x03, 0x0A, 0x19, 0x03, 0x02, 0x10, 0x02,
	0x03, 0x06, 0x02, 0x07, 0x01, 0x01, 0x0B, 0x09, 0x15, 0x01, 0x09, 0x0D,
	0x19, 0x07, 0x1C, 0x1D, 0x10, 0x01, 0x10, 0x06, 0x08, 0x09, 0x02, 0x02,
	0x01, 0x02, 0x07, 0x11, 0x0E, 0x1C, 0x0C, 0x15, 0x05, 0x07, 0x02, 0x05,
	0x0E, 0x18, 0x03, 0x0F, 0x21, 0x07, 0x12, 0x0B, 0x13, 0x03, 0x23, 0x01,
	0x02, 0x10, 0x19, 0x06, 0x06, 0x03, 0x02, 0x01, 0x0C, 0x12, 0x0B, 0x0B,
	0x33, 0x33, 0x0E, 0x03, 0x05, 0x07, 0x01, 0x02, 0x02, 0x08, 0x02, 0x05,
	0x07, 0x04, 0x02, 0x03, 0x02, 0x06, 0x09, 0x03, 0x07, 0x27, 0x2C, 0x03,
	0x0D, 0x04, 0x02, 0x03, 0x0C, 0x14, 0x09, 0x34, 0x09, 0x09, 0x0C, 0x02,
	0x06, 0x07, 0x05, 0x01, 0x13, 0x0B, 0x24, 0x0A, 0x13, 0x0F, 0x06, 0x07,
	0x12, 0x14, 0x1A, 0x09, 0x06, 0x08, 0x06, 0x10, 0x25, 0x05, 0x0A, 0x06,
	0x03, 0x17, 0x02, 0x06, 0x28, 0x06, 0x05, 0x12, 0x07, 0x10, 0x02, 0x0D,
	0x02, 0x2C, 0x02, 0x15, 0x03, 0x02, 0x02, 0x01, 0x01, 0x02, 0x02, 0x05,
	0x02, 0x07, 0x0A, 0x01, 0x02, 0x02, 0x18, 0x13, 0x24, 0x08, 0x17, 0x09,
	0x11, 0x23, 0x06, 0x09, 0x12, 0x25, 0x03, 0x07, 0x03, 0x02, 0x02, 0x04,
	0x03, 0x0E, 0x01, 0x09, 0x11, 0x1A, 0x05, 0x08, 0x0E, 0x07, 0x0C, 0x12,
	0x01, 0x0E, 0x08, 0x05, 0x11, 0x1B, 0x03, 0x1C, 0x02, 0x03, 0x04, 0x08,
	0x0F, 0x09, 0x12, 0x03, 0x01, 0x0A, 0x01, 0x08, 0x03, 0x02, 0x06, 0x0D,
	0x06, 0x0E, 0x02, 0x07, 0x01, 0x04, 0x0C, 0x2B, 0x05, 0x0A, 0x11, 0x11,
	0x14, 0x07, 0x01, 0x0D, 0x02, 0x09, 0x0C, 0x01, 0x03, 0x04, 0x03, 0x11,
	0x06, 0x05, 0x09, 0x01, 0x1C, 0x12, 0x15, 0x11, 0x20, 0x02, 0x03, 0x11,
	0x03, 0x0D, 0x17, 0x01, 0x0C, 0x0C, 0x0F, 0x07, 0x0B, 0x23, 0x09, 0x07,
	0x17, 0x11, 0x09, 0x05, 0x03, 0x0D, 0x18, 0x09, 0x14, 0x01, 0x09, 0x01,
	0x04, 0x06, 0x17, 0x14, 0x06, 0x02, 0x67, 0x04, 0x01, 0x13, 0x1B, 0x06,
	0x03, 0x04, 0x04, 0x02, 0x1B, 0x01, 0x0B, 0x02, 0x03, 0x03, 0x02, 0x07,
	0x0B, 0x14, 0x05, 0x0F, 0x0C, 0x0F, 0x14, 0x05, 0x06, 0x08, 0x02, 0x01,
	0x01, 0x07, 0x57, 0x0A, 0x07, 0x05, 0x03, 0x01, 0x02, 0x03, 0x0F, 0x0A,
	0x14, 0x1A, 0x0F, 0x0C, 0x10, 0x08, 0x0F, 0x09, 0x01, 0x05, 0x0C, 0x14,
	0x01, 0x01, 0x02, 0x02, 0x09, 0x03, 0x0C, 0x1D, 0x01, 0x04, 0x03, 0x06,
	0x11, 0x02, 0x0D, 0x01, 0x03, 0x0E, 0x03, 0x0B, 0x08, 0x06, 0x07, 0x10,
	0x06, 0xFE, 0xBC, 0x01, 0x06, 0x05, 0x0B, 0x24, 0x0A, 0x0C, 0x1A, 0x0D,
	0x0B, 0x06, 0x02, 0x01, 0x02, 0x01, 0x06, 0x0C, 0x06, 0x04, 0x02, 0x05,
	0x0D, 0x1D, 0x0E, 0x02, 0x01, 0x01, 0x01, 0x01, 0x01, 0x09, 0x32, 0x09,
	0x0A, 0x09, 0x0A, 0xDA, 0x05, 0x03, 0x03, 0x0D, 0x16, 0x0A, 0x02, 0x01,
	0x0A, 0x01, 0x03, 0x04, 0x18, 0x18, 0x0A, 0x11, 0x12, 0x18, 0x0D, 0x14,
	0x04, 0x02, 0x03, 0x02, 0x01, 0x04, 0x08, 0x0A, 0x0E, 0x03, 0x5A, 0x09,
	0x0C, 0x13, 0x02, 0x05, 0x01, 0x15, 0x2A, 0x05, 0x0D, 0x04, 0x16, 0x2A,
	0x10, 0x1F, 0x06, 0x15, 0x10, 0x07, 0x02, 0x10, 0x05, 0x05, 0x04, 0x02,
	0x01, 0x04, 0x03, 0x03, 0x08, 0x05, 0x0B, 0x0F, 0x01, 0x6C, 0x0D, 0x15,
	0x06, 0x17, 0x13, 0x0B, 0x05, 0x12, 0x07, 0x16, 0x04, 0x06, 0x05, 0x0B,
	0x11, 0x03, 0x0B, 0x08, 0x07, 0x0B, 0x0D, 0x04, 0x04, 0x06, 0x16, 0x06,
	0x0D, 0x18, 0x01, 0x27, 0x05, 0x4E, 0x05, 0x06, 0x21, 0x01, 0x04, 0x2E,
	0x1E, 0x02, 0x09, 0x06, 0x01, 0x18, 0x0B, 0x06, 0x0A, 0x13, 0x04, 0x0A,
	0x05, 0x3A, 0x18, 0x1E, 0x06, 0x0F, 0x06, 0x09, 0x0D, 0x10, 0x06, 0x17,
	0x15, 0x1F, 0x03, 0x09, 0x02, 0x04, 0x02, 0x08, 0x0D, 0x0F, 0x01, 0x02,
	0x03, 0x12, 0x24, 0x1A, 0xE4, 0x03, 0x07, 0x0C, 0x0B, 0x24, 0x0A, 0x11,
	0x0F, 0x1F, 0x0B, 0x0B, 0x0C, 0x06, 0x01, 0x07, 0x03, 0x08, 0x24, 0x08,
	0x02, 0x09, 0x0B, 0x07, 0x15, 0x1B, 0x06, 0x01, 0x03, 0x08, 0x09, 0x05,
	0x05, 0x13, 0x05, 0x03, 0x14, 0x02, 0x01, 0x1E, 0x0E, 0x09, 0x0A, 0x10,
	0x01, 0x03, 0x04, 0x0A, 0x12, 0x33, 0x0E, 0x10, 0x12, 0x0D, 0x19, 0x01,
	0x18, 0x0F, 0x0C, 0x09, 0x01, 0x06, 0x04, 0x18, 0x04, 0x01, 0x08, 0x10,
	0xD6, 0x10, 0x14, 0x09, 0x07, 0x10, 0x0F, 0x22, 0x09, 0x08, 0x03, 0x05,
	0x08, 0x0F, 0x07, 0x02, 0x03, 0x01, 0x05, 0x03, 0x04, 0x14, 0x1A, 0x05,
	0x01, 0x10, 0xE1, 0x06, 0x0C, 0x13, 0x15, 0x4F, 0x05, 0x0B, 0x1C, 0x27,
	0x01, 0x0A, 0x03, 0x0A, 0x12, 0x06, 0x21, 0x1C, 0x1A, 0x07, 0x10, 0x50,
	0x11, 0x02, 0x0F, 0x03, 0x05, 0x05, 0x04, 0x03, 0x0E, 0x33, 0x0A, 0x04,
	0x0C, 0x01, 0x2A, 0x02, 0x0A, 0x1C, 0x06, 0x05, 0x03, 0x03, 0x0B, 0x0C,
	0x1F, 0x04, 0x08, 0x02, 0x02, 0x01, 0x03, 0x12, 0x0E, 0x08, 0x0A, 0x08,
	0x03, 0x0A, 0x05, 0x04, 0x09, 0x1E, 0x08, 0x05, 0x0A, 0x06, 0x0C, 0x38,
	0x15, 0x15, 0x19, 0x11, 0x0B, 0x01, 0x07, 0xE2, 0x12, 0x26, 0x19, 0x03,
	0x05, 0x0B, 0x0B, 0x0B, 0x10, 0x01, 0x09, 0x02, 0x04, 0x05, 0x03, 0x03,
	0x02, 0x0C, 0x01, 0x09, 0x01, 0x0A, 0x01, 0xAA, 0x01, 0x0D, 0x0C, 0x0C,
	0x0C, 0x11, 0x08, 0x14, 0x05, 0x06, 0x06, 0x05, 0x03, 0x02, 0x05, 0x0A,
	0x03, 0x18, 0x02, 0x17, 0x24, 0x04, 0x0A, 0xCD, 0x0A, 0x1A, 0x03, 0x0D,
	0x1B, 0x23, 0x08, 0x11, 0x1C, 0x02, 0x10, 0x17, 0x11, 0x05, 0x13, 0x04,
	0x07, 0x04, 0x01, 0x05, 0x0B, 0x08, 0x0A, 0x09, 0x03, 0x06, 0x05, 0x45,
	0x15, 0x0A, 0x9A, 0x0E, 0x03, 0x05, 0x25, 0x08, 0x11, 0x04, 0x09, 0x02,
	0x05, 0x0E, 0x04, 0x0A, 0x05, 0x10, 0x03, 0x16, 0x04, 0x09, 0x13, 0x02,
	0x24, 0x19, 0x01, 0x03, 0x02, 0x02, 0x02, 0x06, 0x01, 0x09, 0x0B, 0x13,
	0x13, 0x03, 0x05, 0x08, 0x01, 0x03, 0x07, 0x0B, 0x02, 0x0A, 0x06, 0x0F,
	0x13, 0xAA, 0x12, 0x14, 0x08, 0x05, 0x11, 0x02, 0x02, 0x08, 0x0D, 0x0D,
	0x09, 0x04, 0x01, 0x0B, 0x05, 0x0A, 0x01, 0xCD, 0x17, 0x07, 0x03, 0x02,
	0x01, 0x01, 0x02, 0x01, 0x01, 0x02, 0x01, 0x01, 0x02, 0x01, 0x01, 0x02,
	0x01, 0x01, 0x02, 0x01, 0x01, 0x02, 0x02, 0x1E, 0x03, 0x09, 0x05, 0x01,
	0x0A, 0x0C, 0x17, 0x02, 0x02, 0x04, 0x19, 0x02, 0x09, 0x04, 0x02, 0x0B,
	0x04, 0xFE, 0x8A, 0x02, 0x06, 0x0C, 0x05, 0x08, 0x01, 0x1D, 0x14, 0x03,
	0x09, 0x05, 0x07, 0x3C, 0x0F, 0x0D, 0x09, 0x24, 0x07, 0x28, 0x08, 0x03,
	0x02, 0x0F, 0x01, 0x02, 0x03, 0x02, 0x01, 0x14, 0x29, 0x01, 0x01, 0x0F,
	0x0B, 0x0B, 0x1D, 0x09, 0x06, 0x03, 0x04, 0x0C, 0x0C, 0x0F, 0xFE, 0xF1,
	0x06, 0x08, 0x12, 0x09, 0x0C, 0x2B, 0x03, 0x05, 0x01, 0x0F, 0x0B, 0x15,
	0x04, 0x0B, 0x03, 0x0E, 0x05, 0x02, 0x03, 0x02, 0x13, 0x05, 0x03, 0x06,
	0x0C, 0x05, 0x02, 0x06, 0x0B, 0x07, 0x11, 0x0E, 0x0E, 0x0A, 0x19, 0x2D,
	0x19, 0x03, 0x03, 0x02, 0x15, 0xFE, 0xE3, 0x05, 0x28, 0x05, 0x05, 0x02,
	0x08, 0x0C, 0x08, 0x15, 0x19, 0x0F, 0x02, 0x04, 0x01, 0x07, 0x0C, 0x01,
	0x06, 0x0B, 0x16, 0x03, 0x02, 0x04, 0x09, 0x0F, 0x19, 0x09, 0x0C, 0x0F,
	0xF3, 0x03, 0x0C, 0x03, 0x02, 0x02, 0x01, 0x01, 0x20, 0x08, 0x05, 0x0C,
	0x0E, 0x15, 0x06, 0x1E, 0x09, 0x10, 0x0B, 0x0F, 0x18, 0x02, 0x03, 0x03,
	0xC6, 0x15, 0x2D, 0x21, 0x06, 0x0D, 0x2C, 0x0C, 0x05, 0x04, 0x04, 0x0B,
	0x06, 0x06, 0x01, 0x1F, 0x0C, 0x16, 0x13, 0x12, 0x1A, 0x30, 0x09, 0x06,
	0x08, 0x73, 0x04, 0x08, 0x01, 0x07, 0x01, 0x15, 0x01, 0x05, 0x03, 0x0A,
	0x03, 0x0D, 0x18, 0x15, 0x27, 0x07, 0x0D, 0x16, 0x14, 0x18, 0x14, 0x14,
	0x04, 0x03, 0x05, 0x0B, 0x02, 0x04, 0x37, 0x0A, 0x07, 0x01, 0x12, 0x2F,
	0x03, 0x28, 0x15, 0x05, 0x09, 0x0A, 0x04, 0x0A, 0x21, 0x07, 0x1C, 0x0A,
	0x24, 0x32, 0x12, 0x1A, 0x21, 0x02, 0x38, 0x01, 0x0A, 0x06, 0x0E, 0x01,
	0x0D, 0x05, 0x0F, 0x05, 0x0C, 0x03, 0x08, 0x08, 0x03, 0x01, 0x04, 0x14,
	0x14, 0x17, 0x01, 0x03, 0x0A, 0x03, 0x01, 0x06, 0x01, 0x09, 0x01, 0x02,
	0x06, 0x04, 0x03, 0x16, 0x01, 0x03, 0x6E, 0x07, 0x02, 0x03, 0x04, 0x07,
	0x07, 0x07, 0x0A, 0x13, 0x0E, 0x14, 0x18, 0x08, 0x03, 0x08, 0x13, 0x29,
	0x14, 0x13, 0x08, 0x06, 0x05, 0x01, 0x04, 0x05, 0x03, 0x05, 0x37, 0x02,
	0x0A, 0x01, 0x05, 0x0F, 0x23, 0x04, 0x16, 0x12, 0x13, 0x0B, 0x15, 0x04,
	0x07, 0x0F, 0x47, 0x0E, 0x04, 0x21, 0x16, 0x02, 0x06, 0x03, 0x02, 0x01,
	0x04, 0x02, 0x03, 0x02, 0xFE, 0xB0, 0x01, 0x12, 0x01, 0x0C, 0x17, 0x02,
	0x02, 0x01, 0x02, 0x02, 0x01, 0x0D, 0x04, 0x0A, 0x02, 0x0B, 0x1B, 0x04,
	0x0D, 0x08, 0x0F, 0x07, 0x06, 0x08, 0x01, 0x01, 0x03, 0x02, 0x01, 0x02,
	0x03, 0x01, 0x05, 0x0A, 0x12, 0x07, 0x01, 0x05, 0x01, 0x05, 0x0B, 0x23,
	0x03, 0x04, 0x05, 0x01, 0x5E, 0x05, 0x02, 0x02, 0x1A, 0x01, 0x0B, 0x1F,
	0x02, 0x05, 0x04, 0x04, 0x22, 0x48, 0x0B, 0x01, 0x06, 0x1A, 0x21, 0x40,
	0x51, 0x05, 0x09, 0x02, 0x05, 0x01, 0x01, 0x09, 0x1B, 0xFE, 0x29, 0x0D,
	0x0E, 0x0E, 0x11, 0x04, 0x04, 0x08, 0x0D, 0x02, 0x10, 0x03, 0x03, 0x0B,
	0x0E, 0x05, 0x01, 0x03, 0x0A, 0x15, 0x05, 0x08, 0x07, 0x03, 0x04, 0x02,
	0x05, 0x02, 0x15, 0x03, 0x0B, 0x02, 0x01, 0x12, 0x17, 0x04, 0x0C, 0x09,
	0x14, 0x0C, 0x03, 0x07, 0x07, 0x03, 0x03, 0x0B, 0x0E, 0x26, 0x01, 0x16,
	0x09, 0x25, 0x0A, 0x0A, 0x09, 0x15, 0x0C, 0x04, 0x06, 0x06, 0x03, 0x26,
	0x25, 0x08, 0x0C, 0x11, 0x23, 0x03, 0x06, 0x0D, 0x16, 0x10, 0x23, 0x05,
	0x0A, 0x15, 0x0E, 0x21, 0x14, 0x01, 0x03, 0x24, 0x02, 0x04, 0x0D, 0x21,
	0x06, 0x0B, 0x04, 0x0B, 0x17, 0x03, 0x0B, 0x02, 0x20, 0x0E, 0x06, 0x08,
	0x0C, 0x02, 0x06, 0x02, 0x06, 0x05, 0x1A, 0x04, 0x07, 0x06, 0x0A, 0x03,
	0x2B, 0x28, 0x01, 0x0A, 0x02, 0x0A, 0x04, 0x04, 0x01, 0x06, 0x06, 0x09,
	0x09, 0x02, 0x09, 0x03, 0x03, 0x01, 0x08, 0x01, 0x08, 0x05, 0x02, 0x16,
	0x1E, 0x05, 0x03, 0x0B, 0x0C, 0x16, 0x36, 0x01, 0x12, 0x01, 0x11, 0x2C,
	0x02, 0x0B, 0x02, 0x05, 0x06, 0x05, 0x05, 0x02, 0x03, 0x02, 0x18, 0x02,
	0x01, 0x05, 0x19, 0x06, 0x19, 0x05, 0x07, 0x05, 0x02, 0x02, 0x04, 0x02,
	0x0B, 0x06, 0x02, 0x01, 0x0E, 0x1C, 0x01, 0x02, 0x09, 0x08, 0x04, 0x10,
	0x01, 0x0F, 0x02, 0x09, 0x10, 0x08, 0x12, 0x05, 0x06, 0x03, 0x03, 0x03,
	0x0C, 0x03, 0x01, 0x02, 0x14, 0x04, 0x08, 0x13, 0x29, 0x0E, 0x01, 0x0C,
	0x17, 0x09, 0x19, 0x03, 0x04, 0x08, 0x10, 0x05, 0x05, 0x05, 0x14, 0x10,
	0x3A, 0x0C, 0x12, 0x0E, 0x0D, 0x18, 0x1A, 0x12, 0x36, 0x0E, 0x08, 0x09,
	0x1A, 0x01, 0x1E, 0x1B, 0x07, 0x11, 0x0D, 0x01, 0x0D, 0x08, 0x0B, 0x01,
	0x05, 0x01, 0x11, 0x15, 0x1A, 0x33, 0x16, 0x0C, 0x08, 0x0E, 0x02, 0x0F,
	0x1E, 0x04, 0x12, 0x12, 0x15, 0x13, 0x1B, 0x2F, 0x09, 0x09, 0x11, 0x18,
	0x24, 0x03, 0x02, 0x08, 0x01, 0x02, 0x07, 0x03, 0x0A, 0x05, 0x01, 0x05,
	0x01, 0x03, 0x02, 0x04, 0x0B, 0x01, 0x07, 0x12, 0x17, 0x07, 0x01, 0x14,
	0x02, 0x02, 0x02, 0x02, 0x0D, 0x07, 0x07, 0x05, 0x12, 0x07, 0x09, 0x03,
	0x03, 0x04, 0x03, 0x07, 0x04, 0x04, 0x0C, 0x0E, 0xEC, 0x01, 0x20, 0x20,
	0x0B, 0x19, 0x1E, 0x0A, 0x0C, 0x24, 0x04, 0x04, 0x07, 0x1C, 0x08, 0x01,
	0x02, 0x0E, 0x08, 0x03, 0x03, 0x0B, 0x09, 0x0D, 0x01, 0x0D, 0x10, 0x03,
	0x41, 0x07, 0x02, 0x01, 0x09, 0x0D, 0x03, 0x0A, 0x28, 0x04, 0x07, 0x0D,
	0x10, 0x05, 0x11, 0x08, 0x06, 0x0C, 0x0C, 0x07, 0x01, 0x06, 0x06, 0x0B,
	0x03, 0x02, 0x08, 0x02, 0x03, 0x03, 0x08, 0x0B, 0x10, 0x02, 0x11, 0x1F,
	0x27, 0x07, 0x10, 0x04, 0x0B, 0x1E, 0x01, 0x07, 0x05, 0x02, 0x0A, 0x13,
	0x09, 0xB3, 0x01, 0x04, 0x01, 0x13, 0x01, 0x07, 0x0F, 0x01, 0x0A, 0x24,
	0x11, 0x01, 0x01, 0x0A, 0x2D, 0x0A, 0x06, 0x06, 0x05, 0x1C, 0x21, 0x06,
	0x0A, 0x02, 0x04, 0x02, 0x02, 0x05, 0x0B, 0x06, 0x07, 0x01, 0x03, 0x17,
	0xB4, 0x16, 0x2E, 0x03, 0x28, 0x02, 0x04, 0x0A, 0x18, 0x04, 0x06, 0x0C,
	0x13, 0x02, 0x04, 0x11, 0x04, 0x05, 0x02, 0x0F, 0x0F, 0x15, 0x15, 0x0B,
	0x1A, 0x03, 0x07, 0x0C, 0x03, 0x01, 0x01, 0x45, 0x0B, 0x02, 0x04, 0x11,
	0x05, 0x08, 0x05, 0x19, 0x05, 0x21, 0x23, 0x0B, 0x0A, 0x0C, 0x02, 0x0D,
	0x19, 0x01, 0x06, 0x03, 0x08, 0x03, 0x06, 0x04, 0x07, 0x05, 0x0A, 0x01,
	0x0A, 0x0A, 0x2B, 0x08, 0x02, 0x06, 0x13, 0x10, 0x05, 0x0A, 0x13, 0x01,
	0x01, 0x5F, 0x11, 0x04, 0x03, 0x02, 0x04, 0x07, 0x02, 0x0A, 0x05, 0x10,
	0x22, 0x06, 0x01, 0x0C, 0x0C, 0x0D, 0x03, 0x02, 0x0D, 0x0B, 0x01, 0x01,
	0x04, 0x69, 0x03, 0x06, 0x03, 0x02, 0x0E, 0x09, 0x1B, 0x01, 0x0E, 0x0A,
	0x07, 0x1C, 0x07, 0x01, 0x13, 0x27, 0x08, 0x0F, 0x04, 0x16, 0x0A, 0x35,
	0x04, 0x04, 0x05, 0x01, 0x02, 0x18, 0x24, 0x03, 0x0F, 0x1C, 0x23, 0x0A,
	0x05, 0x0F, 0x31, 0x0B, 0x02, 0x0E, 0x21, 0x0A, 0xFE, 0xC0, 0x07, 0x06,
	0x0A, 0x0E, 0x15, 0x02, 0x05, 0x04, 0x07, 0x14, 0x05, 0x07, 0x01, 0x01,
	0x08, 0x06, 0x0B, 0x03, 0x03, 0x03, 0x09, 0x02, 0x04, 0x06, 0x0E, 0x0F,
	0x03, 0x02, 0x05, 0x01, 0x01, 0x18, 0x02, 0x10, 0x5C, 0x05, 0x12, 0x04,
	0x05, 0x05, 0x0D, 0x02, 0x04, 0x12, 0x02, 0x16, 0x01, 0x04, 0x02, 0x02,
	0x06, 0x1A, 0x3D, 0x0A, 0x02, 0x0D, 0x05, 0x0E, 0x12, 0x0C, 0x04, 0x03,
	0x05, 0x04, 0x05, 0x04, 0x01, 0x01, 0x08, 0x01, 0x72, 0x0F, 0x03, 0x0E,
	0x06, 0x17, 0x2B, 0x22, 0x38, 0x1C, 0x0F, 0x04, 0x01, 0x0C, 0x04, 0x1A,
	0x06, 0x02, 0x05, 0x09, 0x25, 0x14, 0x1A, 0x20, 0x0B, 0x01, 0x03, 0xFE,
	0xA2, 0x06, 0x02, 0x02, 0x10, 0x38, 0x08, 0x12, 0x1B, 0x05, 0x0C, 0x04,
	0x08, 0x01, 0x02, 0x0F, 0x0A, 0x01, 0x01, 0x23, 0x03, 0x10, 0x5D, 0x03,
	0x04, 0x04, 0x04, 0x07, 0x11, 0x54, 0x06, 0x01, 0x0F, 0x03, 0x26, 0x12,
	0x14, 0x07, 0x0C, 0x06, 0x04, 0x04, 0x08, 0x39, 0x02, 0x06, 0x01, 0x01,
	0x0C, 0x08, 0x09, 0x03, 0x01, 0x0F, 0x36, 0x05, 0x11, 0x04, 0x22, 0x05,
	0x05, 0x19, 0x1E, 0x08, 0x0F, 0x10, 0x05, 0x01, 0x01, 0x80, 0x0B, 0x1B,
	0x28, 0x10, 0x20, 0x0E, 0x14, 0x05, 0x33, 0x0A, 0x04, 0x05, 0x01, 0x22,
	0x01, 0x02, 0x04, 0x11, 0x0B, 0x07, 0x04, 0x03, 0x05, 0x0F, 0x03, 0x4B,
	0x02, 0x0A, 0x05, 0xFE, 0x15, 0x04, 0x03, 0x0D, 0x0B, 0x08, 0x08, 0x03,
	0x16, 0x0A, 0x1B, 0x01, 0x01, 0x05, 0x0B, 0x04, 0x0A, 0x09, 0x1E, 0x07,
	0x08, 0x16, 0x40, 0x07, 0x0D, 0x05, 0x01, 0x00, 0x10, 0x1D, 0x0E, 0x02,
	0x02, 0x03, 0x03, 0x08, 0x01, 0x0F, 0x03, 0x02, 0x0B, 0x03, 0x01, 0x02,
	0x02, 0x04, 0x04, 0x09, 0x09, 0x06, 0x04, 0x09, 0x01, 0x10, 0x01, 0x04,
	0x3A, 0x05, 0x03, 0x01, 0x1B, 0x01, 0x01, 0x02, 0x09, 0x01, 0x01, 0x1E,
	0x05, 0x0A, 0x05, 0x03, 0x07, 0x07, 0x04, 0x04, 0x07, 0x02, 0x02, 0x15,
	0x02, 0x01, 0x06, 0x03, 0x05, 0x07, 0x1C, 0x03, 0x07, 0x02, 0x01, 0x07,
	0x01, 0x07, 0x0E, 0x0C, 0x07, 0x1B, 0x0C, 0x01, 0x03, 0x09, 0x28, 0x13,
	0x08, 0x0A, 0x09, 0x2C, 0x0D, 0x08, 0x0A, 0x11, 0x0A, 0x0D, 0x0F, 0x02,
	0x10, 0x1E, 0x11, 0x23, 0x0F, 0xFD, 0xCC, 0x10, 0x12, 0x2C, 0x0D, 0x08,
	0x08, 0x01, 0x01, 0x02, 0x02, 0x01, 0x02, 0x02, 0x01, 0x03, 0x02, 0x01,
	0x02, 0x01, 0x02, 0x03, 0x01, 0x01, 0x03, 0x0C, 0x0E, 0x01, 0x0A, 0x01,
	0x01, 0x0E, 0x06, 0x0E, 0x1B, 0x1A, 0x20, 0x0C, 0x01, 0x03, 0x02, 0x0A,
	0x02, 0x05, 0x1F, 0x19, 0x09, 0x01, 0xC0, 0x07, 0x0B, 0x07, 0x07, 0x07,
	0xBF, 0x11, 0x01, 0x0A, 0x03, 0x04, 0x15, 0x04, 0x04, 0x01, 0x02, 0x16,
	0x09, 0x0B, 0x05, 0x08, 0x02, 0x02, 0x04, 0x01, 0x0A, 0x10, 0x01, 0x01,
	0x03, 0x05, 0x07, 0x0A, 0x08, 0x08, 0x09, 0x13, 0x19, 0x99, 0x04, 0x07,
	0x04, 0x0C, 0x25, 0x13, 0x19, 0x0E, 0xF0, 0x12, 0x27, 0x08, 0x01, 0x1F,
	0x05, 0x0B, 0x0E, 0x04, 0x18, 0x24, 0x10, 0x10, 0x03, 0x03, 0x10, 0x03,
	0x01, 0x04, 0x07, 0x0E, 0x01, 0x08, 0x08, 0x12, 0x16, 0x0F, 0x09, 0x0A,
	0x11, 0x39, 0xB5, 0x01, 0x03, 0x23, 0x07, 0x16, 0x0A, 0x01, 0x0A, 0x03,
	0x03, 0x07, 0x0A, 0x0F, 0x01, 0x05, 0x04, 0x08, 0x0B, 0x0F, 0x02, 0x07,
	0x10, 0x3F, 0x09, 0x0E, 0x11, 0x06, 0x06, 0x04, 0x07, 0x03, 0x0C, 0x08,
	0xB7, 0x07, 0x02, 0x03, 0x01, 0x16, 0x17, 0x18, 0x14, 0x02, 0x02, 0x21,
	0x05, 0x22, 0x04, 0x08, 0x17, 0x05, 0x01, 0x0B, 0x1D, 0x16, 0x09, 0x0F,
	0x28, 0x36, 0x09, 0x7D, 0x0E, 0x0F, 0x07, 0x02, 0x19, 0x03, 0x06, 0x16,
	0x13, 0x08, 0x24, 0x09, 0x0D, 0x0D, 0x0A, 0x06, 0x06, 0x05, 0x01, 0x0D,
	0x03, 0x15, 0x02, 0x08, 0x63, 0x02, 0x03, 0x02, 0x0B, 0x04, 0x14, 0x20,
	0x09, 0x31, 0x0A, 0x04, 0x0A, 0x15, 0x06, 0x06, 0x05, 0x01, 0x02, 0x01,
	0x0F, 0x0C, 0x0C, 0x1D, 0x1D, 0x21, 0x15, 0x01, 0x04, 0x35, 0x08, 0x01,
	0x02, 0x0C, 0x32, 0x06, 0x07, 0x04, 0x04, 0x01, 0x01, 0x01, 0x07, 0x04,
	0x03, 0x19, 0x01, 0x05, 0x0D, 0x0D, 0x1C, 0x22, 0x00, 0x55, 0x00, 0x00,
	0x00, 0x00, 0x03, 0x26, 0x03, 0x20, 0x00, 0x2C, 0x00, 0x35, 0x00, 0x3C,
	0x00, 0x41, 0x00, 0x48, 0x00, 0x51, 0x00, 0x57, 0x00, 0x67, 0x00, 0x79,
	0x00, 0x89, 0x00, 0x90, 0x00, 0x96, 0x00, 0x9C, 0x00, 0xA3, 0x00, 0xA8,
	0x00, 0xAE, 0x00, 0xB3, 0x00, 0xC3, 0x00, 0xC6, 0x00, 0xCE, 0x00, 0xD4,
	0x00, 0xDE, 0x00, 0xEE, 0x00, 0xF6, 0x00, 0xFA, 0x01, 0x00, 0x01, 0x07,
	0x01, 0x17, 0x01, 0x21, 0x01, 0x26, 0x01, 0x2D, 0x01, 0x32, 0x01, 0x36,
	0x01, 0x3B, 0x01, 0x41, 0x01, 0x89, 0x01, 0x93, 0x01, 0x97, 0x01, 0x9C,
	0x01, 0xA5, 0x01, 0xA8, 0x01, 0xB2, 0x01, 0xB6, 0x01, 0xBA, 0x01, 0xBF,
	0x01, 0xC8, 0x01, 0xDB, 0x01, 0xEA, 0x01, 0xF0, 0x01, 0xF5, 0x01, 0xFD,
	0x02, 0x12, 0x02, 0x19, 0x02, 0x21, 0x02, 0x2D, 0x02, 0x36, 0x02, 0x44,
	0x02, 0x4E, 0x02, 0x58, 0x02, 0x5E, 0x02, 0x64, 0x02, 0x67, 0x02, 0x71,
	0x02, 0x77, 0x02, 0x7B, 0x02, 0x83, 0x02, 0x90, 0x02, 0x95, 0x02, 0xA1,
	0x02, 0xA7, 0x02, 0xAF, 0x02, 0xB1, 0x02, 0xB8, 0x02, 0xBC, 0x02, 0xCD,
	0x02, 0xD1, 0x02, 0xD5, 0x02, 0xDC, 0x02, 0xE1, 0x02, 0xEA, 0x02, 0xF0,
	0x02, 0xF3, 0x02, 0xF8, 0x02, 0xFD, 0x03, 0x03, 0x00, 0x00, 0x00, 0x15,
	0x14, 0x06, 0x07, 0x06, 0x07, 0x06, 0x07, 0x27, 0x07, 0x26, 0x27, 0x22,
	0x27, 0x26, 0x27, 0x35, 0x26, 0x27, 0x26, 0x35, 0x34, 0x37, 0x36, 0x37,
	0x36, 0x37, 0x3E, 0x01, 0x37, 0x36, 0x33, 0x32, 0x16, 0x17, 0x16, 0x17,
	0x16, 0x17, 0x16, 0x17, 0x16, 0x17, 0x16, 0x27, 0x35, 0x26, 0x27, 0x07,
	0x36, 0x16, 0x33, 0x16, 0x07, 0x36, 0x26, 0x27, 0x07, 0x1E, 0x01, 0x17,
	0x27, 0x23, 0x30, 0x17, 0x07, 0x26, 0x27, 0x23, 0x16, 0x17, 0x07, 0x27,
	0x2E, 0x01, 0x27, 0x07, 0x16, 0x17, 0x16, 0x36, 0x17, 0x26, 0x2F, 0x01,
	0x16, 0x17, 0x27, 0x06, 0x2F, 0x01, 0x0F, 0x01, 0x17, 0x07, 0x37, 0x36,
	0x33, 0x32, 0x16, 0x33, 0x27, 0x30, 0x17, 0x26, 0x2F, 0x01, 0x07, 0x16,
	0x07, 0x17, 0x16, 0x15, 0x14, 0x06, 0x15, 0x36, 0x37, 0x17, 0x27, 0x36,
	0x27, 0x26, 0x2F, 0x01, 0x07, 0x16, 0x06, 0x27, 0x17, 0x07, 0x36, 0x37,
	0x17, 0x26, 0x27, 0x36, 0x27, 0x0E, 0x01, 0x17, 0x32, 0x17, 0x14, 0x17,
	0x30, 0x06, 0x17, 0x33, 0x36, 0x17, 0x23, 0x16, 0x33, 0x32, 0x36, 0x27,
	0x36, 0x35, 0x34, 0x27, 0x06, 0x07, 0x13, 0x06, 0x27, 0x06, 0x1F, 0x01,
	0x06, 0x07, 0x14, 0x17, 0x36, 0x27, 0x06, 0x07, 0x17, 0x36, 0x03, 0x06,
	0x07, 0x16, 0x17, 0x37, 0x0E, 0x01, 0x27, 0x26, 0x37, 0x3E, 0x01, 0x37,
	0x16, 0x15, 0x17, 0x27, 0x07, 0x27, 0x06, 0x07, 0x06, 0x07, 0x16, 0x17,
	0x36, 0x01, 0x26, 0x06, 0x27, 0x17, 0x32, 0x2F, 0x01, 0x34, 0x26, 0x23,
	0x22, 0x07, 0x14, 0x17, 0x16, 0x27, 0x26, 0x27, 0x06, 0x17, 0x16, 0x37,
	0x23, 0x26, 0x27, 0x26, 0x37, 0x32, 0x07, 0x14, 0x31, 0x17, 0x26, 0x27,
	0x16, 0x07, 0x06, 0x07, 0x32, 0x01, 0x26, 0x27, 0x07, 0x27, 0x26, 0x27,
	0x07, 0x36, 0x16, 0x27, 0x26, 0x27, 0x14, 0x17, 0x16, 0x17, 0x37, 0x26,
	0x06, 0x07, 0x06, 0x15, 0x14, 0x17, 0x16, 0x17, 0x16, 0x37, 0x36, 0x35,
	0x34, 0x26, 0x17, 0x26, 0x27, 0x26, 0x27, 0x06, 0x07, 0x16, 0x17, 0x16,
	0x01, 0x26, 0x27, 0x06, 0x15, 0x01, 0x0E, 0x01, 0x07, 0x16, 0x17, 0x36,
	0x17, 0x36, 0x27, 0x07, 0x30, 0x27, 0x07, 0x17, 0x34, 0x17, 0x07, 0x16,
	0x17, 0x36, 0x01, 0x36, 0x23, 0x22, 0x07, 0x16, 0x03, 0x35, 0x23, 0x26,
	0x23, 0x22, 0x07, 0x06, 0x07, 0x16, 0x17, 0x16, 0x17, 0x16, 0x37, 0x26,
	0x27, 0x26, 0x27, 0x26, 0x27, 0x30, 0x37, 0x26, 0x27, 0x26, 0x27, 0x07,
	0x27, 0x37, 0x17, 0x1E, 0x01, 0x33, 0x34, 0x27, 0x26, 0x37, 0x26, 0x27,
	0x16, 0x07, 0x06, 0x27, 0x37, 0x27, 0x36, 0x37, 0x16, 0x15, 0x14, 0x06,
	0x17, 0x16, 0x17, 0x36, 0x37, 0x17, 0x06, 0x15, 0x14, 0x23, 0x22, 0x27,
	0x15, 0x36, 0x37, 0x36, 0x37, 0x07, 0x27, 0x36, 0x25, 0x26, 0x27, 0x07,
	0x15, 0x36, 0x33, 0x32, 0x17, 0x16, 0x17, 0x27, 0x07, 0x36, 0x27, 0x06,
	0x07, 0x33, 0x36, 0x01, 0x06, 0x15, 0x34, 0x17, 0x26, 0x37, 0x36, 0x2F,
	0x01, 0x07, 0x1F, 0x01, 0x26, 0x27, 0x26, 0x37, 0x26, 0x07, 0x06, 0x07,
	0x16, 0x2F, 0x01, 0x07, 0x36, 0x17, 0x34, 0x27, 0x07, 0x27, 0x34, 0x27,
	0x07, 0x36, 0x17, 0x26, 0x27, 0x36, 0x23, 0x22, 0x07, 0x1E, 0x01, 0x27,
	0x26, 0x31, 0x2E, 0x01, 0x27, 0x06, 0x07, 0x06, 0x27, 0x17, 0x14, 0x07,
	0x37, 0x16, 0x17, 0x26, 0x27, 0x36, 0x2F, 0x01, 0x26, 0x27, 0x07, 0x06,
	0x27, 0x16, 0x17, 0x30, 0x07, 0x37, 0x16, 0x17, 0x27, 0x01, 0x26, 0x27,
	0x06, 0x07, 0x36, 0x2F, 0x01, 0x26, 0x07, 0x16, 0x17, 0x26, 0x23, 0x22,
	0x07, 0x06, 0x07, 0x36, 0x27, 0x26, 0x27, 0x26, 0x27, 0x07, 0x06, 0x23,
	0x22, 0x31, 0x17, 0x34, 0x07, 0x37, 0x36, 0x33, 0x32, 0x17, 0x26, 0x27,
	0x36, 0x2F, 0x01, 0x26, 0x07, 0x27, 0x06, 0x16, 0x17, 0x26, 0x27, 0x26,
	0x23, 0x22, 0x17, 0x16, 0x27, 0x26, 0x27, 0x26, 0x27, 0x17, 0x30, 0x07,
	0x16, 0x17, 0x1E, 0x01, 0x07, 0x26, 0x27, 0x26, 0x27, 0x06, 0x15, 0x14,
	0x16, 0x17, 0x2F, 0x01, 0x0F, 0x01, 0x17, 0x14, 0x07, 0x37, 0x16, 0x17,
	0x27, 0x3E, 0x01, 0x13, 0x16, 0x07, 0x06, 0x07, 0x06, 0x07, 0x27, 0x36,
	0x1F, 0x01, 0x14, 0x06, 0x27, 0x26, 0x23, 0x06, 0x27, 0x26, 0x37, 0x27,
	0x06, 0x27, 0x36, 0x33, 0x17, 0x27, 0x14, 0x07, 0x22, 0x27, 0x36, 0x01,
	0x07, 0x27, 0x03, 0x14, 0x27, 0x26, 0x07, 0x06, 0x07, 0x36, 0x33, 0x32,
	0x17, 0x06, 0x07, 0x27, 0x07, 0x27, 0x17, 0x06, 0x07, 0x27, 0x01, 0x06,
	0x17, 0x26, 0x27, 0x36, 0x16, 0x33, 0x17, 0x06, 0x23, 0x22, 0x33, 0x26,
	0x06, 0x27, 0x16, 0x36, 0x33, 0x32, 0x16, 0x17, 0x07, 0x27, 0x37, 0x16,
	0x27, 0x16, 0x06, 0x07, 0x06, 0x27, 0x26, 0x37, 0x17, 0x36, 0x27, 0x36,
	0x13, 0x06, 0x23, 0x22, 0x26, 0x2F, 0x01, 0x06, 0x27, 0x36, 0x37, 0x16,
	0x37, 0x16, 0x17, 0x07, 0x27, 0x30, 0x07, 0x36, 0x27, 0x36, 0x37, 0x27,
	0x07, 0x27, 0x36, 0x01, 0x06, 0x22, 0x07, 0x16, 0x07, 0x06, 0x27, 0x14,
	0x2F, 0x01, 0x36, 0x33, 0x32, 0x37, 0x16, 0x36, 0x27, 0x06, 0x27, 0x36,
	0x27, 0x14, 0x07, 0x2F, 0x01, 0x06, 0x27, 0x26, 0x27, 0x23, 0x35, 0x17,
	0x26, 0x35, 0x34, 0x37, 0x23, 0x06, 0x07, 0x26, 0x37, 0x3E, 0x01, 0x33,
	0x16, 0x27, 0x06, 0x27, 0x36, 0x37, 0x36, 0x01, 0x07, 0x37, 0x23, 0x30,
	0x07, 0x37, 0x16, 0x17, 0x26, 0x27, 0x32, 0x37, 0x17, 0x27, 0x16, 0x36,
	0x33, 0x32, 0x03, 0x26, 0x64, 0x59, 0x1C, 0x1B, 0x1F, 0x1B, 0x02, 0xBF,
	0x19, 0x30, 0x01, 0x0E, 0x40, 0x1F, 0x4E, 0x1F, 0x13, 0x0B, 0x0B, 0x2A,
	0x3B, 0x46, 0x05, 0x19, 0x04, 0x50, 0x5C, 0x5F, 0xAF, 0x38, 0x04, 0x08,
	0x0E, 0x0E, 0x10, 0x02, 0x08, 0x05, 0x04, 0x69, 0x07, 0x13, 0x02, 0x04,
	0x03, 0x01, 0x04, 0x02, 0x03, 0x10, 0x01, 0x05, 0x02, 0x0E, 0x44, 0x11,
	0x03, 0x0F, 0x11, 0x05, 0x0A, 0x06, 0x05, 0x0C, 0x02, 0x3E, 0x05, 0x0D,
	0x08, 0x02, 0x0A, 0x0D, 0x03, 0x03, 0x2C, 0x05, 0x08, 0x07, 0x03, 0x0A,
	0x83, 0x0B, 0x13, 0x08, 0x07, 0x13, 0x0F, 0x06, 0x0B, 0x05, 0x05, 0x06,
	0x12, 0x02, 0x07, 0xDB, 0x0C, 0x18, 0x0B, 0x06, 0x01, 0x1F, 0x04, 0x0E,
	0x06, 0x0A, 0x15, 0x20, 0x0B, 0x06, 0x6B, 0x0D, 0x17, 0x0D, 0x04, 0x01,
	0x13, 0x0D, 0x12, 0x05, 0x0A, 0x16, 0x1D, 0x04, 0x05, 0x06, 0xCE, 0x05,
	0x09, 0x01, 0x03, 0x06, 0x36, 0x0A, 0x01, 0x04, 0x02, 0x27, 0x17, 0x02,
	0x03, 0x01, 0x0D, 0x9F, 0x02, 0x02, 0x04, 0x04, 0xFF, 0x04, 0x05, 0x02,
	0x07, 0x91, 0x07, 0x14, 0x04, 0x0A, 0x20, 0x0E, 0x0B, 0x0C, 0x04, 0xFC,
	0x1E, 0x1C, 0x06, 0x0F, 0x16, 0x04, 0x12, 0x06, 0x01, 0x07, 0x05, 0x10,
	0x05, 0x02, 0x50, 0x0F, 0x01, 0x71, 0x14, 0x0A, 0x10, 0x0A, 0x0D, 0x22,
	0x04, 0x01, 0x82, 0x05, 0x10, 0x04, 0x02, 0x0B, 0xBF, 0x04, 0x06, 0x03,
	0x02, 0x04, 0x07, 0x0C, 0xF3, 0x12, 0x10, 0x07, 0x01, 0x06, 0x09, 0x03,
	0x01, 0x01, 0x04, 0x06, 0x0A, 0x01, 0xA9, 0x13, 0x26, 0x01, 0x05, 0x06,
	0x01, 0x19, 0x01, 0x42, 0x01, 0x0C, 0x04, 0xFB, 0x01, 0x09, 0x09, 0x04,
	0x0B, 0xD0, 0x0D, 0x2D, 0x07, 0x06, 0x06, 0x56, 0x1B, 0x2E, 0x0A, 0x07,
	0x07, 0x0E, 0x3A, 0x3A, 0x1C, 0x0B, 0x32, 0x45, 0x02, 0x08, 0x0B, 0x02,
	0x12, 0x0F, 0x0C, 0x10, 0x15, 0x01, 0x24, 0x01, 0x01, 0x06, 0xFE, 0xA9,
	0x08, 0x1C, 0x0C, 0x04, 0x16, 0x0E, 0x31, 0x01, 0x02, 0x06, 0xEE, 0x0D,
	0x09, 0x48, 0x35, 0x10, 0x23, 0x02, 0x01, 0xBF, 0x01, 0x03, 0x05, 0x02,
	0x04, 0x15, 0x04, 0x1E, 0x26, 0x2C, 0x27, 0x4C, 0x07, 0x04, 0x25, 0x22,
	0x2F, 0x24, 0x0E, 0x24, 0x16, 0x02, 0x05, 0x04, 0x07, 0x05, 0x01, 0x0F,
	0x13, 0x04, 0x06, 0x03, 0x10, 0x04, 0x05, 0x17, 0x08, 0x03, 0x02, 0x03,
	0x06, 0x0B, 0x01, 0x03, 0x02, 0x05, 0x05, 0x02, 0x01, 0x12, 0x01, 0x09,
	0x01, 0x0B, 0x16, 0x01, 0x07, 0x02, 0x04, 0x0B, 0x03, 0x05, 0x07, 0x0E,
	0x03, 0x2A, 0x19, 0x01, 0x17, 0xFE, 0xB2, 0x0E, 0x0E, 0x22, 0x06, 0x07,
	0x06, 0x13, 0x0E, 0x37, 0x24, 0x0B, 0x10, 0x84, 0x09, 0x05, 0x04, 0x0B,
	0x01, 0x86, 0x09, 0x02, 0x02, 0x07, 0x05, 0x03, 0xCA, 0x0F, 0x05, 0x39,
	0x01, 0x07, 0x06, 0x02, 0x01, 0x07, 0x06, 0x04, 0x0B, 0xD2, 0x04, 0x09,
	0x06, 0x67, 0x04, 0x08, 0x32, 0x06, 0x07, 0x04, 0xA6, 0x03, 0x11, 0x01,
	0x04, 0x09, 0x03, 0x06, 0x16, 0x58, 0x17, 0x06, 0x06, 0x03, 0x07, 0x01,
	0x07, 0x0D, 0x0D, 0x04, 0x1B, 0x08, 0x10, 0x02, 0x07, 0x05, 0x67, 0x18,
	0x05, 0x08, 0x02, 0x01, 0x19, 0x02, 0x0B, 0x04, 0x16, 0x0A, 0x13, 0x0A,
	0x01, 0x64, 0x05, 0x06, 0x0C, 0x14, 0x0F, 0x8B, 0x0F, 0x03, 0x0C, 0x04,
	0x9C, 0x03, 0x07, 0x06, 0x0A, 0x0E, 0x02, 0x0E, 0x1D, 0x08, 0x10, 0x04,
	0x09, 0x08, 0x01, 0x08, 0x0D, 0x0F, 0x04, 0x08, 0x06, 0x08, 0x04, 0x19,
	0x02, 0x08, 0x05, 0xF1, 0x05, 0x04, 0x06, 0x01, 0x01, 0x0C, 0x72, 0x01,
	0x03, 0x0C, 0x02, 0x04, 0x01, 0x07, 0x6E, 0x01, 0x0A, 0x02, 0x0B, 0x02,
	0x07, 0x05, 0x11, 0x01, 0x03, 0x15, 0x06, 0x0B, 0x01, 0x06, 0x02, 0x12,
	0xA7, 0x18, 0x0F, 0x06, 0x14, 0x0D, 0x04, 0x1A, 0x0B, 0x0C, 0x08, 0x03,
	0x09, 0x92, 0x03, 0x02, 0x03, 0x02, 0x07, 0x0C, 0x05, 0x05, 0x02, 0x5E,
	0x07, 0x04, 0x03, 0x07, 0x09, 0x01, 0x05, 0x02, 0x27, 0x1B, 0x14, 0x0C,
	0x01, 0x20, 0x29, 0x02, 0x05, 0x08, 0x05, 0x01, 0x0A, 0x09, 0x24, 0xDD,
	0x07, 0x09, 0x02, 0x0E, 0x1C, 0x11, 0x18, 0x0A, 0x4D, 0x01, 0x0B, 0x05,
	0x0D, 0x06, 0xDD, 0x04, 0x09, 0x22, 0xFE, 0xE2, 0x03, 0x01, 0x12, 0x01,
	0x04, 0x03, 0x01, 0x56, 0x05, 0x07, 0x0F, 0x01, 0x06, 0x18, 0x06, 0x09,
	0x1A, 0x06, 0x06, 0x0A, 0x5F, 0x04, 0x13, 0x02, 0x10, 0x48, 0x03, 0x11,
	0x09, 0x04, 0x09, 0x04, 0x04, 0x19, 0x07, 0x04, 0x08, 0xE4, 0x05, 0x06,
	0x08, 0x18, 0x05, 0xA9, 0x17, 0x2C, 0x01, 0x02, 0x25, 0x19, 0x01, 0xD9,
	0x0F, 0xDA, 0x1E, 0x01, 0x03, 0x0B, 0x15, 0x38, 0x06, 0x09, 0x09, 0x01,
	0x1B, 0x01, 0x0A, 0x02, 0x03, 0x01, 0x02, 0x0D, 0x06, 0x1D, 0x01, 0x0C,
	0x10, 0x02, 0x04, 0x18, 0xD1, 0x19, 0x09, 0x0C, 0x3F, 0x03, 0x0C, 0x18,
	0x01, 0x04, 0x04, 0x04, 0x04, 0x8F, 0x05, 0x05, 0x3E, 0x02, 0x0D, 0x03,
	0x03, 0x01, 0x07, 0x03, 0x02, 0x31, 0x08, 0x0D, 0x02, 0x06, 0x05, 0x01,
	0x01, 0x16, 0x05, 0x07, 0x15, 0x06, 0x05, 0x3E, 0x12, 0x24, 0x10, 0x21,
	0x1A, 0x3E, 0x07, 0x1C, 0x05, 0x0F, 0x01, 0x96, 0x14, 0x66, 0xB0, 0x3B,
	0x0E, 0x0E, 0x0E, 0x07, 0x02, 0x02, 0x06, 0x14, 0x08, 0x23, 0x1C, 0x04,
	0x4A, 0x61, 0x3C, 0x40, 0x30, 0x27, 0x46, 0x3F, 0x5A, 0x22, 0x07, 0x09,
	0x05, 0x27, 0x55, 0x4E, 0x05, 0x0C, 0x17, 0x18, 0x1C, 0x16, 0x12, 0x1D,
	0x19, 0x9C, 0x06, 0x0D, 0x12, 0x07, 0x02, 0x08, 0x0B, 0x13, 0x06, 0x11,
	0x04, 0x04, 0x04, 0x0E, 0x59, 0x38, 0x38, 0x0D, 0x13, 0x25, 0x1F, 0x17,
	0x02, 0x52, 0x04, 0x19, 0x03, 0x09, 0x05, 0x19, 0x01, 0x05, 0x58, 0x0E,
	0x1E, 0x02, 0x10, 0x1E, 0xBD, 0x01, 0x03, 0x12, 0x14, 0x02, 0x0F, 0x11,
	0x08, 0x05, 0x0F, 0x19, 0xE9, 0x03, 0x07, 0x1C, 0x17, 0x0D, 0x02, 0x03,
	0x03, 0x0A, 0x04, 0x13, 0x04, 0x07, 0x0C, 0x17, 0x22, 0x04, 0x74, 0x01,
	0x07, 0x1A, 0x0D, 0x0D, 0x0B, 0x03, 0x11, 0x1A, 0x07, 0x0C, 0x17, 0x0B,
	0x19, 0x05, 0xBE, 0x03, 0x06, 0x05, 0x03, 0x01, 0x37, 0x06, 0x04, 0x03,
	0x2C, 0x08, 0x0A, 0x83, 0x02, 0x05, 0x06, 0x02, 0x05, 0x0A, 0xFE, 0xFC,
	0x01, 0x02, 0x11, 0x0B, 0x7B, 0x01, 0x07, 0x06, 0x07, 0x04, 0x38, 0x01,
	0x0A, 0x0D, 0x08, 0x01, 0x25, 0x04, 0x0D, 0x0C, 0x19, 0x20, 0x01, 0x11,
	0x03, 0x04, 0x07, 0x01, 0x11, 0x01, 0x01, 0x05, 0x6E, 0x07, 0x09, 0xB2,
	0x0B, 0x07, 0x0B, 0x0C, 0x01, 0x14, 0x14, 0xFE, 0x7D, 0x03, 0x04, 0x03,
	0x0F, 0xB7, 0x19, 0x01, 0x0E, 0x04, 0x08, 0x0B, 0x10, 0xDA, 0x24, 0x0F,
	0x19, 0x1D, 0x01, 0x04, 0x03, 0x05, 0x09, 0x0D, 0x0B, 0x13, 0x7F, 0x0D,
	0x18, 0x0A, 0x0D, 0x12, 0x05, 0xFE, 0xBF, 0x07, 0x03, 0x0C, 0xF0, 0x07,
	0x10, 0x0C, 0x01, 0x0C, 0xD4, 0x0C, 0x10, 0x0E, 0x13, 0x0F, 0x10, 0x26,
	0x01, 0x1D, 0x19, 0x0D, 0x13, 0x10, 0x22, 0x14, 0x19, 0x03, 0x2E, 0x13,
	0x1C, 0x24, 0x34, 0xC3, 0x0B, 0x10, 0x13, 0x07, 0x07, 0x19, 0x01, 0x08,
	0x0A, 0xFE, 0xC0, 0x03, 0x08, 0x01, 0x08, 0x01, 0x4F, 0x05, 0x03, 0x02,
	0x12, 0x20, 0x1A, 0x41, 0x05, 0x09, 0x03, 0xF7, 0x06, 0x05, 0x04, 0x11,
	0x0F, 0x12, 0x23, 0x18, 0xFE, 0x2A, 0x06, 0x07, 0x01, 0x01, 0x03, 0x06,
	0x0C, 0x10, 0x27, 0x69, 0x2F, 0x28, 0x25, 0x11, 0x0D, 0x06, 0x1F, 0x22,
	0x03, 0x0F, 0x0B, 0x01, 0x0A, 0x0B, 0x05, 0x06, 0x04, 0x06, 0x04, 0x11,
	0x0B, 0x01, 0x0B, 0x01, 0x11, 0x0B, 0x07, 0x02, 0x05, 0x03, 0x04, 0x01,
	0x05, 0x07, 0x02, 0x02, 0x13, 0x02, 0x02, 0x03, 0x0C, 0x04, 0x02, 0x05,
	0x0C, 0x17, 0x02, 0x04, 0x15, 0x11, 0x01, 0x0D, 0x06, 0x0D, 0x23, 0x37,
	0x15, 0x02, 0x25, 0xA2, 0x0B, 0x18, 0x1E, 0x04, 0x02, 0x03, 0x02, 0x19,
	0x11, 0x34, 0x0A, 0x84, 0x05, 0x08, 0x01, 0xFE, 0x88, 0x05, 0x09, 0x03,
	0x15, 0x0E, 0x05, 0x0F, 0x04, 0xB9, 0x03, 0x17, 0x45, 0x04, 0x0E, 0x0A,
	0x09, 0x07, 0x01, 0x01, 0x05, 0x19, 0xD1, 0x06, 0x0A, 0x01, 0x71, 0x06,
	0x03, 0x13, 0x40, 0x01, 0x07, 0x11, 0x03, 0xC2, 0x10, 0x0C, 0x09, 0x0B,
	0x03, 0x16, 0x3B, 0x03, 0x04, 0x11, 0x07, 0x16, 0x01, 0x0D, 0x03, 0x0B,
	0x01, 0x14, 0x0F, 0x05, 0x0C, 0x08, 0x10, 0x04, 0x78, 0x04, 0x07, 0x0F,
	0x07, 0x1A, 0x03, 0x02, 0x07, 0x18, 0x10, 0x05, 0x0D, 0x1A, 0xFE, 0x96,
	0x03, 0x07, 0x06, 0x0B, 0x01, 0x8F, 0x2D, 0x01, 0x08, 0x0E, 0x88, 0x0D,
	0x0B, 0x0E, 0x01, 0x04, 0x46, 0x01, 0x03, 0x09, 0x11, 0x18, 0x06, 0x0B,
	0x01, 0x19, 0x06, 0x08, 0x10, 0x09, 0x11, 0x05, 0xB8, 0x2D, 0x01, 0x02,
	0x01, 0x09, 0x18, 0x6B, 0x03, 0x04, 0x0C, 0x0A, 0x03, 0x3D, 0x09, 0x0E,
	0x0B, 0x11, 0x02, 0x09, 0x0C, 0x14, 0x01, 0x08, 0x0F, 0x0B, 0x18, 0x08,
	0x0B, 0x05, 0x05, 0x0B, 0x17, 0x77, 0x04, 0x16, 0x18, 0x04, 0x0B, 0x07,
	0x10, 0x0F, 0x07, 0x0A, 0x1B, 0x01, 0x09, 0x02, 0x15, 0x03, 0x05, 0x03,
	0x04, 0x02, 0x0D, 0x02, 0x08, 0x01, 0x7B, 0x04, 0x03, 0x01, 0x02, 0x01,
	0x01, 0x01, 0x06, 0x2D, 0x05, 0x07, 0x0A, 0x06, 0x1C, 0x02, 0x04, 0x04,
	0x01, 0xFE, 0xF1, 0x07, 0x18, 0x01, 0x08, 0x07, 0x02, 0x03, 0x01, 0x04,
	0x04, 0x0F, 0x54, 0x01, 0x0C, 0x0F, 0x0D, 0x11, 0xDC, 0x02, 0x07, 0x1A,
	0x01, 0x21, 0x03, 0x01, 0x10, 0x0C, 0x01, 0x08, 0x42, 0x04, 0x03, 0x04,
	0x05, 0x01, 0x0B, 0x04, 0x7A, 0x04, 0x11, 0x06, 0x04, 0x49, 0x0A, 0x05,
	0x02, 0x01, 0x05, 0x06, 0x05, 0x06, 0x08, 0x0B, 0x03, 0xFE, 0xFE, 0x06,
	0x17, 0x02, 0xBA, 0x01, 0x02, 0x03, 0x0A, 0x0E, 0x10, 0x05, 0xF2, 0x18,
	0xF3, 0x02, 0x02, 0x02, 0x01, 0x01, 0x29, 0x11, 0x0E, 0x05, 0xFE, 0xF8,
	0x04, 0x02, 0x02, 0x01, 0x05, 0x03, 0x01, 0x08, 0x02, 0x08, 0x01, 0x02,
	0x01, 0xBB, 0x09, 0x07, 0x01, 0x44, 0x05, 0x0A, 0x0F, 0x1E, 0x05, 0x01,
	0x01, 0x02, 0x07, 0x9B, 0x04, 0x0B, 0x0A, 0x06, 0x09, 0x08, 0x02, 0x08,
	0x01, 0x09, 0x01, 0x28, 0x07, 0x01, 0x04, 0x03, 0x01, 0xFE, 0xF5, 0x16,
	0x1C, 0x16, 0x1C, 0x02, 0x7A, 0x03, 0x06, 0x04, 0x25, 0x0B, 0x01, 0x05,
	0x00, 0x26, 0x00, 0x00, 0x00, 0x00, 0x03, 0x8B, 0x03, 0x20, 0x00, 0x1F,
	0x00, 0x3A, 0x00, 0x59, 0x00, 0x79, 0x00, 0x9D, 0x00, 0xBE, 0x00, 0xDA,
	0x00, 0xEC, 0x01, 0x0B, 0x01, 0x30, 0x01, 0x5A, 0x01, 0x7A, 0x01, 0x9D,
	0x01, 0xBC, 0x01, 0xDC, 0x01, 0xF9, 0x02, 0x19, 0x02, 0x1E, 0x02, 0x23,
	0x02, 0x28, 0x02, 0x2F, 0x02, 0x34, 0x02, 0x3B, 0x02, 0x3F, 0x02, 0x43,
	0x02, 0x58, 0x02, 0x5D, 0x02, 0x60, 0x02, 0x66, 0x02, 0x6C, 0x02, 0x6F,
	0x02, 0x72, 0x02, 0x75, 0x02, 0x7B, 0x02, 0x7F, 0x02, 0x82, 0x02, 0x87,
	0x02, 0x8B, 0x00, 0x00, 0x01, 0x06, 0x07, 0x06, 0x07, 0x06, 0x07, 0x16,
	0x07, 0x06, 0x07, 0x06, 0x07, 0x2E, 0x01, 0x27, 0x07, 0x26, 0x31, 0x36,
	0x37, 0x06, 0x27, 0x36, 0x37, 0x16, 0x31, 0x37, 0x27, 0x3E, 0x01, 0x37,
	0x17, 0x06, 0x27, 0x06, 0x07, 0x14, 0x07, 0x06, 0x0F, 0x01, 0x36, 0x27,
	0x06, 0x07, 0x26, 0x37, 0x16, 0x37, 0x34, 0x27, 0x37, 0x17, 0x36, 0x37,
	0x36, 0x37, 0x36, 0x27, 0x30, 0x07, 0x23, 0x06, 0x07, 0x16, 0x07, 0x06,
	0x27, 0x26, 0x35, 0x06, 0x07, 0x22, 0x27, 0x36, 0x31, 0x26, 0x07, 0x06,
	0x31, 0x22, 0x35, 0x36, 0x37, 0x17, 0x36, 0x37, 0x27, 0x36, 0x01, 0x22,
	0x06, 0x23, 0x22, 0x27, 0x26, 0x0F, 0x01, 0x06, 0x07, 0x26, 0x37, 0x2E,
	0x01, 0x3F, 0x01, 0x27, 0x16, 0x17, 0x36, 0x17, 0x16, 0x17, 0x36, 0x16,
	0x37, 0x36, 0x33, 0x32, 0x16, 0x33, 0x25, 0x07, 0x26, 0x23, 0x22, 0x07,
	0x17, 0x0E, 0x01, 0x27, 0x23, 0x36, 0x27, 0x06, 0x23, 0x36, 0x27, 0x36,
	0x17, 0x37, 0x35, 0x26, 0x35, 0x34, 0x36, 0x27, 0x32, 0x17, 0x16, 0x17,
	0x06, 0x17, 0x06, 0x17, 0x37, 0x16, 0x01, 0x07, 0x26, 0x27, 0x26, 0x27,
	0x26, 0x27, 0x06, 0x23, 0x22, 0x26, 0x07, 0x36, 0x27, 0x26, 0x23, 0x34,
	0x37, 0x16, 0x31, 0x37, 0x33, 0x16, 0x17, 0x06, 0x15, 0x14, 0x16, 0x17,
	0x16, 0x17, 0x16, 0x01, 0x26, 0x07, 0x17, 0x06, 0x27, 0x26, 0x27, 0x07,
	0x2E, 0x01, 0x27, 0x37, 0x26, 0x27, 0x26, 0x27, 0x26, 0x31, 0x37, 0x16,
	0x17, 0x16, 0x07, 0x17, 0x1E, 0x01, 0x1F, 0x01, 0x16, 0x15, 0x14, 0x07,
	0x06, 0x23, 0x22, 0x27, 0x26, 0x35, 0x34, 0x37, 0x36, 0x33, 0x32, 0x17,
	0x16, 0x13, 0x06, 0x26, 0x2F, 0x02, 0x06, 0x27, 0x26, 0x31, 0x27, 0x37,
	0x27, 0x36, 0x17, 0x16, 0x37, 0x36, 0x37, 0x36, 0x17, 0x16, 0x17, 0x16,
	0x07, 0x16, 0x17, 0x36, 0x16, 0x17, 0x16, 0x01, 0x0E, 0x01, 0x23, 0x22,
	0x2E, 0x01, 0x23, 0x07, 0x27, 0x37, 0x26, 0x27, 0x06, 0x23, 0x22, 0x26,
	0x27, 0x35, 0x32, 0x17, 0x16, 0x37, 0x14, 0x17, 0x16, 0x31, 0x17, 0x36,
	0x33, 0x32, 0x16, 0x33, 0x16, 0x06, 0x07, 0x30, 0x01, 0x06, 0x27, 0x26,
	0x23, 0x26, 0x2F, 0x01, 0x2E, 0x01, 0x27, 0x36, 0x26, 0x35, 0x34, 0x37,
	0x17, 0x36, 0x26, 0x37, 0x36, 0x17, 0x06, 0x17, 0x16, 0x31, 0x36, 0x33,
	0x06, 0x17, 0x16, 0x07, 0x30, 0x07, 0x06, 0x16, 0x07, 0x16, 0x17, 0x06,
	0x15, 0x14, 0x01, 0x07, 0x26, 0x07, 0x16, 0x15, 0x26, 0x27, 0x26, 0x27,
	0x26, 0x27, 0x06, 0x23, 0x22, 0x26, 0x27, 0x36, 0x33, 0x32, 0x17, 0x16,
	0x37, 0x17, 0x16, 0x17, 0x16, 0x17, 0x36, 0x17, 0x06, 0x31, 0x17, 0x14,
	0x06, 0x15, 0x26, 0x07, 0x17, 0x16, 0x15, 0x14, 0x06, 0x15, 0x07, 0x36,
	0x26, 0x35, 0x34, 0x37, 0x36, 0x35, 0x34, 0x2F, 0x01, 0x07, 0x36, 0x26,
	0x35, 0x34, 0x37, 0x17, 0x37, 0x33, 0x06, 0x17, 0x36, 0x27, 0x06, 0x22,
	0x07, 0x17, 0x06, 0x27, 0x26, 0x27, 0x35, 0x26, 0x07, 0x06, 0x07, 0x06,
	0x17, 0x27, 0x3E, 0x01, 0x37, 0x17, 0x37, 0x36, 0x33, 0x14, 0x07, 0x16,
	0x33, 0x36, 0x17, 0x16, 0x17, 0x06, 0x07, 0x06, 0x07, 0x06, 0x07, 0x06,
	0x07, 0x16, 0x07, 0x06, 0x0F, 0x01, 0x26, 0x37, 0x36, 0x27, 0x3F, 0x01,
	0x36, 0x35, 0x23, 0x36, 0x37, 0x17, 0x36, 0x33, 0x32, 0x17, 0x06, 0x15,
	0x27, 0x22, 0x07, 0x30, 0x27, 0x07, 0x06, 0x07, 0x26, 0x23, 0x22, 0x06,
	0x2B, 0x01, 0x37, 0x06, 0x17, 0x36, 0x37, 0x27, 0x36, 0x37, 0x32, 0x14,
	0x17, 0x36, 0x33, 0x17, 0x07, 0x17, 0x0E, 0x01, 0x27, 0x07, 0x16, 0x17,
	0x07, 0x26, 0x35, 0x34, 0x36, 0x37, 0x36, 0x37, 0x36, 0x3F, 0x01, 0x26,
	0x35, 0x34, 0x36, 0x37, 0x16, 0x17, 0x34, 0x33, 0x32, 0x17, 0x06, 0x07,
	0x32, 0x25, 0x22, 0x07, 0x17, 0x16, 0x27, 0x07, 0x16, 0x33, 0x36, 0x17,
	0x0E, 0x01, 0x07, 0x36, 0x27, 0x06, 0x07, 0x06, 0x07, 0x32, 0x36, 0x13,
	0x27, 0x06, 0x17, 0x16, 0x15, 0x35, 0x06, 0x26, 0x23, 0x06, 0x07, 0x27,
	0x26, 0x27, 0x16, 0x07, 0x36, 0x27, 0x1F, 0x01, 0x26, 0x27, 0x26, 0x27,
	0x26, 0x23, 0x22, 0x07, 0x06, 0x15, 0x14, 0x17, 0x16, 0x17, 0x36, 0x37,
	0x3E, 0x01, 0x35, 0x34, 0x07, 0x35, 0x06, 0x15, 0x34, 0x07, 0x27, 0x23,
	0x2F, 0x01, 0x32, 0x16, 0x33, 0x32, 0x07, 0x26, 0x27, 0x26, 0x31, 0x16,
	0x17, 0x23, 0x07, 0x2F, 0x01, 0x07, 0x27, 0x35, 0x07, 0x17, 0x26, 0x23,
	0x22, 0x07, 0x30, 0x25, 0x34, 0x27, 0x16, 0x0F, 0x01, 0x37, 0x07, 0x26,
	0x27, 0x35, 0x16, 0x07, 0x26, 0x27, 0x16, 0x02, 0xEA, 0x01, 0x18, 0x0E,
	0x11, 0x1D, 0x3F, 0x08, 0x08, 0x07, 0x07, 0x09, 0x03, 0x04, 0x04, 0x02,
	0x0D, 0x0A, 0x03, 0x0A, 0x09, 0x0E, 0x01, 0x2A, 0x0D, 0x71, 0x03, 0x08,
	0x22, 0x07, 0x78, 0x22, 0x11, 0x3A, 0x6F, 0x0F, 0x14, 0x03, 0x0D, 0x01,
	0x04, 0x03, 0x07, 0x05, 0x08, 0x02, 0x03, 0x0D, 0x36, 0x0A, 0x36, 0x70,
	0x09, 0x13, 0x0F, 0xF7, 0x08, 0x08, 0x19, 0x22, 0x03, 0x0A, 0x04, 0x03,
	0x06, 0x01, 0x04, 0x06, 0x09, 0x05, 0x02, 0x05, 0x07, 0x02, 0x11, 0x09,
	0x08, 0x11, 0x31, 0x03, 0x09, 0x01, 0x46, 0x08, 0x1D, 0x07, 0x07, 0x05,
	0x06, 0xAD, 0x0A, 0x13, 0x23, 0x01, 0x04, 0x04, 0x08, 0x02, 0x0F, 0x0A,
	0x1E, 0x15, 0x03, 0x02, 0x01, 0x09, 0x1F, 0x7A, 0x1F, 0x05, 0x08, 0x06,
	0x18, 0x06, 0xFE, 0x39, 0x03, 0x01, 0x06, 0x01, 0x02, 0x03, 0x02, 0x03,
	0x03, 0x0A, 0x01, 0x04, 0x09, 0x04, 0x06, 0x01, 0x02, 0x04, 0x05, 0x05,
	0x08, 0x01, 0x08, 0x01, 0x01, 0x03, 0x09, 0x06, 0x06, 0x09, 0x03, 0x01,
	0x01, 0xB9, 0x03, 0x15, 0x15, 0x1A, 0x0E, 0x2D, 0x5D, 0x05, 0x06, 0x05,
	0x1E, 0x0A, 0x07, 0x0C, 0x03, 0x02, 0x08, 0x11, 0x03, 0x08, 0x11, 0x15,
	0x01, 0x18, 0x03, 0x34, 0x6A, 0x09, 0xFE, 0x26, 0x09, 0x04, 0x05, 0x0C,
	0x06, 0x01, 0x06, 0x08, 0x06, 0x06, 0x06, 0x08, 0x18, 0x2D, 0x07, 0x02,
	0x04, 0x03, 0x09, 0x0A, 0x0C, 0x03, 0x3D, 0x0F, 0x10, 0x0A, 0xB5, 0x0F,
	0x19, 0x1B, 0x58, 0x61, 0x1A, 0x0A, 0x27, 0x24, 0x39, 0x16, 0x1C, 0x29,
	0xF5, 0x09, 0x13, 0x08, 0x0A, 0x7B, 0x0C, 0x0D, 0x15, 0x05, 0x0A, 0x0A,
	0x07, 0x08, 0x05, 0x08, 0x01, 0x03, 0x01, 0x06, 0x07, 0x08, 0x09, 0x02,
	0x06, 0x82, 0x07, 0x05, 0x03, 0x08, 0xFE, 0x3E, 0x05, 0x04, 0x04, 0x02,
	0x05, 0x02, 0x03, 0x06, 0x26, 0x05, 0x36, 0x70, 0x03, 0x03, 0x08, 0x13,
	0x08, 0x07, 0x10, 0x0D, 0x0A, 0x0A, 0x10, 0x8A, 0x04, 0x05, 0x09, 0x1D,
	0x09, 0x02, 0x0B, 0x01, 0x01, 0x0C, 0x01, 0x04, 0x04, 0x01, 0x0C, 0x03,
	0x24, 0x07, 0x05, 0x04, 0x03, 0x0B, 0x06, 0x02, 0x05, 0x03, 0x04, 0x05,
	0x0A, 0x04, 0x02, 0x04, 0x06, 0x0C, 0x04, 0x03, 0x03, 0x02, 0x07, 0x01,
	0x16, 0x01, 0x05, 0x12, 0x03, 0xFE, 0xED, 0x08, 0x07, 0x08, 0x02, 0x10,
	0x10, 0x13, 0x08, 0x2A, 0x81, 0x04, 0x03, 0x07, 0x18, 0x05, 0x03, 0x05,
	0x04, 0x0E, 0x0C, 0x08, 0x12, 0x17, 0x38, 0x33, 0x1F, 0x21, 0x1E, 0x07,
	0xBD, 0x08, 0x05, 0x08, 0x03, 0x04, 0x07, 0x05, 0x01, 0x0E, 0x06, 0x03,
	0x03, 0x05, 0x03, 0x01, 0x0A, 0x01, 0x0B, 0x02, 0x12, 0x01, 0x04, 0x05,
	0xAE, 0x01, 0x14, 0x02, 0x08, 0x0B, 0x13, 0x10, 0x10, 0x22, 0x33, 0x2A,
	0x29, 0x04, 0x01, 0x2E, 0x05, 0x1E, 0x06, 0x08, 0xA1, 0x0B, 0x32, 0x03,
	0x03, 0x08, 0x0A, 0x02, 0x05, 0x79, 0x04, 0x0B, 0x09, 0x0A, 0x16, 0x19,
	0x15, 0x15, 0x02, 0x09, 0x0C, 0x02, 0x02, 0x04, 0x02, 0x04, 0x02, 0x0A,
	0x4D, 0x05, 0x03, 0x02, 0x09, 0x0A, 0x01, 0x08, 0x08, 0x06, 0x03, 0x5E,
	0x01, 0x35, 0x05, 0xAB, 0x01, 0x02, 0x04, 0x03, 0x07, 0x16, 0x05, 0x02,
	0x21, 0x01, 0x03, 0x5B, 0x56, 0x03, 0x0D, 0x1A, 0x05, 0x02, 0x0B, 0x05,
	0x05, 0x0B, 0x3B, 0x0A, 0x17, 0x0D, 0x7D, 0x02, 0x01, 0x22, 0x02, 0x0C,
	0x01, 0x0C, 0x0F, 0x12, 0x08, 0x4D, 0x02, 0x13, 0x01, 0x05, 0x08, 0x08,
	0x0B, 0x06, 0x05, 0x05, 0x06, 0x01, 0x1B, 0x01, 0x28, 0x05, 0x15, 0x5D,
	0x0A, 0x04, 0x01, 0x01, 0x75, 0x0A, 0x15, 0x02, 0x0A, 0x69, 0x07, 0x05,
	0x07, 0x04, 0x0B, 0x08, 0x9B, 0x1C, 0x03, 0x0C, 0x09, 0x06, 0x14, 0x02,
	0x02, 0x01, 0xF0, 0x06, 0x0C, 0x02, 0x0C, 0x01, 0x0E, 0x0A, 0xD7, 0x10,
	0x10, 0x14, 0x11, 0x1C, 0x1A, 0x41, 0x20, 0x1B, 0x0E, 0x1A, 0x47, 0x35,
	0x17, 0x28, 0x23, 0x26, 0x08, 0x0F, 0x05, 0x06, 0xD9, 0x21, 0x05, 0x11,
	0x04, 0x04, 0x0A, 0x02, 0x0B, 0x14, 0x09, 0x9B, 0x08, 0x07, 0x0B, 0x05,
	0x02, 0x5F, 0x17, 0x29, 0x05, 0x05, 0x09, 0x11, 0x01, 0x1E, 0x17, 0x14,
	0x04, 0x05, 0x02, 0x9C, 0x12, 0x0A, 0x09, 0x06, 0x0D, 0x0D, 0x05, 0x02,
	0xE8, 0x02, 0x20, 0x13, 0x06, 0x24, 0x45, 0x03, 0x0F, 0x03, 0x0C, 0x11,
	0x04, 0x01, 0x08, 0x04, 0x0A, 0x08, 0x06, 0x0C, 0x01, 0x08, 0x01, 0x21,
	0x06, 0x78, 0x03, 0x09, 0x12, 0x06, 0x94, 0x1C, 0x02, 0x13, 0x2F, 0x0C,
	0x07, 0x0A, 0x04, 0x03, 0x06, 0x0A, 0x01, 0x02, 0x0E, 0x04, 0x01, 0x03,
	0x01, 0x0F, 0x0A, 0x0A, 0x18, 0x28, 0x0A, 0x02, 0x01, 0xCC, 0x2B, 0x2B,
	0x5A, 0x1D, 0x19, 0x02, 0x04, 0x05, 0x01, 0x05, 0x08, 0x07, 0x08, 0x04,
	0x01, 0x02, 0x07, 0x13, 0x16, 0x03, 0x22, 0x6B, 0x02, 0x0D, 0xFE, 0xA7,
	0x0B, 0x03, 0x01, 0x06, 0x0A, 0x01, 0x09, 0x01, 0x0C, 0x03, 0x08, 0x07,
	0x05, 0x11, 0x03, 0x04, 0x03, 0x01, 0x06, 0x06, 0x04, 0x06, 0x04, 0x06,
	0x08, 0x94, 0x03, 0x03, 0x0A, 0x03, 0x01, 0x05, 0x01, 0x07, 0x0B, 0x03,
	0x23, 0x0B, 0x01, 0x03, 0x05, 0x85, 0x04, 0x04, 0x04, 0x10, 0x05, 0x09,
	0x0C, 0x02, 0x1B, 0x39, 0x2B, 0x13, 0x03, 0x10, 0xFE, 0x8E, 0x03, 0x06,
	0x06, 0x06, 0x0D, 0x15, 0x26, 0x04, 0x0E, 0x03, 0x11, 0x01, 0x03, 0x06,
	0x09, 0x07, 0x12, 0x14, 0x0B, 0x04, 0x02, 0x06, 0x07, 0x04, 0x17, 0x29,
	0x0A, 0x01, 0x3A, 0x01, 0x06, 0x05, 0x0D, 0x03, 0x04, 0x08, 0x07, 0x05,
	0x20, 0x06, 0x08, 0x2F, 0x60, 0x03, 0x0D, 0x16, 0x03, 0x0B, 0x0A, 0x0E,
	0x0E, 0x7D, 0x01, 0x26, 0x02, 0x61, 0x15, 0x1E, 0x28, 0x2C, 0x31, 0x3B,
	0x19, 0x1F, 0x3F, 0x2C, 0x22, 0x05, 0x10, 0xFE, 0x34, 0x01, 0x0F, 0x07,
	0x11, 0x8D, 0x01, 0x0C, 0x11, 0x05, 0x0D, 0x08, 0x0E, 0x02, 0x0C, 0x02,
	0x01, 0x07, 0x04, 0x02, 0x0D, 0x0D, 0x10, 0x0B, 0x07, 0x95, 0x01, 0x18,
	0x03, 0x0A, 0x01, 0xC4, 0x01, 0x0F, 0x02, 0x07, 0x10, 0x24, 0x05, 0x2C,
	0x4F, 0x01, 0x1F, 0x03, 0x05, 0x09, 0x07, 0x01, 0x09, 0x07, 0x0C, 0x5F,
	0x02, 0x11, 0x05, 0x05, 0x03, 0xFD, 0xF4, 0x03, 0x01, 0x02, 0x14, 0x27,
	0x8F, 0x02, 0x15, 0x03, 0x04, 0x0D, 0x01, 0x03, 0x02, 0x03, 0x03, 0x11,
	0x03, 0x01, 0x03, 0x03, 0x04, 0x06, 0x02, 0x08, 0x0F, 0x11, 0x08, 0x05,
	0x13, 0x43, 0x13, 0x18, 0x2D, 0x06, 0x09, 0x09, 0x01, 0xBB, 0x0D, 0x07,
	0x04, 0x05, 0x0A, 0x07, 0x08, 0x0A, 0x0D, 0x0C, 0x2F, 0x03, 0x15, 0x02,
	0x01, 0x03, 0x02, 0x02, 0x0D, 0x06, 0x16, 0x14, 0x06, 0x02, 0x0A, 0x0A,
	0xD6, 0x08, 0x1F, 0x0A, 0x01, 0x04, 0xAB, 0x03, 0x04, 0x03, 0x0E, 0x04,
	0x05, 0x05, 0x10, 0x04, 0x04, 0x04, 0x29, 0x2C, 0x2B, 0x29, 0x05, 0x03,
	0x08, 0x20, 0x08, 0x05, 0x04, 0x05, 0x11, 0x06, 0x0B, 0x03, 0x89, 0x05,
	0x02, 0x08, 0x04, 0x02, 0x02, 0x02, 0x06, 0x04, 0x03, 0x02, 0x02, 0x03,
	0x02, 0x0D, 0x03, 0x05, 0x07, 0x08, 0x03, 0x0A, 0x02, 0x03, 0x03, 0x01,
	0x01, 0x01, 0x8B, 0x03, 0x12, 0x0D, 0x02, 0x24, 0x39, 0x30, 0x30, 0x09,
	0x09, 0x0B, 0x07, 0x02, 0x04, 0x0D, 0x10, 0x05, 0x05, 0xA9, 0x16, 0x01,
	0x0F, 0x1C, 0x08, 0x0A, 0x07, 0x03, 0x02, 0x2E, 0x12, 0x08, 0x4D, 0x03,
	0x07, 0x01, 0x09, 0x1F, 0x02, 0x03, 0x24, 0x30, 0x03, 0x09, 0x15, 0x0B,
	0x02, 0x06, 0x10, 0x05, 0x38, 0x0B, 0x18, 0x02, 0x95, 0x01, 0x06, 0x21,
	0x03, 0x05, 0x05, 0x18, 0x06, 0x07, 0x14, 0x19, 0x07, 0x5E, 0x05, 0x04,
	0x07, 0x1A, 0x07, 0x01, 0x07, 0x0C, 0x0C, 0x02, 0x08, 0xF5, 0x05, 0x07,
	0x02, 0x65, 0x19, 0x03, 0x0A, 0x5C, 0x02, 0x06, 0x0A, 0x07, 0x86, 0x04,
	0x0B, 0x0E, 0x04, 0x17, 0xFF, 0x00, 0x17, 0x0B, 0x05, 0x03, 0x16, 0x03,
	0x01, 0x0B, 0x01, 0x01, 0xE8, 0x09, 0x11, 0x0B, 0x17, 0x13, 0x0A, 0x1F,
	0x57, 0x11, 0x11, 0x14, 0x05, 0x07, 0x2B, 0x25, 0x33, 0x23, 0x19, 0x30,
	0x06, 0x02, 0x07, 0x0B, 0x45, 0x25, 0x20, 0xE8, 0x24, 0x03, 0x08, 0x03,
	0x17, 0x17, 0xDC, 0x05, 0x07, 0x1A, 0x09, 0x04, 0x07, 0x0C, 0xC5, 0x1A,
	0x1F, 0x05, 0x15, 0x57, 0x08, 0x12, 0x0A, 0x03, 0x0D, 0xA6, 0x05, 0x19,
	0x0A, 0x2B, 0x1A, 0x21, 0x6D, 0x02, 0x0F, 0x06, 0x11, 0x04, 0x06, 0x23,
	0x18, 0x00, 0x00, 0x0F, 0x00, 0x00, 0xFF, 0xFF, 0x04, 0x50, 0x03, 0x20,
	0x00, 0x0B, 0x00, 0x40, 0x00, 0xD3, 0x01, 0x2C, 0x01, 0x35, 0x01, 0x36,
	0x01, 0x82, 0x03, 0x2D, 0x03, 0xD7, 0x03, 0xDC, 0x03, 0xE8, 0x03, 0xF4,
	0x03, 0xF7, 0x03, 0xFA, 0x04, 0x02, 0x00, 0x00, 0x01, 0x03, 0x27, 0x05,
	0x06, 0x07, 0x27, 0x05, 0x06, 0x27, 0x11, 0x17, 0x05, 0x26, 0x07, 0x26,
	0x36, 0x27, 0x07, 0x14, 0x06, 0x15, 0x14, 0x17, 0x22, 0x27, 0x17, 0x16,
	0x07, 0x06, 0x07, 0x36, 0x37, 0x16, 0x07, 0x06, 0x17, 0x16, 0x33, 0x32,
	0x35, 0x34, 0x35, 0x36, 0x37, 0x16, 0x17, 0x3E, 0x01, 0x37, 0x30, 0x17,
	0x06, 0x15, 0x14, 0x16, 0x15, 0x14, 0x07, 0x16, 0x07, 0x26, 0x27, 0x3E,
	0x01, 0x13, 0x36, 0x35, 0x34, 0x27, 0x26, 0x27, 0x26, 0x27, 0x16, 0x17,
	0x16, 0x15, 0x14, 0x07, 0x17, 0x36, 0x17, 0x16, 0x17, 0x16, 0x07, 0x27,
	0x06, 0x07, 0x06, 0x07, 0x06, 0x23, 0x22, 0x27, 0x16, 0x17, 0x16, 0x17,
	0x26, 0x37, 0x16, 0x32, 0x17, 0x16, 0x07, 0x17, 0x27, 0x3E, 0x01, 0x17,
	0x16, 0x17, 0x16, 0x17, 0x26, 0x37, 0x33, 0x16, 0x15, 0x14, 0x06, 0x15,
	0x14, 0x33, 0x32, 0x3F, 0x01, 0x16, 0x15, 0x14, 0x31, 0x36, 0x17, 0x37,
	0x16, 0x15, 0x06, 0x16, 0x37, 0x36, 0x17, 0x26, 0x37, 0x16, 0x15, 0x14,
	0x31, 0x36, 0x33, 0x34, 0x37, 0x16, 0x07, 0x16, 0x07, 0x17, 0x16, 0x37,
	0x36, 0x35, 0x34, 0x27, 0x26, 0x37, 0x36, 0x33, 0x32, 0x17, 0x16, 0x17,
	0x36, 0x37, 0x34, 0x37, 0x17, 0x36, 0x37, 0x36, 0x37, 0x17, 0x32, 0x37,
	0x36, 0x37, 0x16, 0x15, 0x06, 0x31, 0x3E, 0x01, 0x37, 0x16, 0x15, 0x3E,
	0x01, 0x37, 0x30, 0x17, 0x36, 0x27, 0x36, 0x37, 0x36, 0x17, 0x37, 0x22,
	0x27, 0x26, 0x37, 0x17, 0x27, 0x26, 0x06, 0x27, 0x26, 0x27, 0x07, 0x06,
	0x07, 0x06, 0x07, 0x26, 0x07, 0x26, 0x07, 0x06, 0x23, 0x32, 0x16, 0x17,
	0x35, 0x36, 0x33, 0x32, 0x16, 0x17, 0x34, 0x37, 0x30, 0x17, 0x16, 0x07,
	0x16, 0x37, 0x26, 0x37, 0x16, 0x07, 0x06, 0x07, 0x06, 0x07, 0x37, 0x36,
	0x37, 0x32, 0x15, 0x36, 0x37, 0x34, 0x07, 0x3E, 0x01, 0x37, 0x16, 0x07,
	0x06, 0x31, 0x36, 0x17, 0x36, 0x37, 0x16, 0x06, 0x17, 0x26, 0x37, 0x16,
	0x06, 0x17, 0x26, 0x37, 0x17, 0x07, 0x06, 0x17, 0x26, 0x27, 0x26, 0x27,
	0x26, 0x37, 0x16, 0x07, 0x3E, 0x01, 0x37, 0x16, 0x15, 0x13, 0x06, 0x23,
	0x14, 0x07, 0x33, 0x16, 0x17, 0x36, 0x07, 0x17, 0x2E, 0x01, 0x27, 0x3E,
	0x01, 0x37, 0x2E, 0x01, 0x07, 0x26, 0x27, 0x26, 0x27, 0x0E, 0x01, 0x07,
	0x26, 0x07, 0x16, 0x17, 0x37, 0x16, 0x17, 0x36, 0x17, 0x06, 0x15, 0x14,
	0x16, 0x07, 0x06, 0x07, 0x37, 0x36, 0x37, 0x36, 0x37, 0x16, 0x06, 0x17,
	0x37, 0x36, 0x26, 0x37, 0x16, 0x06, 0x07, 0x36, 0x37, 0x36, 0x37, 0x16,
	0x15, 0x0E, 0x01, 0x17, 0x36, 0x37, 0x32, 0x17, 0x06, 0x07, 0x37, 0x16,
	0x15, 0x14, 0x06, 0x15, 0x14, 0x17, 0x34, 0x37, 0x30, 0x17, 0x06, 0x25,
	0x26, 0x27, 0x26, 0x27, 0x36, 0x37, 0x36, 0x35, 0x16, 0x07, 0x14, 0x17,
	0x3E, 0x01, 0x37, 0x16, 0x06, 0x17, 0x37, 0x36, 0x37, 0x36, 0x37, 0x17,
	0x37, 0x36, 0x37, 0x36, 0x37, 0x17, 0x37, 0x36, 0x34, 0x37, 0x30, 0x17,
	0x37, 0x16, 0x33, 0x36, 0x37, 0x17, 0x36, 0x37, 0x17, 0x36, 0x37, 0x26,
	0x06, 0x07, 0x06, 0x07, 0x06, 0x07, 0x27, 0x36, 0x27, 0x34, 0x26, 0x35,
	0x34, 0x37, 0x16, 0x17, 0x37, 0x30, 0x27, 0x26, 0x37, 0x1E, 0x01, 0x17,
	0x36, 0x37, 0x36, 0x26, 0x35, 0x34, 0x37, 0x16, 0x17, 0x36, 0x37, 0x26,
	0x37, 0x36, 0x33, 0x32, 0x16, 0x33, 0x36, 0x27, 0x36, 0x35, 0x34, 0x27,
	0x34, 0x35, 0x34, 0x33, 0x36, 0x37, 0x36, 0x37, 0x26, 0x37, 0x36, 0x33,
	0x37, 0x36, 0x37, 0x36, 0x27, 0x06, 0x07, 0x06, 0x07, 0x06, 0x07, 0x06,
	0x27, 0x36, 0x34, 0x36, 0x35, 0x34, 0x26, 0x27, 0x14, 0x27, 0x26, 0x37,
	0x1E, 0x01, 0x17, 0x36, 0x35, 0x34, 0x2E, 0x01, 0x35, 0x34, 0x37, 0x17,
	0x37, 0x36, 0x35, 0x34, 0x26, 0x35, 0x34, 0x37, 0x17, 0x36, 0x37, 0x36,
	0x35, 0x34, 0x26, 0x35, 0x34, 0x37, 0x32, 0x16, 0x17, 0x36, 0x27, 0x26,
	0x37, 0x36, 0x17, 0x35, 0x17, 0x36, 0x31, 0x06, 0x23, 0x26, 0x0F, 0x01,
	0x06, 0x07, 0x17, 0x36, 0x17, 0x16, 0x15, 0x14, 0x07, 0x06, 0x07, 0x06,
	0x07, 0x26, 0x07, 0x23, 0x15, 0x16, 0x37, 0x26, 0x37, 0x16, 0x07, 0x06,
	0x17, 0x16, 0x37, 0x36, 0x37, 0x17, 0x14, 0x07, 0x16, 0x33, 0x26, 0x37,
	0x06, 0x17, 0x16, 0x33, 0x32, 0x35, 0x34, 0x35, 0x26, 0x35, 0x34, 0x37,
	0x17, 0x33, 0x26, 0x37, 0x16, 0x14, 0x17, 0x16, 0x36, 0x37, 0x16, 0x37,
	0x36, 0x31, 0x1E, 0x01, 0x33, 0x32, 0x37, 0x26, 0x27, 0x26, 0x37, 0x16,
	0x17, 0x16, 0x31, 0x33, 0x37, 0x16, 0x15, 0x14, 0x31, 0x16, 0x33, 0x32,
	0x31, 0x26, 0x34, 0x27, 0x37, 0x16, 0x15, 0x06, 0x15, 0x14, 0x33, 0x32,
	0x33, 0x36, 0x35, 0x34, 0x26, 0x35, 0x34, 0x37, 0x16, 0x17, 0x16, 0x31,
	0x26, 0x37, 0x16, 0x06, 0x33, 0x32, 0x36, 0x37, 0x16, 0x15, 0x14, 0x31,
	0x16, 0x33, 0x32, 0x31, 0x26, 0x37, 0x17, 0x16, 0x34, 0x33, 0x16, 0x07,
	0x33, 0x26, 0x37, 0x14, 0x16, 0x37, 0x35, 0x36, 0x17, 0x26, 0x27, 0x26,
	0x27, 0x26, 0x27, 0x37, 0x16, 0x37, 0x36, 0x27, 0x34, 0x37, 0x16, 0x06,
	0x17, 0x37, 0x16, 0x33, 0x32, 0x35, 0x34, 0x27, 0x34, 0x35, 0x34, 0x37,
	0x16, 0x14, 0x17, 0x36, 0x33, 0x26, 0x35, 0x34, 0x37, 0x16, 0x06, 0x17,
	0x16, 0x37, 0x26, 0x35, 0x34, 0x37, 0x16, 0x15, 0x14, 0x31, 0x06, 0x17,
	0x16, 0x15, 0x37, 0x16, 0x06, 0x17, 0x33, 0x30, 0x37, 0x16, 0x07, 0x37,
	0x26, 0x37, 0x1E, 0x01, 0x17, 0x32, 0x37, 0x27, 0x26, 0x37, 0x16, 0x17,
	0x16, 0x37, 0x27, 0x34, 0x37, 0x32, 0x17, 0x16, 0x37, 0x36, 0x37, 0x16,
	0x14, 0x16, 0x37, 0x36, 0x33, 0x32, 0x16, 0x33, 0x32, 0x37, 0x26, 0x37,
	0x36, 0x33, 0x16, 0x33, 0x32, 0x36, 0x25, 0x26, 0x27, 0x26, 0x27, 0x16,
	0x07, 0x26, 0x36, 0x27, 0x06, 0x17, 0x07, 0x26, 0x27, 0x07, 0x16, 0x07,
	0x26, 0x37, 0x36, 0x27, 0x06, 0x16, 0x07, 0x26, 0x36, 0x27, 0x16, 0x07,
	0x27, 0x26, 0x35, 0x34, 0x36, 0x35, 0x34, 0x27, 0x07, 0x26, 0x37, 0x26,
	0x27, 0x06, 0x16, 0x07, 0x26, 0x37, 0x34, 0x27, 0x0F, 0x01, 0x26, 0x37,
	0x27, 0x06, 0x14, 0x07, 0x27, 0x34, 0x37, 0x26, 0x36, 0x27, 0x26, 0x07,
	0x06, 0x31, 0x06, 0x17, 0x16, 0x15, 0x14, 0x07, 0x26, 0x35, 0x34, 0x36,
	0x35, 0x34, 0x27, 0x26, 0x07, 0x06, 0x17, 0x06, 0x31, 0x26, 0x36, 0x27,
	0x23, 0x15, 0x07, 0x26, 0x27, 0x23, 0x15, 0x13, 0x17, 0x36, 0x27, 0x37,
	0x16, 0x15, 0x33, 0x26, 0x37, 0x36, 0x37, 0x16, 0x06, 0x17, 0x16, 0x35,
	0x34, 0x35, 0x26, 0x35, 0x34, 0x37, 0x16, 0x15, 0x14, 0x27, 0x16, 0x35,
	0x34, 0x26, 0x35, 0x34, 0x37, 0x16, 0x15, 0x14, 0x06, 0x15, 0x14, 0x17,
	0x36, 0x35, 0x34, 0x35, 0x26, 0x35, 0x34, 0x37, 0x16, 0x17, 0x36, 0x37,
	0x36, 0x37, 0x16, 0x06, 0x17, 0x36, 0x27, 0x36, 0x31, 0x16, 0x17, 0x36,
	0x37, 0x17, 0x3E, 0x01, 0x37, 0x36, 0x27, 0x30, 0x07, 0x30, 0x27, 0x07,
	0x16, 0x01, 0x06, 0x26, 0x27, 0x0E, 0x01, 0x23, 0x22, 0x27, 0x26, 0x37,
	0x32, 0x07, 0x06, 0x27, 0x26, 0x31, 0x26, 0x37, 0x16, 0x17, 0x16, 0x37,
	0x36, 0x01, 0x27, 0x17, 0x13, 0x07, 0x27, 0x07, 0x26, 0x35, 0x34, 0x31,
	0x16, 0x15, 0x14, 0x04, 0x50, 0x02, 0x21, 0xFD, 0x94, 0x03, 0x06, 0x05,
	0xFE, 0x5D, 0x09, 0x07, 0x30, 0x03, 0xC8, 0x08, 0x16, 0x05, 0x01, 0x05,
	0x05, 0x0D, 0x02, 0x01, 0x28, 0x19, 0x01, 0x05, 0x07, 0x01, 0x09, 0x13,
	0x04, 0x03, 0x03, 0x02, 0x02, 0x02, 0x03, 0x01, 0x03, 0x01, 0x04, 0x02,
	0x03, 0x02, 0x02, 0x04, 0x0E, 0x03, 0x08, 0x01, 0x04, 0x07, 0x04, 0x14,
	0x01, 0x05, 0x0E, 0x27, 0x26, 0x31, 0x2D, 0x42, 0x03, 0x03, 0x4A, 0x09,
	0x0C, 0x0B, 0x0C, 0x07, 0x03, 0x03, 0x1E, 0x24, 0x01, 0x15, 0x12, 0x35,
	0x1B, 0x38, 0x1E, 0x0C, 0x0C, 0x0F, 0x12, 0x03, 0x03, 0x04, 0x01, 0x04,
	0x02, 0x06, 0x0E, 0x03, 0x02, 0x02, 0x03, 0x01, 0x02, 0x02, 0x09, 0x01,
	0x03, 0x03, 0x03, 0x02, 0x0C, 0x04, 0x06, 0x02, 0x05, 0x09, 0x10, 0x02,
	0x08, 0x01, 0x05, 0x05, 0x06, 0x03, 0x07, 0x09, 0x05, 0x06, 0x0E, 0x05,
	0x09, 0x07, 0x03, 0x03, 0x03, 0x05, 0x08, 0x05, 0x02, 0x02, 0x02, 0x02,
	0x02, 0x03, 0x02, 0x01, 0x01, 0x0B, 0x01, 0x02, 0x07, 0x12, 0x02, 0x03,
	0x02, 0x05, 0x0E, 0x02, 0x02, 0x03, 0x05, 0x01, 0x0A, 0x06, 0x05, 0x02,
	0x08, 0x09, 0x04, 0x02, 0x09, 0x02, 0x01, 0x04, 0x04, 0x03, 0x07, 0x02,
	0x03, 0x01, 0x06, 0x02, 0xAF, 0x0B, 0x22, 0x0A, 0x0A, 0x14, 0x05, 0x06,
	0x0A, 0x08, 0x0D, 0x17, 0x1E, 0x04, 0x09, 0x0E, 0x01, 0x09, 0x1A, 0x07,
	0x02, 0x01, 0x04, 0x05, 0x04, 0x05, 0x03, 0x03, 0x04, 0x04, 0x08, 0x01,
	0x05, 0x05, 0x03, 0x02, 0x02, 0x0E, 0x15, 0x15, 0x03, 0x0B, 0x02, 0x05,
	0x0E, 0x05, 0x0B, 0x04, 0x06, 0x03, 0x02, 0x04, 0x09, 0x03, 0x01, 0x08,
	0x05, 0x08, 0x08, 0x02, 0x06, 0x04, 0x05, 0x08, 0x02, 0x09, 0x05, 0x02,
	0x08, 0x15, 0x02, 0x02, 0x04, 0x08, 0x06, 0x0B, 0x07, 0x05, 0x04, 0x04,
	0x04, 0x02, 0xDD, 0x09, 0x17, 0x02, 0x02, 0x05, 0x02, 0x12, 0x1E, 0x0A,
	0x01, 0x13, 0x01, 0x02, 0x04, 0x08, 0x03, 0x02, 0x05, 0x06, 0x02, 0x02,
	0x03, 0x09, 0x13, 0x09, 0x16, 0x2B, 0x18, 0x06, 0x05, 0x01, 0x06, 0x03,
	0x08, 0x04, 0x05, 0x01, 0x13, 0x12, 0x03, 0x0D, 0x0B, 0x08, 0x09, 0x02,
	0x07, 0x01, 0x10, 0x02, 0x01, 0x08, 0x02, 0x08, 0x03, 0x0E, 0x05, 0x04,
	0x04, 0x03, 0x01, 0x07, 0x01, 0x01, 0x08, 0x02, 0x02, 0x02, 0x02, 0x04,
	0x05, 0x02, 0x04, 0x03, 0x07, 0x06, 0xFE, 0x64, 0x55, 0x85, 0x19, 0x2D,
	0x0B, 0x04, 0x06, 0x06, 0x03, 0x02, 0x0A, 0x02, 0x04, 0x06, 0x05, 0x04,
	0x06, 0x12, 0x03, 0x03, 0x02, 0x04, 0x03, 0x12, 0x02, 0x03, 0x02, 0x05,
	0x10, 0x02, 0x05, 0x02, 0x15, 0x03, 0x01, 0x0E, 0x05, 0x04, 0x06, 0x0B,
	0x02, 0x15, 0x2B, 0x0A, 0x17, 0x0A, 0x02, 0x86, 0x2D, 0x40, 0x02, 0x0C,
	0x03, 0x09, 0x02, 0x05, 0x07, 0x10, 0x07, 0x05, 0x03, 0x05, 0x06, 0x03,
	0x03, 0x08, 0x01, 0x09, 0x01, 0x04, 0x0C, 0x02, 0x08, 0x09, 0x02, 0x02,
	0x02, 0x02, 0x01, 0x04, 0x06, 0x01, 0x07, 0x01, 0x0A, 0x01, 0x0B, 0x11,
	0x01, 0x03, 0x01, 0x01, 0x05, 0x15, 0x01, 0x05, 0x03, 0x02, 0x45, 0x88,
	0x0C, 0x0B, 0x0E, 0x04, 0x09, 0x05, 0x02, 0x08, 0x12, 0x02, 0x02, 0x01,
	0x06, 0x05, 0x07, 0x06, 0x03, 0x04, 0x10, 0x01, 0x13, 0x02, 0x01, 0x09,
	0x01, 0x09, 0x01, 0x01, 0x04, 0x0A, 0x02, 0x03, 0x03, 0x01, 0x04, 0x03,
	0x03, 0x02, 0x01, 0x03, 0x03, 0x04, 0x04, 0x17, 0x12, 0x03, 0x6C, 0x0D,
	0x14, 0x03, 0x60, 0x3C, 0x33, 0x0C, 0x2C, 0x5E, 0x10, 0x1E, 0x04, 0x01,
	0x04, 0x06, 0x03, 0x02, 0x07, 0x06, 0x02, 0x02, 0x02, 0x0A, 0x01, 0x01,
	0x02, 0x05, 0x03, 0x03, 0x0B, 0x01, 0x04, 0x01, 0x05, 0x05, 0x03, 0x09,
	0x01, 0x03, 0x07, 0x0B, 0x01, 0x03, 0x05, 0x02, 0x07, 0x01, 0x02, 0x02,
	0x04, 0x07, 0x04, 0x16, 0x07, 0x03, 0x04, 0x02, 0x02, 0x02, 0x03, 0x07,
	0x02, 0x03, 0x27, 0x02, 0x05, 0x02, 0x06, 0x0A, 0x02, 0x02, 0x04, 0x05,
	0x02, 0x14, 0x10, 0x11, 0x01, 0x07, 0x03, 0x03, 0x07, 0x09, 0x02, 0x06,
	0x06, 0x02, 0x06, 0x03, 0x04, 0x04, 0x05, 0x02, 0x06, 0x0A, 0x01, 0x03,
	0x07, 0x07, 0x05, 0x06, 0x02, 0x07, 0x01, 0x06, 0x0A, 0x06, 0x03, 0x02,
	0x1B, 0x06, 0x13, 0x11, 0x24, 0x42, 0x05, 0x09, 0x02, 0x01, 0x01, 0x03,
	0x05, 0x01, 0x03, 0x02, 0x05, 0x04, 0x08, 0x01, 0x02, 0x05, 0x02, 0x07,
	0x0E, 0x05, 0x05, 0x05, 0x01, 0x03, 0x07, 0x0B, 0x02, 0x02, 0x05, 0x01,
	0x06, 0x0B, 0x05, 0x05, 0x01, 0x03, 0x10, 0x04, 0x06, 0x01, 0x15, 0x03,
	0x03, 0x05, 0x02, 0x02, 0x04, 0x0E, 0x02, 0x01, 0x06, 0x01, 0x05, 0x05,
	0x0E, 0x05, 0x03, 0x03, 0x06, 0x07, 0x03, 0x04, 0x02, 0x03, 0x02, 0x04,
	0x03, 0x05, 0x02, 0x0A, 0x03, 0x03, 0x02, 0x03, 0x01, 0x01, 0x05, 0x03,
	0x05, 0x03, 0x0C, 0xFE, 0x94, 0x05, 0x01, 0x01, 0x02, 0x01, 0x03, 0x05,
	0x01, 0x05, 0x08, 0x0A, 0x07, 0x01, 0x08, 0x02, 0x06, 0x09, 0x03, 0x01,
	0x01, 0x0A, 0x04, 0x05, 0x08, 0x04, 0x06, 0x09, 0x02, 0x09, 0x02, 0x01,
	0x03, 0x09, 0x03, 0x08, 0x06, 0x03, 0x08, 0x03, 0x01, 0x05, 0x03, 0x01,
	0x0A, 0x04, 0x05, 0x01, 0x03, 0x09, 0x02, 0x05, 0x05, 0x03, 0x01, 0x02,
	0x01, 0x02, 0x07, 0x05, 0x02, 0x02, 0x02, 0x04, 0x07, 0x03, 0x01, 0x05,
	0x09, 0x01, 0x01, 0x07, 0x03, 0x05, 0x04, 0x05, 0x04, 0x01, 0x02, 0x06,
	0x02, 0x04, 0x01, 0x03, 0x02, 0x0A, 0x09, 0x04, 0x03, 0x01, 0x02, 0x05,
	0x01, 0x05, 0x0F, 0x01, 0x05, 0x05, 0x01, 0x16, 0x04, 0x06, 0x04, 0x02,
	0x04, 0x11, 0x01, 0x03, 0x03, 0x06, 0x0A, 0x01, 0x02, 0x01, 0x05, 0x01,
	0x05, 0x10, 0x07, 0x07, 0x01, 0x02, 0x05, 0x0B, 0x04, 0x04, 0x04, 0x06,
	0x03, 0x03, 0x3C, 0x04, 0x03, 0x01, 0x03, 0x2A, 0x05, 0x07, 0x04, 0x05,
	0x05, 0x02, 0x02, 0x04, 0x03, 0x0F, 0x0D, 0x40, 0x06, 0x0B, 0x12, 0x0D,
	0x04, 0x07, 0x10, 0x04, 0x07, 0x06, 0xFD, 0x3E, 0x09, 0x09, 0x76, 0x03,
	0x02, 0x45, 0x05, 0x05, 0x03, 0x14, 0xFC, 0xF1, 0x02, 0x04, 0x01, 0x02,
	0x05, 0x05, 0x01, 0x08, 0x03, 0x19, 0x05, 0x47, 0x01, 0x06, 0x07, 0x23,
	0x07, 0x0C, 0x04, 0x0F, 0x05, 0x03, 0x03, 0x05, 0x1E, 0x09, 0x0A, 0x0E,
	0x04, 0x0C, 0x1B, 0x02, 0x03, 0x04, 0x02, 0x01, 0x06, 0x05, 0x05, 0x04,
	0x01, 0x0A, 0x14, 0x02, 0x08, 0x02, 0x09, 0x05, 0x03, 0x03, 0x06, 0x04,
	0x03, 0x04, 0x04, 0x01, 0x0D, 0x26, 0x07, 0x0A, 0xFE, 0xAF, 0x13, 0x16,
	0x22, 0x3B, 0x2C, 0x2C, 0x32, 0x0B, 0x3E, 0x2C, 0x0E, 0x0F, 0x55, 0x41,
	0x0A, 0x03, 0x0F, 0x13, 0x03, 0x0A, 0x02, 0x1E, 0x1C, 0x01, 0x0F, 0x06,
	0x08, 0x1A, 0x16, 0x16, 0x1A, 0x0D, 0x0F, 0x03, 0x02, 0x0A, 0x07, 0x01,
	0x07, 0x10, 0x01, 0x09, 0x01, 0x01, 0x15, 0x0F, 0x04, 0x0F, 0x1C, 0x04,
	0x08, 0x04, 0x11, 0x04, 0x0F, 0x02, 0x30, 0x09, 0x11, 0x1D, 0x01, 0x04,
	0x33, 0x07, 0x10, 0x14, 0x09, 0x03, 0x02, 0x01, 0x1F, 0x0D, 0x07, 0x0D,
	0x16, 0x02, 0x01, 0x30, 0x0B, 0x1A, 0x03, 0x06, 0x03, 0x01, 0x04, 0x03,
	0x04, 0x01, 0x08, 0x05, 0x04, 0x01, 0x12, 0x04, 0x02, 0x03, 0x0F, 0x14,
	0x03, 0x20, 0x01, 0x15, 0x1E, 0x04, 0x23, 0x10, 0x16, 0x03, 0x02, 0x09,
	0x09, 0x04, 0x1C, 0x05, 0x01, 0x06, 0x02, 0x1A, 0x04, 0x09, 0x09, 0x0E,
	0x04, 0x02, 0x02, 0x04, 0x0E, 0x03, 0x03, 0x06, 0x03, 0xB7, 0x01, 0x0E,
	0x01, 0x1F, 0x3F, 0x07, 0x0B, 0x26, 0x1F, 0x0E, 0x0D, 0x12, 0x07, 0x03,
	0x04, 0x15, 0x02, 0x07, 0x01, 0x10, 0x01, 0x06, 0x0A, 0x0A, 0x06, 0x04,
	0x06, 0x01, 0x0F, 0x0A, 0x07, 0x0D, 0x0A, 0x0B, 0x18, 0x32, 0x17, 0x10,
	0x0A, 0x03, 0x16, 0x28, 0x01, 0x31, 0x08, 0x2F, 0x07, 0x08, 0x0B, 0x14,
	0x03, 0x0A, 0x13, 0x22, 0x0A, 0x2D, 0x09, 0x09, 0x10, 0x06, 0x1F, 0x07,
	0x0E, 0x05, 0x05, 0x02, 0x17, 0x13, 0x1B, 0x0D, 0x15, 0x0F, 0x1E, 0x05,
	0x05, 0x07, 0x02, 0x0E, 0x03, 0x03, 0x02, 0xFE, 0x8D, 0x02, 0x02, 0x03,
	0x03, 0x0B, 0x08, 0x13, 0x4E, 0x0C, 0x2E, 0x0D, 0x02, 0x14, 0x01, 0x01,
	0x0E, 0x01, 0x0D, 0x19, 0x1E, 0x0A, 0x0A, 0x31, 0x0A, 0x09, 0x07, 0x0D,
	0x0C, 0x09, 0x04, 0x07, 0x04, 0x02, 0x04, 0x04, 0x03, 0x0F, 0x04, 0x12,
	0x2C, 0x02, 0x06, 0x14, 0x11, 0x11, 0x05, 0x14, 0x05, 0x27, 0x04, 0x19,
	0x03, 0x0B, 0x20, 0x0E, 0x08, 0x16, 0x12, 0x13, 0x03, 0x02, 0x08, 0x26,
	0x09, 0x07, 0x0E, 0x03, 0x04, 0x1A, 0x07, 0x03, 0x04, 0x02, 0x09, 0x02,
	0x05, 0x02, 0x02, 0x05, 0x05, 0x07, 0x6F, 0x30, 0x40, 0x09, 0x15, 0x02,
	0x0B, 0x13, 0x01, 0x09, 0x03, 0x06, 0x01, 0x01, 0x1E, 0x04, 0x03, 0x11,
	0x03, 0x07, 0x04, 0x13, 0x1C, 0x04, 0x25, 0x02, 0x03, 0x13, 0x1C, 0x03,
	0x20, 0x0E, 0x02, 0x0D, 0x01, 0x0B, 0x14, 0x02, 0x0B, 0x0C, 0x07, 0x07,
	0x0E, 0x02, 0x13, 0x24, 0x02, 0x08, 0x03, 0x01, 0x24, 0x02, 0x17, 0x02,
	0x08, 0x0F, 0x03, 0x10, 0x05, 0x04, 0x04, 0x0D, 0x11, 0x1C, 0x10, 0x0A,
	0x06, 0x03, 0x0E, 0x06, 0x06, 0x0A, 0x07, 0x17, 0x05, 0x03, 0x04, 0x0B,
	0x11, 0x05, 0x09, 0x0A, 0x0D, 0x02, 0x0E, 0x06, 0x03, 0x03, 0x07, 0x02,
	0x03, 0x03, 0x01, 0x07, 0x0C, 0x0E, 0x17, 0x02, 0x03, 0x01, 0x02, 0x21,
	0x02, 0x0D, 0x09, 0x06, 0x2B, 0x59, 0x07, 0x06, 0x09, 0x0A, 0x09, 0x0B,
	0x03, 0x14, 0x09, 0x06, 0x07, 0x17, 0x04, 0x01, 0x0A, 0x05, 0x02, 0x03,
	0x16, 0x03, 0x05, 0x07, 0x07, 0x09, 0x13, 0x06, 0x02, 0x03, 0x17, 0x02,
	0x04, 0x04, 0x06, 0x13, 0x04, 0x04, 0x03, 0x0C, 0x04, 0x06, 0x03, 0x04,
	0x03, 0x0C, 0x03, 0x03, 0x02, 0x07, 0x03, 0x05, 0x0A, 0x0A, 0x03, 0x01,
	0x03, 0x19, 0x02, 0x20, 0x02, 0x01, 0x0D, 0x98, 0x0D, 0x21, 0x83, 0x03,
	0x3B, 0x31, 0x4F, 0x26, 0x27, 0x5C, 0x12, 0x02, 0x07, 0x07, 0x01, 0x42,
	0x06, 0x01, 0x10, 0x1C, 0x07, 0x0F, 0x10, 0x06, 0x03, 0x0A, 0x0E, 0x02,
	0x05, 0x05, 0x08, 0x05, 0x0A, 0x12, 0x0A, 0x12, 0x02, 0x0D, 0x03, 0x08,
	0x07, 0x03, 0x08, 0x04, 0x2C, 0x0B, 0x13, 0x04, 0x16, 0x04, 0x02, 0x0E,
	0x02, 0x04, 0x02, 0x04, 0x01, 0x0E, 0x01, 0x0C, 0x0B, 0x0E, 0x09, 0x08,
	0x0F, 0x19, 0x20, 0x04, 0x09, 0x0E, 0x05, 0x07, 0x20, 0x07, 0x05, 0x19,
	0x01, 0x06, 0x04, 0x0F, 0x04, 0x03, 0x05, 0x12, 0x04, 0x05, 0x05, 0x0C,
	0x17, 0x07, 0x0A, 0x10, 0x03, 0x18, 0x01, 0x1A, 0x03, 0x07, 0x0B, 0x05,
	0x06, 0x08, 0x0E, 0x02, 0x0E, 0x04, 0x08, 0x08, 0x04, 0x06, 0x08, 0x02,
	0x05, 0x03, 0x01, 0x18, 0x05, 0x0E, 0x08, 0x14, 0x2F, 0x04, 0x02, 0x05,
	0x02, 0x09, 0x09, 0x03, 0x03, 0x14, 0x03, 0x03, 0x02, 0x0A, 0x03, 0x05,
	0x06, 0x02, 0x07, 0x03, 0x03, 0x19, 0x04, 0x02, 0x0B, 0x0F, 0x0E, 0x0B,
	0x08, 0x24, 0x07, 0x01, 0x03, 0x07, 0x08, 0x09, 0x06, 0x02, 0x06, 0x0A,
	0x06, 0x02, 0x03, 0x01, 0x1E, 0x03, 0x15, 0x03, 0x15, 0x07, 0x0C, 0x02,
	0x06, 0x0B, 0x01, 0x0E, 0x02, 0x03, 0x02, 0x03, 0x06, 0x04, 0x07, 0x01,
	0x03, 0x05, 0x01, 0x03, 0x09, 0x01, 0x05, 0x09, 0x01, 0x03, 0x05, 0x05,
	0x01, 0x07, 0x03, 0x01, 0x03, 0x02, 0x02, 0x05, 0x04, 0x64, 0x06, 0x0E,
	0x13, 0x05, 0x02, 0x03, 0x05, 0x1D, 0x05, 0x10, 0x07, 0x04, 0x0F, 0x1C,
	0x02, 0x14, 0x08, 0x07, 0x16, 0x12, 0x06, 0x04, 0x15, 0x04, 0x05, 0x1E,
	0x06, 0x11, 0x0D, 0x02, 0x03, 0x04, 0x04, 0x0F, 0x02, 0x08, 0x01, 0x27,
	0x0D, 0x1F, 0x04, 0x05, 0x05, 0x1E, 0x06, 0x04, 0x16, 0x12, 0x04, 0x2E,
	0x05, 0x13, 0x22, 0x03, 0x07, 0x23, 0x07, 0x05, 0x07, 0x0B, 0x04, 0x12,
	0x03, 0x06, 0x01, 0x15, 0x05, 0x07, 0x0A, 0x02, 0x06, 0x04, 0x06, 0x0B,
	0x05, 0x15, 0x05, 0x05, 0x05, 0x01, 0x04, 0x16, 0x2A, 0x05, 0x0C, 0x30,
	0x0C, 0x56, 0x04, 0x1D, 0x3A, 0x09, 0xFE, 0xE7, 0x3C, 0x16, 0x2A, 0x03,
	0x12, 0x33, 0x09, 0x0E, 0x0B, 0x0C, 0x07, 0x21, 0x06, 0x01, 0x0D, 0x02,
	0x06, 0x06, 0x03, 0x09, 0x05, 0x06, 0x0D, 0x17, 0x01, 0x03, 0x0F, 0x03,
	0x13, 0x05, 0x09, 0x05, 0x05, 0x07, 0x03, 0x0C, 0x03, 0x07, 0x05, 0x01,
	0x0C, 0x02, 0x05, 0x05, 0x03, 0x07, 0x05, 0x09, 0x11, 0x02, 0x0C, 0x13,
	0x02, 0x02, 0x11, 0x02, 0x0A, 0x14, 0x05, 0x06, 0x0B, 0x0C, 0x17, 0x05,
	0x04, 0x18, 0x02, 0x0F, 0x04, 0xDB, 0x07, 0x05, 0x02, 0x01, 0xAA, 0x02,
	0x13, 0x02, 0x01, 0x11, 0x04, 0x14, 0x01, 0x9F, 0x07, 0x03, 0x04, 0x0C,
	0x06, 0x08, 0x0A, 0x02, 0x03, 0x02, 0x01, 0x14, 0x10, 0x0A, 0xFD, 0xD0,
	0x0D, 0x29, 0x2C, 0x03, 0x07, 0x0B, 0x01, 0x09, 0x0C, 0x00, 0x00, 0x56,
	0x00, 0x00, 0x00, 0x00, 0x03, 0x11, 0x03, 0x20, 0x00, 0x07, 0x00, 0x0F,
	0x00, 0x15, 0x00, 0x1E, 0x02, 0x38, 0x02, 0x47, 0x02, 0x50, 0x02, 0x5B,
	0x02, 0x63, 0x02, 0x6E, 0x02, 0x77, 0x02, 0x87, 0x02, 0x93, 0x02, 0x9C,
	0x02, 0xA8, 0x02, 0xB2, 0x02, 0xBE, 0x02, 0xC7, 0x02, 0xD6, 0x02, 0xDF,
	0x02, 0xEC, 0x02, 0xFB, 0x03, 0x04, 0x03, 0x12, 0x03, 0x1F, 0x03, 0x29,
	0x03, 0x34, 0x03, 0x43, 0x03, 0x4F, 0x03, 0x59, 0x03, 0x66, 0x03, 0x70,
	0x03, 0x81, 0x03, 0xEC, 0x03, 0xF7, 0x04, 0x02, 0x04, 0x0E, 0x04, 0x18,
	0x04, 0x23, 0x04, 0x2D, 0x04, 0x37, 0x04, 0x43, 0x04, 0x4E, 0x04, 0x5B,
	0x04, 0x68, 0x04, 0x71, 0x04, 0x7D, 0x04, 0x88, 0x04, 0x99, 0x04, 0xA3,
	0x04, 0xB1, 0x04, 0xBA, 0x05, 0x1D, 0x05, 0x28, 0x05, 0x30, 0x05, 0x38,
	0x05, 0x40, 0x05, 0x4F, 0x05, 0x57, 0x05, 0x5F, 0x05, 0x6B, 0x05, 0x73,
	0x05, 0x79, 0x05, 0x7F, 0x05, 0x87, 0x05, 0x8E, 0x05, 0x97, 0x05, 0xA4,
	0x06, 0x01, 0x06, 0x07, 0x06, 0x0E, 0x06, 0x3C, 0x06, 0x44, 0x06, 0x4C,
	0x06, 0x56, 0x06, 0x60, 0x06, 0x6A, 0x06, 0x74, 0x06, 0x7C, 0x06, 0x85,
	0x06, 0x91, 0x06, 0x9B, 0x06, 0xAB, 0x06, 0xBD, 0x06, 0xCC, 0x06, 0xDB,
	0x00, 0x00, 0x01, 0x14, 0x07, 0x06, 0x27, 0x26, 0x37, 0x30, 0x07, 0x14,
	0x07, 0x26, 0x27, 0x36, 0x33, 0x32, 0x07, 0x16, 0x07, 0x26, 0x27, 0x16,
	0x07, 0x14, 0x07, 0x23, 0x26, 0x27, 0x36, 0x17, 0x16, 0x13, 0x30, 0x0F,
	0x01, 0x06, 0x07, 0x15, 0x32, 0x17, 0x06, 0x07, 0x22, 0x27, 0x14, 0x07,
	0x32, 0x17, 0x16, 0x07, 0x30, 0x07, 0x06, 0x27, 0x07, 0x16, 0x17, 0x16,
	0x17, 0x16, 0x17, 0x06, 0x07, 0x06, 0x26, 0x23, 0x27, 0x06, 0x17, 0x16,
	0x17, 0x16, 0x07, 0x22, 0x27, 0x26, 0x27, 0x14, 0x06, 0x15, 0x16, 0x17,
	0x16, 0x17, 0x14, 0x07, 0x23, 0x27, 0x14, 0x07, 0x16, 0x07, 0x26, 0x07,
	0x30, 0x17, 0x16, 0x07, 0x06, 0x27, 0x2E, 0x01, 0x27, 0x06, 0x07, 0x16,
	0x17, 0x16, 0x06, 0x07, 0x27, 0x2E, 0x01, 0x27, 0x06, 0x07, 0x16, 0x07,
	0x06, 0x07, 0x26, 0x27, 0x26, 0x27, 0x22, 0x07, 0x16, 0x17, 0x30, 0x07,
	0x06, 0x27, 0x26, 0x27, 0x26, 0x27, 0x26, 0x27, 0x07, 0x06, 0x15, 0x14,
	0x16, 0x15, 0x14, 0x07, 0x06, 0x27, 0x26, 0x27, 0x34, 0x35, 0x30, 0x27,
	0x16, 0x06, 0x07, 0x17, 0x0E, 0x01, 0x07, 0x2E, 0x01, 0x27, 0x26, 0x37,
	0x36, 0x35, 0x26, 0x23, 0x06, 0x07, 0x06, 0x07, 0x06, 0x27, 0x26, 0x36,
	0x27, 0x26, 0x0F, 0x02, 0x06, 0x07, 0x06, 0x07, 0x06, 0x27, 0x26, 0x37,
	0x36, 0x37, 0x36, 0x2F, 0x01, 0x06, 0x07, 0x06, 0x07, 0x06, 0x26, 0x27,
	0x36, 0x37, 0x26, 0x07, 0x06, 0x27, 0x06, 0x07, 0x22, 0x27, 0x26, 0x37,
	0x36, 0x31, 0x37, 0x27, 0x07, 0x06, 0x23, 0x26, 0x35, 0x34, 0x36, 0x37,
	0x36, 0x2F, 0x01, 0x07, 0x06, 0x2F, 0x01, 0x36, 0x37, 0x30, 0x27, 0x06,
	0x27, 0x30, 0x37, 0x26, 0x07, 0x06, 0x07, 0x2E, 0x01, 0x27, 0x37, 0x36,
	0x37, 0x34, 0x27, 0x06, 0x07, 0x06, 0x23, 0x22, 0x26, 0x27, 0x36, 0x37,
	0x36, 0x37, 0x36, 0x37, 0x06, 0x27, 0x36, 0x27, 0x22, 0x07, 0x06, 0x27,
	0x26, 0x37, 0x36, 0x37, 0x34, 0x33, 0x36, 0x27, 0x26, 0x07, 0x06, 0x23,
	0x22, 0x27, 0x26, 0x27, 0x36, 0x37, 0x36, 0x37, 0x36, 0x17, 0x36, 0x2F,
	0x01, 0x26, 0x35, 0x34, 0x36, 0x37, 0x36, 0x17, 0x34, 0x37, 0x22, 0x27,
	0x34, 0x35, 0x26, 0x07, 0x26, 0x27, 0x26, 0x37, 0x36, 0x33, 0x32, 0x16,
	0x33, 0x36, 0x37, 0x26, 0x27, 0x26, 0x27, 0x26, 0x37, 0x16, 0x17, 0x36,
	0x37, 0x27, 0x30, 0x37, 0x36, 0x33, 0x32, 0x17, 0x16, 0x17, 0x16, 0x17,
	0x36, 0x37, 0x27, 0x26, 0x37, 0x36, 0x17, 0x16, 0x17, 0x16, 0x17, 0x36,
	0x26, 0x37, 0x26, 0x27, 0x26, 0x35, 0x34, 0x37, 0x36, 0x17, 0x16, 0x17,
	0x16, 0x17, 0x36, 0x37, 0x27, 0x26, 0x35, 0x34, 0x37, 0x36, 0x17, 0x16,
	0x17, 0x16, 0x17, 0x36, 0x37, 0x34, 0x26, 0x35, 0x36, 0x17, 0x1E, 0x01,
	0x33, 0x32, 0x37, 0x2E, 0x01, 0x27, 0x36, 0x37, 0x16, 0x17, 0x16, 0x17,
	0x37, 0x26, 0x27, 0x26, 0x37, 0x36, 0x33, 0x32, 0x33, 0x1E, 0x01, 0x17,
	0x16, 0x37, 0x34, 0x26, 0x35, 0x34, 0x37, 0x36, 0x33, 0x32, 0x15, 0x06,
	0x16, 0x17, 0x16, 0x3B, 0x01, 0x26, 0x37, 0x36, 0x37, 0x36, 0x16, 0x07,
	0x06, 0x15, 0x16, 0x37, 0x36, 0x37, 0x36, 0x37, 0x36, 0x17, 0x07, 0x16,
	0x37, 0x3E, 0x01, 0x17, 0x16, 0x07, 0x16, 0x06, 0x15, 0x14, 0x17, 0x16,
	0x07, 0x17, 0x36, 0x37, 0x36, 0x33, 0x32, 0x17, 0x16, 0x17, 0x06, 0x07,
	0x06, 0x07, 0x16, 0x33, 0x32, 0x36, 0x37, 0x36, 0x37, 0x16, 0x15, 0x14,
	0x06, 0x07, 0x14, 0x07, 0x17, 0x37, 0x36, 0x17, 0x16, 0x07, 0x06, 0x07,
	0x16, 0x15, 0x14, 0x06, 0x17, 0x36, 0x17, 0x36, 0x37, 0x16, 0x17, 0x16,
	0x07, 0x06, 0x07, 0x14, 0x17, 0x36, 0x37, 0x36, 0x37, 0x16, 0x17, 0x16,
	0x07, 0x06, 0x07, 0x06, 0x17, 0x36, 0x37, 0x36, 0x17, 0x14, 0x17, 0x16,
	0x07, 0x06, 0x07, 0x14, 0x17, 0x32, 0x37, 0x36, 0x37, 0x36, 0x17, 0x16,
	0x07, 0x06, 0x07, 0x06, 0x07, 0x17, 0x36, 0x37, 0x16, 0x07, 0x06, 0x23,
	0x06, 0x07, 0x32, 0x36, 0x33, 0x32, 0x03, 0x26, 0x27, 0x2E, 0x02, 0x35,
	0x36, 0x33, 0x32, 0x17, 0x1E, 0x01, 0x15, 0x14, 0x01, 0x14, 0x23, 0x22,
	0x27, 0x26, 0x36, 0x37, 0x14, 0x01, 0x26, 0x27, 0x26, 0x31, 0x36, 0x1E,
	0x02, 0x15, 0x14, 0x01, 0x06, 0x23, 0x22, 0x27, 0x26, 0x37, 0x16, 0x01,
	0x06, 0x27, 0x34, 0x27, 0x36, 0x33, 0x06, 0x16, 0x15, 0x14, 0x01, 0x16,
	0x07, 0x30, 0x07, 0x06, 0x27, 0x37, 0x36, 0x01, 0x14, 0x16, 0x15, 0x14,
	0x07, 0x2E, 0x01, 0x27, 0x14, 0x27, 0x26, 0x37, 0x32, 0x17, 0x16, 0x07,
	0x06, 0x07, 0x06, 0x27, 0x30, 0x37, 0x36, 0x27, 0x32, 0x37, 0x16, 0x27,
	0x06, 0x27, 0x26, 0x37, 0x36, 0x31, 0x33, 0x16, 0x25, 0x0E, 0x01, 0x07,
	0x06, 0x27, 0x26, 0x35, 0x34, 0x3F, 0x01, 0x32, 0x01, 0x07, 0x06, 0x23,
	0x26, 0x35, 0x34, 0x36, 0x35, 0x36, 0x25, 0x07, 0x0E, 0x01, 0x07, 0x26,
	0x37, 0x3E, 0x01, 0x37, 0x36, 0x16, 0x17, 0x06, 0x07, 0x06, 0x27, 0x37,
	0x36, 0x37, 0x16, 0x17, 0x14, 0x07, 0x06, 0x07, 0x06, 0x27, 0x26, 0x35,
	0x34, 0x36, 0x37, 0x36, 0x35, 0x36, 0x27, 0x06, 0x07, 0x06, 0x27, 0x3E,
	0x01, 0x37, 0x36, 0x27, 0x06, 0x07, 0x06, 0x07, 0x06, 0x27, 0x22, 0x27,
	0x35, 0x36, 0x37, 0x30, 0x01, 0x2E, 0x01, 0x27, 0x06, 0x07, 0x14, 0x16,
	0x15, 0x30, 0x37, 0x16, 0x17, 0x37, 0x36, 0x27, 0x30, 0x27, 0x0E, 0x01,
	0x07, 0x16, 0x17, 0x36, 0x17, 0x26, 0x23, 0x06, 0x07, 0x16, 0x17, 0x37,
	0x36, 0x17, 0x36, 0x37, 0x3E, 0x01, 0x27, 0x26, 0x07, 0x06, 0x07, 0x16,
	0x33, 0x32, 0x36, 0x33, 0x32, 0x17, 0x36, 0x17, 0x2E, 0x01, 0x23, 0x06,
	0x07, 0x17, 0x36, 0x37, 0x36, 0x15, 0x27, 0x26, 0x07, 0x22, 0x07, 0x26,
	0x07, 0x30, 0x37, 0x36, 0x01, 0x34, 0x27, 0x26, 0x15, 0x14, 0x17, 0x16,
	0x07, 0x16, 0x17, 0x34, 0x27, 0x3E, 0x01, 0x01, 0x26, 0x07, 0x06, 0x16,
	0x17, 0x06, 0x16, 0x17, 0x16, 0x17, 0x36, 0x07, 0x26, 0x27, 0x26, 0x35,
	0x06, 0x17, 0x16, 0x17, 0x36, 0x01, 0x27, 0x26, 0x27, 0x26, 0x07, 0x06,
	0x15, 0x14, 0x31, 0x16, 0x17, 0x36, 0x01, 0x26, 0x27, 0x26, 0x27, 0x23,
	0x07, 0x1F, 0x01, 0x36, 0x01, 0x26, 0x27, 0x26, 0x27, 0x26, 0x23, 0x22,
	0x06, 0x15, 0x14, 0x17, 0x16, 0x17, 0x16, 0x17, 0x16, 0x05, 0x30, 0x27,
	0x26, 0x37, 0x27, 0x26, 0x27, 0x26, 0x35, 0x34, 0x37, 0x26, 0x27, 0x26,
	0x27, 0x36, 0x2F, 0x01, 0x26, 0x23, 0x22, 0x06, 0x27, 0x34, 0x26, 0x37,
	0x27, 0x07, 0x06, 0x27, 0x07, 0x0E, 0x01, 0x23, 0x22, 0x27, 0x06, 0x07,
	0x06, 0x07, 0x30, 0x27, 0x06, 0x07, 0x16, 0x07, 0x30, 0x27, 0x0E, 0x01,
	0x17, 0x06, 0x27, 0x1F, 0x01, 0x16, 0x07, 0x17, 0x36, 0x17, 0x16, 0x07,
	0x1E, 0x01, 0x17, 0x16, 0x37, 0x36, 0x33, 0x32, 0x16, 0x17, 0x16, 0x17,
	0x36, 0x37, 0x16, 0x17, 0x16, 0x17, 0x34, 0x37, 0x36, 0x17, 0x36, 0x3F,
	0x01, 0x36, 0x17, 0x16, 0x17, 0x3E, 0x01, 0x37, 0x34, 0x36, 0x35, 0x36,
	0x17, 0x36, 0x37, 0x36, 0x27, 0x36, 0x37, 0x36, 0x07, 0x36, 0x35, 0x34,
	0x26, 0x35, 0x27, 0x30, 0x07, 0x16, 0x17, 0x01, 0x22, 0x27, 0x26, 0x27,
	0x06, 0x07, 0x16, 0x17, 0x30, 0x17, 0x01, 0x26, 0x27, 0x07, 0x16, 0x17,
	0x1E, 0x01, 0x37, 0x34, 0x37, 0x36, 0x27, 0x26, 0x27, 0x30, 0x27, 0x06,
	0x23, 0x16, 0x17, 0x32, 0x01, 0x26, 0x27, 0x26, 0x27, 0x06, 0x07, 0x06,
	0x17, 0x16, 0x17, 0x01, 0x26, 0x27, 0x26, 0x27, 0x07, 0x17, 0x16, 0x17,
	0x16, 0x27, 0x36, 0x27, 0x26, 0x27, 0x07, 0x17, 0x14, 0x17, 0x16, 0x01,
	0x36, 0x35, 0x34, 0x27, 0x26, 0x07, 0x06, 0x31, 0x16, 0x33, 0x32, 0x01,
	0x27, 0x06, 0x07, 0x30, 0x07, 0x06, 0x17, 0x16, 0x37, 0x36, 0x01, 0x26,
	0x07, 0x06, 0x17, 0x16, 0x17, 0x37, 0x16, 0x37, 0x36, 0x27, 0x26, 0x17,
	0x06, 0x07, 0x06, 0x17, 0x32, 0x37, 0x36, 0x31, 0x36, 0x35, 0x34, 0x26,
	0x17, 0x27, 0x06, 0x07, 0x06, 0x17, 0x16, 0x37, 0x36, 0x37, 0x22, 0x27,
	0x26, 0x37, 0x23, 0x06, 0x07, 0x17, 0x16, 0x37, 0x36, 0x2F, 0x01, 0x06,
	0x07, 0x06, 0x17, 0x16, 0x17, 0x32, 0x37, 0x36, 0x17, 0x22, 0x27, 0x26,
	0x37, 0x23, 0x06, 0x07, 0x06, 0x07, 0x16, 0x37, 0x16, 0x33, 0x32, 0x36,
	0x37, 0x27, 0x34, 0x26, 0x27, 0x06, 0x07, 0x17, 0x16, 0x37, 0x36, 0x01,
	0x26, 0x27, 0x26, 0x27, 0x34, 0x37, 0x27, 0x37, 0x16, 0x17, 0x16, 0x17,
	0x16, 0x17, 0x16, 0x06, 0x07, 0x23, 0x37, 0x26, 0x27, 0x36, 0x37, 0x0E,
	0x01, 0x07, 0x17, 0x06, 0x27, 0x06, 0x26, 0x07, 0x26, 0x27, 0x34, 0x3E,
	0x01, 0x30, 0x37, 0x36, 0x27, 0x0E, 0x01, 0x23, 0x22, 0x27, 0x26, 0x27,
	0x36, 0x37, 0x36, 0x33, 0x1E, 0x01, 0x37, 0x36, 0x37, 0x27, 0x06, 0x31,
	0x26, 0x37, 0x36, 0x17, 0x16, 0x07, 0x16, 0x37, 0x30, 0x37, 0x06, 0x27,
	0x36, 0x37, 0x32, 0x17, 0x37, 0x16, 0x15, 0x14, 0x15, 0x06, 0x15, 0x14,
	0x17, 0x16, 0x37, 0x36, 0x27, 0x06, 0x27, 0x26, 0x36, 0x35, 0x36, 0x17,
	0x16, 0x15, 0x14, 0x07, 0x06, 0x17, 0x16, 0x37, 0x36, 0x27, 0x26, 0x23,
	0x06, 0x27, 0x26, 0x37, 0x36, 0x17, 0x16, 0x17, 0x06, 0x07, 0x1E, 0x02,
	0x07, 0x06, 0x27, 0x26, 0x37, 0x36, 0x17, 0x16, 0x31, 0x07, 0x14, 0x27,
	0x16, 0x07, 0x06, 0x27, 0x34, 0x37, 0x32, 0x17, 0x16, 0x07, 0x06, 0x27,
	0x26, 0x37, 0x36, 0x27, 0x16, 0x07, 0x06, 0x27, 0x26, 0x37, 0x16, 0x17,
	0x06, 0x27, 0x26, 0x27, 0x35, 0x17, 0x36, 0x37, 0x32, 0x17, 0x16, 0x17,
	0x16, 0x07, 0x27, 0x16, 0x07, 0x26, 0x27, 0x36, 0x33, 0x32, 0x27, 0x06,
	0x07, 0x26, 0x27, 0x26, 0x37, 0x16, 0x27, 0x16, 0x06, 0x07, 0x06, 0x07,
	0x06, 0x07, 0x27, 0x36, 0x37, 0x16, 0x13, 0x16, 0x07, 0x17, 0x06, 0x27,
	0x26, 0x36, 0x27, 0x06, 0x27, 0x36, 0x33, 0x36, 0x17, 0x16, 0x07, 0x22,
	0x27, 0x26, 0x27, 0x07, 0x17, 0x22, 0x27, 0x26, 0x37, 0x16, 0x27, 0x14,
	0x07, 0x26, 0x27, 0x36, 0x31, 0x07, 0x16, 0x0F, 0x01, 0x26, 0x27, 0x34,
	0x37, 0x36, 0x07, 0x06, 0x07, 0x23, 0x37, 0x26, 0x27, 0x26, 0x37, 0x26,
	0x36, 0x35, 0x32, 0x27, 0x16, 0x07, 0x17, 0x22, 0x07, 0x26, 0x27, 0x06,
	0x07, 0x1E, 0x01, 0x17, 0x16, 0x15, 0x06, 0x27, 0x06, 0x27, 0x26, 0x27,
	0x26, 0x27, 0x26, 0x37, 0x3E, 0x01, 0x37, 0x26, 0x27, 0x26, 0x37, 0x36,
	0x17, 0x16, 0x07, 0x06, 0x07, 0x16, 0x17, 0x36, 0x37, 0x26, 0x27, 0x36,
	0x37, 0x16, 0x07, 0x16, 0x07, 0x26, 0x07, 0x30, 0x17, 0x16, 0x37, 0x26,
	0x37, 0x36, 0x17, 0x16, 0x07, 0x06, 0x2F, 0x01, 0x06, 0x17, 0x30, 0x17,
	0x16, 0x37, 0x26, 0x37, 0x36, 0x37, 0x1E, 0x01, 0x15, 0x06, 0x27, 0x26,
	0x27, 0x06, 0x17, 0x32, 0x17, 0x16, 0x17, 0x36, 0x37, 0x36, 0x17, 0x16,
	0x07, 0x14, 0x07, 0x23, 0x26, 0x36, 0x07, 0x16, 0x07, 0x26, 0x27, 0x37,
	0x32, 0x17, 0x06, 0x23, 0x22, 0x27, 0x22, 0x23, 0x22, 0x15, 0x06, 0x07,
	0x06, 0x23, 0x22, 0x27, 0x2E, 0x02, 0x06, 0x27, 0x22, 0x26, 0x27, 0x36,
	0x37, 0x36, 0x17, 0x16, 0x37, 0x36, 0x17, 0x16, 0x17, 0x16, 0x33, 0x32,
	0x37, 0x36, 0x37, 0x36, 0x31, 0x16, 0x33, 0x32, 0x37, 0x16, 0x27, 0x16,
	0x07, 0x26, 0x27, 0x34, 0x37, 0x36, 0x27, 0x16, 0x07, 0x06, 0x27, 0x30,
	0x37, 0x36, 0x27, 0x16, 0x06, 0x07, 0x06, 0x27, 0x26, 0x36, 0x35, 0x36,
	0x17, 0x06, 0x07, 0x22, 0x27, 0x37, 0x26, 0x27, 0x37, 0x16, 0x27, 0x16,
	0x07, 0x26, 0x07, 0x26, 0x37, 0x36, 0x37, 0x36, 0x27, 0x16, 0x07, 0x06,
	0x27, 0x22, 0x27, 0x37, 0x27, 0x36, 0x17, 0x16, 0x07, 0x06, 0x27, 0x26,
	0x37, 0x36, 0x27, 0x06, 0x07, 0x06, 0x27, 0x26, 0x36, 0x37, 0x36, 0x27,
	0x14, 0x07, 0x06, 0x27, 0x26, 0x35, 0x3E, 0x01, 0x33, 0x32, 0x1F, 0x01,
	0x16, 0x07, 0x23, 0x26, 0x37, 0x17, 0x34, 0x33, 0x32, 0x25, 0x26, 0x27,
	0x16, 0x07, 0x30, 0x37, 0x32, 0x33, 0x32, 0x17, 0x16, 0x07, 0x06, 0x07,
	0x36, 0x07, 0x27, 0x26, 0x37, 0x07, 0x06, 0x27, 0x26, 0x37, 0x0E, 0x01,
	0x07, 0x06, 0x07, 0x37, 0x16, 0x17, 0x16, 0x27, 0x2E, 0x01, 0x27, 0x17,
	0x06, 0x23, 0x36, 0x16, 0x07, 0x0E, 0x01, 0x31, 0x37, 0x36, 0x27, 0x06,
	0x27, 0x26, 0x35, 0x34, 0x37, 0x06, 0x07, 0x16, 0x17, 0x37, 0x17, 0x35,
	0x36, 0x02, 0xF4, 0x06, 0x05, 0x01, 0x01, 0x03, 0x0D, 0x02, 0x07, 0x09,
	0x04, 0x07, 0x06, 0x10, 0x01, 0x02, 0x20, 0x11, 0x29, 0x1D, 0x09, 0x06,
	0x1A, 0x09, 0x03, 0x0B, 0x0F, 0x79, 0x02, 0x0B, 0x1D, 0x38, 0x12, 0x21,
	0x01, 0x05, 0x01, 0x2E, 0x01, 0x41, 0x1E, 0x06, 0x06, 0x08, 0x1B, 0x32,
	0x05, 0x07, 0x0D, 0x0A, 0x0B, 0x07, 0x0B, 0x01, 0x09, 0x0C, 0x29, 0x0B,
	0x05, 0x06, 0x06, 0x0E, 0x19, 0x01, 0x05, 0x0B, 0x0E, 0x13, 0x06, 0x08,
	0x14, 0x14, 0x19, 0x07, 0x0B, 0x07, 0x44, 0x01, 0x01, 0x06, 0x08, 0x0E,
	0x0F, 0x09, 0x02, 0x04, 0x07, 0x09, 0x0B, 0x05, 0x04, 0x08, 0x1C, 0x15,
	0x02, 0x0E, 0x07, 0x0A, 0x0A, 0x18, 0x09, 0x03, 0x09, 0x0E, 0x01, 0x04,
	0x09, 0x09, 0x05, 0x06, 0x04, 0x04, 0x08, 0x0A, 0x0F, 0x08, 0x05, 0x0A,
	0x07, 0x04, 0x03, 0x03, 0x02, 0x09, 0x0D, 0x02, 0x09, 0x02, 0x02, 0x0E,
	0x04, 0x01, 0x09, 0x02, 0x0B, 0x06, 0x06, 0x01, 0x02, 0x08, 0x0B, 0x18,
	0x02, 0x01, 0x05, 0x06, 0x06, 0x09, 0x02, 0x04, 0x01, 0x08, 0x08, 0x0B,
	0x02, 0x0E, 0x01, 0x0A, 0x0D, 0x0A, 0x12, 0x03, 0x02, 0x04, 0x08, 0x0F,
	0x0A, 0x07, 0x02, 0x16, 0x13, 0x02, 0x09, 0x12, 0x04, 0x09, 0x06, 0x10,
	0x06, 0x0A, 0x05, 0x08, 0x18, 0x03, 0x03, 0x05, 0x02, 0x12, 0x29, 0x11,
	0x07, 0x01, 0x06, 0x09, 0x34, 0x16, 0x10, 0x02, 0x06, 0x08, 0x0F, 0x01,
	0x05, 0x07, 0x01, 0x3F, 0x07, 0x0A, 0x0D, 0x19, 0x32, 0x04, 0x09, 0x06,
	0x03, 0x01, 0x06, 0x0B, 0x1A, 0x05, 0x02, 0x01, 0x07, 0x0B, 0x18, 0x04,
	0x04, 0x29, 0x1B, 0x16, 0x06, 0x09, 0x02, 0x04, 0x0D, 0x15, 0x01, 0x16,
	0x27, 0x06, 0x0A, 0x01, 0x02, 0x06, 0x11, 0x0D, 0x09, 0x05, 0x04, 0x0B,
	0x23, 0x07, 0x04, 0x02, 0x0D, 0x17, 0x1A, 0x0B, 0x0A, 0x09, 0x04, 0x08,
	0x01, 0x01, 0x02, 0x08, 0x2F, 0x2B, 0x05, 0x01, 0x2D, 0x05, 0x07, 0x01,
	0x16, 0x15, 0x01, 0x05, 0x01, 0x01, 0x06, 0x0B, 0x12, 0x01, 0x05, 0x04,
	0x04, 0x07, 0x17, 0x06, 0x06, 0x02, 0x10, 0x0F, 0x13, 0x08, 0x02, 0x08,
	0x0F, 0x28, 0x02, 0x07, 0x1F, 0x01, 0x04, 0x03, 0x05, 0x07, 0x0A, 0x01,
	0x07, 0x0C, 0x0B, 0x02, 0x1D, 0x05, 0x05, 0x05, 0x07, 0x09, 0x0A, 0x0E,
	0x03, 0x04, 0x01, 0x03, 0x01, 0x0C, 0x09, 0x02, 0x06, 0x0C, 0x0A, 0x09,
	0x0D, 0x03, 0x06, 0x0A, 0x1E, 0x01, 0x01, 0x05, 0x13, 0x09, 0x09, 0x0A,
	0x05, 0x03, 0x04, 0x08, 0x09, 0x03, 0x04, 0x05, 0x03, 0x03, 0x03, 0x03,
	0x08, 0x04, 0x01, 0x09, 0x0D, 0x06, 0x04, 0x0B, 0x0F, 0x03, 0x02, 0x02,
	0x02, 0x02, 0x05, 0x04, 0x04, 0x05, 0x03, 0x05, 0x07, 0x05, 0x03, 0x08,
	0x06, 0x04, 0x0A, 0x01, 0x06, 0x08, 0x01, 0x04, 0x06, 0x01, 0x05, 0x05,
	0x04, 0x06, 0x08, 0x01, 0x02, 0x02, 0x0D, 0x02, 0x01, 0x01, 0x07, 0x05,
	0x07, 0x02, 0x03, 0x02, 0x07, 0x10, 0x19, 0x06, 0x04, 0x01, 0x0A, 0x08,
	0x01, 0x02, 0x04, 0x06, 0x0D, 0x0B, 0x11, 0x05, 0x06, 0x02, 0x05, 0x05,
	0x0F, 0x11, 0x05, 0x02, 0x02, 0x04, 0x0C, 0x02, 0x0A, 0x11, 0x09, 0x22,
	0x02, 0x02, 0x0B, 0x47, 0x08, 0x0E, 0x08, 0x07, 0x14, 0x28, 0x02, 0x05,
	0x02, 0x02, 0x03, 0x11, 0x24, 0x05, 0x07, 0x01, 0x12, 0x0E, 0x1B, 0x03,
	0x0D, 0x0B, 0x12, 0x23, 0x06, 0x0B, 0x04, 0x0F, 0x12, 0x23, 0x01, 0x02,
	0x06, 0x11, 0x0E, 0x0B, 0x03, 0x02, 0x03, 0x14, 0x26, 0x05, 0x07, 0x12,
	0x01, 0x22, 0x16, 0x0F, 0x0E, 0x07, 0x0D, 0x37, 0x14, 0x0C, 0x03, 0x1B,
	0x24, 0x09, 0x01, 0x14, 0x21, 0x01, 0x02, 0x0D, 0x30, 0x0B, 0x04, 0x7D,
	0x07, 0x04, 0x06, 0x02, 0x08, 0x02, 0x03, 0x07, 0x06, 0x01, 0x0A, 0xFD,
	0xCE, 0x06, 0x01, 0x04, 0x02, 0x08, 0x01, 0x01, 0xE2, 0x06, 0x04, 0x06,
	0x05, 0x05, 0x03, 0x09, 0xFD, 0xFF, 0x07, 0x06, 0x03, 0x07, 0x01, 0x07,
	0x0F, 0x01, 0xDA, 0x04, 0x03, 0x05, 0x03, 0x08, 0x01, 0x0A, 0xFE, 0x1B,
	0x01, 0x04, 0x10, 0x09, 0x05, 0x03, 0x12, 0x01, 0xBF, 0x05, 0x08, 0x07,
	0x01, 0x01, 0x02, 0x02, 0x05, 0x05, 0x02, 0x04, 0x1B, 0x01, 0x05, 0x07,
	0x01, 0x03, 0x01, 0x04, 0x02, 0x05, 0x02, 0x83, 0x04, 0x06, 0x03, 0x03,
	0x04, 0x06, 0x03, 0xFE, 0xED, 0x01, 0x11, 0x08, 0x11, 0x06, 0x04, 0x0B,
	0x20, 0x04, 0x01, 0x2C, 0x04, 0x04, 0x0B, 0x02, 0x08, 0x03, 0xFE, 0xFC,
	0x02, 0x0C, 0x1A, 0x0D, 0x0B, 0x09, 0x06, 0x23, 0x06, 0x03, 0x04, 0x1F,
	0x0F, 0x20, 0x05, 0x05, 0x03, 0x10, 0x21, 0x05, 0x88, 0x05, 0x06, 0x01,
	0x03, 0x0B, 0x01, 0x0D, 0x01, 0x02, 0x09, 0x22, 0x06, 0x12, 0x08, 0x02,
	0x01, 0x13, 0x03, 0x04, 0x31, 0x02, 0x0A, 0x0D, 0x02, 0x0D, 0x06, 0x02,
	0x04, 0x0E, 0x1E, 0x02, 0x25, 0x04, 0x09, 0x07, 0x18, 0x2B, 0x09, 0x03,
	0x05, 0x07, 0x26, 0x0C, 0x4A, 0x17, 0x0A, 0x10, 0x07, 0x03, 0x0C, 0x10,
	0x9D, 0x0D, 0x05, 0x18, 0x2F, 0x03, 0x07, 0x01, 0x07, 0x08, 0x11, 0x22,
	0x04, 0x0A, 0xC6, 0x0B, 0x0D, 0x07, 0x0C, 0x06, 0x03, 0x05, 0x04, 0x05,
	0x03, 0x05, 0x09, 0xED, 0x01, 0x10, 0x01, 0x1D, 0x37, 0x05, 0x21, 0x3F,
	0x01, 0x03, 0x24, 0x1C, 0x07, 0x0A, 0x08, 0x01, 0x56, 0x06, 0xFE, 0x88,
	0x01, 0x13, 0x01, 0x01, 0x01, 0x01, 0x05, 0x03, 0x01, 0x0F, 0x01, 0x75,
	0x16, 0x47, 0x02, 0x0A, 0x01, 0x02, 0x16, 0x09, 0x11, 0x1F, 0x0D, 0x4E,
	0x07, 0x0E, 0x17, 0x03, 0x01, 0x0C, 0x1B, 0x09, 0xFE, 0x4C, 0x0F, 0x03,
	0x0C, 0x07, 0x08, 0x04, 0x09, 0x15, 0x07, 0x01, 0xC7, 0x06, 0x18, 0x13,
	0x14, 0x03, 0x09, 0x42, 0x07, 0x04, 0xFE, 0x1F, 0x06, 0x0C, 0x01, 0x08,
	0x06, 0x05, 0x04, 0x06, 0x06, 0x08, 0x01, 0x05, 0x09, 0x07, 0x01, 0xBC,
	0x07, 0x01, 0x06, 0x09, 0x01, 0x08, 0x02, 0x02, 0x04, 0x0E, 0x0B, 0x0D,
	0x02, 0x04, 0x3A, 0x03, 0x02, 0x02, 0x0A, 0x04, 0x0A, 0x01, 0x5C, 0x05,
	0x06, 0x09, 0x39, 0x01, 0x0B, 0x04, 0x02, 0x02, 0x20, 0x3C, 0x01, 0x09,
	0x07, 0x24, 0x03, 0x01, 0x05, 0x08, 0x04, 0x0D, 0x04, 0x07, 0x05, 0x03,
	0x08, 0x04, 0x09, 0x17, 0x07, 0x05, 0x06, 0x05, 0x0A, 0x28, 0x09, 0x05,
	0x03, 0x03, 0x03, 0x05, 0x03, 0x06, 0x11, 0x23, 0x06, 0x09, 0x04, 0x08,
	0x17, 0x30, 0x08, 0x0B, 0x05, 0x1A, 0x34, 0x01, 0x08, 0x08, 0x04, 0x09,
	0x06, 0x20, 0x07, 0x04, 0x02, 0x11, 0x0A, 0x16, 0x03, 0x04, 0x04, 0x08,
	0x05, 0x2A, 0x03, 0x07, 0x10, 0x07, 0x04, 0x13, 0xFE, 0x38, 0x01, 0x12,
	0x0B, 0x0B, 0x03, 0x01, 0x09, 0x17, 0x08, 0x01, 0xD4, 0x14, 0x1E, 0x0E,
	0x0A, 0x1A, 0x02, 0x06, 0x07, 0x09, 0x05, 0x46, 0x05, 0x0C, 0x08, 0x01,
	0x05, 0x04, 0x0F, 0x05, 0xFE, 0x67, 0x01, 0x02, 0x10, 0x25, 0x03, 0x03,
	0x03, 0x05, 0x19, 0x1F, 0x01, 0x89, 0x03, 0x09, 0x0A, 0x03, 0x11, 0x06,
	0x05, 0x0E, 0x0E, 0x36, 0x01, 0x04, 0x06, 0x01, 0x0C, 0x07, 0x05, 0x07,
	0xFE, 0x9E, 0x02, 0x02, 0x16, 0x11, 0x06, 0x09, 0x0D, 0x17, 0x01, 0x05,
	0x0C, 0x02, 0x09, 0x02, 0x01, 0x03, 0x0D, 0x01, 0x07, 0xFE, 0xFB, 0x40,
	0x17, 0x0F, 0x04, 0x07, 0x09, 0x4B, 0x06, 0x02, 0x01, 0x01, 0x01, 0x1B,
	0x16, 0x12, 0x01, 0x05, 0x08, 0x09, 0x10, 0x09, 0x06, 0x84, 0x0F, 0x0A,
	0x14, 0x07, 0x0C, 0x0B, 0x03, 0x0A, 0x41, 0x05, 0x06, 0x01, 0x02, 0x07,
	0x1C, 0x0E, 0x06, 0x0C, 0x10, 0x0F, 0xB3, 0x07, 0x1F, 0x38, 0x10, 0x04,
	0x01, 0x08, 0x18, 0x1B, 0x17, 0x7D, 0x02, 0x09, 0x01, 0x05, 0x03, 0x13,
	0x13, 0x16, 0x05, 0x06, 0x06, 0x03, 0x02, 0x05, 0x08, 0x02, 0x0E, 0x08,
	0x03, 0x1B, 0x2D, 0x0A, 0x04, 0x09, 0x14, 0x01, 0xBB, 0x07, 0x10, 0x15,
	0x29, 0x05, 0x01, 0x05, 0x07, 0x0C, 0x21, 0x02, 0x13, 0x2F, 0x01, 0x07,
	0x01, 0x07, 0x02, 0x04, 0x01, 0x0A, 0x17, 0x0E, 0x1E, 0x0D, 0x01, 0x25,
	0x1B, 0x10, 0x2E, 0x0F, 0x0A, 0x02, 0x24, 0x06, 0x04, 0x02, 0x07, 0x04,
	0x06, 0x04, 0x02, 0x02, 0x05, 0x02, 0x01, 0x09, 0x02, 0x0A, 0x04, 0x0A,
	0x05, 0x06, 0x05, 0x07, 0x0F, 0x06, 0x03, 0x06, 0x10, 0x0E, 0x03, 0x11,
	0x06, 0x03, 0x0A, 0x0F, 0x02, 0x0D, 0x05, 0x07, 0x02, 0x05, 0x01, 0x0C,
	0x06, 0x08, 0x01, 0x04, 0x07, 0x08, 0x01, 0x05, 0x05, 0x09, 0x0C, 0x03,
	0x02, 0x02, 0x0A, 0x04, 0x0C, 0x03, 0x01, 0x04, 0x05, 0x02, 0x05, 0x01,
	0x0D, 0x06, 0x08, 0x02, 0x03, 0x0C, 0x05, 0x1D, 0x0A, 0x23, 0x08, 0x08,
	0x05, 0x01, 0x04, 0x08, 0x08, 0x01, 0xBC, 0x01, 0x05, 0x0C, 0x03, 0x07,
	0x0B, 0xC1, 0x01, 0x08, 0x05, 0x06, 0x01, 0x07, 0x09, 0x18, 0x01, 0x0E,
	0x08, 0x0B, 0x03, 0x10, 0x0E, 0x09, 0x0E, 0x05, 0x05, 0x02, 0x01, 0x01,
	0x0A, 0x03, 0x05, 0x02, 0x03, 0x02, 0x03, 0x26, 0x02, 0x0A, 0x12, 0x01,
	0x05, 0x07, 0x0D, 0x20, 0x02, 0x06, 0x02, 0x05, 0x02, 0x0B, 0x02, 0xAE,
	0x01, 0x15, 0x0A, 0x23, 0x01, 0x15, 0x0D, 0x03, 0x2F, 0x34, 0x04, 0xEF,
	0x01, 0x03, 0x01, 0x04, 0x04, 0x01, 0x06, 0x5B, 0x01, 0x0B, 0x01, 0x05,
	0x04, 0x42, 0x01, 0x05, 0x04, 0x03, 0x02, 0x2D, 0x04, 0x01, 0x04, 0x05,
	0x01, 0x05, 0x08, 0x1D, 0x07, 0x02, 0x03, 0x0B, 0x2D, 0x01, 0x06, 0x02,
	0x06, 0x02, 0x07, 0x05, 0x15, 0x01, 0x06, 0x07, 0x01, 0x02, 0x02, 0x03,
	0x03, 0x01, 0x08, 0x04, 0x16, 0x01, 0x03, 0x01, 0x05, 0x0A, 0x02, 0x05,
	0x06, 0x01, 0x07, 0x07, 0x0B, 0x04, 0x06, 0x17, 0x1F, 0x29, 0x17, 0x18,
	0x1B, 0x18, 0x08, 0x07, 0x0D, 0x1D, 0x08, 0x08, 0x0D, 0x03, 0x09, 0x04,
	0x07, 0x0B, 0x02, 0x05, 0x09, 0x04, 0x0B, 0x07, 0x0D, 0x10, 0x03, 0x05,
	0x0A, 0x0F, 0x01, 0x01, 0x07, 0x03, 0x06, 0x0C, 0x05, 0x09, 0x09, 0x05,
	0x0C, 0x0F, 0x05, 0x01, 0x05, 0x0B, 0x02, 0x07, 0x06, 0x07, 0x0F, 0x05,
	0x07, 0x07, 0x06, 0x10, 0x0B, 0x08, 0x03, 0x10, 0x03, 0x05, 0x09, 0x04,
	0x01, 0x06, 0x03, 0x08, 0x03, 0x0D, 0x09, 0x08, 0x08, 0x27, 0x05, 0x05,
	0x01, 0x05, 0x17, 0x01, 0x06, 0x03, 0x03, 0x03, 0x03, 0xDF, 0x03, 0x09,
	0x02, 0x03, 0x04, 0x02, 0x07, 0x04, 0x37, 0x10, 0x12, 0x26, 0x1B, 0x15,
	0x13, 0x04, 0x0D, 0x03, 0x02, 0x03, 0x02, 0x01, 0x01, 0x02, 0x07, 0x03,
	0x0D, 0x02, 0x08, 0x10, 0x31, 0x0D, 0x0C, 0x2D, 0x19, 0x09, 0x06, 0x0A,
	0x06, 0x0A, 0x09, 0x06, 0x02, 0xF1, 0x01, 0x04, 0x07, 0x05, 0x07, 0x05,
	0x1A, 0x01, 0x05, 0x03, 0x02, 0x04, 0x01, 0x13, 0x02, 0x06, 0x03, 0x06,
	0x03, 0x02, 0x07, 0x08, 0x20, 0x01, 0x09, 0x09, 0x07, 0x01, 0x03, 0x01,
	0x0C, 0x07, 0x11, 0x01, 0x0A, 0x05, 0x0C, 0x0A, 0x04, 0x06, 0x0C, 0x06,
	0x18, 0x02, 0x06, 0x0B, 0x08, 0x02, 0x02, 0x04, 0x01, 0x12, 0xD1, 0x04,
	0x08, 0x0B, 0x04, 0x02, 0x09, 0x05, 0x98, 0x01, 0x06, 0x10, 0x02, 0x02,
	0x09, 0x04, 0x08, 0x19, 0x06, 0x06, 0x0C, 0x05, 0x01, 0x0C, 0x03, 0x04,
	0x03, 0x0A, 0x01, 0x05, 0x07, 0x03, 0x03, 0x01, 0x04, 0x05, 0x01, 0xA3,
	0x14, 0x25, 0x02, 0x0B, 0x05, 0x06, 0x05, 0x06, 0x02, 0x08, 0x01, 0x02,
	0x02, 0x15, 0x59, 0x0A, 0x02, 0x0B, 0x03, 0x0E, 0x05, 0x0B, 0x0E, 0x07,
	0x0D, 0x0A, 0x06, 0x08, 0x10, 0x10, 0x08, 0x0E, 0xA4, 0x09, 0x07, 0x0E,
	0x01, 0x05, 0x06, 0x0D, 0x0F, 0x04, 0x01, 0x08, 0x07, 0x06, 0x56, 0x0D,
	0x05, 0x02, 0x0F, 0x11, 0x26, 0x0E, 0x09, 0x02, 0x15, 0x05, 0x01, 0x4B,
	0x06, 0x01, 0x02, 0x06, 0x04, 0x03, 0x22, 0x03, 0x03, 0x01, 0x06, 0x07,
	0x25, 0x03, 0x05, 0x09, 0x19, 0x06, 0x6B, 0x01, 0x0D, 0x25, 0x15, 0x08,
	0x02, 0x0F, 0x01, 0x00, 0x14, 0x06, 0x01, 0x07, 0x04, 0x08, 0x06, 0x0B,
	0x02, 0x03, 0x05, 0x06, 0x04, 0x13, 0x09, 0x02, 0x08, 0x04, 0x04, 0x03,
	0x02, 0x02, 0x02, 0x0A, 0x06, 0x0A, 0x01, 0x0E, 0x03, 0x0A, 0x01, 0x04,
	0x0D, 0x06, 0x08, 0x06, 0x08, 0x01, 0x03, 0x0A, 0x03, 0x12, 0x13, 0x16,
	0x14, 0x0C, 0x09, 0x46, 0x02, 0x05, 0x09, 0x0D, 0x05, 0x03, 0x17, 0x0E,
	0x0B, 0x07, 0x02, 0x06, 0x1F, 0x06, 0x01, 0x06, 0x35, 0x36, 0x09, 0x09,
	0x04, 0x03, 0x12, 0x4E, 0x11, 0x08, 0x0D, 0x28, 0x0E, 0x02, 0x04, 0x0A,
	0x15, 0x19, 0x07, 0x04, 0x26, 0x4C, 0x0B, 0x02, 0x03, 0x0E, 0x17, 0x14,
	0x13, 0x0F, 0x1B, 0x02, 0x07, 0x08, 0x0B, 0x2A, 0x0B, 0x08, 0x07, 0x03,
	0x03, 0x05, 0x09, 0x08, 0x08, 0x38, 0x07, 0x08, 0x03, 0x69, 0x09, 0x15,
	0x04, 0x01, 0x02, 0x0B, 0x1A, 0x2B, 0x2F, 0x16, 0x05, 0x0F, 0x1E, 0x0A,
	0x10, 0x02, 0x06, 0x0D, 0x2B, 0x0C, 0x05, 0x01, 0x0B, 0x56, 0x10, 0x05,
	0x0B, 0x06, 0x03, 0x05, 0x02, 0x16, 0x48, 0x29, 0x06, 0x02, 0x04, 0x0C,
	0x18, 0x10, 0x1C, 0x01, 0x07, 0x04, 0x1A, 0x33, 0x04, 0x02, 0x04, 0x01,
	0x21, 0x40, 0x06, 0x09, 0x0D, 0x15, 0x44, 0x10, 0x1D, 0x02, 0x04, 0x05,
	0x04, 0x12, 0x05, 0x09, 0x03, 0x01, 0x4D, 0x09, 0x03, 0x0E, 0x24, 0x30,
	0x0B, 0x07, 0x04, 0x0B, 0x02, 0x02, 0x09, 0x0B, 0x02, 0x0C, 0x05, 0x0B,
	0x08, 0x0D, 0x01, 0x0A, 0x01, 0x19, 0x10, 0x04, 0x17, 0x0A, 0x06, 0x08,
	0x01, 0x06, 0x14, 0x01, 0x05, 0x04, 0x08, 0x05, 0x04, 0x02, 0x07, 0x10,
	0x08, 0x06, 0x01, 0x01, 0x05, 0x01, 0x04, 0x05, 0x02, 0x03, 0x07, 0x0E,
	0x04, 0x09, 0x05, 0x03, 0x0B, 0x06, 0x08, 0x04, 0x03, 0x05, 0x04, 0x0E,
	0x02, 0x03, 0x0B, 0x03, 0x07, 0x05, 0x04, 0x04, 0x05, 0x01, 0x01, 0x09,
	0x09, 0x0E, 0x01, 0x0A, 0x07, 0x09, 0x06, 0x06, 0x07, 0x0C, 0x08, 0x12,
	0x02, 0x15, 0x04, 0x04, 0x1E, 0x12, 0x02, 0x06, 0x09, 0x01, 0x07, 0x0D,
	0x0A, 0x07, 0x1B, 0x09, 0x13, 0x05, 0x04, 0x05, 0x0E, 0x12, 0x02, 0x02,
	0x12, 0x03, 0x03, 0x12, 0x0D, 0x09, 0x06, 0x05, 0x0E, 0x07, 0x0A, 0x12,
	0x19, 0x04, 0x02, 0x07, 0x34, 0x04, 0x06, 0x05, 0x04, 0x0A, 0x02, 0x0A,
	0x15, 0x19, 0x08, 0x01, 0x02, 0x04, 0x0E, 0x04, 0x08, 0x03, 0x02, 0x10,
	0x02, 0x08, 0x21, 0x08, 0x09, 0x0F, 0x01, 0x08, 0x11, 0x22, 0x06, 0x07,
	0x07, 0x08, 0x06, 0x05, 0x04, 0x16, 0x03, 0x01, 0x05, 0x06, 0x19, 0x05,
	0x0E, 0x07, 0x02, 0x10, 0x16, 0x04, 0x06, 0x0C, 0x0A, 0x12, 0x02, 0x03,
	0x02, 0x07, 0x0B, 0x0E, 0x03, 0x07, 0x03, 0x03, 0x0D, 0x0A, 0x02, 0x01,
	0x04, 0x1B, 0x03, 0x01, 0x14, 0x2D, 0x04, 0x04, 0x11, 0x04, 0x13, 0x04,
	0x06, 0x03, 0x04, 0x06, 0x04, 0x04, 0x1D, 0x17, 0x02, 0x02, 0x03, 0x0D,
	0x13, 0x18, 0x08, 0x01, 0x10, 0x01, 0x11, 0x0B, 0x07, 0x07, 0x08, 0x1A,
	0x08, 0x01, 0x02, 0x0B, 0x46, 0x01, 0x12, 0x09, 0x0B, 0x10, 0x21, 0x03,
	0x04, 0x04, 0x04, 0x0A, 0x01, 0x01, 0x0D, 0x11, 0x01, 0x05, 0x07, 0x0C,
	0x07, 0x11, 0x02, 0x03, 0x04, 0x08, 0x09, 0x0A, 0x06, 0x0B, 0x0D, 0x05,
	0x08, 0x11, 0x01, 0x03, 0x01, 0x07, 0x06, 0x01, 0x02, 0x07, 0x05, 0x04,
	0x08, 0x13, 0x06, 0x05, 0x09, 0x01, 0x08, 0x05, 0x01, 0x10, 0x09, 0x07,
	0x0C, 0x01, 0x08, 0x03, 0x08, 0x01, 0x02, 0x0E, 0x0F, 0x02, 0x05, 0x04,
	0xFE, 0xAB, 0x01, 0x09, 0x0D, 0x05, 0x0D, 0x04, 0x03, 0x0A, 0x04, 0x14,
	0x06, 0x04, 0x01, 0xEE, 0x0D, 0x03, 0x04, 0x06, 0x01, 0x01, 0xFD, 0xC3,
	0x02, 0x05, 0x2E, 0x03, 0x08, 0x08, 0x15, 0x06, 0x07, 0x01, 0xE7, 0x09,
	0x03, 0x06, 0x09, 0x02, 0xFD, 0xDA, 0x01, 0x06, 0x0C, 0x16, 0x05, 0x06,
	0x15, 0x04, 0x08, 0x01, 0xE7, 0x04, 0x03, 0x02, 0x01, 0x05, 0x0D, 0x02,
	0xFE, 0x3C, 0x04, 0x11, 0x04, 0x07, 0x03, 0x04, 0x16, 0x0B, 0x01, 0x07,
	0x04, 0x01, 0x05, 0x08, 0x1B, 0x06, 0x03, 0x02, 0x07, 0x0F, 0x0A, 0x05,
	0x01, 0x09, 0x27, 0x05, 0x01, 0x09, 0x0C, 0x14, 0x10, 0xFB, 0x08, 0x07,
	0x02, 0x0B, 0x04, 0x02, 0x03, 0x04, 0x08, 0x0B, 0xFE, 0xD2, 0x3F, 0x06,
	0x08, 0x09, 0x0A, 0x27, 0x08, 0x05, 0xCF, 0x0B, 0x0A, 0x15, 0x02, 0x06,
	0x09, 0x0B, 0x11, 0x07, 0x01, 0x07, 0x22, 0x12, 0x1F, 0x02, 0x08, 0x0A,
	0x0F, 0x1B, 0x04, 0xA0, 0x0E, 0x15, 0x18, 0x0B, 0x07, 0x05, 0x05, 0x06,
	0x0B, 0x26, 0x09, 0x01, 0x07, 0x02, 0x0E, 0x1C, 0x17, 0x01, 0x05, 0x0B,
	0x23, 0x07, 0x01, 0x38, 0x0C, 0x11, 0x15, 0x07, 0x0D, 0x01, 0x02, 0x06,
	0x16, 0x2C, 0x02, 0x19, 0x08, 0x10, 0x01, 0x14, 0x2D, 0x04, 0x05, 0x01,
	0x04, 0x01, 0x07, 0x1B, 0x07, 0x44, 0x03, 0x09, 0x1E, 0x0E, 0x04, 0x06,
	0x13, 0x66, 0x11, 0x09, 0x18, 0x06, 0x0A, 0x01, 0x05, 0x0A, 0x07, 0x0E,
	0x03, 0x06, 0xA5, 0x08, 0x0A, 0x12, 0x23, 0x04, 0x15, 0x02, 0x13, 0xD6,
	0x06, 0x02, 0x06, 0x14, 0x13, 0x07, 0x0F, 0x0F, 0x50, 0x05, 0x01, 0x05,
	0x08, 0x01, 0x11, 0x05, 0x02, 0x01, 0x2D, 0x01, 0x25, 0x05, 0x15, 0x04,
	0x0A, 0x08, 0x04, 0x05, 0x07, 0x03, 0x07, 0x03, 0x03, 0xFE, 0x99, 0x06,
	0x03, 0x05, 0x03, 0x03, 0x0B, 0x04, 0x02, 0x01, 0x01, 0x0F, 0x44, 0x07,
	0x04, 0x05, 0x01, 0x04, 0x09, 0x06, 0x07, 0x01, 0x01, 0x86, 0x22, 0x0B,
	0x10, 0x05, 0x07, 0x03, 0x06, 0x0A, 0x12, 0x22, 0x04, 0xFE, 0x2C, 0x14,
	0x15, 0x12, 0x12, 0x18, 0x44, 0x01, 0x05, 0x01, 0xCD, 0x0C, 0x18, 0x01,
	0x0C, 0x09, 0x0B, 0x04, 0x07, 0x0A, 0x0E, 0x03, 0x09, 0x01, 0x09, 0xC7,
	0x04, 0x08, 0x06, 0x35, 0x0A, 0x0D, 0x05, 0x04, 0x04, 0x05, 0x04, 0x1D,
	0x15, 0x08, 0x05, 0x09, 0x2B, 0x03, 0x06, 0x02, 0x01, 0x04, 0x04, 0x0B,
	0x04, 0x02, 0x09, 0x0C, 0x01, 0x0D, 0x01, 0x0C, 0x1F, 0x08, 0x08, 0x04,
	0x27, 0x0D, 0x08, 0x0B, 0x03, 0x0A, 0x26, 0x05, 0x10, 0x01, 0x5D, 0x05,
	0x08, 0x0B, 0x3D, 0x02, 0x09, 0x0C, 0x04, 0x0C, 0x20, 0x09, 0x01, 0x05,
	0x01, 0x16, 0x01, 0x06, 0x09, 0x05, 0x02, 0x06, 0x09, 0x04, 0x06, 0x05,
	0x05, 0x06, 0x0D, 0x08, 0x0F, 0x0A, 0x0E, 0x02, 0x03, 0x05, 0x07, 0x12,
	0x07, 0x04, 0x10, 0x03, 0x02, 0x07, 0x1A, 0x35, 0x0C, 0x0B, 0x0D, 0x01,
	0x1E, 0xE8, 0x03, 0x03, 0x02, 0x0B, 0x03, 0x14, 0x04, 0x10, 0x1A, 0x01,
	0x9F, 0x15, 0x0D, 0x01, 0x01, 0x0C, 0x0D, 0x10, 0x01, 0xFE, 0x1D, 0x3A,
	0x33, 0x0A, 0x22, 0x42, 0x05, 0x0B, 0x02, 0x01, 0x05, 0x03, 0x21, 0x19,
	0x17, 0x05, 0x01, 0x14, 0x27, 0x01, 0xB5, 0x04, 0x07, 0x0B, 0x0C, 0x06,
	0x07, 0x07, 0x05, 0x11, 0x04, 0xFE, 0x1A, 0x16, 0x24, 0x29, 0x11, 0x04,
	0x1F, 0x1E, 0x39, 0x01, 0x18, 0x12, 0x1B, 0x23, 0x08, 0x04, 0x4F, 0x01,
	0x06, 0x05, 0x01, 0x7F, 0x04, 0x05, 0x05, 0x03, 0x08, 0x02, 0x13, 0x04,
	0xFE, 0xDB, 0x01, 0x0F, 0x1D, 0x0C, 0x08, 0x04, 0x01, 0x01, 0x14, 0x01,
	0x3D, 0x0C, 0x02, 0x0E, 0x10, 0x07, 0x01, 0x08, 0x02, 0x05, 0x03, 0x06,
	0x08, 0x80, 0x09, 0x12, 0x09, 0x07, 0x06, 0x0A, 0x02, 0x06, 0x04, 0x0D,
	0x75, 0x04, 0x16, 0x2C, 0x0B, 0x03, 0x05, 0x07, 0x18, 0x15, 0x06, 0x02,
	0x08, 0x3C, 0x45, 0x07, 0x07, 0x0A, 0x2D, 0xF1, 0x15, 0x06, 0x19, 0x09,
	0x11, 0x06, 0x04, 0x10, 0x0F, 0x7B, 0x06, 0x04, 0x08, 0x19, 0x18, 0x1D,
	0x19, 0x07, 0x01, 0x01, 0x0F, 0x01, 0x84, 0x04, 0x06, 0x02, 0x19, 0x37,
	0x0C, 0x03, 0x06, 0x19, 0x01, 0x94, 0x06, 0x0B, 0x08, 0x15, 0x05, 0x06,
	0x02, 0x04, 0x02, 0x05, 0x14, 0x02, 0x0F, 0x9C, 0x04, 0x06, 0x01, 0x01,
	0x01, 0x09, 0x08, 0x21, 0x06, 0x1D, 0x0E, 0x02, 0x1A, 0x02, 0x02, 0x22,
	0x01, 0x02, 0x06, 0x0D, 0x0F, 0x18, 0x03, 0x05, 0x03, 0x01, 0x0A, 0x01,
	0x04, 0x09, 0x0A, 0x05, 0x01, 0x05, 0x0A, 0x01, 0x01, 0x06, 0x11, 0x03,
	0x08, 0x05, 0x0A, 0x01, 0x0D, 0x0D, 0x07, 0x03, 0x13, 0x02, 0x07, 0x0E,
	0x05, 0x04, 0x01, 0x05, 0x09, 0x03, 0x05, 0x06, 0x02, 0x0D, 0x03, 0x01,
	0x05, 0x06, 0x08, 0x02, 0x09, 0x03, 0x07, 0x02, 0x02, 0x02, 0x09, 0x10,
	0x01, 0x07, 0x06, 0x03, 0x09, 0x02, 0x0A, 0x0C, 0x02, 0x02, 0x01, 0x06,
	0x08, 0x06, 0x04, 0x04, 0x10, 0x0A, 0x11, 0x04, 0x01, 0x06, 0x52, 0x07,
	0x02, 0x08, 0x04, 0x09, 0x02, 0x06, 0x01, 0x02, 0xB3, 0x06, 0x08, 0x01,
	0x08, 0x04, 0x08, 0xDD, 0x03, 0x07, 0x01, 0x05, 0x03, 0x07, 0x01, 0x0B,
	0x09, 0x05, 0x03, 0x0E, 0x0A, 0x09, 0x01, 0x3C, 0x07, 0x03, 0x01, 0x0B,
	0x06, 0x02, 0x02, 0x05, 0x01, 0x04, 0x04, 0x05, 0x04, 0x1C, 0x04, 0x09,
	0x01, 0x0D, 0x0E, 0x08, 0x09, 0x01, 0x02, 0x02, 0x06, 0x04, 0x02, 0xED,
	0x0B, 0x06, 0x03, 0x0E, 0x01, 0x09, 0x0C, 0x03, 0x32, 0x06, 0x03, 0xFE,
	0xC1, 0x03, 0x07, 0x01, 0x01, 0x05, 0x03, 0x04, 0x5B, 0x0B, 0x05, 0x08,
	0x01, 0x43, 0x05, 0x05, 0x03, 0x06, 0x27, 0x04, 0x02, 0x03, 0x03, 0x05,
	0x03, 0x19, 0x04, 0x07, 0x01, 0x05, 0x04, 0x11, 0x08, 0x03, 0x01, 0x02,
	0x05, 0x02, 0x0A, 0x02, 0x03, 0x07, 0x0A, 0x02, 0x02, 0x01, 0x02, 0x03,
	0x04, 0x05, 0x01, 0x7D, 0x04, 0x05, 0x01, 0x01, 0x02, 0x06, 0x04, 0x15,
	0x06, 0x29, 0x06, 0x02, 0x0A, 0x06, 0x03, 0x14, 0x04, 0x0F, 0x10, 0x10,
	0x05, 0x06, 0x03, 0x06, 0x0D, 0x0B, 0x09, 0x14, 0x07, 0x08, 0x03, 0x01,
	0x04, 0x0D, 0x01, 0x03, 0x07, 0x0A, 0x01, 0x06, 0x0D, 0x12, 0x0B, 0x04,
	0x07, 0x05, 0x04, 0x07, 0x01, 0x02, 0x10, 0x01, 0x02, 0x0B, 0x16, 0x10,
	0x04, 0x10, 0x02, 0x07, 0x04, 0x02, 0x03, 0x10, 0x08, 0x05, 0x06, 0x11,
	0x0C, 0x08, 0x0B, 0x02, 0x0B, 0x09, 0x07, 0x03, 0x01, 0x06, 0x06, 0x0F,
	0x0F, 0x08, 0x01, 0x0B, 0x0F, 0x02, 0x02, 0x05, 0x7E, 0x04, 0x06, 0x06,
	0x05, 0x09, 0x04, 0x04, 0x01, 0x04, 0x07, 0x2D, 0x08, 0x01, 0x08, 0x4F,
	0x1B, 0x06, 0x18, 0x12, 0x4A, 0x04, 0x04, 0x04, 0x06, 0x01, 0x02, 0x03,
	0x03, 0x03, 0x05, 0x04, 0x03, 0x06, 0x4A, 0x17, 0x04, 0x26, 0x0C, 0x17,
	0x26, 0x03, 0x03, 0x0B, 0x23, 0x06, 0x05, 0x02, 0x07, 0x02, 0x07, 0x01,
	0x06, 0x03, 0x02, 0x01, 0x05, 0x06, 0x01, 0x0D, 0x03, 0x04, 0x01, 0x01,
	0x06, 0x03, 0x04, 0x01, 0x01, 0x3C, 0x0B, 0x04, 0x04, 0x01, 0x02, 0x0A,
	0x08, 0x01, 0x0F, 0x05, 0x0A, 0x01, 0x01, 0x08, 0x07, 0x04, 0x08, 0x01,
	0x09, 0x06, 0x08, 0x05, 0x04, 0x0C, 0x04, 0x02, 0x09, 0xDF, 0x0F, 0x01,
	0x02, 0x07, 0x07, 0x08, 0x01, 0x83, 0x05, 0x07, 0x04, 0x09, 0x06, 0x07,
	0x04, 0x01, 0x0C, 0x0D, 0x03, 0x06, 0x04, 0x02, 0x10, 0x01, 0x0A, 0x04,
	0x34, 0x06, 0x05, 0x06, 0x07, 0x02, 0x03, 0x9E, 0x03, 0x14, 0x07, 0x0C,
	0x04, 0x06, 0x05, 0x0C, 0x0A, 0x09, 0x19, 0x33, 0x09, 0x0A, 0x0C, 0x03,
	0x05, 0x0A, 0x14, 0x18, 0x04, 0x1F, 0x03, 0x03, 0x09, 0x01, 0x0D, 0x05,
	0x0A, 0x16, 0x06, 0x2E, 0x06, 0x07, 0x09, 0x05, 0x17, 0x12, 0x02, 0x0B,
	0x04, 0x01, 0x19, 0x04, 0x07, 0x04, 0x05, 0x0B, 0x14, 0x10, 0x16, 0x04,
	0x07, 0x02, 0x0D, 0x07, 0x03, 0x00, 0x00, 0x18, 0xFF, 0xFE, 0x00, 0x00,
	0x03, 0x35, 0x03, 0x21, 0x00, 0x73, 0x00, 0x93, 0x00, 0xAD, 0x00, 0xBA,
	0x00, 0xFA, 0x01, 0x0B, 0x01, 0x2F, 0x01, 0x43, 0x01, 0x85, 0x01, 0x96,
	0x01, 0xA4, 0x02, 0x10, 0x02, 0x1D, 0x02, 0x27, 0x02, 0x37, 0x02, 0x3E,
	0x02, 0x62, 0x02, 0x75, 0x02, 0x81, 0x02, 0x89, 0x02, 0x97, 0x02, 0xA1,
	0x02, 0xA8, 0x02, 0xAC, 0x00, 0x00, 0x01, 0x06, 0x07, 0x06, 0x07, 0x16,
	0x17, 0x27, 0x06, 0x07, 0x06, 0x07, 0x36, 0x37, 0x27, 0x16, 0x17, 0x27,
	0x07, 0x37, 0x26, 0x27, 0x26, 0x23, 0x07, 0x16, 0x17, 0x16, 0x15, 0x14,
	0x07, 0x06, 0x23, 0x06, 0x17, 0x16, 0x15, 0x14, 0x07, 0x16, 0x33, 0x32,
	0x37, 0x36, 0x33, 0x32, 0x17, 0x16, 0x15, 0x14, 0x06, 0x07, 0x17, 0x06,
	0x07, 0x06, 0x23, 0x22, 0x27, 0x26, 0x35, 0x34, 0x37, 0x36, 0x37, 0x36,
	0x33, 0x32, 0x17, 0x16, 0x15, 0x06, 0x07, 0x06, 0x07, 0x06, 0x07, 0x06,
	0x07, 0x06, 0x17, 0x16, 0x33, 0x32, 0x37, 0x36, 0x17, 0x37, 0x16, 0x17,
	0x16, 0x33, 0x32, 0x37, 0x36, 0x37, 0x27, 0x36, 0x33, 0x36, 0x3F, 0x01,
	0x17, 0x37, 0x07, 0x17, 0x26, 0x27, 0x07, 0x33, 0x07, 0x1F, 0x01, 0x36,
	0x37, 0x17, 0x37, 0x06, 0x07, 0x06, 0x23, 0x22, 0x27, 0x26, 0x27, 0x07,
	0x06, 0x23, 0x22, 0x23, 0x26, 0x23, 0x22, 0x07, 0x17, 0x16, 0x15, 0x14,
	0x06, 0x17, 0x37, 0x1E, 0x01, 0x17, 0x34, 0x27, 0x26, 0x35, 0x17, 0x06,
	0x27, 0x26, 0x27, 0x07, 0x06, 0x26, 0x07, 0x16, 0x17, 0x06, 0x07, 0x36,
	0x37, 0x16, 0x17, 0x16, 0x17, 0x26, 0x27, 0x26, 0x35, 0x34, 0x37, 0x36,
	0x27, 0x07, 0x26, 0x27, 0x0F, 0x01, 0x17, 0x06, 0x07, 0x36, 0x37, 0x17,
	0x27, 0x17, 0x26, 0x23, 0x22, 0x06, 0x07, 0x06, 0x23, 0x22, 0x27, 0x36,
	0x27, 0x26, 0x37, 0x34, 0x27, 0x36, 0x17, 0x16, 0x15, 0x36, 0x37, 0x36,
	0x2E, 0x01, 0x35, 0x36, 0x16, 0x37, 0x27, 0x34, 0x26, 0x35, 0x34, 0x37,
	0x36, 0x37, 0x36, 0x37, 0x36, 0x35, 0x34, 0x27, 0x26, 0x27, 0x26, 0x23,
	0x22, 0x06, 0x07, 0x06, 0x15, 0x14, 0x17, 0x16, 0x17, 0x16, 0x33, 0x32,
	0x36, 0x37, 0x36, 0x35, 0x34, 0x13, 0x07, 0x17, 0x27, 0x07, 0x37, 0x27,
	0x34, 0x37, 0x36, 0x3F, 0x01, 0x16, 0x17, 0x30, 0x37, 0x36, 0x17, 0x06,
	0x07, 0x17, 0x27, 0x17, 0x36, 0x27, 0x26, 0x31, 0x36, 0x37, 0x27, 0x26,
	0x27, 0x07, 0x06, 0x23, 0x22, 0x26, 0x23, 0x22, 0x07, 0x17, 0x06, 0x07,
	0x17, 0x27, 0x37, 0x17, 0x07, 0x37, 0x27, 0x17, 0x37, 0x17, 0x27, 0x06,
	0x07, 0x17, 0x27, 0x06, 0x07, 0x26, 0x37, 0x36, 0x35, 0x34, 0x2F, 0x01,
	0x36, 0x37, 0x36, 0x3F, 0x01, 0x1F, 0x01, 0x16, 0x15, 0x14, 0x07, 0x06,
	0x07, 0x06, 0x23, 0x22, 0x26, 0x27, 0x26, 0x36, 0x37, 0x36, 0x33, 0x32,
	0x17, 0x16, 0x07, 0x06, 0x07, 0x22, 0x07, 0x06, 0x17, 0x16, 0x17, 0x26,
	0x07, 0x06, 0x07, 0x16, 0x17, 0x16, 0x17, 0x14, 0x07, 0x06, 0x23, 0x22,
	0x26, 0x23, 0x22, 0x07, 0x1E, 0x01, 0x15, 0x14, 0x0F, 0x01, 0x16, 0x07,
	0x06, 0x15, 0x34, 0x17, 0x16, 0x33, 0x32, 0x3F, 0x01, 0x16, 0x17, 0x16,
	0x13, 0x06, 0x07, 0x26, 0x27, 0x07, 0x22, 0x07, 0x17, 0x0E, 0x01, 0x15,
	0x14, 0x17, 0x37, 0x17, 0x27, 0x07, 0x23, 0x27, 0x06, 0x23, 0x22, 0x27,
	0x17, 0x07, 0x36, 0x37, 0x17, 0x26, 0x27, 0x17, 0x36, 0x27, 0x26, 0x07,
	0x06, 0x23, 0x22, 0x27, 0x06, 0x23, 0x22, 0x27, 0x26, 0x27, 0x26, 0x35,
	0x34, 0x36, 0x37, 0x36, 0x35, 0x34, 0x27, 0x26, 0x27, 0x36, 0x37, 0x16,
	0x17, 0x37, 0x36, 0x17, 0x07, 0x0E, 0x01, 0x23, 0x22, 0x27, 0x06, 0x07,
	0x16, 0x33, 0x32, 0x37, 0x26, 0x35, 0x34, 0x36, 0x35, 0x16, 0x07, 0x14,
	0x31, 0x16, 0x37, 0x26, 0x35, 0x36, 0x31, 0x36, 0x37, 0x26, 0x07, 0x06,
	0x27, 0x26, 0x35, 0x36, 0x33, 0x32, 0x16, 0x17, 0x06, 0x23, 0x16, 0x37,
	0x26, 0x27, 0x26, 0x27, 0x3E, 0x01, 0x17, 0x27, 0x26, 0x37, 0x36, 0x37,
	0x36, 0x37, 0x36, 0x37, 0x27, 0x26, 0x23, 0x22, 0x07, 0x06, 0x15, 0x14,
	0x17, 0x1E, 0x01, 0x17, 0x16, 0x33, 0x32, 0x03, 0x06, 0x07, 0x06, 0x23,
	0x22, 0x27, 0x17, 0x36, 0x37, 0x36, 0x35, 0x34, 0x17, 0x34, 0x27, 0x06,
	0x23, 0x22, 0x27, 0x16, 0x17, 0x16, 0x13, 0x0E, 0x01, 0x07, 0x16, 0x17,
	0x06, 0x07, 0x36, 0x27, 0x22, 0x07, 0x36, 0x37, 0x3E, 0x01, 0x07, 0x26,
	0x27, 0x35, 0x06, 0x17, 0x14, 0x27, 0x26, 0x15, 0x26, 0x23, 0x22, 0x06,
	0x23, 0x22, 0x27, 0x37, 0x26, 0x07, 0x22, 0x31, 0x07, 0x17, 0x26, 0x27,
	0x26, 0x23, 0x22, 0x07, 0x35, 0x36, 0x33, 0x32, 0x16, 0x33, 0x32, 0x37,
	0x36, 0x33, 0x32, 0x17, 0x16, 0x01, 0x06, 0x07, 0x06, 0x07, 0x36, 0x37,
	0x36, 0x35, 0x34, 0x27, 0x06, 0x23, 0x22, 0x31, 0x32, 0x36, 0x33, 0x32,
	0x01, 0x26, 0x23, 0x22, 0x07, 0x34, 0x27, 0x36, 0x33, 0x32, 0x17, 0x16,
	0x07, 0x26, 0x07, 0x27, 0x36, 0x33, 0x32, 0x16, 0x37, 0x06, 0x15, 0x14,
	0x17, 0x16, 0x17, 0x2E, 0x01, 0x35, 0x34, 0x37, 0x3E, 0x01, 0x17, 0x36,
	0x27, 0x07, 0x34, 0x33, 0x32, 0x16, 0x35, 0x34, 0x27, 0x26, 0x07, 0x06,
	0x07, 0x37, 0x26, 0x07, 0x23, 0x17, 0x26, 0x03, 0x35, 0x0A, 0x16, 0x1A,
	0x09, 0x07, 0x11, 0x52, 0x11, 0x1C, 0x22, 0x0A, 0x0B, 0x13, 0x2E, 0x01,
	0x12, 0x59, 0x50, 0x13, 0x19, 0x19, 0x1F, 0x1B, 0x03, 0x06, 0x1E, 0x18,
	0x05, 0x1D, 0x1D, 0x02, 0x03, 0x02, 0x03, 0x3E, 0x6E, 0x29, 0x26, 0x32,
	0x05, 0x05, 0x05, 0x1C, 0x09, 0x10, 0x03, 0x51, 0x61, 0x32, 0x34, 0xA5,
	0x77, 0x6A, 0x1A, 0x2A, 0x6D, 0x6A, 0x7A, 0x7A, 0x48, 0x03, 0x10, 0x23,
	0x39, 0x02, 0x31, 0x25, 0x2B, 0x06, 0x0F, 0x0C, 0x0F, 0x26, 0x09, 0x1C,
	0x17, 0x0D, 0x1F, 0x04, 0x11, 0x0C, 0x0E, 0x05, 0x06, 0x06, 0x0C, 0x46,
	0x09, 0x2E, 0x29, 0x05, 0x0C, 0x28, 0x5F, 0x40, 0x27, 0x21, 0x3B, 0x3A,
	0x31, 0x40, 0x06, 0x56, 0x0B, 0x1A, 0x1B, 0x0F, 0x0E, 0x1C, 0x0B, 0x09,
	0x10, 0x0E, 0x0A, 0x0B, 0x09, 0x03, 0x27, 0x04, 0x08, 0x07, 0x04, 0x0F,
	0x09, 0x2B, 0x10, 0x0E, 0x01, 0x3D, 0x11, 0x39, 0x09, 0x13, 0x0B, 0x6E,
	0x1B, 0x32, 0x09, 0x12, 0x1C, 0x0E, 0x36, 0x09, 0x1A, 0x1A, 0x09, 0x0F,
	0x15, 0x2B, 0x10, 0x18, 0x14, 0x14, 0x06, 0x0C, 0x03, 0x17, 0x20, 0xB8,
	0x4A, 0x0B, 0x16, 0x19, 0x4A, 0x3B, 0x0C, 0x07, 0x25, 0x22, 0x4C, 0x21,
	0x6E, 0x0B, 0x12, 0x0B, 0x32, 0x0B, 0x1C, 0x1B, 0x72, 0x43, 0x0D, 0x0A,
	0x03, 0x01, 0x0D, 0x05, 0x09, 0x0D, 0x10, 0x1E, 0x0B, 0x22, 0x26, 0x06,
	0x13, 0x06, 0x19, 0x04, 0x0A, 0x0D, 0x4B, 0x3D, 0x54, 0x0C, 0x03, 0x17,
	0x44, 0x31, 0x31, 0x68, 0xB6, 0x3D, 0x30, 0x3F, 0x38, 0x4F, 0x56, 0x58,
	0x51, 0x98, 0x38, 0x0D, 0x21, 0x22, 0x1C, 0x41, 0x34, 0x0C, 0x2A, 0x24,
	0x1B, 0x01, 0x09, 0x08, 0x14, 0x19, 0x0F, 0x4C, 0x0F, 0x1C, 0x10, 0x34,
	0x31, 0x01, 0x05, 0x09, 0x0D, 0x18, 0x34, 0x04, 0x11, 0x19, 0x04, 0x05,
	0x05, 0x14, 0x05, 0x07, 0x06, 0x25, 0x07, 0x0F, 0x03, 0x01, 0x34, 0x02,
	0x38, 0x16, 0x2B, 0x3A, 0x19, 0x15, 0x7E, 0x0D, 0x1A, 0x1B, 0x40, 0x11,
	0x23, 0x02, 0x05, 0x06, 0x0C, 0x1C, 0x01, 0x24, 0x17, 0x05, 0x0C, 0x18,
	0x87, 0x03, 0x16, 0x14, 0x13, 0x63, 0x89, 0x8C, 0xDD, 0x04, 0x02, 0x79,
	0x69, 0x4B, 0x5D, 0x6E, 0x47, 0x02, 0x0B, 0xD4, 0x15, 0x0B, 0x03, 0x03,
	0x05, 0x02, 0x0A, 0x02, 0x07, 0x0A, 0x02, 0x05, 0x18, 0x15, 0x14, 0x1E,
	0x03, 0x05, 0x04, 0x12, 0x05, 0x0B, 0x03, 0x01, 0x10, 0x02, 0x06, 0x0F,
	0x03, 0x06, 0x06, 0x40, 0x7C, 0x16, 0x17, 0x53, 0x07, 0x05, 0x09, 0x28,
	0x11, 0x20, 0x0B, 0x11, 0x12, 0x15, 0x19, 0x25, 0x01, 0x0A, 0x01, 0x2E,
	0x3B, 0x19, 0x5C, 0x34, 0x15, 0x09, 0x2A, 0x08, 0x09, 0x25, 0x0C, 0x10,
	0x24, 0x34, 0x03, 0x12, 0x6E, 0x02, 0x0E, 0x1C, 0x3D, 0x18, 0x18, 0x7A,
	0x48, 0x0C, 0x0A, 0x19, 0x1D, 0x17, 0x18, 0x04, 0x22, 0x04, 0x1F, 0x01,
	0x12, 0x0F, 0x01, 0x08, 0x1B, 0x0D, 0x03, 0x18, 0x10, 0x25, 0x02, 0x03,
	0x04, 0x01, 0x02, 0x04, 0x3A, 0x10, 0x1A, 0x17, 0x15, 0x06, 0x06, 0x04,
	0x01, 0x01, 0x0F, 0x07, 0x01, 0x08, 0x0D, 0x04, 0x0A, 0x0D, 0x03, 0x07,
	0x06, 0x06, 0x08, 0x1E, 0x05, 0x01, 0x08, 0x1D, 0x0E, 0x05, 0x22, 0x1A,
	0x05, 0x02, 0x0E, 0x02, 0x06, 0x0A, 0x16, 0x1C, 0xA2, 0x05, 0x13, 0x10,
	0x03, 0x06, 0x40, 0x57, 0x85, 0x69, 0x94, 0x0D, 0x17, 0xA4, 0x5F, 0x20,
	0x1F, 0xAC, 0xF1, 0x05, 0x13, 0x0E, 0x0A, 0x05, 0x06, 0x22, 0x02, 0x0E,
	0x0A, 0x0B, 0x03, 0x0F, 0x10, 0x19, 0x34, 0x12, 0x23, 0x2A, 0x5C, 0x27,
	0x42, 0x08, 0x0A, 0x02, 0x01, 0x02, 0x05, 0x11, 0x12, 0x2B, 0x17, 0x1A,
	0x0E, 0x47, 0x21, 0x0F, 0x10, 0x02, 0x0B, 0x09, 0x09, 0x06, 0x05, 0x05,
	0x0E, 0x05, 0x05, 0x06, 0x03, 0x03, 0x07, 0x0C, 0x06, 0x03, 0x03, 0x1A,
	0x15, 0x0D, 0x0B, 0x08, 0x04, 0x06, 0x08, 0x21, 0x07, 0x10, 0x08, 0x17,
	0x17, 0x14, 0x08, 0x03, 0x01, 0x64, 0x1A, 0x67, 0x11, 0x42, 0x7D, 0x38,
	0x01, 0x11, 0x04, 0x0A, 0x10, 0x08, 0x25, 0x09, 0x11, 0xFE, 0x4C, 0x11,
	0x11, 0x14, 0x0A, 0x03, 0x09, 0x0B, 0x09, 0x0F, 0x13, 0x02, 0x1F, 0x0C,
	0x03, 0x06, 0x09, 0x04, 0x15, 0x1C, 0xAB, 0x08, 0x1C, 0x80, 0x57, 0x62,
	0x05, 0x0C, 0x66, 0x86, 0x02, 0x0B, 0x03, 0x01, 0x02, 0x0A, 0x17, 0x0E,
	0x13, 0x0E, 0x05, 0x31, 0x02, 0x01, 0x09, 0x03, 0x02, 0x01, 0x8A, 0x0B,
	0x0E, 0x0F, 0x09, 0x20, 0x3F, 0x37, 0x03, 0x10, 0x13, 0x05, 0x1D, 0x3C,
	0x25, 0x05, 0x32, 0x2B, 0x34, 0x55, 0x12, 0x12, 0x14, 0x04, 0x07, 0x0F,
	0x0C, 0x10, 0x08, 0x09, 0x2B, 0x07, 0x0E, 0x12, 0x05, 0x08, 0x06, 0x4D,
	0x0C, 0x11, 0x01, 0x1C, 0x1D, 0x0B, 0x16, 0x0E, 0x03, 0x51, 0x2A, 0x0E,
	0x7D, 0x6E, 0xA1, 0x4D, 0x47, 0x72, 0x48, 0x47, 0x3D, 0x04, 0x14, 0x12,
	0x0A, 0x11, 0x01, 0x15, 0x25, 0x2B, 0x2E, 0x06, 0x16, 0x24, 0x04, 0x03,
	0x01, 0x40, 0x04, 0x1F, 0x16, 0x02, 0x1A, 0x36, 0x2A, 0x06, 0x01, 0x1E,
	0x25, 0x37, 0x09, 0x3A, 0x56, 0x0A, 0x1E, 0x2B, 0x37, 0x10, 0x06, 0x14,
	0x26, 0x3A, 0xD7, 0x01, 0x06, 0x06, 0x14, 0x10, 0x10, 0x1B, 0x1F, 0x01,
	0x04, 0x18, 0x08, 0x10, 0x09, 0x2E, 0x0A, 0x2E, 0x03, 0x19, 0x03, 0x01,
	0x25, 0x17, 0x10, 0xB8, 0x01, 0x04, 0x13, 0x21, 0x31, 0x02, 0x07, 0x02,
	0x14, 0x17, 0x19, 0x33, 0x0C, 0x19, 0x04, 0x10, 0x0D, 0x0E, 0x14, 0x27,
	0x06, 0x05, 0x0F, 0x0D, 0x13, 0x53, 0x03, 0x10, 0x21, 0x38, 0x06, 0x25,
	0x32, 0x1A, 0x19, 0x15, 0x28, 0x4D, 0xCB, 0x13, 0x18, 0x01, 0x05, 0x55,
	0x0B, 0x11, 0x03, 0x14, 0x0F, 0x02, 0x04, 0x03, 0x04, 0x01, 0x04, 0x24,
	0x14, 0x12, 0x16, 0x11, 0x02, 0x07, 0x02, 0x18, 0x03, 0x0E, 0x03, 0x08,
	0x03, 0x49, 0x32, 0x2A, 0x10, 0x09, 0x0A, 0x04, 0x04, 0x1C, 0x12, 0x0D,
	0x6B, 0x5D, 0x5F, 0x6E, 0x7D, 0x56, 0x4C, 0x2E, 0x32, 0x4F, 0x44, 0x0D,
	0x14, 0x0E, 0x01, 0x93, 0x21, 0x3D, 0x1E, 0x28, 0x3E, 0x1B, 0x01, 0x03,
	0x02, 0x16, 0x18, 0x0F, 0x1C, 0x05, 0x03, 0xE1, 0x08, 0x14, 0x3D, 0x22,
	0x22, 0x0B, 0x13, 0x1F, 0x09, 0x13, 0x03, 0x0B, 0x20, 0x28, 0x01, 0x04,
	0x03, 0x1F, 0x0B, 0x2C, 0x03, 0x03, 0x1E, 0x02, 0x1F, 0x3A, 0x22, 0x03,
	0x2B, 0x2B, 0x49, 0x0A, 0x17, 0x3D, 0x1E, 0x0D, 0x18, 0x08, 0x11, 0x15,
	0x07, 0x0E, 0x07, 0x0F, 0x01, 0x03, 0x02, 0x10, 0x1B, 0x28, 0xF8, 0x09,
	0x08, 0x15, 0x18, 0x13, 0x14, 0x5C, 0xE0, 0x8D, 0x75, 0xC7, 0x33, 0x26,
	0x35, 0x06, 0x0C, 0x38, 0x7D, 0x0B, 0x0B, 0x09, 0x06, 0x0C, 0x01, 0x02,
	0x01, 0x07, 0x12, 0x11, 0x0C, 0x0C, 0x0E, 0x1F, 0x02, 0x05, 0x0C, 0x07,
	0x09, 0x05, 0x03, 0x04, 0x06, 0x09, 0x10, 0x02, 0x04, 0x05, 0x11, 0x53,
	0x03, 0x1C, 0x02, 0x09, 0x0D, 0x01, 0x87, 0x01, 0x05, 0x0D, 0x1B, 0x2B,
	0x06, 0x18, 0x08, 0x21, 0x07, 0x04, 0x04, 0x25, 0x1B, 0x37, 0x72, 0x22,
	0x2D, 0x02, 0x1C, 0x36, 0x0D, 0x14, 0x18, 0x0C, 0x28, 0xF5, 0x09, 0x18,
	0x02, 0x14, 0x04, 0x60, 0x03, 0x11, 0x10, 0x10, 0x07, 0x04, 0x08, 0x04,
	0x05, 0x10, 0x27, 0x07, 0x08, 0x1A, 0x04, 0x03, 0x01, 0x0B, 0x24, 0x04,
	0x0B, 0x15, 0x03, 0x02, 0x11, 0x01, 0x21, 0x10, 0x0A, 0x07, 0x04, 0x05,
	0x04, 0x0E, 0x04, 0x02, 0x04, 0x07, 0x0F, 0x03, 0x03, 0x08, 0x0E, 0x0A,
	0x02, 0x04, 0x01, 0x01, 0x01, 0x02, 0x0A, 0x04, 0x12, 0x01, 0x03, 0x03,
	0x1B, 0x08, 0x1D, 0x16, 0x15, 0x05, 0x06, 0x02, 0x09, 0x26, 0x05, 0x6F,
	0x34, 0x04, 0x03, 0x03, 0x08, 0x09, 0x29, 0x51, 0x70, 0xBC, 0x33, 0x32,
	0x5D, 0x96, 0x12, 0x05, 0x01, 0x35, 0x01, 0x07, 0x05, 0x01, 0x03, 0x01,
	0x02, 0x02, 0x05, 0x03, 0x1D, 0x08, 0x02, 0x07, 0x19, 0x0C, 0x16, 0x09,
	0x01, 0x7F, 0x07, 0x38, 0x26, 0x01, 0x0C, 0x06, 0x06, 0x0C, 0x07, 0x16,
	0x16, 0x06, 0x2A, 0x39, 0xF0, 0x03, 0x18, 0x22, 0x11, 0x10, 0x01, 0x28,
	0x04, 0x0D, 0x06, 0x12, 0x06, 0x0F, 0x04, 0x01, 0x06, 0x03, 0x01, 0x06,
	0x06, 0x04, 0x0D, 0x01, 0x0C, 0x17, 0x10, 0x10, 0x06, 0xFE, 0xB2, 0x34,
	0x3E, 0x0A, 0x11, 0x2F, 0x4F, 0x03, 0x03, 0x07, 0x0B, 0x03, 0x0C, 0x01,
	0x17, 0x07, 0x0A, 0x03, 0x06, 0x06, 0x05, 0x06, 0x07, 0x01, 0x0A, 0x06,
	0x06, 0x04, 0xF0, 0x80, 0xB7, 0x26, 0x25, 0x79, 0x7C, 0x33, 0xA3, 0x62,
	0x1D, 0x1D, 0x50, 0x8F, 0xAE, 0x10, 0x09, 0x19, 0x02, 0x09, 0x02, 0x02,
	0x1F, 0x03, 0x0C, 0x09, 0x06, 0x03, 0x02, 0x12, 0x09, 0x06, 0x00, 0x0E,
	0x00, 0x00, 0x00, 0x00, 0x02, 0x7C, 0x03, 0x20, 0x00, 0x8E, 0x00, 0x9F,
	0x00, 0xAD, 0x00, 0xB7, 0x00, 0xC3, 0x00, 0xD0, 0x00, 0xE7, 0x01, 0x03,
	0x01, 0x04, 0x01, 0x0E, 0x01, 0x18, 0x01, 0x22, 0x01, 0x2A, 0x01, 0x33,
	0x00, 0x00, 0x01, 0x26, 0x23, 0x22, 0x07, 0x16, 0x17, 0x16, 0x17, 0x26,
	0x27, 0x26, 0x23, 0x22, 0x07, 0x16, 0x15, 0x14, 0x07, 0x23, 0x26, 0x27,
	0x07, 0x16, 0x15, 0x14, 0x0F, 0x01, 0x26, 0x27, 0x2E, 0x01, 0x27, 0x07,
	0x16, 0x15, 0x14, 0x07, 0x15, 0x26, 0x27, 0x26, 0x27, 0x34, 0x27, 0x06,
	0x07, 0x36, 0x35, 0x34, 0x27, 0x06, 0x07, 0x06, 0x07, 0x06, 0x07, 0x23,
	0x36, 0x37, 0x36, 0x37, 0x27, 0x06, 0x07, 0x06, 0x27, 0x36, 0x37, 0x3E,
	0x01, 0x37, 0x26, 0x07, 0x06, 0x27, 0x22, 0x27, 0x35, 0x36, 0x37, 0x36,
	0x37, 0x26, 0x07, 0x06, 0x31, 0x06, 0x07, 0x3E, 0x01, 0x37, 0x26, 0x27,
	0x26, 0x37, 0x16, 0x33, 0x32, 0x37, 0x26, 0x35, 0x34, 0x37, 0x16, 0x17,
	0x16, 0x17, 0x26, 0x3F, 0x01, 0x16, 0x17, 0x36, 0x37, 0x36, 0x37, 0x36,
	0x35, 0x34, 0x27, 0x16, 0x15, 0x14, 0x07, 0x17, 0x36, 0x37, 0x06, 0x07,
	0x36, 0x37, 0x3E, 0x01, 0x17, 0x0F, 0x02, 0x17, 0x36, 0x33, 0x32, 0x16,
	0x27, 0x26, 0x07, 0x0E, 0x01, 0x07, 0x06, 0x15, 0x14, 0x17, 0x16, 0x37,
	0x36, 0x37, 0x36, 0x35, 0x34, 0x27, 0x26, 0x27, 0x26, 0x07, 0x06, 0x15,
	0x30, 0x37, 0x36, 0x37, 0x36, 0x17, 0x16, 0x07, 0x16, 0x07, 0x06, 0x27,
	0x26, 0x37, 0x36, 0x37, 0x16, 0x27, 0x26, 0x27, 0x26, 0x07, 0x06, 0x07,
	0x23, 0x34, 0x37, 0x36, 0x17, 0x07, 0x16, 0x07, 0x22, 0x06, 0x23, 0x06,
	0x27, 0x26, 0x37, 0x36, 0x33, 0x32, 0x17, 0x16, 0x06, 0x07, 0x06, 0x27,
	0x26, 0x37, 0x36, 0x37, 0x06, 0x17, 0x16, 0x17, 0x3E, 0x01, 0x37, 0x36,
	0x35, 0x34, 0x26, 0x31, 0x16, 0x17, 0x06, 0x27, 0x06, 0x07, 0x06, 0x27,
	0x26, 0x27, 0x26, 0x27, 0x16, 0x3F, 0x01, 0x17, 0x06, 0x17, 0x16, 0x33,
	0x32, 0x37, 0x36, 0x37, 0x26, 0x35, 0x16, 0x37, 0x36, 0x27, 0x17, 0x26,
	0x27, 0x06, 0x07, 0x06, 0x17, 0x16, 0x37, 0x36, 0x27, 0x26, 0x07, 0x06,
	0x07, 0x06, 0x17, 0x16, 0x37, 0x36, 0x17, 0x06, 0x07, 0x06, 0x27, 0x16,
	0x17, 0x16, 0x33, 0x32, 0x37, 0x06, 0x07, 0x22, 0x27, 0x26, 0x37, 0x36,
	0x07, 0x16, 0x07, 0x06, 0x27, 0x36, 0x37, 0x36, 0x16, 0x02, 0x79, 0x16,
	0x1B, 0x2D, 0x2B, 0x18, 0x18, 0x1B, 0x05, 0x11, 0x11, 0x14, 0x12, 0x08,
	0x08, 0x59, 0x13, 0x03, 0x3E, 0x3E, 0x02, 0x26, 0x04, 0x05, 0x04, 0x06,
	0x04, 0x16, 0x17, 0x01, 0x10, 0x12, 0x1E, 0x0E, 0x08, 0x05, 0x03, 0x10,
	0x38, 0x14, 0x0F, 0x07, 0x11, 0x0E, 0x0F, 0x2A, 0x2D, 0x05, 0x2B, 0x12,
	0x0B, 0x0B, 0x02, 0x47, 0x61, 0x16, 0x0F, 0x0C, 0x17, 0x1C, 0x35, 0x15,
	0x04, 0x05, 0x07, 0x03, 0x1F, 0x26, 0x15, 0x16, 0x12, 0x13, 0x07, 0x0B,
	0x13, 0x1C, 0x18, 0x0B, 0x35, 0x1F, 0x15, 0x27, 0x43, 0x08, 0x33, 0x2B,
	0x1D, 0x17, 0x33, 0x0F, 0x02, 0x07, 0x20, 0x48, 0x02, 0x0E, 0x05, 0x08,
	0x1E, 0x03, 0x1A, 0x05, 0x2E, 0x0D, 0x02, 0x24, 0x0B, 0x02, 0x33, 0x59,
	0x4A, 0x0A, 0x1C, 0x5E, 0x08, 0x11, 0x07, 0x08, 0x38, 0x26, 0x02, 0x0A,
	0x0A, 0x29, 0x35, 0xB7, 0x32, 0x53, 0x30, 0x52, 0x14, 0x11, 0x1E, 0x31,
	0x50, 0x58, 0x34, 0x1B, 0x35, 0x02, 0x0C, 0x0B, 0x0B, 0x0F, 0x02, 0x04,
	0x0D, 0x12, 0x0E, 0x02, 0x07, 0x0E, 0x12, 0x0F, 0x0E, 0x16, 0x08, 0x03,
	0x13, 0x12, 0x2D, 0x03, 0x0B, 0x0F, 0x09, 0x07, 0x06, 0x03, 0x16, 0x12,
	0x0C, 0x03, 0x0B, 0x11, 0x03, 0x08, 0x04, 0x0B, 0x0E, 0x0E, 0x13, 0x06,
	0x0B, 0x13, 0x2B, 0x03, 0x0A, 0x05, 0x16, 0x0A, 0x0F, 0x04, 0x02, 0x06,
	0x0C, 0x07, 0x04, 0x14, 0x0A, 0x0C, 0x05, 0x01, 0x0C, 0x05, 0x41, 0x01,
	0x07, 0x19, 0x2A, 0x12, 0x0B, 0x26, 0x15, 0x03, 0x06, 0x08, 0x08, 0x01,
	0x02, 0x08, 0x06, 0x16, 0x29, 0x1D, 0x1F, 0x12, 0x02, 0x06, 0x06, 0x07,
	0x05, 0x78, 0x4E, 0x04, 0x12, 0x0C, 0x07, 0x07, 0x12, 0x0F, 0x0A, 0x13,
	0x47, 0x08, 0x11, 0x08, 0x0A, 0x08, 0x15, 0x10, 0x09, 0x0F, 0x42, 0x02,
	0x1C, 0x4C, 0x18, 0x07, 0x1C, 0x0D, 0x0D, 0x2B, 0x06, 0x01, 0x09, 0x06,
	0x05, 0x03, 0x0B, 0x05, 0x33, 0x01, 0x08, 0x06, 0x08, 0x01, 0x07, 0x05,
	0x05, 0x01, 0x67, 0x0A, 0x18, 0x10, 0x11, 0x14, 0x1A, 0x0A, 0x0B, 0x0B,
	0x02, 0x34, 0x5A, 0x22, 0x22, 0x77, 0x23, 0x01, 0x22, 0x32, 0x0F, 0x0E,
	0x0D, 0x06, 0x19, 0x14, 0x10, 0x0E, 0x02, 0x1B, 0x29, 0x23, 0x47, 0x12,
	0x12, 0x28, 0x17, 0x33, 0x0C, 0x19, 0x40, 0x2E, 0x27, 0x2E, 0x25, 0x1A,
	0x14, 0x1A, 0x16, 0x15, 0x38, 0x19, 0x17, 0x37, 0x32, 0x32, 0x01, 0x53,
	0x17, 0x03, 0x0C, 0x05, 0x0E, 0x14, 0x63, 0x12, 0x03, 0x02, 0x02, 0x01,
	0x15, 0x03, 0x01, 0x11, 0x10, 0x11, 0x04, 0x01, 0x03, 0x09, 0x0F, 0x20,
	0x33, 0x08, 0x05, 0x11, 0x2A, 0x45, 0x11, 0x08, 0x41, 0x42, 0x21, 0x1C,
	0x09, 0x12, 0x42, 0x3F, 0x3D, 0x19, 0x05, 0x2C, 0x25, 0x26, 0x29, 0x08,
	0x3E, 0x1E, 0x12, 0x08, 0x08, 0x37, 0x51, 0x2C, 0x28, 0x01, 0x46, 0x10,
	0x42, 0x5C, 0x24, 0x39, 0x03, 0x06, 0x01, 0x12, 0x57, 0x35, 0x02, 0x02,
	0x33, 0x6B, 0x4C, 0x05, 0x02, 0x41, 0x2E, 0x27, 0x2F, 0x3D, 0x2A, 0x44,
	0x05, 0x05, 0x57, 0x2D, 0x3D, 0x39, 0x17, 0x09, 0x0D, 0x04, 0x04, 0x09,
	0x0C, 0x0D, 0x08, 0x06, 0x05, 0x14, 0x0B, 0x10, 0x18, 0x1A, 0x0E, 0x06,
	0x12, 0x1E, 0x0C, 0x0C, 0x01, 0x04, 0x08, 0x0B, 0x04, 0x04, 0x02, 0x11,
	0x12, 0x09, 0x02, 0x13, 0x1F, 0x1B, 0x13, 0x09, 0x01, 0x0F, 0x17, 0x1A,
	0x0A, 0x5B, 0x07, 0x09, 0x04, 0x07, 0x07, 0x09, 0x0B, 0x03, 0x04, 0x06,
	0x0E, 0x05, 0x04, 0x01, 0x05, 0x07, 0x02, 0x02, 0x05, 0x0B, 0x02, 0x16,
	0x05, 0x01, 0x53, 0x20, 0x07, 0x04, 0x1C, 0x58, 0x01, 0x05, 0x07, 0x06,
	0x05, 0x02, 0x04, 0x12, 0x14, 0x09, 0x0D, 0x0E, 0x08, 0x01, 0x0B, 0x03,
	0x03, 0x83, 0x29, 0x0A, 0x01, 0x02, 0x13, 0x1E, 0x0F, 0x05, 0x0A, 0x1A,
	0x14, 0x14, 0x05, 0x02, 0x15, 0x1C, 0x0F, 0x06, 0x0D, 0x13, 0x59, 0x02,
	0x0B, 0x04, 0x14, 0x18, 0x08, 0x03, 0x76, 0x07, 0x09, 0x09, 0x0A, 0x08,
	0x02, 0x0C, 0x0A, 0x06, 0x02, 0x0E, 0x05, 0x09, 0x02, 0x08, 0x00, 0x2E,
	0xFF, 0xF8, 0x00, 0x00, 0x02, 0xC8, 0x03, 0x20, 0x00, 0x07, 0x00, 0xAE,
	0x00, 0xB8, 0x00, 0xC0, 0x00, 0xD7, 0x00, 0xDE, 0x00, 0xE2, 0x00, 0xE9,
	0x00, 0xFC, 0x01, 0x06, 0x01, 0x0C, 0x01, 0x0F, 0x01, 0x17, 0x01, 0x1C,
	0x01, 0x2F, 0x01, 0x33, 0x01, 0x39, 0x01, 0x83, 0x01, 0x88, 0x01, 0x8D,
	0x01, 0x92, 0x01, 0x9C, 0x01, 0xCC, 0x01, 0xD9, 0x01, 0xDD, 0x01, 0xE2,
	0x01, 0xE5, 0x01, 0xE9, 0x01, 0xF1, 0x01, 0xFA, 0x01, 0xFF, 0x02, 0x0D,
	0x02, 0x11, 0x02, 0x1B, 0x02, 0x20, 0x02, 0x27, 0x02, 0x42, 0x02, 0x9D,
	0x02, 0xC3, 0x02, 0xCA, 0x02, 0xE1, 0x02, 0xE4, 0x02, 0xF7, 0x03, 0x03,
	0x03, 0x0B, 0x03, 0x0E, 0x00, 0x00, 0x25, 0x06, 0x15, 0x06, 0x27, 0x26,
	0x37, 0x36, 0x13, 0x16, 0x07, 0x30, 0x07, 0x14, 0x07, 0x06, 0x23, 0x36,
	0x27, 0x35, 0x17, 0x36, 0x31, 0x30, 0x27, 0x07, 0x32, 0x36, 0x33, 0x32,
	0x17, 0x36, 0x27, 0x26, 0x27, 0x0E, 0x01, 0x1F, 0x01, 0x22, 0x07, 0x16,
	0x33, 0x14, 0x07, 0x16, 0x37, 0x36, 0x37, 0x15, 0x26, 0x07, 0x16, 0x17,
	0x06, 0x07, 0x16, 0x06, 0x15, 0x14, 0x17, 0x16, 0x37, 0x36, 0x31, 0x37,
	0x17, 0x37, 0x16, 0x17, 0x0E, 0x01, 0x27, 0x26, 0x27, 0x0E, 0x01, 0x23,
	0x22, 0x27, 0x2E, 0x01, 0x23, 0x22, 0x07, 0x06, 0x23, 0x22, 0x27, 0x07,
	0x25, 0x26, 0x36, 0x35, 0x34, 0x26, 0x35, 0x34, 0x37, 0x36, 0x35, 0x34,
	0x27, 0x26, 0x27, 0x36, 0x37, 0x36, 0x35, 0x34, 0x27, 0x06, 0x27, 0x26,
	0x37, 0x36, 0x31, 0x36, 0x17, 0x36, 0x26, 0x3E, 0x01, 0x35, 0x26, 0x27,
	0x26, 0x35, 0x34, 0x37, 0x34, 0x37, 0x36, 0x35, 0x34, 0x2E, 0x01, 0x35,
	0x34, 0x3E, 0x01, 0x35, 0x34, 0x26, 0x35, 0x34, 0x3E, 0x01, 0x35, 0x36,
	0x26, 0x35, 0x34, 0x37, 0x33, 0x3E, 0x01, 0x37, 0x1F, 0x01, 0x15, 0x17,
	0x36, 0x33, 0x32, 0x16, 0x15, 0x14, 0x07, 0x16, 0x17, 0x16, 0x37, 0x1E,
	0x01, 0x27, 0x26, 0x23, 0x22, 0x07, 0x16, 0x17, 0x36, 0x35, 0x34, 0x07,
	0x30, 0x07, 0x26, 0x27, 0x07, 0x17, 0x30, 0x17, 0x23, 0x26, 0x27, 0x26,
	0x37, 0x06, 0x27, 0x06, 0x27, 0x26, 0x35, 0x34, 0x37, 0x06, 0x27, 0x36,
	0x35, 0x06, 0x17, 0x16, 0x33, 0x32, 0x17, 0x26, 0x27, 0x06, 0x07, 0x1E,
	0x01, 0x01, 0x26, 0x23, 0x1F, 0x01, 0x26, 0x27, 0x07, 0x16, 0x33, 0x32,
	0x27, 0x23, 0x22, 0x26, 0x27, 0x26, 0x06, 0x23, 0x22, 0x26, 0x23, 0x16,
	0x17, 0x07, 0x36, 0x37, 0x16, 0x17, 0x37, 0x01, 0x26, 0x37, 0x06, 0x27,
	0x16, 0x07, 0x36, 0x15, 0x36, 0x17, 0x26, 0x27, 0x16, 0x17, 0x36, 0x2F,
	0x02, 0x17, 0x35, 0x06, 0x27, 0x07, 0x32, 0x17, 0x36, 0x27, 0x06, 0x27,
	0x06, 0x17, 0x01, 0x35, 0x07, 0x06, 0x27, 0x37, 0x27, 0x07, 0x30, 0x27,
	0x26, 0x37, 0x27, 0x36, 0x37, 0x06, 0x17, 0x1E, 0x01, 0x2F, 0x01, 0x06,
	0x17, 0x27, 0x06, 0x07, 0x06, 0x07, 0x36, 0x13, 0x26, 0x07, 0x06, 0x15,
	0x14, 0x17, 0x1E, 0x01, 0x33, 0x32, 0x37, 0x2E, 0x01, 0x27, 0x36, 0x35,
	0x34, 0x27, 0x26, 0x27, 0x07, 0x26, 0x07, 0x27, 0x2E, 0x01, 0x27, 0x37,
	0x16, 0x37, 0x26, 0x37, 0x30, 0x37, 0x36, 0x17, 0x16, 0x15, 0x37, 0x36,
	0x37, 0x26, 0x27, 0x30, 0x07, 0x30, 0x07, 0x06, 0x27, 0x36, 0x37, 0x17,
	0x16, 0x33, 0x32, 0x37, 0x36, 0x37, 0x26, 0x27, 0x26, 0x07, 0x06, 0x07,
	0x06, 0x07, 0x26, 0x27, 0x36, 0x37, 0x36, 0x37, 0x36, 0x07, 0x35, 0x22,
	0x07, 0x16, 0x07, 0x35, 0x06, 0x27, 0x07, 0x13, 0x35, 0x06, 0x07, 0x36,
	0x27, 0x26, 0x27, 0x06, 0x07, 0x16, 0x17, 0x32, 0x37, 0x36, 0x17, 0x35,
	0x26, 0x23, 0x22, 0x06, 0x07, 0x26, 0x27, 0x26, 0x23, 0x22, 0x07, 0x06,
	0x23, 0x22, 0x27, 0x26, 0x27, 0x07, 0x27, 0x07, 0x17, 0x36, 0x37, 0x36,
	0x31, 0x16, 0x17, 0x16, 0x33, 0x32, 0x36, 0x33, 0x32, 0x16, 0x33, 0x32,
	0x37, 0x36, 0x37, 0x17, 0x16, 0x33, 0x32, 0x36, 0x33, 0x32, 0x25, 0x36,
	0x27, 0x26, 0x27, 0x16, 0x15, 0x14, 0x06, 0x07, 0x16, 0x17, 0x36, 0x17,
	0x27, 0x07, 0x32, 0x13, 0x06, 0x07, 0x3E, 0x01, 0x0F, 0x01, 0x37, 0x07,
	0x06, 0x07, 0x36, 0x17, 0x16, 0x07, 0x26, 0x07, 0x36, 0x37, 0x16, 0x27,
	0x30, 0x07, 0x23, 0x26, 0x37, 0x26, 0x07, 0x26, 0x17, 0x06, 0x07, 0x27,
	0x36, 0x27, 0x26, 0x07, 0x32, 0x36, 0x33, 0x32, 0x17, 0x36, 0x35, 0x34,
	0x27, 0x33, 0x06, 0x37, 0x06, 0x07, 0x36, 0x17, 0x06, 0x07, 0x34, 0x27,
	0x07, 0x36, 0x27, 0x23, 0x36, 0x27, 0x14, 0x07, 0x23, 0x36, 0x27, 0x06,
	0x23, 0x26, 0x37, 0x36, 0x16, 0x17, 0x06, 0x23, 0x22, 0x26, 0x27, 0x06,
	0x23, 0x22, 0x26, 0x07, 0x34, 0x37, 0x1E, 0x01, 0x17, 0x37, 0x14, 0x07,
	0x17, 0x36, 0x37, 0x36, 0x37, 0x06, 0x17, 0x16, 0x13, 0x06, 0x27, 0x37,
	0x26, 0x07, 0x06, 0x07, 0x2E, 0x01, 0x27, 0x26, 0x27, 0x35, 0x26, 0x36,
	0x27, 0x3E, 0x01, 0x37, 0x36, 0x37, 0x36, 0x3B, 0x01, 0x06, 0x07, 0x16,
	0x06, 0x07, 0x34, 0x27, 0x0E, 0x01, 0x07, 0x26, 0x06, 0x23, 0x06, 0x07,
	0x17, 0x22, 0x06, 0x23, 0x17, 0x07, 0x17, 0x06, 0x07, 0x06, 0x0F, 0x01,
	0x16, 0x06, 0x17, 0x06, 0x07, 0x14, 0x16, 0x15, 0x16, 0x17, 0x33, 0x06,
	0x16, 0x17, 0x16, 0x17, 0x16, 0x17, 0x1E, 0x01, 0x17, 0x36, 0x33, 0x32,
	0x16, 0x33, 0x32, 0x37, 0x16, 0x17, 0x36, 0x17, 0x16, 0x17, 0x30, 0x37,
	0x1E, 0x01, 0x37, 0x03, 0x06, 0x07, 0x16, 0x37, 0x06, 0x15, 0x26, 0x27,
	0x26, 0x07, 0x16, 0x07, 0x26, 0x35, 0x34, 0x37, 0x26, 0x27, 0x26, 0x37,
	0x36, 0x33, 0x17, 0x36, 0x37, 0x06, 0x15, 0x16, 0x33, 0x07, 0x17, 0x06,
	0x1F, 0x01, 0x06, 0x15, 0x17, 0x07, 0x16, 0x06, 0x07, 0x23, 0x34, 0x32,
	0x17, 0x26, 0x27, 0x06, 0x15, 0x23, 0x36, 0x35, 0x34, 0x06, 0x27, 0x06,
	0x27, 0x16, 0x3F, 0x01, 0x06, 0x31, 0x17, 0x37, 0x06, 0x16, 0x07, 0x2F,
	0x01, 0x33, 0x17, 0x2E, 0x01, 0x3F, 0x01, 0x26, 0x37, 0x06, 0x17, 0x33,
	0x07, 0x26, 0x23, 0x07, 0x32, 0x16, 0x37, 0x06, 0x15, 0x27, 0x07, 0x16,
	0x15, 0x22, 0x23, 0x22, 0x27, 0x36, 0x37, 0x16, 0x17, 0x07, 0x16, 0x07,
	0x26, 0x27, 0x26, 0x37, 0x36, 0x37, 0x23, 0x07, 0x02, 0x57, 0x02, 0x03,
	0x04, 0x02, 0x05, 0x05, 0x6D, 0x05, 0x1A, 0x07, 0x7E, 0x01, 0x01, 0x02,
	0x03, 0x03, 0x04, 0x09, 0x05, 0x02, 0x04, 0x02, 0x02, 0x02, 0x03, 0x03,
	0x07, 0x09, 0x01, 0x0E, 0x03, 0x05, 0x01, 0x06, 0x06, 0x01, 0x03, 0x02,
	0x04, 0x02, 0x02, 0x02, 0x03, 0x03, 0x06, 0x36, 0x38, 0x01, 0x05, 0x17,
	0x03, 0x04, 0x07, 0x1E, 0x2F, 0x2A, 0x0D, 0x14, 0x02, 0x06, 0x04, 0x0A,
	0x0D, 0x05, 0x1A, 0x09, 0x04, 0x05, 0x05, 0x17, 0x08, 0x03, 0x03, 0x1C,
	0x0C, 0x0A, 0x09, 0x04, 0xFE, 0x8C, 0x03, 0x15, 0x1A, 0x03, 0x0E, 0x02,
	0x0C, 0x02, 0x01, 0x0A, 0x08, 0x0A, 0x24, 0x12, 0x0D, 0x0D, 0x12, 0x0C,
	0x0F, 0x04, 0x06, 0x0C, 0x0B, 0x02, 0x0D, 0x0A, 0x04, 0x0A, 0x07, 0x04,
	0x0E, 0x05, 0x11, 0x19, 0x09, 0x0B, 0x01, 0x10, 0x03, 0x9D, 0x05, 0x04,
	0x03, 0x02, 0xD0, 0x21, 0x2B, 0x2C, 0x28, 0x3D, 0x16, 0x09, 0x0D, 0x0A,
	0x18, 0x08, 0x07, 0x81, 0x08, 0x08, 0x2F, 0x16, 0x42, 0x44, 0x0C, 0x96,
	0x07, 0x02, 0x05, 0x03, 0x0C, 0x8A, 0x02, 0x04, 0x03, 0x02, 0x04, 0x21,
	0x17, 0x2D, 0x19, 0x11, 0x07, 0x05, 0x09, 0x03, 0x11, 0x0C, 0x1C, 0x40,
	0x24, 0x5A, 0x02, 0x0C, 0x1C, 0x03, 0x01, 0x19, 0xFE, 0xEE, 0x01, 0x06,
	0x03, 0x41, 0x02, 0x07, 0x03, 0x03, 0x03, 0x03, 0xBD, 0x10, 0x08, 0x03,
	0x01, 0x0D, 0x04, 0x07, 0x04, 0x11, 0x04, 0x07, 0x0E, 0x05, 0x07, 0x0E,
	0x07, 0x0A, 0x02, 0x01, 0x20, 0x0E, 0x05, 0x09, 0x0A, 0x06, 0x09, 0x0E,
	0x05, 0x4D, 0x01, 0x06, 0x01, 0x04, 0x03, 0xEA, 0x11, 0x10, 0x62, 0x01,
	0x04, 0x04, 0x01, 0x03, 0x03, 0xE3, 0x02, 0x03, 0x03, 0x03, 0x01, 0x58,
	0x02, 0x04, 0x06, 0x07, 0x02, 0x05, 0x04, 0x02, 0x04, 0x02, 0x03, 0x0B,
	0x13, 0x05, 0x03, 0x07, 0x78, 0x07, 0x06, 0x06, 0x03, 0x0E, 0x0E, 0x11,
	0x0D, 0x18, 0x43, 0x9E, 0x5A, 0x2F, 0x1C, 0x24, 0x82, 0x47, 0x0C, 0x0B,
	0x1C, 0x2D, 0x07, 0x0F, 0x03, 0x15, 0x05, 0x0B, 0x04, 0x06, 0x07, 0x04,
	0x22, 0x06, 0x02, 0x1C, 0x13, 0x03, 0x01, 0x05, 0x03, 0x03, 0x0E, 0x07,
	0x02, 0x1F, 0x2A, 0x13, 0x07, 0x07, 0x04, 0x03, 0x0D, 0x06, 0x0E, 0x05,
	0x07, 0x07, 0x04, 0x10, 0x01, 0x02, 0x0A, 0x0C, 0x10, 0x08, 0x02, 0x04,
	0x02, 0x02, 0x05, 0x02, 0x01, 0x04, 0x09, 0x28, 0xF1, 0x03, 0x04, 0x01,
	0x0F, 0x02, 0x03, 0x02, 0xCB, 0x02, 0x02, 0x01, 0x2E, 0x07, 0x0C, 0x11,
	0x04, 0x02, 0x0C, 0x01, 0x14, 0x0C, 0xBE, 0x08, 0x08, 0x08, 0x1E, 0x07,
	0x06, 0x12, 0x10, 0x09, 0x0C, 0x09, 0x05, 0x04, 0x09, 0x0E, 0x11, 0x05,
	0x2D, 0x23, 0x1C, 0x05, 0x06, 0x08, 0x0C, 0x0C, 0x09, 0x06, 0x07, 0x08,
	0x1F, 0x07, 0x09, 0x13, 0x09, 0x09, 0x0D, 0x12, 0x04, 0x18, 0x08, 0x08,
	0x08, 0x1F, 0x08, 0x07, 0xFE, 0xBB, 0x08, 0x0F, 0x09, 0x16, 0x05, 0x0B,
	0x06, 0x06, 0x0B, 0x12, 0x59, 0x04, 0x03, 0x03, 0xE0, 0x0B, 0x0A, 0x03,
	0x10, 0x59, 0x07, 0x02, 0x02, 0x03, 0x06, 0x02, 0x36, 0x01, 0x04, 0x04,
	0x07, 0x01, 0x06, 0x07, 0x31, 0x03, 0x02, 0x01, 0x03, 0x03, 0x01, 0x01,
	0x3D, 0x01, 0x08, 0x02, 0x05, 0x34, 0x09, 0x18, 0x03, 0x0B, 0x03, 0x04,
	0x03, 0x02, 0x02, 0x04, 0x01, 0x01, 0x23, 0x1E, 0x16, 0x76, 0x01, 0x03,
	0x03, 0x05, 0x04, 0x06, 0x07, 0x12, 0x43, 0x02, 0x07, 0x01, 0x0F, 0x02,
	0x05, 0x0C, 0x09, 0x04, 0x04, 0x0D, 0x06, 0x05, 0x08, 0x12, 0x05, 0x03,
	0x02, 0x04, 0x12, 0x08, 0x02, 0x02, 0x11, 0x02, 0x03, 0x03, 0x03, 0x06,
	0x04, 0x05, 0x01, 0x06, 0x06, 0x07, 0x94, 0x01, 0x1E, 0x03, 0x03, 0x03,
	0x02, 0x02, 0x3E, 0x70, 0x19, 0x07, 0x10, 0x04, 0x05, 0x03, 0x03, 0x56,
	0x43, 0x0C, 0x16, 0x13, 0x0F, 0x0A, 0x04, 0x03, 0x02, 0x08, 0x04, 0x0E,
	0x0B, 0x2F, 0x0C, 0x05, 0x05, 0x04, 0x17, 0x0A, 0x02, 0x06, 0x0B, 0x04,
	0x03, 0x15, 0x04, 0x0D, 0x08, 0x0A, 0x06, 0x0E, 0x04, 0x06, 0x04, 0x01,
	0x01, 0x09, 0x04, 0x16, 0x02, 0x02, 0x14, 0x01, 0x11, 0x11, 0x16, 0x13,
	0x03, 0x1A, 0x04, 0x01, 0x02, 0x03, 0x06, 0x02, 0x02, 0x02, 0x06, 0x12,
	0x02, 0x06, 0x05, 0x06, 0x02, 0x06, 0x0D, 0x07, 0x9D, 0x02, 0x0A, 0x03,
	0x02, 0x05, 0x02, 0x02, 0x03, 0x02, 0x03, 0x01, 0x16, 0x0A, 0x05, 0x01,
	0x02, 0x04, 0x08, 0x03, 0x03, 0x05, 0x0B, 0x02, 0x01, 0x06, 0x07, 0x02,
	0x03, 0x01, 0x04, 0x02, 0x02, 0x02, 0x02, 0x06, 0x03, 0x02, 0x0A, 0x19,
	0x06, 0x0A, 0x03, 0x09, 0x01, 0x18, 0x03, 0x04, 0x05, 0x0C, 0x19, 0x1A,
	0x07, 0x02, 0x03, 0x06, 0x03, 0x07, 0x1E, 0x0C, 0x09, 0x67, 0x09, 0x12,
	0x02, 0x02, 0x04, 0x09, 0x03, 0x0C, 0x02, 0x02, 0x03, 0x02, 0x04, 0x07,
	0x03, 0x08, 0x04, 0x2D, 0x07, 0x03, 0x01, 0x0C, 0x06, 0x05, 0x0D, 0x01,
	0x02, 0x05, 0x1A, 0x04, 0x12, 0x05, 0x09, 0x01, 0x08, 0x0D, 0x19, 0x02,
	0x05, 0xEC, 0x03, 0x01, 0x01, 0x03, 0x05, 0x01, 0x01, 0x01, 0x20, 0x1C,
	0x0E, 0x05, 0xA4, 0x52, 0x01, 0x07, 0x01, 0x03, 0x03, 0x07, 0x03, 0x05,
	0x09, 0x02, 0x02, 0x0A, 0x08, 0x01, 0x04, 0x08, 0x07, 0x04, 0x05, 0x05,
	0x01, 0x03, 0x04, 0x02, 0x02, 0x02, 0x07, 0x01, 0x03, 0x01, 0x02, 0x22,
	0x01, 0x08, 0x24, 0x08, 0x1D, 0x05, 0x04, 0x02, 0x04, 0x1A, 0x1F, 0x23,
	0x08, 0x16, 0x03, 0x06, 0x02, 0x0C, 0x04, 0x02, 0x1B, 0x04, 0x01, 0x15,
	0x01, 0x19, 0x0B, 0x65, 0x02, 0x0B, 0x1C, 0x07, 0x08, 0x21, 0x0B, 0x06,
	0x06, 0x11, 0x11, 0x07, 0x06, 0x0F, 0x14, 0x05, 0x13, 0x0F, 0x09, 0x0B,
	0x09, 0x02, 0x1E, 0x16, 0x16, 0x15, 0x0A, 0x02, 0x04, 0x1B, 0x0E, 0x11,
	0x08, 0x03, 0x17, 0x10, 0x0B, 0x07, 0x08, 0x01, 0x0C, 0x08, 0x07, 0x04,
	0x0A, 0x19, 0x07, 0x06, 0x0A, 0x16, 0x07, 0x07, 0x22, 0x0B, 0x07, 0x0E,
	0x11, 0x08, 0x0A, 0x1F, 0x08, 0x07, 0x07, 0x03, 0x0E, 0x02, 0x10, 0x05,
	0x21, 0x07, 0x2F, 0x3D, 0x27, 0x21, 0x1F, 0x06, 0x24, 0x1B, 0x01, 0x02,
	0x10, 0xE5, 0x01, 0x1F, 0x12, 0x4C, 0x14, 0x1A, 0x37, 0x0A, 0x05, 0x04,
	0x06, 0x05, 0x07, 0x73, 0x01, 0x04, 0x04, 0x03, 0x19, 0x02, 0x01, 0x24,
	0x18, 0x1D, 0x11, 0x0E, 0x01, 0x03, 0x04, 0x01, 0x2A, 0x1E, 0x44, 0x62,
	0x25, 0x21, 0x0A, 0x17, 0x0B, 0x24, 0x01, 0x1E, 0x02, 0x07, 0xA6, 0x05,
	0x04, 0x09, 0x02, 0xA8, 0x0E, 0x07, 0x02, 0x10, 0x05, 0x07, 0x0A, 0x17,
	0x05, 0x07, 0x09, 0x11, 0x1C, 0xFE, 0xD7, 0x05, 0x09, 0x07, 0x09, 0x08,
	0x0B, 0x02, 0x09, 0x0D, 0x4C, 0x02, 0x01, 0x04, 0x03, 0x03, 0xDF, 0x0A,
	0x04, 0x66, 0x07, 0x01, 0x03, 0x09, 0x03, 0x03, 0xA6, 0x01, 0x03, 0x02,
	0x05, 0xFE, 0x4B, 0x04, 0x02, 0x01, 0x06, 0x04, 0x03, 0x05, 0x07, 0x04,
	0x03, 0x02, 0x06, 0x0B, 0x03, 0x17, 0x05, 0x0C, 0x8B, 0x09, 0x06, 0x08,
	0x38, 0x0B, 0x0B, 0x0C, 0x01, 0x04, 0x01, 0x64, 0x05, 0x7C, 0x41, 0x60,
	0x47, 0x35, 0x44, 0x51, 0x01, 0x09, 0x2F, 0x1C, 0x10, 0x10, 0x07, 0x06,
	0x0B, 0x32, 0x0E, 0x02, 0x02, 0x07, 0x08, 0x0E, 0x08, 0x02, 0x13, 0x01,
	0x03, 0x01, 0x06, 0x03, 0x02, 0x01, 0x0D, 0x05, 0x16, 0x37, 0x1A, 0x1E,
	0x09, 0x04, 0x02, 0x04, 0x0B, 0x0E, 0x0E, 0x02, 0x02, 0x07, 0x15, 0x08,
	0x0D, 0x0A, 0x07, 0x02, 0x09, 0x0C, 0x03, 0x03, 0x06, 0x25, 0x0A, 0x1B,
	0x12, 0x4D, 0x60, 0x05, 0x03, 0x02, 0x7E, 0x02, 0x01, 0x03, 0x04, 0xFE,
	0xB6, 0x07, 0x01, 0x04, 0x01, 0x10, 0x08, 0x03, 0x07, 0x0B, 0x0D, 0x0B,
	0x05, 0x0F, 0x4E, 0x0B, 0x0B, 0x1C, 0x01, 0x01, 0x0D, 0x0A, 0x11, 0x03,
	0x0B, 0x0D, 0x02, 0x1A, 0x1A, 0x21, 0x04, 0x01, 0x07, 0x0D, 0x04, 0x0A,
	0x06, 0x13, 0x18, 0x0A, 0x0D, 0x02, 0x11, 0x09, 0x18, 0xB3, 0x1C, 0x16,
	0x0F, 0x03, 0x09, 0x09, 0x0B, 0x1B, 0x0C, 0x15, 0x07, 0x08, 0x6F, 0x05,
	0x07, 0x02, 0x47, 0x08, 0x02, 0x06, 0x02, 0x5A, 0x02, 0x02, 0x15, 0x01,
	0x01, 0x01, 0x39, 0x04, 0x06, 0x07, 0x02, 0x04, 0x05, 0x04, 0x25, 0x13,
	0x05, 0x07, 0x03, 0x01, 0x04, 0x43, 0x05, 0x06, 0x02, 0x03, 0x22, 0x09,
	0x06, 0x07, 0x05, 0x01, 0x03, 0x02, 0x01, 0x08, 0x29, 0x0B, 0x1D, 0x1E,
	0x87, 0x04, 0x06, 0x02, 0x03, 0x09, 0x08, 0x01, 0x06, 0x37, 0x02, 0x03,
	0x02, 0x05, 0x02, 0x05, 0x09, 0x01, 0x09, 0x14, 0x04, 0x19, 0x02, 0x01,
	0x0C, 0x01, 0x02, 0x05, 0x04, 0x04, 0x02, 0x03, 0x03, 0x04, 0x03, 0x02,
	0x07, 0x0B, 0x01, 0x0C, 0x0D, 0x10, 0xFE, 0xC4, 0x01, 0x05, 0x03, 0x03,
	0x02, 0x02, 0x02, 0x0A, 0x55, 0x39, 0x19, 0x32, 0x28, 0x02, 0x08, 0x02,
	0x4A, 0x82, 0x20, 0x01, 0x0B, 0x09, 0x01, 0x04, 0x05, 0x05, 0x02, 0x05,
	0x07, 0x08, 0x0D, 0x0C, 0x02, 0x0B, 0x0E, 0x0C, 0x02, 0x10, 0x03, 0x15,
	0x04, 0x08, 0x15, 0x19, 0x07, 0x38, 0x04, 0x0C, 0x03, 0x02, 0x24, 0x09,
	0x1F, 0x09, 0x0E, 0x2C, 0x07, 0x17, 0x05, 0x11, 0x11, 0x14, 0x07, 0x08,
	0x09, 0x04, 0x01, 0x06, 0x03, 0x06, 0x06, 0x05, 0x02, 0x01, 0x02, 0x0C,
	0x02, 0x11, 0x02, 0x01, 0x14, 0x05, 0x04, 0x03, 0x01, 0x07, 0x01, 0x02,
	0x02, 0x03, 0x04, 0x03, 0x02, 0x0B, 0x06, 0x06, 0x05, 0x01, 0x05, 0x05,
	0x03, 0x03, 0x03, 0x04, 0x08, 0x01, 0x06, 0x02, 0x07, 0x03, 0x03, 0x01,
	0x05, 0x03, 0x02, 0x02, 0x1F, 0x03, 0x03, 0x01, 0x03, 0x1F, 0x05, 0x09,
	0x03, 0x01, 0x03, 0x02, 0x05, 0x02, 0x03, 0x01, 0x04, 0x09, 0x06, 0x15,
	0x09, 0x02, 0x02, 0x03, 0x10, 0x02, 0x10, 0x03, 0xA4, 0x06, 0x0D, 0x0B,
	0x03, 0x07, 0x0B, 0x07, 0x04, 0x03, 0x03, 0x05, 0x13, 0x03, 0x02, 0x0C,
	0x0E, 0x07, 0x03, 0x02, 0x07, 0x01, 0x0D, 0x03, 0x06, 0x65, 0x13, 0x04,
	0x02, 0x07, 0x0D, 0x08, 0x02, 0xED, 0x07, 0x00, 0x00, 0x11, 0x00, 0x00,
	0x00, 0x00, 0x02, 0xFD, 0x03, 0x20, 0x01, 0x70, 0x01, 0x8B, 0x01, 0xA6,
	0x01, 0xC7, 0x01, 0xE0, 0x02, 0x8D, 0x02, 0xA2, 0x02, 0xBE, 0x02, 0xD7,
	0x02, 0xEC, 0x03, 0x10, 0x03, 0x50, 0x03, 0xDB, 0x03, 0xEC, 0x04, 0x02,
	0x04, 0x0F, 0x04, 0x1B, 0x00, 0x00, 0x01, 0x06, 0x07, 0x06, 0x23, 0x22,
	0x26, 0x23, 0x22, 0x07, 0x06, 0x07, 0x16, 0x17, 0x30, 0x17, 0x06, 0x27,
	0x26, 0x27, 0x06, 0x17, 0x16, 0x17, 0x06, 0x27, 0x26, 0x27, 0x14, 0x06,
	0x15, 0x14, 0x17, 0x36, 0x17, 0x06, 0x17, 0x16, 0x1F, 0x01, 0x06, 0x23,
	0x22, 0x27, 0x2E, 0x01, 0x27, 0x26, 0x27, 0x26, 0x27, 0x06, 0x17, 0x16,
	0x17, 0x06, 0x27, 0x26, 0x27, 0x06, 0x07, 0x16, 0x17, 0x07, 0x26, 0x27,
	0x26, 0x27, 0x34, 0x27, 0x06, 0x07, 0x16, 0x15, 0x14, 0x06, 0x07, 0x06,
	0x15, 0x14, 0x17, 0x16, 0x07, 0x26, 0x35, 0x34, 0x37, 0x36, 0x27, 0x2E,
	0x01, 0x35, 0x34, 0x37, 0x27, 0x06, 0x17, 0x14, 0x17, 0x16, 0x15, 0x14,
	0x07, 0x06, 0x26, 0x31, 0x26, 0x27, 0x26, 0x37, 0x26, 0x07, 0x0E, 0x01,
	0x07, 0x26, 0x27, 0x26, 0x37, 0x36, 0x35, 0x22, 0x27, 0x26, 0x07, 0x06,
	0x15, 0x1C, 0x01, 0x15, 0x14, 0x07, 0x06, 0x26, 0x23, 0x22, 0x07, 0x06,
	0x07, 0x26, 0x37, 0x3E, 0x01, 0x37, 0x32, 0x36, 0x37, 0x34, 0x37, 0x26,
	0x31, 0x06, 0x07, 0x23, 0x26, 0x35, 0x34, 0x37, 0x32, 0x37, 0x26, 0x27,
	0x26, 0x23, 0x22, 0x06, 0x07, 0x06, 0x07, 0x34, 0x37, 0x16, 0x37, 0x26,
	0x27, 0x26, 0x07, 0x06, 0x07, 0x06, 0x26, 0x23, 0x22, 0x0F, 0x01, 0x36,
	0x37, 0x36, 0x33, 0x32, 0x16, 0x33, 0x36, 0x33, 0x32, 0x17, 0x34, 0x27,
	0x06, 0x07, 0x26, 0x36, 0x37, 0x36, 0x17, 0x36, 0x27, 0x34, 0x2F, 0x01,
	0x36, 0x33, 0x32, 0x17, 0x16, 0x17, 0x36, 0x27, 0x2E, 0x01, 0x27, 0x34,
	0x37, 0x36, 0x27, 0x26, 0x27, 0x36, 0x33, 0x32, 0x16, 0x17, 0x16, 0x17,
	0x30, 0x07, 0x14, 0x17, 0x16, 0x17, 0x16, 0x17, 0x36, 0x2F, 0x01, 0x32,
	0x16, 0x17, 0x3E, 0x01, 0x37, 0x36, 0x26, 0x27, 0x36, 0x17, 0x16, 0x07,
	0x16, 0x37, 0x36, 0x37, 0x36, 0x26, 0x35, 0x34, 0x37, 0x36, 0x27, 0x16,
	0x17, 0x16, 0x17, 0x16, 0x15, 0x14, 0x06, 0x15, 0x14, 0x17, 0x1E, 0x01,
	0x15, 0x14, 0x07, 0x36, 0x37, 0x30, 0x27, 0x1E, 0x01, 0x15, 0x14, 0x07,
	0x36, 0x37, 0x35, 0x16, 0x0F, 0x01, 0x36, 0x16, 0x33, 0x32, 0x37, 0x30,
	0x37, 0x36, 0x37, 0x36, 0x33, 0x32, 0x16, 0x33, 0x32, 0x37, 0x3E, 0x01,
	0x37, 0x16, 0x15, 0x14, 0x07, 0x06, 0x23, 0x2A, 0x01, 0x23, 0x22, 0x07,
	0x06, 0x15, 0x06, 0x07, 0x16, 0x33, 0x32, 0x3F, 0x01, 0x30, 0x17, 0x06,
	0x07, 0x1E, 0x01, 0x33, 0x32, 0x3E, 0x01, 0x33, 0x32, 0x17, 0x06, 0x07,
	0x06, 0x23, 0x06, 0x17, 0x16, 0x33, 0x32, 0x36, 0x33, 0x32, 0x16, 0x33,
	0x32, 0x37, 0x36, 0x27, 0x06, 0x23, 0x22, 0x26, 0x07, 0x0E, 0x01, 0x07,
	0x06, 0x23, 0x22, 0x23, 0x26, 0x23, 0x22, 0x07, 0x16, 0x17, 0x37, 0x36,
	0x37, 0x36, 0x33, 0x36, 0x37, 0x36, 0x27, 0x36, 0x35, 0x34, 0x27, 0x26,
	0x35, 0x34, 0x36, 0x37, 0x26, 0x27, 0x14, 0x06, 0x07, 0x06, 0x15, 0x14,
	0x17, 0x16, 0x17, 0x16, 0x15, 0x14, 0x06, 0x15, 0x37, 0x05, 0x2E, 0x01,
	0x27, 0x26, 0x23, 0x22, 0x06, 0x23, 0x2E, 0x01, 0x27, 0x06, 0x14, 0x07,
	0x06, 0x15, 0x14, 0x17, 0x16, 0x33, 0x16, 0x33, 0x32, 0x37, 0x36, 0x37,
	0x36, 0x33, 0x32, 0x16, 0x33, 0x32, 0x25, 0x2E, 0x01, 0x27, 0x2E, 0x02,
	0x27, 0x26, 0x31, 0x26, 0x27, 0x16, 0x15, 0x14, 0x06, 0x15, 0x16, 0x36,
	0x17, 0x16, 0x17, 0x16, 0x17, 0x16, 0x05, 0x36, 0x26, 0x27, 0x1E, 0x01,
	0x17, 0x2E, 0x01, 0x27, 0x30, 0x17, 0x26, 0x27, 0x2E, 0x01, 0x23, 0x22,
	0x07, 0x06, 0x07, 0x06, 0x07, 0x37, 0x17, 0x06, 0x07, 0x06, 0x15, 0x36,
	0x37, 0x17, 0x06, 0x07, 0x06, 0x15, 0x36, 0x37, 0x16, 0x06, 0x17, 0x36,
	0x37, 0x16, 0x06, 0x15, 0x14, 0x17, 0x3E, 0x01, 0x37, 0x16, 0x06, 0x15,
	0x14, 0x17, 0x36, 0x37, 0x16, 0x15, 0x14, 0x06, 0x15, 0x14, 0x17, 0x26,
	0x37, 0x16, 0x17, 0x35, 0x36, 0x33, 0x17, 0x35, 0x36, 0x17, 0x06, 0x07,
	0x33, 0x36, 0x37, 0x36, 0x37, 0x16, 0x06, 0x15, 0x14, 0x17, 0x33, 0x3E,
	0x01, 0x37, 0x16, 0x07, 0x06, 0x17, 0x26, 0x37, 0x36, 0x35, 0x34, 0x26,
	0x37, 0x32, 0x16, 0x33, 0x1E, 0x01, 0x17, 0x16, 0x37, 0x27, 0x3E, 0x01,
	0x37, 0x36, 0x17, 0x06, 0x17, 0x16, 0x07, 0x36, 0x27, 0x26, 0x37, 0x1E,
	0x01, 0x17, 0x37, 0x27, 0x36, 0x35, 0x34, 0x26, 0x35, 0x34, 0x37, 0x16,
	0x07, 0x26, 0x37, 0x32, 0x14, 0x17, 0x36, 0x35, 0x34, 0x27, 0x26, 0x37,
	0x32, 0x17, 0x16, 0x31, 0x37, 0x34, 0x26, 0x35, 0x34, 0x37, 0x16, 0x17,
	0x16, 0x17, 0x36, 0x35, 0x34, 0x27, 0x37, 0x1E, 0x01, 0x17, 0x30, 0x17,
	0x26, 0x37, 0x2E, 0x01, 0x27, 0x26, 0x35, 0x3C, 0x01, 0x35, 0x34, 0x27,
	0x07, 0x17, 0x1E, 0x01, 0x17, 0x16, 0x15, 0x16, 0x01, 0x26, 0x23, 0x22,
	0x07, 0x06, 0x23, 0x22, 0x26, 0x23, 0x22, 0x07, 0x36, 0x33, 0x32, 0x1E,
	0x01, 0x33, 0x32, 0x37, 0x36, 0x33, 0x32, 0x16, 0x37, 0x36, 0x35, 0x34,
	0x13, 0x26, 0x35, 0x34, 0x37, 0x34, 0x07, 0x06, 0x07, 0x06, 0x15, 0x14,
	0x17, 0x1E, 0x01, 0x15, 0x14, 0x06, 0x15, 0x14, 0x17, 0x34, 0x36, 0x35,
	0x34, 0x27, 0x35, 0x26, 0x07, 0x06, 0x07, 0x06, 0x27, 0x06, 0x15, 0x36,
	0x33, 0x16, 0x17, 0x36, 0x35, 0x26, 0x37, 0x36, 0x33, 0x32, 0x13, 0x26,
	0x23, 0x22, 0x06, 0x23, 0x22, 0x27, 0x26, 0x23, 0x22, 0x06, 0x27, 0x36,
	0x37, 0x27, 0x36, 0x33, 0x32, 0x17, 0x30, 0x37, 0x36, 0x17, 0x15, 0x32,
	0x27, 0x07, 0x32, 0x17, 0x16, 0x17, 0x36, 0x33, 0x32, 0x1F, 0x01, 0x22,
	0x27, 0x26, 0x07, 0x16, 0x17, 0x16, 0x06, 0x07, 0x16, 0x36, 0x37, 0x16,
	0x15, 0x14, 0x07, 0x06, 0x23, 0x22, 0x27, 0x2E, 0x01, 0x27, 0x36, 0x37,
	0x26, 0x07, 0x26, 0x37, 0x36, 0x33, 0x32, 0x07, 0x16, 0x33, 0x32, 0x36,
	0x33, 0x32, 0x17, 0x36, 0x33, 0x32, 0x16, 0x33, 0x32, 0x37, 0x32, 0x14,
	0x17, 0x16, 0x36, 0x1F, 0x01, 0x36, 0x15, 0x14, 0x3B, 0x01, 0x06, 0x15,
	0x14, 0x16, 0x07, 0x06, 0x27, 0x06, 0x16, 0x07, 0x27, 0x16, 0x07, 0x36,
	0x27, 0x26, 0x27, 0x06, 0x27, 0x06, 0x07, 0x22, 0x26, 0x23, 0x22, 0x07,
	0x23, 0x36, 0x27, 0x06, 0x07, 0x06, 0x15, 0x06, 0x27, 0x37, 0x27, 0x06,
	0x07, 0x26, 0x36, 0x23, 0x36, 0x37, 0x26, 0x23, 0x3E, 0x01, 0x37, 0x26,
	0x23, 0x34, 0x36, 0x35, 0x34, 0x27, 0x32, 0x37, 0x27, 0x37, 0x26, 0x07,
	0x26, 0x27, 0x26, 0x36, 0x35, 0x34, 0x27, 0x30, 0x07, 0x06, 0x27, 0x37,
	0x27, 0x36, 0x16, 0x33, 0x37, 0x16, 0x17, 0x16, 0x37, 0x35, 0x36, 0x16,
	0x33, 0x32, 0x37, 0x32, 0x16, 0x33, 0x37, 0x32, 0x16, 0x33, 0x32, 0x37,
	0x35, 0x32, 0x17, 0x37, 0x1E, 0x01, 0x17, 0x16, 0x07, 0x06, 0x07, 0x06,
	0x26, 0x07, 0x06, 0x1F, 0x01, 0x36, 0x37, 0x32, 0x16, 0x17, 0x3E, 0x01,
	0x33, 0x32, 0x16, 0x17, 0x36, 0x27, 0x36, 0x17, 0x16, 0x17, 0x37, 0x0E,
	0x01, 0x07, 0x16, 0x17, 0x33, 0x15, 0x26, 0x07, 0x16, 0x27, 0x06, 0x07,
	0x22, 0x27, 0x06, 0x23, 0x22, 0x27, 0x26, 0x27, 0x26, 0x27, 0x30, 0x17,
	0x16, 0x37, 0x07, 0x06, 0x07, 0x17, 0x06, 0x07, 0x30, 0x27, 0x26, 0x07,
	0x26, 0x27, 0x34, 0x27, 0x36, 0x33, 0x32, 0x17, 0x14, 0x16, 0x15, 0x36,
	0x37, 0x26, 0x27, 0x16, 0x06, 0x23, 0x22, 0x27, 0x26, 0x07, 0x16, 0x17,
	0x16, 0x27, 0x26, 0x27, 0x15, 0x06, 0x07, 0x26, 0x27, 0x06, 0x31, 0x17,
	0x16, 0x02, 0xFD, 0x13, 0x1C, 0x07, 0x06, 0x07, 0x19, 0x07, 0x06, 0x06,
	0x1E, 0x1D, 0x01, 0x15, 0x1F, 0x1B, 0x22, 0x04, 0x07, 0x02, 0x0D, 0x07,
	0x26, 0x1A, 0x20, 0x13, 0x07, 0x05, 0x07, 0x1F, 0x0C, 0x03, 0x01, 0x01,
	0x0F, 0x19, 0x11, 0x0F, 0x1A, 0x0E, 0x05, 0x04, 0x07, 0x18, 0x02, 0x0E,
	0x06, 0x03, 0x01, 0x18, 0x12, 0x30, 0x14, 0x0A, 0x03, 0x04, 0x08, 0x06,
	0x25, 0x02, 0x1A, 0x1A, 0x1C, 0x03, 0x03, 0x09, 0x01, 0x17, 0x05, 0x0F,
	0x0C, 0x03, 0x01, 0x03, 0x1F, 0x02, 0x12, 0x02, 0x02, 0x21, 0x03, 0x03,
	0x1B, 0x03, 0x07, 0x05, 0x04, 0x06, 0x04, 0x1C, 0x07, 0x02, 0x08, 0x0C,
	0x13, 0x09, 0x02, 0x01, 0x19, 0x06, 0x01, 0x0D, 0x15, 0x02, 0x15, 0x0F,
	0x07, 0x08, 0x13, 0x06, 0x1E, 0x05, 0x11, 0x03, 0x02, 0x07, 0x07, 0x05,
	0x05, 0x0C, 0x0C, 0x08, 0x13, 0x04, 0x14, 0x0E, 0x17, 0x06, 0x02, 0x04,
	0x15, 0x06, 0x0C, 0x01, 0x0F, 0x09, 0x07, 0x06, 0x0C, 0x06, 0x07, 0x05,
	0x23, 0x06, 0x0B, 0x01, 0x0B, 0x06, 0x09, 0x0C, 0x15, 0x0B, 0x23, 0x0B,
	0x04, 0x04, 0x17, 0x05, 0x2C, 0x05, 0x04, 0x08, 0x19, 0x07, 0x20, 0x11,
	0x06, 0x05, 0x19, 0x0A, 0x16, 0x04, 0x19, 0x01, 0x1C, 0x0F, 0x05, 0x05,
	0x04, 0x2B, 0x17, 0x1C, 0x06, 0x07, 0x08, 0x12, 0x06, 0x0A, 0x06, 0x2D,
	0x04, 0x03, 0x03, 0x02, 0x0B, 0x18, 0x06, 0x08, 0x09, 0x22, 0x07, 0x09,
	0x0B, 0x01, 0x09, 0x10, 0x07, 0x0C, 0x06, 0x0F, 0x0B, 0x14, 0x12, 0x2A,
	0x0A, 0x05, 0x03, 0x02, 0x01, 0x0E, 0x01, 0x1B, 0x10, 0x0A, 0x06, 0x06,
	0x04, 0x07, 0x01, 0x03, 0x18, 0x17, 0x0D, 0x0F, 0x0E, 0x0A, 0x07, 0x08,
	0x03, 0x10, 0x03, 0x02, 0x1A, 0x01, 0x22, 0x07, 0x05, 0x0B, 0x0D, 0x16,
	0x2F, 0x0D, 0x15, 0x04, 0x1B, 0x05, 0x19, 0x04, 0x0D, 0x04, 0x09, 0x05,
	0x0B, 0x04, 0x05, 0x06, 0x15, 0x05, 0x04, 0x04, 0x0B, 0x0B, 0x05, 0x06,
	0x0D, 0x06, 0x14, 0x02, 0x0A, 0x03, 0x13, 0x05, 0x04, 0x03, 0x0A, 0x0E,
	0x12, 0x12, 0x0E, 0x0C, 0x02, 0x14, 0x29, 0x08, 0x11, 0x07, 0x06, 0x0A,
	0x0A, 0x04, 0x02, 0x03, 0x12, 0x06, 0x11, 0x12, 0x02, 0x0E, 0x04, 0x04,
	0x0C, 0x24, 0x0B, 0x0B, 0x23, 0x0A, 0x05, 0x06, 0x0F, 0x6C, 0x06, 0x0D,
	0x06, 0x20, 0x08, 0x08, 0x06, 0x03, 0x05, 0x11, 0x04, 0x06, 0x07, 0x03,
	0x0D, 0x06, 0x07, 0x0D, 0x1D, 0x0A, 0x06, 0x08, 0x01, 0x0B, 0x24, 0x0E,
	0xF0, 0x04, 0x1A, 0x03, 0x12, 0x01, 0x01, 0x0D, 0x11, 0x08, 0x02, 0x08,
	0x0C, 0x01, 0x03, 0x22, 0x2B, 0x01, 0x54, 0x0A, 0x17, 0x0A, 0x04, 0x04,
	0x0B, 0x27, 0x0E, 0x0C, 0x16, 0x0B, 0x04, 0x02, 0x03, 0x0B, 0x10, 0x01,
	0x07, 0x07, 0x0B, 0x0E, 0x0B, 0x0B, 0x08, 0x09, 0x08, 0x1D, 0x08, 0x0A,
	0xFE, 0x2C, 0x05, 0x04, 0x01, 0x04, 0x19, 0x16, 0x02, 0x02, 0x08, 0x15,
	0x0A, 0x08, 0x05, 0x23, 0x05, 0x0D, 0x01, 0x01, 0x08, 0x08, 0x01, 0x32,
	0x01, 0x15, 0x01, 0x07, 0x09, 0x05, 0x01, 0x11, 0x01, 0x0F, 0x04, 0x05,
	0x14, 0x56, 0x32, 0x11, 0x11, 0x2F, 0x29, 0x25, 0x0F, 0x0A, 0x04, 0x01,
	0x0D, 0x08, 0x07, 0x11, 0x03, 0x03, 0x0E, 0x0C, 0x06, 0x17, 0x01, 0x1C,
	0x02, 0x02, 0x12, 0x01, 0x11, 0x02, 0x03, 0x07, 0x09, 0x01, 0x0E, 0x04,
	0x01, 0x0A, 0x03, 0x06, 0x07, 0x02, 0x06, 0x03, 0x1B, 0x08, 0x01, 0x02,
	0x08, 0x06, 0x03, 0x01, 0x04, 0x04, 0x01, 0x05, 0x09, 0x01, 0x0B, 0x01,
	0x02, 0x02, 0x04, 0x07, 0x01, 0x03, 0x02, 0x04, 0x02, 0x06, 0x06, 0x07,
	0x01, 0x03, 0x06, 0x03, 0x09, 0x07, 0x0B, 0x34, 0x0D, 0x02, 0x0A, 0x03,
	0x08, 0x03, 0x05, 0x05, 0x02, 0x03, 0x02, 0x03, 0x02, 0x02, 0x01, 0x08,
	0x03, 0x01, 0x02, 0x04, 0x03, 0x05, 0x02, 0x0D, 0x02, 0x02, 0x06, 0x04,
	0x02, 0x28, 0x01, 0x04, 0x02, 0x08, 0x01, 0x03, 0x02, 0x08, 0x02, 0x08,
	0x02, 0x02, 0x02, 0x03, 0x11, 0x04, 0x08, 0x07, 0x04, 0x37, 0x18, 0x08,
	0x02, 0x16, 0x09, 0x11, 0x0E, 0x15, 0x0D, 0x06, 0x16, 0x0B, 0x12, 0x0B,
	0xFE, 0x6F, 0x0B, 0x0F, 0x1C, 0x11, 0x05, 0x05, 0x08, 0x1F, 0x08, 0x08,
	0x07, 0x03, 0x03, 0x08, 0x15, 0x0A, 0x06, 0x10, 0x13, 0x03, 0x03, 0x08,
	0x1A, 0x0B, 0x09, 0xD9, 0x12, 0x06, 0x1B, 0x01, 0x07, 0x02, 0x0E, 0x10,
	0x07, 0x17, 0x0A, 0x1C, 0xA5, 0x0C, 0x1F, 0x10, 0x05, 0x0D, 0x22, 0x12,
	0x07, 0x12, 0x0F, 0x0F, 0x0D, 0x01, 0x04, 0x06, 0x13, 0x20, 0xEF, 0x0D,
	0x14, 0x07, 0x1D, 0x07, 0x18, 0x0F, 0x05, 0x06, 0x08, 0x21, 0x0A, 0x01,
	0x20, 0x04, 0x08, 0x11, 0x12, 0x13, 0x1D, 0x12, 0x0C, 0x09, 0x7A, 0x06,
	0x0F, 0x0E, 0x12, 0x09, 0x24, 0x0B, 0x1A, 0x11, 0x2D, 0x05, 0x13, 0x0E,
	0x09, 0x12, 0x11, 0x02, 0x14, 0x01, 0x05, 0x0D, 0x03, 0x02, 0x0F, 0x24,
	0x0B, 0x08, 0x08, 0x10, 0x0A, 0x05, 0x17, 0x31, 0x1D, 0x29, 0x0A, 0x02,
	0x02, 0x03, 0x0A, 0x05, 0x01, 0x01, 0x02, 0x09, 0x01, 0x03, 0x02, 0x02,
	0x04, 0x02, 0x09, 0x02, 0x04, 0x03, 0x05, 0x01, 0x05, 0x0E, 0x04, 0x02,
	0x0E, 0x09, 0x06, 0x03, 0x0C, 0x0F, 0x0E, 0x05, 0x02, 0x08, 0x02, 0x06,
	0x01, 0x07, 0x03, 0x18, 0x1B, 0x03, 0x09, 0x14, 0x01, 0x0F, 0x09, 0x14,
	0x06, 0x04, 0x04, 0x07, 0x01, 0x03, 0x05, 0x18, 0x14, 0x03, 0x01, 0x02,
	0x02, 0x0E, 0x01, 0x04, 0x02, 0x06, 0x0B, 0x14, 0x02, 0x02, 0x02, 0x10,
	0x02, 0x02, 0x02, 0x0C, 0x01, 0x01, 0x05, 0x0A, 0x08, 0x0F, 0x12, 0x12,
	0x13, 0x01, 0x15, 0x04, 0x0B, 0x07, 0x04, 0x0A, 0x02, 0x05, 0x0E, 0x04,
	0x02, 0x04, 0x04, 0x04, 0x04, 0x04, 0x0C, 0x01, 0x03, 0x01, 0x03, 0x0A,
	0x03, 0x04, 0x03, 0x07, 0x01, 0x02, 0x02, 0x05, 0x01, 0x02, 0x07, 0x05,
	0x02, 0x03, 0x02, 0x01, 0x02, 0x04, 0x0A, 0x06, 0x11, 0x08, 0x04, 0x04,
	0x05, 0x08, 0x12, 0x04, 0x06, 0x0D, 0x07, 0x05, 0x06, 0x06, 0x08, 0x0E,
	0x15, 0x0E, 0x01, 0x07, 0x0D, 0x01, 0x0A, 0x02, 0x02, 0x06, 0x07, 0x02,
	0x02, 0x0F, 0x26, 0x05, 0x18, 0x07, 0x0D, 0x04, 0x06, 0x05, 0x0C, 0x1A,
	0x05, 0x11, 0x05, 0x19, 0x2A, 0x3C, 0x15, 0x01, 0x09, 0x02, 0x05, 0x05,
	0x13, 0x0B, 0x07, 0x0B, 0x09, 0x04, 0x06, 0x08, 0x08, 0x06, 0x08, 0x0F,
	0x64, 0x03, 0x0D, 0x01, 0x0A, 0x06, 0x09, 0x0D, 0x0A, 0x06, 0x04, 0x0A,
	0x2A, 0x91, 0x06, 0x10, 0x06, 0x11, 0x0A, 0x06, 0x08, 0x0E, 0x24, 0x01,
	0x88, 0x1B, 0x08, 0x03, 0x0A, 0x03, 0x1C, 0x01, 0x0C, 0x08, 0x02, 0x18,
	0x05, 0x01, 0x03, 0x14, 0x0A, 0x0A, 0x0B, 0x0F, 0x07, 0x0D, 0x10, 0x06,
	0x14, 0x04, 0x07, 0x06, 0x03, 0x14, 0x1A, 0x03, 0x11, 0x03, 0x0A, 0x05,
	0x0F, 0x04, 0x1C, 0x03, 0x04, 0x01, 0x05, 0x0C, 0x0B, 0x0D, 0x16, 0x05,
	0x0C, 0x10, 0x09, 0x14, 0x07, 0x0E, 0x24, 0x0D, 0x04, 0x07, 0x07, 0x0C,
	0x1A, 0x03, 0x03, 0x08, 0x23, 0x17, 0x1A, 0x09, 0x0E, 0x13, 0x0F, 0x0A,
	0x06, 0x06, 0x03, 0x05, 0x22, 0x18, 0x07, 0x07, 0x1D, 0x0A, 0x0B, 0x24,
	0x0E, 0x07, 0x08, 0x02, 0x15, 0x12, 0x01, 0x0E, 0x09, 0x06, 0x06, 0x05,
	0x01, 0x0F, 0x15, 0x16, 0x0F, 0x0A, 0x03, 0x0D, 0x06, 0x17, 0x0A, 0x0A,
	0x21, 0x0E, 0x11, 0x19, 0x01, 0x04, 0x02, 0x04, 0x07, 0x0F, 0x03, 0x0C,
	0x03, 0x14, 0x03, 0x02, 0x06, 0x13, 0x0A, 0x0E, 0x0D, 0x1E, 0x0C, 0x1B,
	0x06, 0x02, 0x06, 0x1D, 0x16, 0x04, 0x0D, 0x20, 0x21, 0x08, 0x20, 0x0B,
	0x02, 0x01, 0x0B, 0x07, 0x07, 0x09, 0x0C, 0x03, 0x2A, 0x18, 0x01, 0x03,
	0x01, 0x0C, 0x07, 0x02, 0x0F, 0x05, 0x01, 0x1B, 0x02, 0x08, 0x13, 0x12,
	0x01, 0x0B, 0x16, 0x02, 0x1B, 0x0E, 0x04, 0x08, 0x09, 0x13, 0x03, 0x09,
	0x05, 0x03, 0x0F, 0x01, 0x06, 0x02, 0x1A, 0x02, 0x05, 0x0B, 0x0B, 0x14,
	0x07, 0x03, 0x0E, 0x05, 0x17, 0x11, 0x0B, 0x09, 0x0B, 0x02, 0x07, 0x01,
	0x05, 0x10, 0x14, 0x0B, 0x06, 0x01, 0x02, 0x04, 0x09, 0x1B, 0x14, 0x15,
	0x19, 0x10, 0x02, 0x0F, 0x07, 0x07, 0x12, 0x04, 0x03, 0x1C, 0x12, 0x0C,
	0x02, 0x06, 0x0B, 0x01, 0x0F, 0x35, 0x0B, 0x14, 0x0E, 0x1A, 0x13, 0x07,
	0x13, 0x10, 0x0F, 0x05, 0x05, 0x08, 0x19, 0x07, 0x05, 0x05, 0x08, 0x1B,
	0x0A, 0x04, 0x04, 0x07, 0x13, 0x19, 0x02, 0x1F, 0x0D, 0x11, 0x11, 0x01,
	0x18, 0x1E, 0x1F, 0x1C, 0x1F, 0x02, 0x07, 0x10, 0x15, 0x0D, 0x04, 0x02,
	0x0A, 0x02, 0x05, 0x19, 0x0B, 0x0C, 0x12, 0x1A, 0x11, 0x0F, 0x0E, 0x16,
	0x01, 0x0C, 0x06, 0x09, 0x09, 0x0C, 0x08, 0x16, 0x24, 0x05, 0x0C, 0x04,
	0x0F, 0x02, 0x1A, 0x06, 0x11, 0x04, 0x10, 0x01, 0x1A, 0x1B, 0x02, 0x0A,
	0xD9, 0x12, 0x0C, 0x02, 0x05, 0x16, 0x0A, 0x0F, 0x01, 0x08, 0x0A, 0x13,
	0x02, 0x06, 0x0E, 0x19, 0x0D, 0x04, 0x04, 0x2B, 0x07, 0x07, 0x0E, 0x1D,
	0x05, 0x05, 0x08, 0x17, 0x06, 0x15, 0x0C, 0x0A, 0x14, 0x09, 0x06, 0x06,
	0x0A, 0x0E, 0x15, 0x02, 0x07, 0x07, 0x0B, 0x22, 0x0B, 0x02, 0xE2, 0x01,
	0x11, 0x07, 0x01, 0x1E, 0x01, 0x22, 0x02, 0x02, 0x14, 0x02, 0x06, 0x04,
	0x07, 0x05, 0x07, 0x03, 0x08, 0x08, 0x07, 0x04, 0x08, 0xC1, 0x04, 0x11,
	0x08, 0x0B, 0x07, 0x07, 0x0E, 0x18, 0x10, 0x05, 0x08, 0x0D, 0x07, 0x1E,
	0x08, 0x09, 0x01, 0x04, 0x05, 0x12, 0x15, 0x05, 0x02, 0xAF, 0x0E, 0x2B,
	0x09, 0x04, 0x14, 0x09, 0x0D, 0x2D, 0x0A, 0x17, 0x0B, 0x16, 0x2F, 0x39,
	0x03, 0x03, 0x25, 0x23, 0x2F, 0x0D, 0x04, 0x04, 0x13, 0x0E, 0x06, 0x0B,
	0x13, 0x02, 0x07, 0x17, 0x13, 0x0E, 0x10, 0x1B, 0x0C, 0x2B, 0x0D, 0x0D,
	0x16, 0x09, 0x20, 0x09, 0x05, 0x04, 0x0A, 0x16, 0x05, 0x09, 0x22, 0x07,
	0x07, 0x05, 0x0E, 0x17, 0x05, 0x07, 0x05, 0x15, 0x05, 0x0A, 0x07, 0x0A,
	0x0F, 0x2B, 0x0E, 0x04, 0x06, 0x11, 0x04, 0x12, 0x03, 0x09, 0x12, 0x16,
	0x04, 0x0E, 0x07, 0x08, 0x1F, 0x07, 0x05, 0x04, 0x0A, 0x14, 0x05, 0x06,
	0x10, 0x0E, 0x05, 0x07, 0x0B, 0x02, 0x06, 0x04, 0x15, 0x04, 0x0A, 0x05,
	0x24, 0x02, 0x07, 0x13, 0x02, 0x06, 0x2B, 0x07, 0x01, 0x03, 0x0A, 0x12,
	0x16, 0x08, 0x03, 0x0E, 0x0F, 0x05, 0x04, 0x15, 0x0A, 0x02, 0x04, 0x05,
	0x05, 0x04, 0x10, 0x04, 0x04, 0x03, 0x0B, 0x1E, 0x07, 0x0A, 0x09, 0x02,
	0x25, 0x13, 0x05, 0x05, 0x03, 0x07, 0x08, 0x0E, 0x14, 0x05, 0x12, 0x05,
	0x04, 0x03, 0x04, 0x0C, 0x0F, 0x04, 0x08, 0x08, 0x13, 0x1D, 0x04, 0x06,
	0x17, 0x0A, 0xD3, 0x0F, 0x20, 0x09, 0x04, 0x01, 0x05, 0x15, 0x02, 0x0B,
	0x03, 0x13, 0x05, 0x13, 0x26, 0x08, 0x08, 0x03, 0x08, 0x19, 0x13, 0x01,
	0x1A, 0x08, 0x17, 0x01, 0x0F, 0x05, 0x01, 0x14, 0x05, 0x14, 0x01, 0x1C,
	0x02, 0x09, 0x0E, 0x07, 0xFE, 0xBD, 0x10, 0x1C, 0x0B, 0x23, 0x0F, 0x01,
	0x0D, 0x0D, 0x05, 0x05, 0x0B, 0x0E, 0x11, 0x10, 0x08, 0x0C, 0x27, 0x09,
	0x0B, 0x09, 0x0C, 0x28, 0x0B, 0x07, 0xA6, 0x02, 0x13, 0x03, 0x04, 0x21,
	0x1D, 0x02, 0x09, 0x17, 0x0B, 0x02, 0x01, 0x06, 0x11, 0x16, 0x06, 0x12,
	0x01, 0x09, 0x06, 0x02, 0x0B, 0x01, 0x0B, 0x01, 0x01, 0x0E, 0x04, 0x0A,
	0x0A, 0x03, 0x02, 0x03, 0x04, 0x04, 0x04, 0x01, 0x01, 0x0A, 0x04, 0x0B,
	0x39, 0x06, 0x04, 0x02, 0x03, 0x18, 0x08, 0x13, 0x07, 0x03, 0x0E, 0x01,
	0x03, 0x03, 0x08, 0x09, 0x0A, 0x02, 0x08, 0x26, 0x12, 0x08, 0x0A, 0x0B,
	0x0F, 0x07, 0x0D, 0x05, 0x0B, 0x01, 0x06, 0x07, 0x08, 0x04, 0x07, 0x09,
	0x02, 0x02, 0x09, 0x03, 0x06, 0x05, 0x01, 0x04, 0x02, 0x02, 0x02, 0x06,
	0xA4, 0x09, 0x01, 0x03, 0x0A, 0x04, 0x06, 0x06, 0x0A, 0x15, 0x10, 0x13,
	0x0E, 0x03, 0x0B, 0x0C, 0x0B, 0x13, 0x02, 0x01, 0x03, 0x09, 0x0D, 0x0B,
	0x10, 0x01, 0x07, 0x02, 0x02, 0x08, 0x09, 0x10, 0x05, 0x07, 0x10, 0x02,
	0x03, 0x03, 0x06, 0x02, 0x03, 0x09, 0x03, 0x02, 0x02, 0x0C, 0x02, 0x06,
	0x08, 0x02, 0x06, 0x29, 0x09, 0x10, 0x04, 0x04, 0x04, 0x03, 0x02, 0x05,
	0x04, 0x08, 0x03, 0x09, 0x0B, 0x03, 0x02, 0x03, 0x03, 0x05, 0x02, 0x0B,
	0x07, 0x09, 0x09, 0x08, 0x01, 0x04, 0x02, 0x09, 0x02, 0x13, 0x08, 0x13,
	0x1E, 0x17, 0x16, 0x01, 0x0B, 0x02, 0x0A, 0x11, 0x04, 0x04, 0x08, 0x16,
	0x02, 0x06, 0x0F, 0x05, 0x02, 0x10, 0x0B, 0x03, 0x1A, 0x07, 0x0D, 0x02,
	0x04, 0x03, 0x01, 0x04, 0x05, 0x04, 0x01, 0x03, 0x0F, 0x09, 0x0B, 0x03,
	0x02, 0x07, 0x07, 0x02, 0x02, 0x05, 0x0F, 0x0E, 0x09, 0x0D, 0x17, 0x08,
	0x06, 0x02, 0x01, 0x07, 0x03, 0x02, 0x05, 0x01, 0x0B, 0x04, 0x08, 0x03,
	0x03, 0x03, 0x01, 0x02, 0x05, 0x91, 0x04, 0x04, 0x06, 0x0E, 0x12, 0x02,
	0x0A, 0x03, 0x07, 0x07, 0x13, 0x09, 0x03, 0x0A, 0x0D, 0x01, 0x02, 0x0C,
	0x06, 0x0A, 0x03, 0x00, 0x00, 0x12, 0xFF, 0xFB, 0x00, 0x00, 0x03, 0x25,
	0x03, 0x20, 0x00, 0x02, 0x00, 0x07, 0x00, 0x0B, 0x00, 0x0E, 0x00, 0x11,
	0x00, 0x14, 0x00, 0x18, 0x00, 0x1B, 0x00, 0x3A, 0x00, 0x3E, 0x00, 0x44,
	0x00, 0xB1, 0x00, 0xBF, 0x00, 0xCE, 0x00, 0xF1, 0x01, 0x00, 0x01, 0x04,
	0x01, 0x11, 0x00, 0x00, 0x01, 0x07, 0x27, 0x17, 0x06, 0x07, 0x27, 0x36,
	0x17, 0x06, 0x07, 0x2F, 0x01, 0x07, 0x27, 0x01, 0x07, 0x27, 0x17, 0x27,
	0x37, 0x17, 0x27, 0x37, 0x16, 0x07, 0x27, 0x37, 0x03, 0x06, 0x07, 0x06,
	0x07, 0x06, 0x15, 0x14, 0x17, 0x16, 0x17, 0x26, 0x07, 0x16, 0x17, 0x16,
	0x17, 0x06, 0x23, 0x22, 0x27, 0x26, 0x27, 0x26, 0x27, 0x26, 0x37, 0x36,
	0x33, 0x32, 0x17, 0x13, 0x27, 0x37, 0x16, 0x0F, 0x01, 0x23, 0x26, 0x27,
	0x36, 0x03, 0x06, 0x0F, 0x03, 0x1F, 0x02, 0x16, 0x17, 0x16, 0x33, 0x32,
	0x37, 0x27, 0x06, 0x27, 0x37, 0x23, 0x26, 0x23, 0x22, 0x06, 0x23, 0x22,
	0x27, 0x3E, 0x01, 0x37, 0x06, 0x27, 0x36, 0x37, 0x30, 0x27, 0x37, 0x22,
	0x27, 0x36, 0x37, 0x27, 0x36, 0x37, 0x06, 0x27, 0x36, 0x37, 0x26, 0x27,
	0x37, 0x22, 0x07, 0x06, 0x07, 0x36, 0x37, 0x36, 0x33, 0x32, 0x16, 0x33,
	0x26, 0x27, 0x26, 0x27, 0x26, 0x37, 0x16, 0x07, 0x06, 0x31, 0x16, 0x37,
	0x2E, 0x01, 0x27, 0x26, 0x36, 0x35, 0x34, 0x27, 0x26, 0x23, 0x22, 0x06,
	0x23, 0x22, 0x27, 0x36, 0x37, 0x26, 0x27, 0x36, 0x37, 0x26, 0x27, 0x32,
	0x37, 0x26, 0x27, 0x36, 0x37, 0x27, 0x36, 0x37, 0x27, 0x3E, 0x01, 0x07,
	0x06, 0x07, 0x06, 0x07, 0x26, 0x35, 0x34, 0x36, 0x27, 0x3E, 0x01, 0x33,
	0x32, 0x17, 0x16, 0x07, 0x06, 0x26, 0x27, 0x26, 0x23, 0x22, 0x06, 0x23,
	0x34, 0x36, 0x37, 0x36, 0x17, 0x16, 0x07, 0x06, 0x07, 0x35, 0x16, 0x37,
	0x06, 0x27, 0x36, 0x37, 0x26, 0x07, 0x06, 0x27, 0x26, 0x27, 0x26, 0x27,
	0x32, 0x17, 0x36, 0x27, 0x26, 0x23, 0x22, 0x07, 0x26, 0x23, 0x34, 0x36,
	0x37, 0x1E, 0x01, 0x27, 0x06, 0x15, 0x16, 0x07, 0x06, 0x27, 0x26, 0x35,
	0x34, 0x36, 0x35, 0x36, 0x37, 0x32, 0x17, 0x07, 0x26, 0x2F, 0x01, 0x16,
	0x07, 0x06, 0x23, 0x22, 0x27, 0x26, 0x36, 0x37, 0x32, 0x17, 0x16, 0x02,
	0x94, 0x2B, 0x35, 0xAC, 0x16, 0x29, 0x29, 0x23, 0x7D, 0x02, 0x4A, 0x1E,
	0x7F, 0x21, 0x38, 0x01, 0x4F, 0x59, 0x02, 0x47, 0x54, 0x0F, 0x1C, 0x51,
	0x17, 0x13, 0x2D, 0x44, 0x26, 0xC6, 0x45, 0x16, 0x30, 0x18, 0x05, 0x07,
	0x05, 0x06, 0x0D, 0x07, 0x05, 0x26, 0x1B, 0x3B, 0x25, 0x2D, 0x4F, 0x3C,
	0x51, 0x2C, 0x2B, 0x02, 0x05, 0x9D, 0x5D, 0x6E, 0x1F, 0x1E, 0x9B, 0x3A,
	0x2B, 0x05, 0x5B, 0x15, 0x07, 0x05, 0x17, 0x13, 0x18, 0x36, 0x6A, 0x70,
	0x51, 0x24, 0x08, 0x35, 0x5E, 0x13, 0x3D, 0x31, 0x20, 0x12, 0x11, 0x21,
	0x11, 0x0B, 0x02, 0x07, 0x06, 0x0B, 0x04, 0x11, 0x05, 0x09, 0x07, 0x06,
	0x21, 0x05, 0x01, 0x1E, 0x05, 0x0A, 0x1E, 0x14, 0x09, 0x0E, 0x05, 0x0A,
	0x23, 0x0B, 0x18, 0x0B, 0x16, 0x09, 0x11, 0x10, 0x20, 0x21, 0x01, 0x3A,
	0x0B, 0x16, 0x01, 0x02, 0x0A, 0x1E, 0x08, 0x26, 0x08, 0x08, 0x07, 0x0A,
	0x0B, 0x01, 0x0B, 0x03, 0x02, 0x03, 0x18, 0x22, 0x01, 0x17, 0x01, 0x01,
	0x0E, 0x06, 0x0D, 0x10, 0x11, 0x45, 0x12, 0x08, 0x08, 0x0C, 0x33, 0x08,
	0x11, 0x12, 0x26, 0x04, 0x09, 0x01, 0x4B, 0x0A, 0x1C, 0x10, 0x16, 0x12,
	0x23, 0x4D, 0x0A, 0x0A, 0x2E, 0xDB, 0x04, 0x03, 0x06, 0x0F, 0x05, 0x09,
	0x01, 0x03, 0x0D, 0x05, 0x02, 0x38, 0x01, 0x06, 0x05, 0x01, 0x02, 0x0B,
	0x11, 0x08, 0x24, 0x09, 0x0F, 0x08, 0x25, 0x12, 0x07, 0x0C, 0x0A, 0x17,
	0x0B, 0x07, 0x0A, 0x12, 0x12, 0x0D, 0x04, 0x05, 0x06, 0x03, 0x03, 0x12,
	0x0D, 0x02, 0x13, 0x23, 0x0A, 0x03, 0x2B, 0x06, 0x15, 0x0B, 0x03, 0x02,
	0x17, 0x02, 0x13, 0x29, 0x80, 0x0E, 0x01, 0x03, 0x0B, 0x09, 0x05, 0x05,
	0x07, 0x15, 0x03, 0x60, 0x0D, 0x0D, 0x04, 0x1C, 0x02, 0x07, 0x03, 0x03,
	0x04, 0x0B, 0x01, 0x10, 0x01, 0x04, 0x02, 0x04, 0x02, 0xE8, 0x4C, 0x1E,
	0x2D, 0x13, 0x28, 0x30, 0x04, 0x57, 0x01, 0x2B, 0x36, 0xE7, 0x51, 0x19,
	0xFE, 0xBE, 0x08, 0x3F, 0xB4, 0x14, 0x3B, 0xB2, 0x21, 0x35, 0x1C, 0xA5,
	0x36, 0x30, 0x02, 0x3E, 0x50, 0x1C, 0x3E, 0x38, 0x14, 0x16, 0x18, 0x22,
	0x1D, 0x1C, 0x01, 0x09, 0x48, 0x4B, 0x33, 0x4F, 0x0C, 0x23, 0x30, 0x52,
	0x4E, 0x5E, 0xCE, 0x5E, 0x37, 0x04, 0xFD, 0x27, 0x3D, 0x28, 0x22, 0x16,
	0x5B, 0x11, 0x34, 0x07, 0x02, 0xAE, 0x02, 0x0B, 0x3D, 0x68, 0x77, 0x7F,
	0x75, 0x51, 0x04, 0x14, 0x10, 0x04, 0x12, 0x01, 0x06, 0x08, 0x07, 0x02,
	0x05, 0x05, 0x09, 0x09, 0x01, 0x06, 0x04, 0x0B, 0x05, 0x0F, 0x08, 0x05,
	0x08, 0x02, 0x0A, 0x10, 0x02, 0x04, 0x06, 0x11, 0x06, 0x0C, 0x11, 0x02,
	0x06, 0x02, 0x04, 0x06, 0x16, 0x04, 0x0C, 0x0B, 0x0F, 0x03, 0x17, 0x07,
	0x03, 0x06, 0x0B, 0x03, 0x0D, 0x14, 0x47, 0x12, 0x09, 0x1F, 0x06, 0x07,
	0x06, 0x04, 0x10, 0x02, 0x0B, 0x18, 0x03, 0x05, 0x0C, 0x17, 0x03, 0x05,
	0x19, 0x02, 0x0B, 0x03, 0x07, 0x05, 0x13, 0x16, 0x08, 0x05, 0x0A, 0x42,
	0x0F, 0x0F, 0x12, 0x06, 0x04, 0x05, 0x03, 0x0F, 0x04, 0x02, 0x16, 0x95,
	0x05, 0x0C, 0x01, 0x0A, 0x01, 0x07, 0x05, 0x07, 0x04, 0x02, 0x02, 0x2B,
	0x28, 0x0A, 0x05, 0x06, 0x08, 0x02, 0x0A, 0x02, 0x07, 0x02, 0x0D, 0x04,
	0x02, 0x04, 0x02, 0x01, 0x02, 0x02, 0x08, 0x05, 0x03, 0x09, 0x0B, 0x10,
	0x03, 0x08, 0x09, 0x06, 0x02, 0x04, 0x22, 0x12, 0x27, 0x32, 0x0A, 0x0D,
	0x08, 0x06, 0x0B, 0x06, 0x1A, 0x07, 0x17, 0x2D, 0x9B, 0x32, 0x1A, 0x1D,
	0x05, 0x1C, 0x35, 0x01, 0x13, 0x10, 0x33, 0x0C, 0x06, 0x0A, 0x00, 0x15,
	0x00, 0x00, 0x00, 0x00, 0x02, 0x45, 0x03, 0x20, 0x00, 0x04, 0x00, 0x0B,
	0x00, 0x11, 0x00, 0x15, 0x00, 0x1D, 0x00, 0x22, 0x00, 0x27, 0x00, 0x2C,
	0x00, 0x30, 0x00, 0x36, 0x00, 0x4A, 0x00, 0x4E, 0x00, 0x53, 0x00, 0x59,
	0x00, 0x61, 0x00, 0x65, 0x00, 0x6E, 0x00, 0x72, 0x00, 0x7A, 0x00, 0x7E,
	0x00, 0x85, 0x00, 0x00, 0x01, 0x07, 0x27, 0x37, 0x33, 0x15, 0x07, 0x2E,
	0x01, 0x35, 0x37, 0x16, 0x27, 0x07, 0x06, 0x26, 0x27, 0x37, 0x17, 0x07,
	0x27, 0x37, 0x27, 0x07, 0x06, 0x23, 0x22, 0x27, 0x26, 0x27, 0x01, 0x27,
	0x35, 0x36, 0x37, 0x25, 0x22, 0x07, 0x27, 0x33, 0x01, 0x27, 0x36, 0x37,
	0x17, 0x15, 0x27, 0x37, 0x17, 0x01, 0x06, 0x07, 0x27, 0x35, 0x33, 0x05,
	0x16, 0x15, 0x14, 0x07, 0x06, 0x23, 0x22, 0x27, 0x2E, 0x01, 0x27, 0x26,
	0x35, 0x34, 0x37, 0x36, 0x33, 0x32, 0x16, 0x25, 0x07, 0x27, 0x35, 0x01,
	0x23, 0x03, 0x37, 0x17, 0x01, 0x06, 0x07, 0x30, 0x27, 0x35, 0x01, 0x23,
	0x03, 0x16, 0x36, 0x33, 0x32, 0x17, 0x25, 0x07, 0x35, 0x1F, 0x01, 0x06,
	0x07, 0x06, 0x07, 0x27, 0x36, 0x37, 0x16, 0x13, 0x23, 0x13, 0x33, 0x27,
	0x0E, 0x01, 0x07, 0x35, 0x36, 0x37, 0x16, 0x17, 0x03, 0x07, 0x13, 0x27,
	0x03, 0x30, 0x07, 0x35, 0x37, 0x16, 0x02, 0x45, 0x9E, 0x20, 0x5B, 0x63,
	0x7A, 0x01, 0x10, 0x89, 0x01, 0x9D, 0x38, 0x05, 0x19, 0x06, 0x1D, 0xDD,
	0x60, 0x0C, 0x6A, 0xFA, 0x12, 0x0B, 0x08, 0x1B, 0x03, 0x04, 0x04, 0x01,
	0x47, 0x5C, 0x1F, 0x3D, 0xFE, 0xB4, 0x08, 0x0D, 0x25, 0x1E, 0x01, 0x68,
	0x6C, 0x06, 0x06, 0x60, 0x84, 0x0E, 0x76, 0xFE, 0x7A, 0x0C, 0x16, 0x9D,
	0x65, 0x01, 0x51, 0x11, 0x22, 0x35, 0x4F, 0x13, 0x12, 0x29, 0x46, 0x09,
	0x06, 0x39, 0x31, 0x3C, 0x2E, 0x4E, 0xFE, 0xE9, 0x13, 0x76, 0x02, 0x45,
	0x10, 0xAE, 0x20, 0x9E, 0xFE, 0x25, 0x05, 0x05, 0x60, 0x01, 0xE7, 0x63,
	0x39, 0x04, 0x12, 0x02, 0x06, 0x01, 0xFE, 0xF2, 0x5C, 0x5C, 0x10, 0x12,
	0x22, 0x29, 0x0D, 0x02, 0x20, 0x40, 0x01, 0xF4, 0x6A, 0x21, 0x2B, 0xAA,
	0x18, 0x5D, 0x18, 0x29, 0x56, 0x05, 0x75, 0x3A, 0x4E, 0x71, 0x23, 0xB3,
	0x0C, 0x9B, 0x09, 0x03, 0x0F, 0x91, 0x19, 0x89, 0x73, 0x58, 0x06, 0x0F,
	0x08, 0x7D, 0x16, 0x47, 0x7A, 0x01, 0x07, 0x01, 0x73, 0xEB, 0x18, 0x1C,
	0x32, 0xB5, 0x71, 0x03, 0x2D, 0x3F, 0x08, 0xFE, 0xA9, 0x09, 0x2A, 0x03,
	0x09, 0xA5, 0x07, 0x7A, 0xFE, 0x46, 0x31, 0x0D, 0x1B, 0x15, 0xAE, 0x71,
	0x17, 0x44, 0x01, 0x55, 0x06, 0x11, 0x96, 0x0C, 0xEB, 0x22, 0x29, 0x3C,
	0x2A, 0x41, 0x04, 0x09, 0x42, 0x28, 0x16, 0x16, 0x50, 0x30, 0x29, 0x31,
	0x0A, 0x1A, 0x42, 0x4E, 0xFD, 0x22, 0x01, 0x39, 0x1C, 0xAE, 0x01, 0x95,
	0x0D, 0x1B, 0x12, 0x47, 0xFD, 0x93, 0x01, 0x24, 0x02, 0x09, 0x0A, 0xB3,
	0x09, 0x31, 0x0C, 0x57, 0x0B, 0x0E, 0x11, 0x07, 0x44, 0x06, 0x0D, 0x09,
	0xFE, 0x4A, 0x01, 0x21, 0x42, 0x14, 0x59, 0x14, 0x46, 0x1D, 0x31, 0x05,
	0x4D, 0xFE, 0xDE, 0x02, 0x01, 0x2B, 0x13, 0xFE, 0xC4, 0x02, 0xAC, 0xA9,
	0x08, 0x00, 0x00, 0x10, 0x00, 0x01, 0x00, 0x00, 0x03, 0x20, 0x03, 0x20,
	0x00, 0x11, 0x00, 0x22, 0x00, 0x30, 0x00, 0x40, 0x00, 0x50, 0x00, 0x60,
	0x00, 0x6D, 0x00, 0x81, 0x00, 0x8B, 0x00, 0xFB, 0x01, 0x18, 0x01, 0x22,
	0x01, 0x30, 0x01, 0x3F, 0x01, 0x76, 0x01, 0x8A, 0x00, 0x00, 0x01, 0x14,
	0x07, 0x06, 0x23, 0x22, 0x27, 0x2E, 0x01, 0x35, 0x34, 0x36, 0x37, 0x36,
	0x33, 0x32, 0x17, 0x16, 0x07, 0x23, 0x26, 0x31, 0x15, 0x06, 0x23, 0x17,
	0x06, 0x07, 0x37, 0x16, 0x31, 0x27, 0x26, 0x37, 0x36, 0x17, 0x2E, 0x01,
	0x27, 0x16, 0x17, 0x16, 0x15, 0x14, 0x07, 0x37, 0x36, 0x35, 0x34, 0x27,
	0x23, 0x26, 0x35, 0x06, 0x27, 0x16, 0x07, 0x37, 0x36, 0x33, 0x32, 0x17,
	0x36, 0x27, 0x36, 0x27, 0x23, 0x26, 0x35, 0x14, 0x06, 0x15, 0x32, 0x17,
	0x34, 0x07, 0x30, 0x37, 0x36, 0x17, 0x26, 0x17, 0x23, 0x26, 0x37, 0x16,
	0x07, 0x16, 0x15, 0x06, 0x31, 0x36, 0x17, 0x16, 0x07, 0x27, 0x36, 0x27,
	0x23, 0x26, 0x35, 0x16, 0x23, 0x17, 0x16, 0x07, 0x37, 0x16, 0x07, 0x26,
	0x01, 0x23, 0x26, 0x35, 0x06, 0x27, 0x16, 0x07, 0x33, 0x36, 0x33, 0x32,
	0x17, 0x31, 0x30, 0x27, 0x33, 0x35, 0x23, 0x36, 0x07, 0x23, 0x26, 0x27,
	0x06, 0x17, 0x37, 0x17, 0x34, 0x27, 0x17, 0x06, 0x27, 0x26, 0x07, 0x06,
	0x07, 0x30, 0x07, 0x06, 0x27, 0x36, 0x23, 0x26, 0x27, 0x06, 0x07, 0x27,
	0x36, 0x37, 0x35, 0x26, 0x07, 0x06, 0x07, 0x06, 0x07, 0x06, 0x23, 0x22,
	0x27, 0x26, 0x27, 0x06, 0x27, 0x36, 0x37, 0x16, 0x33, 0x32, 0x37, 0x27,
	0x06, 0x07, 0x06, 0x27, 0x36, 0x37, 0x36, 0x37, 0x23, 0x26, 0x27, 0x26,
	0x23, 0x22, 0x06, 0x23, 0x22, 0x27, 0x06, 0x07, 0x0E, 0x01, 0x15, 0x1E,
	0x01, 0x07, 0x26, 0x27, 0x26, 0x35, 0x34, 0x37, 0x2E, 0x01, 0x27, 0x37,
	0x16, 0x33, 0x32, 0x37, 0x36, 0x37, 0x16, 0x17, 0x26, 0x36, 0x37, 0x16,
	0x37, 0x36, 0x31, 0x27, 0x26, 0x27, 0x26, 0x35, 0x34, 0x37, 0x06, 0x07,
	0x06, 0x15, 0x14, 0x17, 0x1E, 0x01, 0x37, 0x36, 0x37, 0x36, 0x2F, 0x01,
	0x0E, 0x01, 0x07, 0x26, 0x23, 0x22, 0x06, 0x23, 0x22, 0x27, 0x22, 0x07,
	0x16, 0x17, 0x26, 0x37, 0x16, 0x15, 0x17, 0x32, 0x37, 0x36, 0x17, 0x36,
	0x37, 0x17, 0x36, 0x27, 0x26, 0x27, 0x26, 0x27, 0x36, 0x37, 0x06, 0x15,
	0x14, 0x17, 0x0E, 0x01, 0x23, 0x22, 0x27, 0x16, 0x33, 0x32, 0x36, 0x37,
	0x23, 0x35, 0x33, 0x25, 0x16, 0x23, 0x22, 0x26, 0x23, 0x22, 0x07, 0x06,
	0x07, 0x26, 0x37, 0x36, 0x33, 0x32, 0x17, 0x26, 0x23, 0x22, 0x07, 0x06,
	0x07, 0x26, 0x27, 0x16, 0x37, 0x27, 0x36, 0x17, 0x36, 0x33, 0x32, 0x16,
	0x33, 0x32, 0x37, 0x2E, 0x01, 0x27, 0x06, 0x07, 0x36, 0x37, 0x26, 0x07,
	0x06, 0x17, 0x26, 0x35, 0x34, 0x37, 0x36, 0x37, 0x36, 0x33, 0x32, 0x16,
	0x33, 0x32, 0x37, 0x16, 0x15, 0x06, 0x07, 0x16, 0x15, 0x14, 0x0F, 0x01,
	0x16, 0x01, 0x07, 0x06, 0x23, 0x22, 0x27, 0x2E, 0x01, 0x27, 0x26, 0x37,
	0x06, 0x15, 0x14, 0x17, 0x16, 0x33, 0x32, 0x37, 0x36, 0x03, 0x20, 0x57,
	0x7C, 0xBE, 0x41, 0x3E, 0x75, 0x9A, 0x77, 0x68, 0x4D, 0x60, 0x8F, 0x65,
	0x9F, 0x57, 0x08, 0x05, 0x02, 0x09, 0x05, 0x01, 0x01, 0x08, 0x0A, 0x03,
	0x04, 0x03, 0x02, 0x3F, 0x04, 0x90, 0x64, 0x51, 0x3D, 0x5B, 0x13, 0x15,
	0x10, 0x97, 0x10, 0x08, 0x06, 0x12, 0x11, 0x09, 0x03, 0x04, 0x06, 0x04,
	0x0C, 0x01, 0x06, 0x05, 0x8E, 0x0B, 0x02, 0x0D, 0x01, 0x04, 0x01, 0x01,
	0x09, 0x07, 0x09, 0x20, 0x0A, 0x07, 0x01, 0x03, 0x10, 0x07, 0x01, 0x03,
	0x07, 0x08, 0x03, 0x02, 0x0A, 0x3A, 0x08, 0x02, 0x04, 0x0C, 0x05, 0x01,
	0x04, 0x08, 0x04, 0x01, 0x01, 0x01, 0x04, 0x08, 0x05, 0x03, 0x0B, 0x0A,
	0x07, 0x03, 0x01, 0x04, 0x04, 0x05, 0x01, 0x02, 0x02, 0x08, 0x55, 0x05,
	0x02, 0x01, 0x05, 0x03, 0x02, 0x06, 0x03, 0x87, 0x0B, 0x13, 0x15, 0x0A,
	0x04, 0x0C, 0x08, 0x05, 0x03, 0x06, 0x01, 0x06, 0x2E, 0x43, 0x17, 0x03,
	0x13, 0x25, 0x08, 0x0D, 0x23, 0x16, 0x11, 0x10, 0x19, 0x24, 0x0C, 0x0C,
	0x2C, 0x03, 0x09, 0x02, 0x03, 0x0A, 0x1A, 0x1B, 0x42, 0x50, 0x0B, 0x08,
	0x1A, 0x14, 0x0C, 0x12, 0x08, 0x0E, 0x05, 0x0B, 0x13, 0x1A, 0x04, 0x04,
	0x09, 0x1B, 0x08, 0x07, 0x07, 0x0E, 0x31, 0x0D, 0x03, 0x01, 0x0E, 0x02,
	0x08, 0x12, 0x03, 0x0B, 0x13, 0x29, 0x0B, 0x02, 0x14, 0x1B, 0x1C, 0x14,
	0x2D, 0x08, 0x05, 0x10, 0x01, 0x0F, 0x07, 0x17, 0x21, 0x37, 0x08, 0x6B,
	0x26, 0x1C, 0x34, 0xA2, 0x6E, 0x4C, 0x24, 0x30, 0xB7, 0x69, 0x68, 0x57,
	0x5C, 0xE4, 0x05, 0x05, 0x2C, 0x07, 0x05, 0x06, 0x06, 0x12, 0x05, 0x06,
	0x06, 0x07, 0x07, 0x04, 0x14, 0x01, 0x04, 0x02, 0x18, 0x02, 0x07, 0x05,
	0x02, 0x1B, 0x0A, 0x02, 0x12, 0x6B, 0x1D, 0x0B, 0x05, 0x05, 0x02, 0x25,
	0x1F, 0xB6, 0x0A, 0x2C, 0x0B, 0x10, 0x0C, 0x0C, 0x0C, 0x0D, 0x2E, 0x0A,
	0x03, 0x03, 0xFE, 0xFA, 0x01, 0x0C, 0x03, 0x0E, 0x04, 0x08, 0x04, 0x19,
	0x02, 0x0A, 0x0D, 0x10, 0x21, 0x0A, 0x68, 0x17, 0x20, 0x13, 0x0F, 0x06,
	0x0D, 0x06, 0x07, 0x09, 0x0F, 0x13, 0x05, 0x18, 0x04, 0x03, 0x08, 0x0F,
	0x01, 0x03, 0x03, 0x02, 0x06, 0x0A, 0x2D, 0x20, 0x06, 0x3A, 0x0D, 0x1E,
	0x23, 0x04, 0x03, 0x0D, 0x18, 0x12, 0x05, 0x04, 0x08, 0x19, 0x05, 0x09,
	0x08, 0x02, 0x05, 0x08, 0x10, 0x05, 0x03, 0x0F, 0x01, 0x7D, 0x02, 0x70,
	0xA1, 0x3B, 0x39, 0x5D, 0x88, 0x06, 0x06, 0x0C, 0x07, 0x95, 0x55, 0x79,
	0x52, 0x42, 0x52, 0x01, 0x90, 0x96, 0x68, 0x92, 0x14, 0x25, 0xD7, 0x7B,
	0x75, 0xC5, 0x35, 0x26, 0x4E, 0x7B, 0x60, 0x0D, 0x08, 0x05, 0x05, 0x04,
	0x07, 0x08, 0x08, 0x03, 0x03, 0x05, 0x04, 0x49, 0x69, 0xBB, 0x21, 0x22,
	0x45, 0x67, 0x8E, 0x3D, 0x38, 0x0B, 0x34, 0x2A, 0x12, 0x8A, 0x06, 0x0A,
	0x15, 0x05, 0x08, 0x15, 0x03, 0x06, 0x09, 0x05, 0x0B, 0x06, 0x7E, 0x01,
	0x07, 0x05, 0x04, 0x01, 0x03, 0x01, 0x0D, 0x01, 0x07, 0x09, 0x08, 0x3D,
	0x07, 0x03, 0x09, 0x01, 0x03, 0x07, 0x06, 0x06, 0x02, 0x03, 0x01, 0x08,
	0x08, 0x12, 0x02, 0x06, 0x08, 0x05, 0x02, 0x03, 0x02, 0x03, 0x02, 0x09,
	0xFE, 0xFA, 0x07, 0x01, 0x0B, 0x03, 0x07, 0x09, 0x05, 0x03, 0x01, 0x07,
	0x06, 0x03, 0x01, 0x07, 0x0C, 0x04, 0x03, 0x05, 0x01, 0x04, 0x74, 0x05,
	0x03, 0x03, 0x01, 0x0E, 0x0A, 0x04, 0x03, 0x04, 0x18, 0x1C, 0x09, 0x0B,
	0x27, 0x02, 0x30, 0x03, 0x0F, 0x0A, 0x02, 0x0A, 0x28, 0x24, 0x23, 0x1B,
	0x03, 0x15, 0x42, 0x05, 0x03, 0x0C, 0x09, 0x0C, 0x43, 0x10, 0x0E, 0x0F,
	0x0B, 0x03, 0x0A, 0x05, 0x0A, 0x0C, 0x13, 0x02, 0x02, 0x1D, 0x06, 0x31,
	0x0E, 0x07, 0x1F, 0x0F, 0x06, 0x1F, 0x08, 0x0A, 0x23, 0x08, 0x09, 0x14,
	0x0D, 0x02, 0x07, 0x0F, 0x02, 0x08, 0x08, 0x13, 0x3F, 0x0B, 0x0F, 0x08,
	0x0B, 0x05, 0x03, 0x0A, 0x10, 0x1B, 0x22, 0x32, 0x34, 0x42, 0x5F, 0x43,
	0x09, 0x88, 0x5E, 0x87, 0x59, 0x49, 0x5F, 0x76, 0x02, 0x02, 0x33, 0x36,
	0x6B, 0x05, 0x0C, 0x05, 0x0C, 0x04, 0x09, 0x05, 0x10, 0x0C, 0x04, 0x02,
	0x04, 0x02, 0x06, 0x03, 0x05, 0x03, 0x03, 0x05, 0x13, 0x03, 0x0E, 0xFA,
	0x14, 0x2B, 0x11, 0x3C, 0x48, 0x3A, 0x34, 0x47, 0x55, 0x8F, 0x01, 0x0F,
	0x0A, 0x05, 0x0F, 0x01, 0x08, 0xDE, 0x10, 0x03, 0x06, 0x11, 0x0F, 0x0B,
	0x13, 0x17, 0xC3, 0x12, 0x08, 0x04, 0x06, 0x06, 0x12, 0x01, 0x03, 0x10,
	0x11, 0x01, 0x02, 0x18, 0x0B, 0x0B, 0x17, 0x06, 0x12, 0x2B, 0x1B, 0x2A,
	0x0A, 0x07, 0x16, 0x25, 0x07, 0x07, 0x0B, 0x1C, 0x15, 0x03, 0x02, 0x0F,
	0x0A, 0x03, 0x07, 0x01, 0x07, 0x1A, 0x13, 0x0C, 0x09, 0x03, 0x06, 0xFE,
	0xF9, 0x10, 0x7D, 0x13, 0x20, 0xAA, 0x61, 0x29, 0x4E, 0x24, 0x23, 0xB0,
	0x73, 0x41, 0x21, 0x2A, 0x00, 0x16, 0x00, 0x00, 0x00, 0x00, 0x03, 0x24,
	0x03, 0x20, 0x00, 0x0D, 0x03, 0x73, 0x03, 0x83, 0x03, 0x86, 0x03, 0x8E,
	0x03, 0x93, 0x03, 0x9B, 0x03, 0xA2, 0x03, 0xAC, 0x03, 0xB3, 0x03, 0xB9,
	0x03, 0xCE, 0x03, 0xD3, 0x03, 0xDC, 0x03, 0xE7, 0x03, 0xF2, 0x03, 0xF5,
	0x03, 0xFC, 0x04, 0x04, 0x04, 0x0C, 0x04, 0x14, 0x04, 0x15, 0x00, 0x00,
	0x01, 0x0E, 0x01, 0x07, 0x26, 0x35, 0x34, 0x37, 0x36, 0x37, 0x27, 0x16,
	0x15, 0x14, 0x01, 0x06, 0x23, 0x22, 0x27, 0x06, 0x23, 0x22, 0x2F, 0x01,
	0x16, 0x37, 0x26, 0x27, 0x06, 0x15, 0x16, 0x33, 0x32, 0x36, 0x33, 0x32,
	0x17, 0x16, 0x17, 0x26, 0x27, 0x26, 0x07, 0x36, 0x17, 0x16, 0x17, 0x16,
	0x37, 0x06, 0x07, 0x22, 0x27, 0x26, 0x27, 0x32, 0x37, 0x26, 0x27, 0x06,
	0x17, 0x36, 0x17, 0x16, 0x17, 0x16, 0x33, 0x06, 0x23, 0x22, 0x27, 0x06,
	0x27, 0x26, 0x31, 0x26, 0x27, 0x26, 0x27, 0x1E, 0x01, 0x17, 0x37, 0x26,
	0x27, 0x0E, 0x01, 0x15, 0x16, 0x17, 0x16, 0x1D, 0x01, 0x26, 0x27, 0x07,
	0x16, 0x17, 0x16, 0x17, 0x1E, 0x01, 0x17, 0x06, 0x27, 0x2E, 0x01, 0x27,
	0x16, 0x37, 0x26, 0x27, 0x07, 0x16, 0x17, 0x30, 0x17, 0x16, 0x1F, 0x01,
	0x26, 0x27, 0x26, 0x27, 0x26, 0x27, 0x26, 0x37, 0x17, 0x36, 0x27, 0x06,
	0x07, 0x1E, 0x01, 0x17, 0x14, 0x07, 0x36, 0x35, 0x34, 0x26, 0x35, 0x36,
	0x27, 0x0E, 0x01, 0x07, 0x16, 0x17, 0x06, 0x07, 0x06, 0x15, 0x14, 0x17,
	0x26, 0x37, 0x26, 0x35, 0x34, 0x37, 0x17, 0x36, 0x27, 0x30, 0x07, 0x06,
	0x15, 0x14, 0x16, 0x15, 0x14, 0x0F, 0x01, 0x37, 0x27, 0x32, 0x36, 0x37,
	0x36, 0x26, 0x27, 0x06, 0x17, 0x16, 0x07, 0x06, 0x07, 0x06, 0x15, 0x14,
	0x17, 0x26, 0x27, 0x26, 0x35, 0x34, 0x37, 0x36, 0x37, 0x26, 0x37, 0x36,
	0x27, 0x14, 0x17, 0x36, 0x27, 0x26, 0x27, 0x26, 0x37, 0x27, 0x26, 0x07,
	0x16, 0x15, 0x14, 0x07, 0x06, 0x07, 0x06, 0x15, 0x14, 0x17, 0x26, 0x35,
	0x34, 0x37, 0x26, 0x3F, 0x01, 0x06, 0x17, 0x36, 0x37, 0x26, 0x07, 0x06,
	0x15, 0x14, 0x16, 0x15, 0x14, 0x07, 0x06, 0x07, 0x36, 0x37, 0x36, 0x37,
	0x27, 0x16, 0x07, 0x06, 0x17, 0x26, 0x37, 0x36, 0x37, 0x36, 0x37, 0x14,
	0x17, 0x36, 0x37, 0x36, 0x37, 0x36, 0x37, 0x30, 0x27, 0x26, 0x07, 0x16,
	0x07, 0x06, 0x07, 0x06, 0x07, 0x26, 0x37, 0x26, 0x23, 0x07, 0x36, 0x35,
	0x36, 0x37, 0x33, 0x30, 0x07, 0x06, 0x17, 0x37, 0x26, 0x23, 0x22, 0x07,
	0x06, 0x07, 0x06, 0x2B, 0x01, 0x36, 0x37, 0x34, 0x27, 0x06, 0x07, 0x06,
	0x17, 0x26, 0x37, 0x3E, 0x01, 0x37, 0x06, 0x07, 0x17, 0x36, 0x37, 0x27,
	0x06, 0x07, 0x06, 0x07, 0x06, 0x07, 0x23, 0x36, 0x37, 0x3E, 0x01, 0x17,
	0x07, 0x16, 0x37, 0x30, 0x27, 0x26, 0x23, 0x0E, 0x01, 0x23, 0x22, 0x2F,
	0x01, 0x16, 0x37, 0x36, 0x37, 0x36, 0x27, 0x06, 0x23, 0x22, 0x27, 0x26,
	0x0F, 0x01, 0x36, 0x37, 0x36, 0x33, 0x32, 0x16, 0x33, 0x32, 0x37, 0x06,
	0x31, 0x17, 0x36, 0x37, 0x36, 0x37, 0x26, 0x27, 0x06, 0x07, 0x22, 0x26,
	0x23, 0x22, 0x07, 0x36, 0x17, 0x36, 0x33, 0x32, 0x17, 0x14, 0x06, 0x15,
	0x16, 0x37, 0x2E, 0x01, 0x27, 0x26, 0x06, 0x23, 0x22, 0x2F, 0x01, 0x16,
	0x33, 0x32, 0x3F, 0x01, 0x06, 0x23, 0x22, 0x26, 0x23, 0x22, 0x0F, 0x01,
	0x36, 0x31, 0x36, 0x33, 0x36, 0x16, 0x37, 0x07, 0x16, 0x36, 0x33, 0x36,
	0x17, 0x37, 0x34, 0x27, 0x06, 0x23, 0x22, 0x27, 0x2E, 0x01, 0x27, 0x07,
	0x36, 0x33, 0x32, 0x17, 0x36, 0x33, 0x32, 0x17, 0x26, 0x07, 0x16, 0x17,
	0x36, 0x31, 0x26, 0x23, 0x22, 0x06, 0x23, 0x22, 0x26, 0x27, 0x1E, 0x01,
	0x17, 0x32, 0x37, 0x26, 0x27, 0x26, 0x27, 0x07, 0x36, 0x33, 0x32, 0x1E,
	0x01, 0x17, 0x07, 0x36, 0x17, 0x36, 0x37, 0x30, 0x07, 0x26, 0x27, 0x26,
	0x27, 0x36, 0x17, 0x16, 0x33, 0x16, 0x17, 0x26, 0x07, 0x17, 0x32, 0x36,
	0x37, 0x26, 0x27, 0x26, 0x3D, 0x01, 0x1E, 0x01, 0x17, 0x32, 0x16, 0x37,
	0x26, 0x27, 0x26, 0x07, 0x36, 0x33, 0x32, 0x17, 0x1E, 0x01, 0x17, 0x26,
	0x07, 0x16, 0x17, 0x36, 0x37, 0x26, 0x27, 0x26, 0x27, 0x26, 0x27, 0x16,
	0x17, 0x37, 0x30, 0x17, 0x16, 0x15, 0x14, 0x07, 0x34, 0x27, 0x06, 0x17,
	0x36, 0x37, 0x36, 0x27, 0x26, 0x27, 0x26, 0x37, 0x06, 0x15, 0x14, 0x17,
	0x36, 0x35, 0x34, 0x26, 0x35, 0x30, 0x35, 0x34, 0x2F, 0x01, 0x16, 0x17,
	0x16, 0x15, 0x14, 0x06, 0x15, 0x14, 0x17, 0x26, 0x07, 0x16, 0x15, 0x14,
	0x07, 0x17, 0x37, 0x26, 0x27, 0x3E, 0x01, 0x35, 0x34, 0x27, 0x16, 0x07,
	0x16, 0x15, 0x14, 0x0F, 0x01, 0x34, 0x27, 0x06, 0x17, 0x36, 0x37, 0x2E,
	0x01, 0x35, 0x34, 0x37, 0x36, 0x37, 0x06, 0x1F, 0x01, 0x36, 0x27, 0x26,
	0x37, 0x34, 0x36, 0x35, 0x34, 0x2F, 0x01, 0x16, 0x07, 0x16, 0x07, 0x06,
	0x07, 0x16, 0x06, 0x17, 0x27, 0x06, 0x16, 0x15, 0x06, 0x07, 0x17, 0x37,
	0x26, 0x35, 0x34, 0x37, 0x36, 0x37, 0x36, 0x35, 0x34, 0x27, 0x16, 0x15,
	0x14, 0x07, 0x06, 0x07, 0x06, 0x15, 0x14, 0x17, 0x06, 0x17, 0x16, 0x37,
	0x26, 0x35, 0x34, 0x3F, 0x01, 0x16, 0x17, 0x14, 0x0F, 0x01, 0x32, 0x37,
	0x27, 0x06, 0x07, 0x16, 0x33, 0x36, 0x35, 0x34, 0x26, 0x35, 0x34, 0x3F,
	0x01, 0x06, 0x15, 0x14, 0x17, 0x14, 0x15, 0x14, 0x0F, 0x01, 0x16, 0x17,
	0x34, 0x27, 0x36, 0x37, 0x36, 0x37, 0x16, 0x07, 0x06, 0x07, 0x26, 0x36,
	0x35, 0x26, 0x27, 0x06, 0x07, 0x06, 0x31, 0x16, 0x33, 0x32, 0x37, 0x36,
	0x37, 0x36, 0x37, 0x36, 0x37, 0x06, 0x07, 0x06, 0x15, 0x17, 0x36, 0x37,
	0x36, 0x27, 0x16, 0x07, 0x0E, 0x01, 0x07, 0x27, 0x06, 0x07, 0x26, 0x07,
	0x16, 0x17, 0x36, 0x37, 0x36, 0x37, 0x36, 0x37, 0x06, 0x07, 0x06, 0x07,
	0x06, 0x27, 0x36, 0x37, 0x26, 0x23, 0x22, 0x07, 0x06, 0x23, 0x30, 0x16,
	0x37, 0x3E, 0x01, 0x17, 0x32, 0x17, 0x26, 0x0F, 0x01, 0x16, 0x36, 0x33,
	0x16, 0x37, 0x34, 0x36, 0x35, 0x33, 0x0E, 0x01, 0x23, 0x22, 0x26, 0x23,
	0x22, 0x07, 0x36, 0x27, 0x06, 0x23, 0x22, 0x2F, 0x01, 0x07, 0x17, 0x36,
	0x33, 0x16, 0x17, 0x16, 0x33, 0x32, 0x37, 0x06, 0x27, 0x06, 0x23, 0x22,
	0x27, 0x36, 0x37, 0x26, 0x07, 0x1E, 0x02, 0x33, 0x32, 0x36, 0x33, 0x32,
	0x17, 0x16, 0x17, 0x26, 0x23, 0x22, 0x0F, 0x01, 0x16, 0x37, 0x36, 0x17,
	0x1E, 0x01, 0x33, 0x32, 0x37, 0x36, 0x17, 0x06, 0x23, 0x22, 0x26, 0x23,
	0x22, 0x07, 0x34, 0x27, 0x06, 0x27, 0x06, 0x17, 0x06, 0x17, 0x36, 0x33,
	0x32, 0x17, 0x16, 0x17, 0x16, 0x33, 0x32, 0x03, 0x26, 0x27, 0x26, 0x35,
	0x34, 0x36, 0x35, 0x34, 0x27, 0x37, 0x16, 0x15, 0x14, 0x07, 0x14, 0x13,
	0x35, 0x07, 0x27, 0x30, 0x07, 0x06, 0x07, 0x36, 0x37, 0x36, 0x27, 0x0E,
	0x01, 0x17, 0x26, 0x17, 0x26, 0x23, 0x22, 0x07, 0x36, 0x33, 0x32, 0x17,
	0x26, 0x27, 0x26, 0x07, 0x37, 0x36, 0x25, 0x26, 0x35, 0x34, 0x37, 0x06,
	0x17, 0x16, 0x17, 0x16, 0x01, 0x27, 0x07, 0x26, 0x07, 0x36, 0x17, 0x01,
	0x35, 0x26, 0x27, 0x17, 0x16, 0x04, 0x26, 0x27, 0x26, 0x23, 0x22, 0x07,
	0x06, 0x15, 0x14, 0x17, 0x1E, 0x01, 0x17, 0x16, 0x33, 0x32, 0x37, 0x36,
	0x35, 0x34, 0x17, 0x36, 0x26, 0x27, 0x16, 0x01, 0x23, 0x26, 0x27, 0x16,
	0x17, 0x16, 0x33, 0x32, 0x01, 0x26, 0x27, 0x26, 0x27, 0x17, 0x16, 0x15,
	0x14, 0x07, 0x36, 0x01, 0x06, 0x23, 0x22, 0x27, 0x16, 0x33, 0x32, 0x37,
	0x3E, 0x01, 0x13, 0x35, 0x2F, 0x01, 0x36, 0x27, 0x17, 0x06, 0x07, 0x36,
	0x27, 0x06, 0x07, 0x06, 0x27, 0x16, 0x37, 0x36, 0x17, 0x26, 0x0F, 0x01,
	0x06, 0x07, 0x37, 0x36, 0x27, 0x06, 0x07, 0x16, 0x37, 0x36, 0x37, 0x36,
	0x27, 0x02, 0x15, 0x04, 0x2D, 0x02, 0x02, 0x13, 0x16, 0x03, 0x04, 0x11,
	0x01, 0x0B, 0x2A, 0x1F, 0x16, 0x11, 0x15, 0x0E, 0x0E, 0x09, 0x05, 0x06,
	0x09, 0x0C, 0x11, 0x05, 0x0D, 0x16, 0x08, 0x20, 0x07, 0x1B, 0x0B, 0x05,
	0x06, 0x09, 0x28, 0x04, 0x06, 0x16, 0x12, 0x18, 0x0C, 0x11, 0x0C, 0x07,
	0x21, 0x15, 0x15, 0x17, 0x0F, 0x03, 0x04, 0x2C, 0x14, 0x09, 0x01, 0x30,
	0x1C, 0x12, 0x12, 0x15, 0x1F, 0x0B, 0x0A, 0x39, 0x1F, 0x06, 0x08, 0x0E,
	0x0F, 0x01, 0x07, 0x02, 0x02, 0x09, 0x02, 0x02, 0x06, 0x11, 0x04, 0x07,
	0x0A, 0x31, 0x28, 0x01, 0x25, 0x02, 0x10, 0x09, 0x0E, 0x01, 0x05, 0x14,
	0x09, 0x0C, 0x20, 0x14, 0x13, 0x0E, 0x01, 0x03, 0x1A, 0x12, 0x17, 0x29,
	0x1A, 0x0C, 0x07, 0x17, 0x07, 0x24, 0x0F, 0x1B, 0x07, 0x0E, 0x0F, 0x0F,
	0x02, 0x0B, 0x04, 0x0F, 0x04, 0x0D, 0x01, 0x3A, 0x05, 0x09, 0x03, 0x3E,
	0x01, 0x03, 0x08, 0x1A, 0x0C, 0x2B, 0x03, 0x01, 0x09, 0x09, 0x11, 0x36,
	0x01, 0x11, 0x05, 0x06, 0x08, 0x06, 0x15, 0x03, 0x19, 0x12, 0x0C, 0x08,
	0x02, 0x03, 0x02, 0x01, 0x02, 0x07, 0x03, 0x03, 0x02, 0x02, 0x01, 0x01,
	0x0A, 0x08, 0x0D, 0x13, 0x0D, 0x01, 0x0A, 0x0E, 0x02, 0x03, 0x02, 0x02,
	0x01, 0x02, 0x04, 0x02, 0x02, 0x02, 0x03, 0x10, 0x02, 0x0E, 0x18, 0x13,
	0x02, 0x11, 0x10, 0x14, 0x04, 0x11, 0x0B, 0x0B, 0x07, 0x0C, 0x02, 0x02,
	0x0C, 0x01, 0x0F, 0x06, 0x0D, 0x02, 0x12, 0x0A, 0x14, 0x10, 0x05, 0x02,
	0x02, 0x02, 0x01, 0x2D, 0x03, 0x03, 0x15, 0x08, 0x05, 0x17, 0x16, 0x03,
	0x02, 0x04, 0x03, 0x05, 0x09, 0x04, 0x09, 0x14, 0x0C, 0x08, 0x0D, 0x16,
	0x1C, 0x1C, 0x21, 0x01, 0x03, 0x2D, 0x03, 0x01, 0x02, 0x07, 0x06, 0x10,
	0x02, 0x03, 0x02, 0x03, 0x15, 0x0F, 0x05, 0x08, 0x06, 0x04, 0x13, 0x0C,
	0x1C, 0x1B, 0x1E, 0x0A, 0x02, 0x07, 0x26, 0x1F, 0x02, 0x05, 0x07, 0x0A,
	0x3E, 0x0A, 0x01, 0x01, 0x02, 0x07, 0x2E, 0x22, 0x04, 0x22, 0x04, 0x3C,
	0x27, 0x0C, 0x02, 0x1F, 0x2A, 0x0B, 0x19, 0x11, 0x0D, 0x0D, 0x15, 0x07,
	0x04, 0x06, 0x14, 0x35, 0x13, 0x0A, 0x0C, 0x0E, 0x08, 0x0E, 0x0F, 0x09,
	0x04, 0x02, 0x1D, 0x07, 0x08, 0x06, 0x10, 0x10, 0x0F, 0x05, 0x17, 0x09,
	0x0D, 0x07, 0x1B, 0x07, 0x0D, 0x0A, 0x04, 0x02, 0x09, 0x15, 0x12, 0x11,
	0x05, 0x0E, 0x14, 0x27, 0x0E, 0x3B, 0x0E, 0x17, 0x10, 0x3A, 0x2B, 0x20,
	0x0C, 0x09, 0x08, 0x0D, 0x18, 0x0A, 0x02, 0x06, 0x07, 0x11, 0x3C, 0x0C,
	0x13, 0x10, 0x08, 0x0D, 0x12, 0x07, 0x06, 0x08, 0x05, 0x06, 0x0C, 0x25,
	0x0B, 0x07, 0x08, 0x11, 0x15, 0x0D, 0x0F, 0x0F, 0x2E, 0x10, 0x06, 0x04,
	0x10, 0x03, 0x12, 0x1D, 0x02, 0x04, 0x18, 0x22, 0x0C, 0x0A, 0x0D, 0x2D,
	0x12, 0x24, 0x2C, 0x1D, 0x17, 0x12, 0x1F, 0x03, 0x13, 0x0A, 0x06, 0x0B,
	0x0E, 0x12, 0x04, 0x0C, 0x16, 0x07, 0x1E, 0x07, 0x14, 0x1E, 0x03, 0x07,
	0x0E, 0x09, 0x09, 0x12, 0x26, 0x0A, 0x14, 0x0C, 0x15, 0x14, 0x15, 0x09,
	0x15, 0x20, 0x11, 0x0B, 0x2A, 0x18, 0x03, 0x0B, 0x1F, 0x33, 0x0E, 0x1D,
	0x2B, 0x4B, 0x22, 0x20, 0x01, 0x12, 0x02, 0x05, 0x0A, 0x18, 0x05, 0x05,
	0x02, 0x09, 0x30, 0x2A, 0x04, 0x08, 0x09, 0x02, 0x10, 0x03, 0x13, 0x0F,
	0x0D, 0x1C, 0x09, 0x0B, 0x16, 0x13, 0x09, 0x0C, 0x0C, 0x05, 0x01, 0x24,
	0x0A, 0x0C, 0x12, 0x42, 0x0C, 0x06, 0x02, 0x09, 0x19, 0x46, 0x12, 0x02,
	0x16, 0x0D, 0x01, 0x08, 0x04, 0x10, 0x05, 0x0A, 0x03, 0x1D, 0x20, 0x03,
	0x03, 0x0D, 0x02, 0x15, 0x03, 0x0D, 0x06, 0x16, 0x25, 0x0C, 0x07, 0x05,
	0x08, 0x03, 0x07, 0x19, 0x02, 0x02, 0x28, 0x32, 0x03, 0x01, 0x0E, 0x11,
	0x37, 0x02, 0x16, 0x03, 0x02, 0x06, 0x06, 0x08, 0x15, 0x02, 0x01, 0x1C,
	0x04, 0x05, 0x14, 0x10, 0x07, 0x07, 0x03, 0x02, 0x03, 0x02, 0x10, 0x04,
	0x0A, 0x27, 0x06, 0x01, 0x0A, 0x0C, 0x02, 0x04, 0x05, 0x03, 0x04, 0x02,
	0x06, 0x03, 0x0B, 0x02, 0x2E, 0x1C, 0x03, 0x03, 0x1B, 0x14, 0x06, 0x15,
	0x06, 0x0C, 0x0B, 0x0E, 0x05, 0x02, 0x04, 0x04, 0x07, 0x05, 0x18, 0x06,
	0x02, 0x01, 0x09, 0x07, 0x01, 0x02, 0x03, 0x0B, 0x01, 0x03, 0x10, 0x11,
	0x03, 0x1C, 0x15, 0x1B, 0x01, 0x12, 0x11, 0x0F, 0x1D, 0x04, 0x03, 0x18,
	0x4A, 0x02, 0x02, 0x26, 0x07, 0x18, 0x01, 0x07, 0x01, 0x01, 0x08, 0x06,
	0x0B, 0x10, 0x04, 0x05, 0x04, 0x10, 0x0A, 0x09, 0x1A, 0x0C, 0x18, 0x1E,
	0x0A, 0x02, 0x02, 0x06, 0x27, 0x20, 0x03, 0x0D, 0x14, 0x08, 0x3A, 0x0A,
	0x02, 0x04, 0x2C, 0x03, 0x05, 0x14, 0x11, 0x03, 0x30, 0x33, 0x07, 0x20,
	0x0D, 0x15, 0x32, 0x0B, 0x0A, 0x0E, 0x12, 0x05, 0x08, 0x03, 0x03, 0x06,
	0x08, 0x0D, 0x01, 0x0A, 0x07, 0x15, 0x33, 0x19, 0x0C, 0x15, 0x23, 0x0B,
	0x09, 0x06, 0x13, 0x05, 0x32, 0x0D, 0x06, 0x03, 0x04, 0x1D, 0x15, 0x06,
	0x1A, 0x06, 0x0B, 0x09, 0x04, 0x02, 0x13, 0x21, 0x07, 0x06, 0x02, 0x02,
	0x15, 0x1C, 0x29, 0x07, 0x1F, 0x18, 0x0F, 0x19, 0x10, 0x36, 0x2F, 0x20,
	0x0D, 0x08, 0x08, 0x05, 0x0A, 0x0B, 0x19, 0x02, 0x04, 0x0D, 0x06, 0x0E,
	0x32, 0x0E, 0x0D, 0x0C, 0x08, 0x0D, 0x0C, 0x13, 0x07, 0x06, 0x0D, 0x05,
	0x08, 0x08, 0x05, 0x07, 0x25, 0x09, 0x0F, 0x0A, 0x02, 0x02, 0x14, 0x1F,
	0x0C, 0x29, 0x0D, 0x05, 0x04, 0x03, 0x24, 0x19, 0x02, 0x05, 0x01, 0x03,
	0x22, 0x19, 0x0C, 0x0B, 0x14, 0x14, 0x18, 0x14, 0x0C, 0xD6, 0x1E, 0x0C,
	0x09, 0x05, 0x07, 0x02, 0x1E, 0x02, 0x60, 0x06, 0x1D, 0x24, 0x15, 0x02,
	0x06, 0x08, 0x13, 0x43, 0x0C, 0x18, 0x07, 0x05, 0xAD, 0x13, 0x0B, 0x17,
	0x0A, 0x19, 0x13, 0x0A, 0x18, 0x0B, 0x0F, 0x1F, 0x06, 0x15, 0x0F, 0xFE,
	0xBF, 0x10, 0x04, 0x08, 0x02, 0x05, 0x01, 0x05, 0x01, 0x47, 0x11, 0x02,
	0x15, 0x0E, 0x1B, 0x19, 0xFE, 0x7D, 0x23, 0x01, 0x02, 0x0A, 0x01, 0x3E,
	0x44, 0x25, 0x16, 0x18, 0x50, 0x35, 0x30, 0x0D, 0x10, 0x42, 0x26, 0x15,
	0x16, 0x4A, 0x33, 0x39, 0x04, 0x02, 0x12, 0x12, 0x23, 0xFE, 0x8B, 0x07,
	0x21, 0x0D, 0x02, 0x0F, 0x13, 0x08, 0x05, 0x01, 0x13, 0x03, 0x01, 0x04,
	0x07, 0x02, 0x0B, 0x06, 0x09, 0xFE, 0xDB, 0x0A, 0x0A, 0x1A, 0x16, 0x15,
	0x1A, 0x06, 0x06, 0x01, 0x08, 0xF6, 0x07, 0x28, 0x06, 0x0A, 0x04, 0x05,
	0x10, 0x0B, 0xB3, 0x05, 0x08, 0x18, 0x16, 0x17, 0x09, 0x14, 0x75, 0x03,
	0x02, 0x02, 0x04, 0x26, 0x17, 0x15, 0x41, 0x0F, 0x2C, 0x15, 0x11, 0x0C,
	0x01, 0x07, 0x60, 0x02, 0xD0, 0x0C, 0x1F, 0x10, 0x09, 0x09, 0x1E, 0x0F,
	0x09, 0x17, 0x17, 0x16, 0x13, 0x0A, 0xFE, 0xA3, 0x15, 0x0A, 0x08, 0x08,
	0x07, 0x01, 0x03, 0x08, 0x02, 0x0E, 0x05, 0x0E, 0x04, 0x17, 0x08, 0x12,
	0x19, 0x01, 0x01, 0x03, 0x03, 0x14, 0x18, 0x04, 0x01, 0x06, 0x0A, 0x09,
	0x17, 0x1B, 0x04, 0x02, 0x04, 0x1C, 0x22, 0x06, 0x0D, 0x15, 0x1B, 0x1B,
	0x1F, 0x01, 0x23, 0x03, 0x02, 0x03, 0x09, 0x01, 0x06, 0x09, 0x01, 0x04,
	0x01, 0x02, 0x09, 0x0E, 0x04, 0x0B, 0x06, 0x10, 0x0F, 0x0D, 0x22, 0x15,
	0x1C, 0x0C, 0x02, 0x05, 0x14, 0x21, 0x01, 0x07, 0x04, 0x01, 0x08, 0x06,
	0x07, 0x40, 0x09, 0x01, 0x03, 0x07, 0x2B, 0x21, 0x02, 0x22, 0x3A, 0x23,
	0x0C, 0x07, 0x0F, 0x09, 0x12, 0x1A, 0x09, 0x0A, 0x0E, 0x11, 0x0A, 0x0E,
	0x0F, 0x04, 0x09, 0x15, 0x2B, 0x12, 0x21, 0x0D, 0x07, 0x06, 0x11, 0x36,
	0x15, 0x07, 0x0C, 0x08, 0x0C, 0x05, 0x15, 0x2C, 0x0B, 0x1E, 0x1A, 0x0F,
	0x17, 0x0F, 0x2E, 0x3B, 0x16, 0x12, 0x09, 0x08, 0x0F, 0x0E, 0x12, 0x05,
	0x07, 0x08, 0x0E, 0x36, 0x0D, 0x12, 0x10, 0x09, 0x0B, 0x02, 0x08, 0x01,
	0x08, 0x11, 0x08, 0x04, 0x06, 0x07, 0x04, 0x05, 0x17, 0x12, 0x0C, 0x0F,
	0x0B, 0x09, 0x1B, 0x06, 0x06, 0x0F, 0x13, 0x19, 0x07, 0x02, 0x04, 0x04,
	0x02, 0x01, 0x03, 0x04, 0x06, 0x04, 0x05, 0x1B, 0x13, 0x02, 0x02, 0x08,
	0x1B, 0x1D, 0x0A, 0x0A, 0x14, 0x14, 0x19, 0x15, 0x0A, 0x0B, 0x25, 0x20,
	0x19, 0x12, 0x17, 0x19, 0x0D, 0x05, 0x0A, 0x09, 0x12, 0x05, 0x01, 0x0C,
	0x18, 0x06, 0x1A, 0x06, 0x1B, 0x0C, 0x04, 0x09, 0x06, 0x13, 0x06, 0x1C,
	0x02, 0x21, 0x24, 0x06, 0x1E, 0x17, 0x22, 0x0B, 0x13, 0x10, 0x0F, 0x03,
	0x03, 0x12, 0x08, 0x0F, 0x09, 0x04, 0x04, 0x08, 0x05, 0x02, 0x2D, 0x1B,
	0x12, 0x12, 0x16, 0x20, 0x50, 0x22, 0x02, 0x02, 0x1D, 0x01, 0x11, 0x03,
	0x06, 0x04, 0x03, 0x15, 0x09, 0x09, 0x05, 0x2F, 0x20, 0x03, 0x19, 0x02,
	0x04, 0x0D, 0x0E, 0x0C, 0x1C, 0x1F, 0x0F, 0x13, 0x11, 0x0C, 0x01, 0x05,
	0x02, 0x25, 0x07, 0x1E, 0x25, 0x1D, 0x02, 0x09, 0x05, 0x1C, 0x47, 0x0B,
	0x0E, 0x1C, 0x04, 0x0A, 0x04, 0x0E, 0x0B, 0x06, 0x01, 0x3B, 0x05, 0x09,
	0x04, 0x03, 0x03, 0x08, 0x07, 0x02, 0x0D, 0x04, 0x02, 0x0A, 0x13, 0x20,
	0x0E, 0x06, 0x04, 0x06, 0x06, 0x02, 0x10, 0x04, 0x02, 0x01, 0x0D, 0x17,
	0x28, 0x06, 0x11, 0x0F, 0x36, 0x06, 0x16, 0x05, 0x03, 0x01, 0x04, 0x06,
	0x08, 0x06, 0x0E, 0x01, 0x02, 0x1C, 0x13, 0x0B, 0x0B, 0x03, 0x04, 0x02,
	0x16, 0x03, 0x0B, 0x17, 0x0B, 0x02, 0x1F, 0x04, 0x05, 0x02, 0x07, 0x03,
	0x12, 0x02, 0x10, 0x1C, 0x19, 0x04, 0x04, 0x2C, 0x01, 0x03, 0x13, 0x0A,
	0x05, 0x0E, 0x01, 0x03, 0x09, 0x03, 0x13, 0x10, 0x04, 0x1F, 0x14, 0x08,
	0x10, 0x02, 0x03, 0x03, 0x1A, 0x10, 0x01, 0x04, 0x11, 0x09, 0x2C, 0x02,
	0x04, 0x01, 0x25, 0x0E, 0x1C, 0x04, 0x03, 0x20, 0x42, 0x02, 0x01, 0x25,
	0x07, 0x07, 0x12, 0x06, 0x01, 0x17, 0x0F, 0x01, 0x16, 0x10, 0x0E, 0x23,
	0x15, 0x0B, 0x16, 0x03, 0x08, 0x02, 0x06, 0x27, 0x21, 0x03, 0x05, 0x0F,
	0x09, 0x34, 0x09, 0x01, 0x03, 0x09, 0x30, 0x14, 0x10, 0x08, 0x2F, 0x30,
	0x09, 0x1F, 0x0B, 0x18, 0x34, 0x02, 0x13, 0x0B, 0x0B, 0x05, 0x04, 0x01,
	0x09, 0x0D, 0x12, 0x04, 0x06, 0x1A, 0x15, 0x17, 0x13, 0x14, 0x1C, 0x07,
	0x07, 0x14, 0x15, 0x02, 0x02, 0x03, 0x0F, 0x04, 0x1E, 0x13, 0x0A, 0x10,
	0x04, 0x17, 0x09, 0x0D, 0x06, 0x1A, 0x07, 0x0E, 0x09, 0x04, 0x02, 0x13,
	0x1F, 0x09, 0x09, 0x02, 0x15, 0x1C, 0x28, 0x0A, 0x36, 0x0E, 0x18, 0x10,
	0x2C, 0x37, 0x17, 0x16, 0x08, 0x06, 0x02, 0x06, 0x08, 0x19, 0x0A, 0x02,
	0x15, 0x0E, 0x31, 0x0F, 0x08, 0x09, 0x10, 0x11, 0x14, 0x1A, 0x0D, 0x05,
	0x07, 0x09, 0x05, 0x09, 0x20, 0x09, 0x08, 0x07, 0x11, 0x19, 0x1C, 0x0D,
	0x12, 0x15, 0x09, 0x02, 0x09, 0x02, 0x05, 0x05, 0x10, 0x03, 0x21, 0x0D,
	0x02, 0x06, 0x19, 0x23, 0x0A, 0x0A, 0x07, 0x24, 0x1A, 0x13, 0x0C, 0x0C,
	0x28, 0x21, 0x11, 0x0F, 0x0E, 0x0E, 0x13, 0x0F, 0x09, 0x09, 0x01, 0x08,
	0x01, 0x03, 0x0A, 0x0B, 0x18, 0x1B, 0x04, 0x0F, 0x0F, 0x12, 0x09, 0x02,
	0x0D, 0x02, 0x0E, 0x12, 0x04, 0x0E, 0x1B, 0x06, 0x1B, 0x07, 0x20, 0x0B,
	0x07, 0x0A, 0x26, 0x03, 0x08, 0x09, 0x04, 0x21, 0x0D, 0x0D, 0x03, 0x0C,
	0x01, 0x21, 0x2A, 0x11, 0x21, 0x2B, 0x4B, 0x23, 0x2E, 0x06, 0x02, 0x07,
	0x02, 0x02, 0x01, 0x01, 0x09, 0x0F, 0x08, 0x04, 0x0A, 0x28, 0x22, 0x06,
	0x01, 0x02, 0x03, 0x19, 0x02, 0x06, 0x02, 0x12, 0x0D, 0x0A, 0x1E, 0x1E,
	0x18, 0x0F, 0x0B, 0x0E, 0x02, 0x19, 0x0D, 0x01, 0x03, 0x0D, 0x13, 0x3C,
	0x12, 0x06, 0x02, 0x09, 0x19, 0x44, 0x10, 0x0E, 0x0F, 0x0E, 0x03, 0x02,
	0x08, 0x01, 0x05, 0x08, 0x11, 0x02, 0x01, 0x3F, 0x03, 0x0D, 0x07, 0x11,
	0x09, 0x01, 0x0E, 0x05, 0x12, 0x02, 0x08, 0x02, 0x16, 0x21, 0x05, 0x06,
	0x07, 0x01, 0x18, 0x01, 0x02, 0x02, 0x26, 0x32, 0x01, 0x09, 0x07, 0x11,
	0x38, 0x04, 0x16, 0x05, 0x01, 0x05, 0x09, 0x09, 0x06, 0x0D, 0x04, 0x1E,
	0x09, 0x05, 0x10, 0x0B, 0x02, 0x07, 0x03, 0x02, 0x03, 0x02, 0x01, 0x10,
	0x0D, 0x03, 0x01, 0x24, 0x19, 0x01, 0x01, 0x03, 0x0E, 0x16, 0x15, 0x11,
	0x01, 0x03, 0x18, 0x05, 0x0F, 0x0F, 0x11, 0xFE, 0xB4, 0x03, 0x14, 0x0A,
	0x0F, 0x07, 0x1B, 0x07, 0x0D, 0x0A, 0x02, 0x15, 0x2A, 0x0B, 0x0D, 0x09,
	0x01, 0xE7, 0x02, 0x08, 0x22, 0x05, 0x0D, 0x12, 0x07, 0x0E, 0x0F, 0x3F,
	0x02, 0x27, 0x0A, 0x18, 0x7F, 0x05, 0x12, 0x11, 0x6F, 0x0C, 0x07, 0x05,
	0x0A, 0x05, 0x03, 0xC5, 0x10, 0x1C, 0x0B, 0x0A, 0x11, 0x15, 0x0E, 0x01,
	0x09, 0xFE, 0xC2, 0x17, 0x01, 0x0F, 0x06, 0x02, 0x22, 0x01, 0x12, 0x02,
	0x0D, 0x2C, 0x1A, 0x1E, 0x30, 0x3A, 0x0A, 0x06, 0x39, 0x34, 0x4A, 0x23,
	0x1E, 0x26, 0x3B, 0x09, 0x04, 0x2E, 0x35, 0x51, 0x24, 0xFE, 0x15, 0x22,
	0x04, 0x16, 0x01, 0x0A, 0x04, 0x20, 0x07, 0x14, 0x0B, 0xFE, 0xC5, 0x0B,
	0x02, 0x07, 0x03, 0x02, 0x0E, 0x16, 0x10, 0x0B, 0x0B, 0x01, 0x0F, 0x05,
	0x18, 0x1B, 0x01, 0x02, 0x01, 0xFE, 0xD0, 0x04, 0x0D, 0x1B, 0x1F, 0x05,
	0x13, 0x22, 0x08, 0x06, 0xC8, 0x01, 0x07, 0x0A, 0x08, 0x08, 0x02, 0x07,
	0x75, 0x03, 0x01, 0x0E, 0x11, 0x15, 0x08, 0x0B, 0x56, 0x1D, 0x03, 0x01,
	0x08, 0x09, 0x01, 0x07, 0x02, 0x00, 0x00, 0x0C, 0x00, 0x00, 0x00, 0x01,
	0x03, 0x34, 0x03, 0x20, 0x00, 0x1B, 0x00, 0x39, 0x00, 0x56, 0x00, 0x9A,
	0x00, 0xAE, 0x00, 0xBE, 0x00, 0xDA, 0x00, 0xEB, 0x01, 0x11, 0x01, 0x1F,
	0x01, 0x2D, 0x01, 0x39, 0x00, 0x00, 0x01, 0x16, 0x15, 0x14, 0x07, 0x16,
	0x06, 0x07, 0x06, 0x23, 0x22, 0x27, 0x26, 0x35, 0x34, 0x37, 0x3E, 0x01,
	0x33, 0x32, 0x16, 0x17, 0x1E, 0x01, 0x17, 0x16, 0x17, 0x14, 0x27, 0x26,
	0x27, 0x26, 0x27, 0x26, 0x23, 0x22, 0x06, 0x07, 0x06, 0x07, 0x36, 0x37,
	0x36, 0x37, 0x36, 0x33, 0x32, 0x17, 0x16, 0x17, 0x07, 0x17, 0x14, 0x07,
	0x17, 0x16, 0x33, 0x32, 0x25, 0x27, 0x23, 0x36, 0x35, 0x34, 0x27, 0x07,
	0x06, 0x23, 0x22, 0x26, 0x23, 0x22, 0x07, 0x16, 0x17, 0x06, 0x07, 0x36,
	0x37, 0x36, 0x37, 0x16, 0x17, 0x27, 0x30, 0x27, 0x36, 0x05, 0x2E, 0x01,
	0x27, 0x06, 0x17, 0x14, 0x16, 0x15, 0x14, 0x07, 0x27, 0x06, 0x07, 0x06,
	0x27, 0x06, 0x15, 0x1E, 0x01, 0x17, 0x06, 0x07, 0x06, 0x07, 0x06, 0x27,
	0x14, 0x06, 0x15, 0x14, 0x17, 0x16, 0x17, 0x16, 0x17, 0x06, 0x27, 0x26,
	0x31, 0x26, 0x23, 0x22, 0x07, 0x22, 0x27, 0x26, 0x31, 0x16, 0x07, 0x06,
	0x23, 0x22, 0x27, 0x26, 0x27, 0x16, 0x17, 0x16, 0x17, 0x16, 0x33, 0x32,
	0x37, 0x3E, 0x01, 0x35, 0x34, 0x01, 0x26, 0x37, 0x34, 0x36, 0x35, 0x34,
	0x27, 0x06, 0x07, 0x06, 0x15, 0x14, 0x17, 0x36, 0x37, 0x17, 0x06, 0x17,
	0x14, 0x17, 0x26, 0x37, 0x27, 0x37, 0x06, 0x31, 0x06, 0x07, 0x06, 0x15,
	0x14, 0x17, 0x36, 0x17, 0x16, 0x25, 0x34, 0x27, 0x06, 0x27, 0x26, 0x27,
	0x36, 0x37, 0x06, 0x07, 0x17, 0x30, 0x37, 0x1E, 0x01, 0x37, 0x36, 0x37,
	0x06, 0x15, 0x14, 0x16, 0x17, 0x37, 0x06, 0x17, 0x16, 0x27, 0x26, 0x23,
	0x22, 0x06, 0x23, 0x22, 0x3F, 0x01, 0x30, 0x07, 0x16, 0x17, 0x36, 0x37,
	0x06, 0x15, 0x17, 0x26, 0x07, 0x37, 0x26, 0x07, 0x36, 0x31, 0x26, 0x27,
	0x06, 0x27, 0x36, 0x27, 0x26, 0x07, 0x06, 0x27, 0x32, 0x37, 0x26, 0x23,
	0x22, 0x23, 0x16, 0x33, 0x32, 0x36, 0x37, 0x26, 0x37, 0x06, 0x17, 0x06,
	0x17, 0x16, 0x33, 0x32, 0x07, 0x16, 0x06, 0x07, 0x26, 0x27, 0x16, 0x37,
	0x36, 0x37, 0x36, 0x2F, 0x01, 0x16, 0x07, 0x36, 0x35, 0x34, 0x27, 0x30,
	0x07, 0x15, 0x26, 0x27, 0x36, 0x33, 0x32, 0x1F, 0x01, 0x26, 0x27, 0x26,
	0x27, 0x36, 0x27, 0x36, 0x37, 0x06, 0x15, 0x14, 0x03, 0x33, 0x01, 0x0E,
	0x06, 0x7A, 0x6B, 0x50, 0x66, 0x9B, 0x66, 0x90, 0x14, 0x27, 0xD8, 0x82,
	0x6C, 0xB6, 0x37, 0x04, 0x19, 0x05, 0x08, 0x01, 0x24, 0x26, 0x8C, 0x21,
	0x21, 0x28, 0x1E, 0x1E, 0x33, 0x09, 0x03, 0x05, 0x06, 0x0B, 0x09, 0x10,
	0x15, 0x23, 0x1E, 0x19, 0x7C, 0x01, 0x02, 0x02, 0x02, 0x04, 0x3A, 0x2D,
	0x0F, 0xFE, 0xBB, 0x1F, 0x24, 0x03, 0x12, 0x19, 0x05, 0x0F, 0x07, 0x21,
	0x08, 0x08, 0x06, 0x0C, 0x18, 0x21, 0x0E, 0x0B, 0x18, 0x0E, 0x1F, 0x25,
	0x2B, 0x0B, 0x10, 0x11, 0x01, 0xAB, 0x24, 0x73, 0x22, 0x17, 0x05, 0x08,
	0x01, 0x09, 0x15, 0x39, 0x1B, 0x3A, 0x14, 0x02, 0x2A, 0x03, 0x02, 0x14,
	0x07, 0x07, 0x08, 0x05, 0x06, 0x15, 0x08, 0x11, 0x15, 0x06, 0x0A, 0x0F,
	0x18, 0x17, 0x0A, 0x05, 0x05, 0x0A, 0x08, 0x0F, 0x01, 0x03, 0x1A, 0x3C,
	0x19, 0x41, 0x76, 0x2B, 0x0D, 0x2D, 0x2F, 0x47, 0x5B, 0x7D, 0x82, 0x5B,
	0x54, 0x5D, 0xFE, 0x7E, 0x1A, 0x01, 0x09, 0x07, 0x0B, 0x12, 0x02, 0x02,
	0x01, 0x0A, 0x03, 0x0A, 0x01, 0x14, 0x20, 0x03, 0x14, 0x0B, 0x14, 0x0B,
	0x05, 0x02, 0x02, 0x15, 0x12, 0x14, 0x01, 0x5F, 0x1B, 0x09, 0x0C, 0x10,
	0x05, 0x01, 0x08, 0x01, 0x01, 0x09, 0x06, 0x04, 0x09, 0x07, 0x02, 0x03,
	0x01, 0x0D, 0x01, 0x07, 0x04, 0x03, 0x01, 0x47, 0x04, 0x06, 0x02, 0x0B,
	0x02, 0x0A, 0x01, 0x05, 0x03, 0x06, 0x0A, 0x03, 0x0A, 0x04, 0x2A, 0x07,
	0x11, 0x04, 0x09, 0x0F, 0x04, 0x03, 0x08, 0x06, 0x03, 0x03, 0x01, 0x04,
	0x07, 0x09, 0x04, 0x08, 0x01, 0x02, 0x08, 0x08, 0x07, 0x04, 0x03, 0x05,
	0x07, 0x01, 0x07, 0x0E, 0x08, 0x06, 0x06, 0x01, 0x19, 0x1F, 0x0B, 0x7D,
	0x07, 0x15, 0x17, 0x0F, 0x08, 0x0A, 0x18, 0x09, 0x0D, 0x03, 0x20, 0x0B,
	0x25, 0x37, 0x01, 0x13, 0x06, 0x02, 0x01, 0x04, 0x05, 0x0C, 0x06, 0x21,
	0x10, 0x04, 0x0F, 0x05, 0x01, 0x07, 0x03, 0x0C, 0x0B, 0x01, 0xD2, 0x03,
	0x04, 0x0C, 0x10, 0x7A, 0xD2, 0x38, 0x2A, 0x57, 0x7B, 0xBB, 0x3F, 0x3D,
	0x7C, 0x9A, 0x6A, 0x5C, 0x04, 0x06, 0x07, 0x0E, 0x32, 0x28, 0x5C, 0x64,
	0x4F, 0x0D, 0x0D, 0x0E, 0x1B, 0x1F, 0x0B, 0x2D, 0x08, 0x1F, 0x1A, 0x0B,
	0x0E, 0x0A, 0x30, 0x58, 0x02, 0x02, 0x03, 0x04, 0x04, 0x25, 0x0F, 0x04,
	0x08, 0x08, 0x16, 0x18, 0x1D, 0x18, 0x0D, 0x04, 0x15, 0x2C, 0x1C, 0x2D,
	0x0E, 0x0A, 0x0B, 0x0E, 0x2F, 0x07, 0x2F, 0x1B, 0x04, 0x60, 0x01, 0x3E,
	0x02, 0x1B, 0x1A, 0x04, 0x0B, 0x02, 0x02, 0x01, 0x08, 0x26, 0x0D, 0x06,
	0x0B, 0x0D, 0x1B, 0x0F, 0x25, 0x0D, 0x0C, 0x0F, 0x02, 0x01, 0x03, 0x04,
	0x07, 0x26, 0x0A, 0x1E, 0x0D, 0x09, 0x01, 0x02, 0x04, 0x03, 0x02, 0x04,
	0x0B, 0x02, 0x09, 0x0F, 0x09, 0x0F, 0x28, 0x0D, 0x25, 0xB3, 0x56, 0x4B,
	0x4E, 0x2E, 0x3B, 0x3F, 0x3B, 0xAA, 0x61, 0x18, 0xFF, 0x00, 0x17, 0x20,
	0x07, 0x1E, 0x07, 0x0B, 0x08, 0x03, 0x0F, 0x05, 0x07, 0x07, 0x05, 0x04,
	0x0B, 0x02, 0x13, 0x08, 0x2B, 0x0C, 0x1B, 0x1E, 0x07, 0x07, 0x01, 0x02,
	0x08, 0x04, 0x05, 0x06, 0x03, 0x04, 0x15, 0x18, 0xF8, 0x09, 0x12, 0x01,
	0x06, 0x07, 0x01, 0x05, 0x06, 0x03, 0x06, 0x09, 0x09, 0x05, 0x0D, 0x03,
	0x01, 0x08, 0x04, 0x02, 0x06, 0x0B, 0x02, 0x0B, 0x04, 0x07, 0x05, 0x22,
	0x03, 0x02, 0x0F, 0x04, 0x09, 0x03, 0x06, 0x07, 0x09, 0x02, 0x0C, 0x78,
	0x02, 0x0B, 0x05, 0x06, 0x0B, 0x07, 0x01, 0x01, 0x05, 0x01, 0x03, 0x01,
	0x04, 0x02, 0x03, 0x01, 0x05, 0x06, 0x01, 0x12, 0x01, 0x13, 0x11, 0x0C,
	0x1C, 0x06, 0x03, 0x12, 0x1B, 0x16, 0x2A, 0x03, 0x05, 0x02, 0x08, 0x0A,
	0x0A, 0x16, 0x24, 0x13, 0x02, 0x03, 0x3D, 0x03, 0x04, 0x0A, 0x0E, 0x04,
	0x03, 0x01, 0x06, 0x05, 0x0E, 0xBF, 0x06, 0x02, 0x07, 0x0B, 0x08, 0x06,
	0x26, 0x0F, 0x1C, 0x0E, 0x24, 0x00, 0x00, 0x76, 0x00, 0x00, 0x00, 0x00,
	0x03, 0x40, 0x03, 0x20, 0x00, 0x88, 0x00, 0x8B, 0x00, 0x8D, 0x00, 0x90,
	0x00, 0x93, 0x00, 0x96, 0x00, 0x99, 0x00, 0x9D, 0x00, 0xC6, 0x00, 0xC9,
	0x00, 0xD2, 0x00, 0xD5, 0x00, 0xE3, 0x00, 0xE6, 0x00, 0xE9, 0x00, 0xEC,
	0x00, 0xF3, 0x00, 0xF9, 0x00, 0xFA, 0x00, 0xFD, 0x01, 0x26, 0x01, 0x2A,
	0x01, 0x2C, 0x01, 0x33, 0x01, 0x37, 0x01, 0x3A, 0x01, 0x40, 0x01, 0x44,
	0x01, 0x47, 0x01, 0x4D, 0x01, 0x53, 0x01, 0x58, 0x01, 0x68, 0x01, 0x6F,
	0x01, 0x74, 0x01, 0x77, 0x01, 0x7C, 0x01, 0x8F, 0x01, 0x97, 0x01, 0x9A,
	0x01, 0x9D, 0x01, 0xA0, 0x01, 0xA3, 0x01, 0xA6, 0x01, 0xCB, 0x01, 0xCF,
	0x01, 0xD2, 0x01, 0xD6, 0x01, 0xDD, 0x01, 0xE2, 0x01, 0xE7, 0x01, 0xFA,
	0x01, 0xFF, 0x02, 0x04, 0x02, 0x0A, 0x02, 0x10, 0x02, 0x16, 0x02, 0x1A,
	0x02, 0x1D, 0x02, 0x40, 0x02, 0x44, 0x02, 0x47, 0x02, 0x4B, 0x02, 0x4E,
	0x02, 0x53, 0x02, 0x56, 0x02, 0x59, 0x02, 0x5E, 0x02, 0x61, 0x02, 0x67,
	0x02, 0x6B, 0x02, 0x71, 0x02, 0x77, 0x02, 0x86, 0x02, 0x8B, 0x02, 0x91,
	0x02, 0x98, 0x02, 0x9E, 0x02, 0xA1, 0x02, 0xA5, 0x02, 0xA9, 0x02, 0xAD,
	0x02, 0xB1, 0x02, 0xB8, 0x02, 0xE2, 0x02, 0xE4, 0x02, 0xE9, 0x02, 0xED,
	0x02, 0xF4, 0x02, 0xF9, 0x02, 0xFE, 0x03, 0x00, 0x03, 0x03, 0x03, 0x07,
	0x03, 0x0D, 0x03, 0x10, 0x03, 0x14, 0x03, 0x1A, 0x03, 0x1D, 0x03, 0x21,
	0x03, 0x4B, 0x03, 0x4F, 0x03, 0x52, 0x03, 0x55, 0x03, 0x57, 0x03, 0x58,
	0x03, 0x5A, 0x03, 0x66, 0x03, 0x71, 0x03, 0x7C, 0x03, 0x87, 0x03, 0x94,
	0x03, 0x9D, 0x03, 0xA7, 0x03, 0xB4, 0x03, 0xC1, 0x03, 0xC9, 0x03, 0xD4,
	0x00, 0x00, 0x01, 0x0E, 0x01, 0x27, 0x26, 0x23, 0x22, 0x06, 0x07, 0x06,
	0x07, 0x16, 0x17, 0x27, 0x06, 0x15, 0x16, 0x31, 0x16, 0x17, 0x16, 0x15,
	0x14, 0x07, 0x06, 0x17, 0x26, 0x27, 0x2E, 0x01, 0x27, 0x26, 0x27, 0x26,
	0x27, 0x07, 0x27, 0x26, 0x07, 0x30, 0x07, 0x06, 0x07, 0x06, 0x07, 0x06,
	0x07, 0x26, 0x37, 0x36, 0x37, 0x36, 0x26, 0x35, 0x34, 0x37, 0x27, 0x07,
	0x37, 0x26, 0x23, 0x22, 0x06, 0x23, 0x22, 0x26, 0x23, 0x22, 0x07, 0x36,
	0x37, 0x16, 0x37, 0x36, 0x37, 0x36, 0x33, 0x27, 0x17, 0x16, 0x37, 0x2E,
	0x01, 0x37, 0x34, 0x36, 0x35, 0x34, 0x27, 0x16, 0x17, 0x14, 0x17, 0x16,
	0x17, 0x1E, 0x01, 0x17, 0x37, 0x17, 0x16, 0x37, 0x36, 0x37, 0x36, 0x37,
	0x36, 0x37, 0x36, 0x37, 0x16, 0x07, 0x06, 0x07, 0x06, 0x17, 0x16, 0x15,
	0x14, 0x07, 0x17, 0x36, 0x37, 0x36, 0x17, 0x36, 0x17, 0x07, 0x16, 0x17,
	0x16, 0x36, 0x33, 0x32, 0x16, 0x33, 0x32, 0x27, 0x35, 0x27, 0x15, 0x27,
	0x15, 0x35, 0x27, 0x15, 0x35, 0x27, 0x17, 0x35, 0x27, 0x17, 0x35, 0x27,
	0x15, 0x36, 0x27, 0x16, 0x27, 0x07, 0x27, 0x06, 0x07, 0x0E, 0x01, 0x07,
	0x33, 0x32, 0x37, 0x36, 0x37, 0x36, 0x37, 0x36, 0x37, 0x17, 0x06, 0x07,
	0x06, 0x07, 0x14, 0x07, 0x06, 0x27, 0x16, 0x17, 0x3E, 0x01, 0x37, 0x36,
	0x17, 0x36, 0x27, 0x26, 0x07, 0x26, 0x35, 0x34, 0x36, 0x17, 0x26, 0x2F,
	0x01, 0x36, 0x27, 0x26, 0x07, 0x06, 0x27, 0x36, 0x16, 0x17, 0x26, 0x2F,
	0x01, 0x30, 0x27, 0x26, 0x37, 0x36, 0x26, 0x27, 0x17, 0x06, 0x23, 0x22,
	0x26, 0x23, 0x27, 0x35, 0x23, 0x17, 0x27, 0x07, 0x17, 0x27, 0x23, 0x13,
	0x26, 0x27, 0x16, 0x17, 0x16, 0x15, 0x27, 0x26, 0x27, 0x26, 0x31, 0x17,
	0x27, 0x17, 0x35, 0x27, 0x01, 0x26, 0x27, 0x26, 0x07, 0x06, 0x07, 0x06,
	0x23, 0x22, 0x27, 0x06, 0x17, 0x16, 0x33, 0x16, 0x37, 0x36, 0x37, 0x36,
	0x33, 0x32, 0x17, 0x16, 0x17, 0x06, 0x26, 0x23, 0x0E, 0x01, 0x23, 0x22,
	0x27, 0x15, 0x16, 0x37, 0x36, 0x33, 0x32, 0x17, 0x16, 0x27, 0x26, 0x27,
	0x17, 0x2F, 0x01, 0x17, 0x26, 0x27, 0x16, 0x17, 0x16, 0x07, 0x27, 0x26,
	0x07, 0x36, 0x17, 0x35, 0x27, 0x17, 0x36, 0x27, 0x26, 0x27, 0x16, 0x27,
	0x26, 0x07, 0x30, 0x01, 0x27, 0x17, 0x03, 0x26, 0x07, 0x06, 0x07, 0x36,
	0x17, 0x26, 0x23, 0x06, 0x07, 0x36, 0x17, 0x26, 0x37, 0x26, 0x07, 0x05,
	0x16, 0x07, 0x27, 0x16, 0x07, 0x26, 0x36, 0x27, 0x16, 0x07, 0x33, 0x3E,
	0x01, 0x35, 0x34, 0x07, 0x36, 0x35, 0x34, 0x27, 0x16, 0x07, 0x27, 0x16,
	0x06, 0x17, 0x36, 0x01, 0x27, 0x07, 0x01, 0x06, 0x07, 0x3E, 0x01, 0x01,
	0x26, 0x27, 0x06, 0x07, 0x32, 0x3F, 0x01, 0x36, 0x17, 0x30, 0x07, 0x37,
	0x16, 0x15, 0x14, 0x06, 0x07, 0x36, 0x17, 0x26, 0x23, 0x22, 0x07, 0x06,
	0x07, 0x36, 0x01, 0x07, 0x37, 0x27, 0x07, 0x37, 0x27, 0x07, 0x36, 0x27,
	0x07, 0x37, 0x27, 0x07, 0x37, 0x01, 0x36, 0x26, 0x27, 0x37, 0x0E, 0x01,
	0x07, 0x26, 0x27, 0x26, 0x27, 0x17, 0x16, 0x07, 0x06, 0x15, 0x14, 0x16,
	0x07, 0x36, 0x37, 0x34, 0x27, 0x26, 0x27, 0x26, 0x27, 0x37, 0x16, 0x17,
	0x1E, 0x01, 0x17, 0x16, 0x07, 0x30, 0x01, 0x06, 0x07, 0x36, 0x27, 0x07,
	0x36, 0x37, 0x06, 0x07, 0x36, 0x27, 0x06, 0x07, 0x06, 0x07, 0x17, 0x36,
	0x27, 0x0E, 0x01, 0x07, 0x36, 0x37, 0x06, 0x07, 0x33, 0x36, 0x37, 0x26,
	0x27, 0x26, 0x23, 0x22, 0x07, 0x06, 0x15, 0x14, 0x16, 0x17, 0x16, 0x33,
	0x32, 0x37, 0x36, 0x35, 0x34, 0x25, 0x23, 0x06, 0x07, 0x36, 0x37, 0x27,
	0x06, 0x07, 0x36, 0x37, 0x06, 0x07, 0x06, 0x07, 0x36, 0x35, 0x27, 0x06,
	0x07, 0x3E, 0x01, 0x2F, 0x01, 0x0E, 0x01, 0x07, 0x36, 0x37, 0x0E, 0x01,
	0x07, 0x37, 0x23, 0x07, 0x01, 0x36, 0x27, 0x2E, 0x01, 0x27, 0x26, 0x37,
	0x06, 0x17, 0x1E, 0x01, 0x17, 0x16, 0x17, 0x16, 0x17, 0x07, 0x26, 0x27,
	0x26, 0x27, 0x26, 0x27, 0x26, 0x27, 0x26, 0x37, 0x07, 0x06, 0x16, 0x17,
	0x16, 0x17, 0x16, 0x01, 0x23, 0x06, 0x07, 0x37, 0x23, 0x07, 0x01, 0x07,
	0x33, 0x30, 0x01, 0x23, 0x07, 0x01, 0x07, 0x17, 0x32, 0x36, 0x01, 0x23,
	0x07, 0x37, 0x23, 0x07, 0x01, 0x06, 0x07, 0x15, 0x36, 0x17, 0x07, 0x17,
	0x37, 0x06, 0x07, 0x16, 0x07, 0x30, 0x37, 0x07, 0x17, 0x32, 0x01, 0x27,
	0x06, 0x17, 0x36, 0x26, 0x27, 0x06, 0x07, 0x06, 0x17, 0x34, 0x07, 0x26,
	0x35, 0x34, 0x37, 0x06, 0x07, 0x06, 0x17, 0x30, 0x35, 0x34, 0x37, 0x16,
	0x15, 0x05, 0x27, 0x16, 0x33, 0x36, 0x17, 0x06, 0x27, 0x16, 0x33, 0x36,
	0x25, 0x26, 0x27, 0x06, 0x15, 0x14, 0x16, 0x01, 0x06, 0x27, 0x16, 0x37,
	0x36, 0x01, 0x35, 0x27, 0x01, 0x30, 0x27, 0x16, 0x27, 0x26, 0x27, 0x06,
	0x17, 0x06, 0x27, 0x16, 0x17, 0x06, 0x27, 0x16, 0x27, 0x26, 0x27, 0x07,
	0x16, 0x17, 0x16, 0x27, 0x26, 0x27, 0x26, 0x23, 0x22, 0x06, 0x07, 0x06,
	0x23, 0x22, 0x27, 0x26, 0x27, 0x36, 0x17, 0x16, 0x17, 0x16, 0x36, 0x33,
	0x32, 0x17, 0x26, 0x23, 0x22, 0x0E, 0x01, 0x23, 0x22, 0x26, 0x23, 0x22,
	0x07, 0x16, 0x17, 0x16, 0x33, 0x32, 0x36, 0x33, 0x32, 0x13, 0x2F, 0x01,
	0x26, 0x27, 0x07, 0x16, 0x17, 0x30, 0x27, 0x15, 0x27, 0x26, 0x27, 0x06,
	0x15, 0x14, 0x16, 0x17, 0x23, 0x16, 0x33, 0x32, 0x27, 0x26, 0x27, 0x07,
	0x16, 0x17, 0x27, 0x17, 0x23, 0x16, 0x2F, 0x01, 0x1E, 0x01, 0x27, 0x26,
	0x27, 0x06, 0x15, 0x14, 0x05, 0x27, 0x17, 0x2F, 0x01, 0x06, 0x16, 0x17,
	0x26, 0x27, 0x16, 0x17, 0x32, 0x2F, 0x01, 0x16, 0x17, 0x26, 0x27, 0x06,
	0x17, 0x27, 0x06, 0x07, 0x06, 0x07, 0x06, 0x07, 0x06, 0x07, 0x27, 0x36,
	0x37, 0x36, 0x37, 0x3E, 0x01, 0x37, 0x26, 0x27, 0x0E, 0x01, 0x07, 0x06,
	0x27, 0x14, 0x17, 0x16, 0x37, 0x16, 0x15, 0x14, 0x06, 0x07, 0x37, 0x17,
	0x3E, 0x01, 0x37, 0x36, 0x37, 0x36, 0x27, 0x26, 0x27, 0x06, 0x17, 0x27,
	0x06, 0x17, 0x35, 0x27, 0x17, 0x27, 0x07, 0x15, 0x27, 0x25, 0x26, 0x27,
	0x26, 0x31, 0x06, 0x07, 0x36, 0x33, 0x32, 0x1F, 0x02, 0x26, 0x07, 0x06,
	0x07, 0x36, 0x33, 0x32, 0x1F, 0x01, 0x30, 0x17, 0x26, 0x27, 0x26, 0x07,
	0x06, 0x07, 0x36, 0x33, 0x32, 0x17, 0x07, 0x26, 0x27, 0x26, 0x07, 0x36,
	0x33, 0x32, 0x1F, 0x01, 0x16, 0x07, 0x14, 0x07, 0x26, 0x23, 0x22, 0x07,
	0x06, 0x22, 0x07, 0x36, 0x33, 0x32, 0x17, 0x06, 0x07, 0x26, 0x2B, 0x01,
	0x36, 0x33, 0x32, 0x17, 0x06, 0x07, 0x26, 0x23, 0x22, 0x07, 0x36, 0x33,
	0x32, 0x17, 0x06, 0x23, 0x22, 0x26, 0x07, 0x26, 0x23, 0x22, 0x07, 0x36,
	0x33, 0x32, 0x17, 0x06, 0x23, 0x22, 0x26, 0x07, 0x26, 0x23, 0x22, 0x23,
	0x36, 0x33, 0x32, 0x17, 0x06, 0x07, 0x26, 0x07, 0x36, 0x17, 0x16, 0x17,
	0x0E, 0x01, 0x07, 0x26, 0x27, 0x26, 0x31, 0x36, 0x33, 0x32, 0x03, 0x40,
	0x0C, 0x1A, 0x0D, 0x21, 0x0C, 0x08, 0x0D, 0x19, 0x12, 0x14, 0x25, 0x4A,
	0xC4, 0x06, 0x01, 0x02, 0x22, 0x18, 0x02, 0x08, 0x15, 0x0F, 0x1B, 0x04,
	0x08, 0x11, 0x17, 0x17, 0x19, 0x0C, 0x3F, 0x48, 0x07, 0x0E, 0x07, 0x04,
	0x15, 0x22, 0x08, 0x16, 0x07, 0x07, 0x0A, 0x0F, 0x18, 0x02, 0x15, 0x03,
	0x05, 0xAC, 0x82, 0x0A, 0x0C, 0x0B, 0x2C, 0x0C, 0x11, 0x37, 0x13, 0x09,
	0x0A, 0x15, 0x1B, 0x25, 0x18, 0x07, 0x1B, 0x14, 0x16, 0x6F, 0xBC, 0x05,
	0x06, 0x02, 0x3F, 0x04, 0x03, 0x13, 0x1B, 0x12, 0x07, 0x04, 0x12, 0x16,
	0x2F, 0x0D, 0x40, 0x45, 0x05, 0x08, 0x0A, 0x06, 0x04, 0x16, 0x21, 0x0A,
	0x16, 0x07, 0x07, 0x0A, 0x0F, 0x19, 0x03, 0x0C, 0x0D, 0x06, 0x06, 0x23,
	0x23, 0x2A, 0x1C, 0x0A, 0x16, 0x7D, 0x04, 0x07, 0x0E, 0x30, 0x0C, 0x0D,
	0x37, 0x18, 0x08, 0x54, 0x05, 0x08, 0x08, 0x0B, 0x03, 0x0B, 0x03, 0x0B,
	0x05, 0x12, 0x06, 0x4D, 0x08, 0x03, 0x10, 0x15, 0x1B, 0x0D, 0x12, 0x02,
	0x17, 0x03, 0x05, 0x01, 0x06, 0x14, 0x1A, 0x06, 0x03, 0x08, 0x0D, 0x17,
	0x06, 0x06, 0x0C, 0x09, 0x05, 0x08, 0x0B, 0x06, 0x02, 0x07, 0x0B, 0x01,
	0x03, 0x04, 0x09, 0x04, 0x36, 0x4F, 0x03, 0x0C, 0x5B, 0x01, 0x06, 0x03,
	0x04, 0x06, 0x03, 0x06, 0x0B, 0x64, 0x01, 0x14, 0x43, 0x03, 0x02, 0x03,
	0x01, 0x0E, 0x06, 0x13, 0x03, 0x03, 0x02, 0x0A, 0x03, 0x8A, 0x0D, 0x10,
	0x0E, 0x02, 0x15, 0x03, 0x12, 0xFE, 0x0C, 0x0F, 0x07, 0x07, 0x08, 0x4B,
	0x03, 0x0A, 0x12, 0x1D, 0xAA, 0x1B, 0x1D, 0x01, 0x8A, 0x09, 0x23, 0x1A,
	0x16, 0x06, 0x14, 0x10, 0x0A, 0x0B, 0x09, 0x01, 0x04, 0x07, 0x01, 0x0D,
	0x0F, 0x0C, 0x0D, 0x0A, 0x09, 0x0F, 0x14, 0x1D, 0x04, 0x0D, 0x30, 0x0D,
	0x08, 0x24, 0x0A, 0x0B, 0x09, 0x07, 0x1B, 0x10, 0x18, 0x0C, 0x1F, 0x1C,
	0xD4, 0x10, 0x12, 0x20, 0x85, 0x1D, 0xF1, 0x05, 0x18, 0x08, 0x08, 0x09,
	0x01, 0xC9, 0x0A, 0x19, 0x0D, 0x18, 0x22, 0xDE, 0x04, 0x0B, 0x04, 0x14,
	0x14, 0xA9, 0x11, 0x1E, 0x01, 0x28, 0x08, 0x06, 0xEF, 0x08, 0x15, 0x11,
	0x11, 0x22, 0x25, 0x09, 0x17, 0x12, 0x13, 0x25, 0x25, 0x03, 0x01, 0x17,
	0x33, 0x01, 0x20, 0x04, 0x06, 0x06, 0x01, 0x03, 0x06, 0x01, 0x03, 0x01,
	0x04, 0x03, 0x01, 0x17, 0x23, 0x03, 0x03, 0x02, 0x0A, 0x05, 0x02, 0x06,
	0x01, 0x0C, 0xFE, 0xC6, 0x05, 0x1D, 0x01, 0xAD, 0x05, 0x06, 0x05, 0x04,
	0xFE, 0x6A, 0x0C, 0x16, 0x06, 0x04, 0x01, 0x01, 0x02, 0x0A, 0x04, 0x08,
	0x15, 0x02, 0x0E, 0x01, 0x08, 0x25, 0x03, 0x03, 0x07, 0x09, 0x0D, 0x02,
	0x0C, 0x01, 0x93, 0x07, 0x05, 0x05, 0x0E, 0x08, 0x05, 0x0D, 0x09, 0x04,
	0x10, 0x0B, 0x06, 0x10, 0x0B, 0xFE, 0x80, 0x03, 0x15, 0x0B, 0x0A, 0x05,
	0x04, 0x01, 0x1A, 0x07, 0x09, 0x0B, 0x03, 0x01, 0x04, 0x01, 0x3C, 0x01,
	0x02, 0x06, 0x18, 0x1A, 0x08, 0x02, 0x03, 0x02, 0x06, 0x07, 0x08, 0x2B,
	0x08, 0x01, 0x04, 0x01, 0x83, 0x01, 0x14, 0x0E, 0x06, 0x16, 0x08, 0x03,
	0x04, 0x19, 0x14, 0x02, 0x02, 0x0D, 0x0A, 0x0C, 0x03, 0x16, 0x04, 0x08,
	0x12, 0x0D, 0x17, 0x06, 0x08, 0x25, 0x08, 0x0E, 0x02, 0x19, 0x24, 0x34,
	0x47, 0x37, 0x2A, 0x65, 0x57, 0x43, 0x18, 0x17, 0x6D, 0x3D, 0x1F, 0xFE,
	0x9B, 0x08, 0x1C, 0x09, 0x17, 0x04, 0x03, 0x0E, 0x17, 0x15, 0x03, 0x0F,
	0x0A, 0x06, 0x06, 0x12, 0x02, 0x11, 0x0A, 0x06, 0x0D, 0x08, 0x03, 0x07,
	0x08, 0x03, 0x04, 0x03, 0x08, 0x09, 0x04, 0x06, 0x03, 0x0D, 0x01, 0xD2,
	0x01, 0x04, 0x07, 0x29, 0x07, 0x01, 0x03, 0x0A, 0x02, 0x04, 0x11, 0x08,
	0x19, 0x05, 0x03, 0x02, 0x03, 0x07, 0x02, 0x02, 0x02, 0x06, 0x14, 0x19,
	0x07, 0x08, 0x08, 0x08, 0x03, 0x16, 0x0A, 0x1C, 0x06, 0x07, 0xFE, 0x3F,
	0x03, 0x08, 0x05, 0x05, 0x05, 0x08, 0x01, 0xAD, 0x08, 0x06, 0xFE, 0x58,
	0x03, 0x0A, 0x01, 0xAF, 0x10, 0x03, 0x05, 0x08, 0xFE, 0x51, 0x03, 0x08,
	0x03, 0x03, 0x08, 0x01, 0xA5, 0x0B, 0x17, 0x12, 0x20, 0x12, 0x02, 0x05,
	0x0C, 0x19, 0x04, 0x01, 0x25, 0x1A, 0x02, 0x08, 0xFE, 0xC0, 0x03, 0x0E,
	0x09, 0x03, 0x01, 0x08, 0x07, 0x02, 0x03, 0x05, 0x08, 0x03, 0x03, 0x05,
	0x0B, 0x01, 0x03, 0x06, 0x05, 0x01, 0x0E, 0x4D, 0x0B, 0x1A, 0x14, 0x12,
	0x25, 0x20, 0x09, 0x17, 0x12, 0xFE, 0xF7, 0x01, 0x04, 0x03, 0x08, 0x01,
	0x1E, 0x22, 0x1D, 0x07, 0x16, 0x11, 0xFE, 0xE8, 0x05, 0x01, 0x26, 0x2F,
	0x11, 0xA3, 0x14, 0x0C, 0x04, 0xE0, 0x0C, 0x17, 0x09, 0x1F, 0x0D, 0x18,
	0x0B, 0xBA, 0x0B, 0x0D, 0x05, 0x01, 0x0B, 0x08, 0x07, 0x01, 0x07, 0x06,
	0x07, 0x08, 0x1C, 0x06, 0x0B, 0x0A, 0x0F, 0x16, 0x1A, 0x09, 0x0E, 0x15,
	0x11, 0x11, 0x0D, 0x29, 0x0B, 0x0A, 0x0A, 0x08, 0x0C, 0x0A, 0x19, 0x14,
	0x0A, 0x0B, 0x29, 0x0B, 0x07, 0x07, 0x0F, 0x29, 0x0A, 0x0A, 0x0C, 0x2B,
	0x0B, 0x0C, 0xEB, 0x1D, 0x67, 0x13, 0x0A, 0x03, 0x06, 0xA1, 0x1D, 0xC4,
	0x0F, 0x06, 0x02, 0x10, 0xE5, 0x15, 0x04, 0x08, 0x07, 0x8A, 0x0B, 0x12,
	0x03, 0x0A, 0xA5, 0x15, 0x15, 0x10, 0x0A, 0x91, 0x18, 0x01, 0x17, 0x57,
	0x0E, 0x05, 0x01, 0x01, 0x02, 0x0D, 0x03, 0x8F, 0x13, 0x01, 0x0D, 0x0F,
	0x08, 0x0E, 0x01, 0x07, 0x07, 0x66, 0x10, 0x02, 0x03, 0x06, 0x07, 0x06,
	0xC2, 0x03, 0x16, 0x03, 0x04, 0x02, 0x06, 0x16, 0x1A, 0x07, 0x03, 0x06,
	0x16, 0x13, 0x06, 0x02, 0x04, 0x15, 0x06, 0x0A, 0x0A, 0x04, 0x02, 0x07,
	0x0C, 0x03, 0x04, 0x09, 0x03, 0x35, 0x03, 0x08, 0x03, 0x08, 0x2C, 0x09,
	0x09, 0x02, 0x01, 0xA3, 0x06, 0x08, 0x03, 0x06, 0x0A, 0x06, 0x08, 0x0A,
	0x02, 0x0A, 0x06, 0x08, 0x01, 0xF5, 0x13, 0x27, 0x40, 0x73, 0x3E, 0x5F,
	0x63, 0x2F, 0x2A, 0x10, 0x08, 0x2E, 0x61, 0x34, 0x4E, 0x45, 0x6B, 0x20,
	0x26, 0x18, 0x08, 0x25, 0x37, 0x17, 0x4E, 0x17, 0x2E, 0x3E, 0x51, 0x41,
	0x36, 0x02, 0x12, 0x3E, 0x61, 0x43, 0x29, 0x47, 0x40, 0x3C, 0x08, 0x06,
	0x09, 0x05, 0x4C, 0x59, 0x12, 0x13, 0x03, 0x14, 0x03, 0x29, 0x35, 0x48,
	0x3B, 0x01, 0x07, 0x37, 0x8A, 0x0B, 0x27, 0x2D, 0x48, 0x2B, 0x04, 0x07,
	0x2A, 0x4B, 0x18, 0x24, 0x20, 0x29, 0x3B, 0x2A, 0x01, 0x06, 0x03, 0x15,
	0x06, 0x2B, 0x26, 0x1A, 0x16, 0x1F, 0x2A, 0x33, 0x18, 0x03, 0x06, 0x03,
	0x16, 0x06, 0x13, 0x21, 0x35, 0x01, 0x1D, 0x21, 0x2F, 0x15, 0x04, 0x09,
	0x27, 0x48, 0x12, 0x42, 0x0A, 0x06, 0x01, 0x0A, 0x05, 0x0E, 0x1A, 0x2C,
	0x10, 0x15, 0x1E, 0x01, 0x9D, 0x08, 0x11, 0x01, 0x0E, 0x07, 0x21, 0x17,
	0x01, 0x2E, 0x5C, 0x20, 0x02, 0x07, 0x0C, 0x03, 0x1D, 0x14, 0x14, 0x06,
	0x07, 0x39, 0x16, 0x06, 0x17, 0x12, 0x27, 0x06, 0x03, 0x02, 0x06, 0x10,
	0xA7, 0xBC, 0x02, 0x0D, 0x2F, 0x1C, 0x09, 0x10, 0x06, 0x0E, 0x17, 0x25,
	0x0E, 0x0B, 0x1D, 0x10, 0x37, 0x0C, 0x09, 0x08, 0x03, 0x1B, 0x9D, 0x08,
	0x13, 0x2B, 0x03, 0x12, 0x06, 0x11, 0x03, 0x05, 0x22, 0x19, 0x8C, 0x20,
	0x01, 0x04, 0x11, 0x30, 0x19, 0x08, 0x1F, 0x07, 0x1B, 0x0F, 0x07, 0x16,
	0x01, 0x23, 0x16, 0x06, 0x02, 0x07, 0x0F, 0xA7, 0xB7, 0x09, 0x07, 0x0A,
	0x27, 0x21, 0x0A, 0x0F, 0x06, 0x0F, 0x17, 0x24, 0x0F, 0x0B, 0x1D, 0x11,
	0x18, 0x1C, 0x0B, 0x0A, 0x0A, 0x03, 0x06, 0x06, 0x08, 0x01, 0x0A, 0x02,
	0x9A, 0x04, 0x09, 0x02, 0x18, 0x2B, 0xA4, 0x05, 0x08, 0x10, 0x0D, 0x1A,
	0x08, 0x0D, 0x1A, 0x05, 0x0D, 0x1D, 0x08, 0x12, 0x22, 0x08, 0x13, 0x28,
	0x0E, 0x14, 0x0A, 0xBE, 0x08, 0x03, 0x0F, 0x06, 0x09, 0x52, 0x0A, 0x1A,
	0x28, 0x03, 0x10, 0x0C, 0x0F, 0x07, 0x02, 0x0F, 0x06, 0x0B, 0x1B, 0x01,
	0x31, 0x12, 0x02, 0x01, 0x01, 0x05, 0x1B, 0x0D, 0x01, 0x04, 0x02, 0x03,
	0x01, 0x03, 0x08, 0x07, 0x11, 0x2C, 0xCE, 0x18, 0x08, 0x4F, 0x01, 0x07,
	0x04, 0x02, 0x03, 0x01, 0x02, 0x07, 0x7F, 0x18, 0x12, 0x35, 0x07, 0x04,
	0x02, 0x08, 0x04, 0x01, 0x0D, 0x03, 0x06, 0x97, 0x03, 0x0B, 0x03, 0x03,
	0x0B, 0x03, 0xFE, 0xFF, 0x22, 0x0E, 0x0D, 0x0C, 0x10, 0x0C, 0x62, 0x09,
	0x04, 0x08, 0x18, 0x9C, 0x0F, 0x02, 0x03, 0xFE, 0xBD, 0x02, 0x17, 0x12,
	0x04, 0x01, 0x0A, 0x07, 0x08, 0x05, 0x04, 0x07, 0x03, 0x07, 0x06, 0x06,
	0x04, 0x0B, 0x10, 0x01, 0x02, 0x12, 0x02, 0x14, 0x09, 0x08, 0x0B, 0x05,
	0x13, 0x08, 0x07, 0xAB, 0x13, 0x05, 0x1B, 0x90, 0x02, 0xEE, 0x1B, 0x1A,
	0x0F, 0x0E, 0x11, 0x0F, 0xE4, 0x0A, 0x08, 0x01, 0x11, 0x03, 0x03, 0xE9,
	0x11, 0x15, 0x05, 0x1C, 0x22, 0xAF, 0x0D, 0x08, 0xFE, 0xE7, 0x08, 0x0B,
	0x01, 0x04, 0x0C, 0x01, 0x01, 0x02, 0x02, 0x1A, 0x0C, 0x02, 0x02, 0x02,
	0x1A, 0x04, 0x01, 0x0A, 0x07, 0xE9, 0x12, 0x03, 0x0D, 0x09, 0x0F, 0x02,
	0x13, 0x03, 0x0B, 0x15, 0x04, 0x12, 0x06, 0x06, 0x27, 0x08, 0x0B, 0x0A,
	0x08, 0x15, 0x10, 0x28, 0x08, 0x1A, 0x06, 0x10, 0x01, 0x0B, 0x06, 0x10,
	0xFE, 0x73, 0x04, 0x0A, 0x01, 0x08, 0x01, 0xA7, 0x01, 0x0A, 0x03, 0x0A,
	0x02, 0x03, 0x07, 0x05, 0x0A, 0x0A, 0x02, 0x02, 0x03, 0x07, 0x04, 0x06,
	0x0E, 0x01, 0x06, 0x07, 0x01, 0x03, 0xFE, 0x7F, 0x0D, 0x05, 0x0D, 0x0F,
	0x02, 0x13, 0x13, 0x03, 0x15, 0x18, 0x0B, 0x10, 0x18, 0x0A, 0x01, 0x6B,
	0x0E, 0x14, 0x09, 0x10, 0x01, 0x0E, 0x01, 0x08, 0x22, 0x29, 0x09, 0x05,
	0x11, 0x21, 0x05, 0x05, 0x14, 0x2E, 0x16, 0x05, 0x08, 0x0B, 0x12, 0x0C,
	0x1D, 0x09, 0x2E, 0x02, 0x13, 0x27, 0x0E, 0x1C, 0x0B, 0x06, 0x0A, 0xFE,
	0xB0, 0x02, 0x1B, 0x0C, 0x16, 0x1D, 0x02, 0x28, 0x0F, 0x19, 0x07, 0x29,
	0x03, 0x15, 0x0F, 0x06, 0x03, 0x0D, 0x2B, 0x0E, 0x20, 0x07, 0x05, 0x40,
	0x11, 0x31, 0x0E, 0xED, 0x30, 0x1B, 0x26, 0x19, 0x3D, 0x74, 0x44, 0x6F,
	0x0F, 0x05, 0x5C, 0x2F, 0x3E, 0x31, 0x73, 0x1C, 0x23, 0x29, 0x19, 0x02,
	0x08, 0x2F, 0x26, 0x11, 0x02, 0x10, 0x0F, 0x0E, 0x20, 0x0F, 0x03, 0x08,
	0x20, 0x0B, 0x16, 0x07, 0x03, 0x05, 0x11, 0x07, 0x0B, 0x14, 0x02, 0x12,
	0x09, 0x20, 0x15, 0xFE, 0x16, 0x1D, 0x38, 0x0A, 0x20, 0x0B, 0x06, 0x0A,
	0x05, 0x11, 0x07, 0x0D, 0x06, 0x0B, 0x1F, 0x1B, 0x1B, 0x02, 0x0A, 0x12,
	0x0F, 0x0F, 0x10, 0x0E, 0x11, 0x09, 0x09, 0x09, 0x08, 0x0C, 0x13, 0x08,
	0x08, 0x22, 0x29, 0x01, 0xF8, 0x0D, 0x08, 0x15, 0x0E, 0xFE, 0x63, 0x0A,
	0x01, 0xBA, 0x10, 0xFE, 0x66, 0x0E, 0x02, 0x0F, 0x01, 0xAB, 0x0D, 0x10,
	0x0E, 0xFE, 0x7E, 0x05, 0x06, 0x05, 0x01, 0x0E, 0x0B, 0x03, 0x1D, 0x04,
	0x06, 0x03, 0x02, 0x08, 0x0E, 0x02, 0x01, 0x28, 0x03, 0x16, 0x12, 0x05,
	0x1B, 0x08, 0x03, 0x0D, 0x0B, 0x0A, 0x0D, 0x0B, 0x07, 0x08, 0x09, 0x06,
	0x04, 0x0A, 0x07, 0x0B, 0x0D, 0x08, 0x03, 0x11, 0x07, 0xF1, 0x08, 0x0C,
	0x02, 0x0E, 0x02, 0x0A, 0x0C, 0x02, 0xF8, 0x08, 0x0B, 0x03, 0x02, 0x02,
	0x09, 0xFE, 0xF7, 0x02, 0x0A, 0x0C, 0x01, 0x01, 0x01, 0x03, 0x03, 0x08,
	0xFE, 0xE4, 0x05, 0x0D, 0x9D, 0x22, 0x25, 0x1B, 0xCE, 0x01, 0x04, 0x0E,
	0x02, 0x01, 0x03, 0x0A, 0xB4, 0x13, 0x2A, 0x08, 0x0D, 0x0F, 0x0D, 0x53,
	0x05, 0x08, 0x04, 0x0F, 0x02, 0x04, 0x0C, 0x0E, 0x02, 0x02, 0x07, 0x05,
	0x06, 0x01, 0x17, 0x06, 0x0D, 0x0D, 0x09, 0x0E, 0x02, 0x04, 0x1C, 0x06,
	0x13, 0xFE, 0xDD, 0x02, 0x78, 0x0D, 0x0A, 0x02, 0x09, 0x91, 0x05, 0x02,
	0xBC, 0x19, 0x1C, 0x05, 0x05, 0x09, 0x18, 0xD1, 0x03, 0x85, 0x07, 0x11,
	0x03, 0x0D, 0x97, 0x03, 0x0B, 0x08, 0x97, 0x10, 0x08, 0x07, 0x47, 0x13,
	0x17, 0x04, 0x03, 0x09, 0xFC, 0x03, 0x03, 0x8F, 0x0E, 0x08, 0x04, 0x0C,
	0x01, 0x07, 0x07, 0x01, 0x5A, 0x20, 0x17, 0x11, 0x0A, 0x16, 0x11, 0x49,
	0x02, 0x01, 0x1B, 0x27, 0x04, 0x10, 0x0C, 0x0E, 0x0B, 0x03, 0x0A, 0x12,
	0x11, 0x0D, 0x14, 0x2D, 0x04, 0x01, 0x01, 0x06, 0x1B, 0x0C, 0x01, 0x04,
	0x02, 0x03, 0x01, 0x03, 0x07, 0x06, 0x11, 0x2F, 0x0F, 0x08, 0x03, 0x0A,
	0x12, 0x0C, 0x09, 0x24, 0x1F, 0x38, 0x08, 0x13, 0x0A, 0x16, 0x18, 0x0D,
	0x13, 0x02, 0x13, 0x1D, 0x18, 0x0B, 0x18, 0x13, 0xEE, 0x10, 0x02, 0x03,
	0x07, 0x18, 0x2D, 0x0B, 0x10, 0x28, 0x14, 0x01, 0x01, 0x14, 0x20, 0x03,
	0x08, 0x38, 0x13, 0x04, 0x02, 0x01, 0x04, 0x09, 0x19, 0x11, 0x32, 0x0E,
	0x09, 0x0F, 0x11, 0x14, 0x0F, 0x05, 0x05, 0x1B, 0x05, 0x0B, 0x21, 0x01,
	0x03, 0x02, 0x10, 0x36, 0x05, 0x08, 0x1D, 0x0B, 0x32, 0x05, 0x09, 0x1B,
	0x03, 0x0E, 0x2E, 0x0D, 0x0F, 0x02, 0x0B, 0x05, 0x0E, 0x26, 0x0B, 0x0F,
	0x01, 0x05, 0x08, 0x23, 0x01, 0x09, 0x16, 0x04, 0x0C, 0x06, 0x01, 0x1A,
	0x04, 0x05, 0x01, 0x0A, 0x02, 0x03, 0x06, 0x00, 0x00, 0x19, 0x00, 0x00,
	0x00, 0x00, 0x03, 0x01, 0x03, 0x20, 0x00, 0x0D, 0x00, 0x1A, 0x00, 0x2B,
	0x00, 0x3C, 0x00, 0x72, 0x00, 0x83, 0x00, 0x90, 0x00, 0x9F, 0x00, 0xAE,
	0x00, 0xE0, 0x00, 0xF8, 0x01, 0x1A, 0x01, 0x36, 0x01, 0x40, 0x01, 0x48,
	0x01, 0x50, 0x01, 0x62, 0x01, 0x6A, 0x01, 0x72, 0x01, 0x7C, 0x01, 0x81,
	0x01, 0x86, 0x01, 0x8E, 0x01, 0x96, 0x01, 0x9C, 0x00, 0x00, 0x01, 0x27,
	0x06, 0x07, 0x26, 0x27, 0x07, 0x37, 0x27, 0x16, 0x17, 0x37, 0x06, 0x07,
	0x27, 0x26, 0x27, 0x07, 0x37, 0x27, 0x17, 0x37, 0x16, 0x17, 0x37, 0x07,
	0x32, 0x13, 0x26, 0x27, 0x06, 0x07, 0x36, 0x15, 0x30, 0x07, 0x36, 0x37,
	0x27, 0x17, 0x36, 0x37, 0x07, 0x16, 0x01, 0x06, 0x07, 0x17, 0x27, 0x06,
	0x07, 0x37, 0x26, 0x27, 0x26, 0x27, 0x36, 0x3F, 0x01, 0x16, 0x17, 0x05,
	0x26, 0x23, 0x22, 0x07, 0x14, 0x07, 0x1E, 0x01, 0x15, 0x14, 0x07, 0x27,
	0x06, 0x15, 0x14, 0x16, 0x15, 0x14, 0x07, 0x16, 0x15, 0x14, 0x0F, 0x01,
	0x16, 0x17, 0x07, 0x16, 0x15, 0x06, 0x0F, 0x01, 0x16, 0x17, 0x16, 0x33,
	0x36, 0x37, 0x06, 0x27, 0x2E, 0x01, 0x27, 0x26, 0x35, 0x34, 0x37, 0x36,
	0x33, 0x32, 0x17, 0x16, 0x17, 0x13, 0x27, 0x15, 0x27, 0x06, 0x07, 0x36,
	0x37, 0x27, 0x1E, 0x01, 0x33, 0x32, 0x3F, 0x01, 0x06, 0x07, 0x01, 0x27,
	0x06, 0x07, 0x37, 0x30, 0x07, 0x37, 0x26, 0x27, 0x17, 0x37, 0x07, 0x13,
	0x27, 0x30, 0x17, 0x27, 0x07, 0x3E, 0x01, 0x37, 0x26, 0x27, 0x17, 0x37,
	0x06, 0x07, 0x13, 0x27, 0x07, 0x37, 0x26, 0x07, 0x06, 0x07, 0x37, 0x27,
	0x16, 0x17, 0x37, 0x07, 0x16, 0x01, 0x34, 0x27, 0x26, 0x07, 0x0E, 0x01,
	0x15, 0x14, 0x17, 0x16, 0x33, 0x32, 0x37, 0x06, 0x23, 0x26, 0x27, 0x37,
	0x2E, 0x01, 0x27, 0x26, 0x37, 0x26, 0x27, 0x07, 0x26, 0x37, 0x17, 0x16,
	0x07, 0x16, 0x33, 0x32, 0x37, 0x26, 0x35, 0x34, 0x36, 0x27, 0x26, 0x27,
	0x36, 0x37, 0x36, 0x37, 0x36, 0x33, 0x32, 0x07, 0x16, 0x07, 0x36, 0x35,
	0x34, 0x27, 0x26, 0x07, 0x06, 0x17, 0x16, 0x3F, 0x01, 0x06, 0x07, 0x26,
	0x27, 0x26, 0x37, 0x27, 0x36, 0x33, 0x32, 0x17, 0x22, 0x26, 0x23, 0x22,
	0x07, 0x06, 0x17, 0x06, 0x15, 0x36, 0x17, 0x06, 0x2F, 0x01, 0x07, 0x26,
	0x37, 0x36, 0x37, 0x26, 0x27, 0x06, 0x27, 0x26, 0x27, 0x36, 0x16, 0x3F,
	0x01, 0x33, 0x16, 0x17, 0x16, 0x27, 0x16, 0x07, 0x06, 0x27, 0x30, 0x27,
	0x22, 0x07, 0x34, 0x27, 0x0E, 0x01, 0x27, 0x37, 0x27, 0x35, 0x30, 0x17,
	0x16, 0x37, 0x3E, 0x01, 0x17, 0x30, 0x07, 0x32, 0x16, 0x0F, 0x01, 0x36,
	0x27, 0x26, 0x0F, 0x01, 0x36, 0x37, 0x36, 0x17, 0x16, 0x07, 0x06, 0x27,
	0x26, 0x37, 0x30, 0x27, 0x16, 0x07, 0x06, 0x27, 0x36, 0x37, 0x36, 0x17,
	0x06, 0x27, 0x26, 0x37, 0x36, 0x17, 0x26, 0x07, 0x06, 0x17, 0x16, 0x36,
	0x37, 0x27, 0x30, 0x17, 0x16, 0x27, 0x16, 0x07, 0x06, 0x27, 0x26, 0x37,
	0x32, 0x17, 0x16, 0x07, 0x06, 0x27, 0x26, 0x37, 0x36, 0x37, 0x23, 0x16,
	0x07, 0x06, 0x27, 0x15, 0x30, 0x17, 0x36, 0x27, 0x06, 0x07, 0x33, 0x26,
	0x17, 0x35, 0x26, 0x23, 0x15, 0x27, 0x26, 0x07, 0x06, 0x17, 0x16, 0x37,
	0x36, 0x17, 0x26, 0x07, 0x06, 0x15, 0x16, 0x17, 0x36, 0x17, 0x26, 0x07,
	0x16, 0x37, 0x34, 0x02, 0xEC, 0x2E, 0x08, 0x0A, 0x01, 0x07, 0x2E, 0x23,
	0x12, 0x0E, 0x1C, 0x25, 0x07, 0x0D, 0x98, 0x11, 0x1F, 0x21, 0x0D, 0x30,
	0x30, 0x04, 0x06, 0x10, 0x2A, 0x1B, 0x01, 0xF1, 0x0C, 0x19, 0x09, 0x15,
	0x04, 0x53, 0x11, 0x35, 0x16, 0x2A, 0x0E, 0x1D, 0x13, 0x0B, 0xFE, 0x5F,
	0x0B, 0x15, 0x0F, 0x21, 0x12, 0x22, 0x1C, 0x07, 0x0F, 0x12, 0x06, 0x10,
	0x1E, 0x07, 0x04, 0x14, 0x01, 0x4D, 0x57, 0x2B, 0x3B, 0x23, 0x0D, 0x02,
	0x1A, 0x04, 0x03, 0x0B, 0x05, 0x07, 0x03, 0x03, 0x02, 0x0D, 0x1A, 0x02,
	0x0A, 0x02, 0x01, 0x03, 0x05, 0x0E, 0x16, 0x01, 0x49, 0x2D, 0x45, 0x6E,
	0x43, 0x72, 0x18, 0x0D, 0x4C, 0x31, 0x58, 0x28, 0x27, 0x45, 0x42, 0x0B,
	0x2C, 0x1A, 0x0E, 0x1D, 0x0C, 0x17, 0x18, 0x04, 0x1A, 0x07, 0x09, 0x06,
	0x1A, 0x05, 0x06, 0xFE, 0x3B, 0x23, 0x0B, 0x16, 0x05, 0x51, 0x44, 0x08,
	0x0E, 0x2B, 0x2A, 0x12, 0x14, 0x30, 0x04, 0x1C, 0x2A, 0x06, 0x0D, 0x05,
	0x0B, 0x15, 0x32, 0x1F, 0x04, 0x05, 0xD3, 0x34, 0x1D, 0x03, 0x0F, 0x16,
	0x13, 0x12, 0x4C, 0x1A, 0x10, 0x24, 0x1A, 0x0F, 0x0E, 0x01, 0x09, 0x3B,
	0x41, 0x16, 0x3F, 0x61, 0x56, 0x33, 0x41, 0x2E, 0x24, 0x33, 0x02, 0x1F,
	0x10, 0x02, 0x05, 0x21, 0x06, 0x02, 0x0D, 0x05, 0x26, 0x07, 0x03, 0x0E,
	0x02, 0x01, 0x03, 0x06, 0x0A, 0x01, 0x1B, 0x0A, 0x17, 0x02, 0x09, 0x1A,
	0x04, 0x04, 0x06, 0x17, 0x17, 0x28, 0x1E, 0x8F, 0x01, 0x08, 0x03, 0x03,
	0x06, 0x0B, 0x0B, 0x02, 0x09, 0x0B, 0x02, 0x06, 0x0C, 0x09, 0x04, 0x01,
	0x0A, 0x02, 0x05, 0x07, 0x10, 0x2C, 0x03, 0x0B, 0x02, 0x03, 0x03, 0x01,
	0x03, 0x02, 0x06, 0x07, 0x02, 0x0B, 0x02, 0x02, 0x0B, 0x08, 0x04, 0x05,
	0x01, 0x05, 0x07, 0x0C, 0x0A, 0x0B, 0x04, 0x18, 0x03, 0x02, 0x04, 0x0A,
	0x0C, 0x07, 0x2C, 0x01, 0x0A, 0x04, 0x06, 0x12, 0x0B, 0x06, 0x02, 0x03,
	0x0D, 0x06, 0x16, 0x16, 0x0E, 0x09, 0x05, 0x09, 0x15, 0x10, 0x05, 0x04,
	0x04, 0x1B, 0x02, 0x03, 0x05, 0x07, 0x0B, 0x06, 0x02, 0x06, 0x0D, 0x5E,
	0x01, 0x05, 0x05, 0x06, 0x01, 0x05, 0x6D, 0x02, 0x0A, 0x0E, 0x06, 0x03,
	0x06, 0x09, 0x66, 0x08, 0x10, 0x08, 0x01, 0x07, 0x0F, 0x09, 0x06, 0x02,
	0x0A, 0x05, 0x07, 0x04, 0x03, 0x04, 0x02, 0x45, 0x02, 0x0A, 0x0D, 0x05,
	0x01, 0x0A, 0x0D, 0x1C, 0x02, 0x08, 0x05, 0x08, 0x02, 0x08, 0x04, 0x0E,
	0x05, 0x05, 0x07, 0x03, 0x06, 0x0B, 0x05, 0x12, 0x08, 0x03, 0x07, 0x06,
	0x5B, 0x01, 0x06, 0x73, 0x03, 0x07, 0x07, 0x02, 0x02, 0x09, 0x05, 0x1B,
	0x04, 0x05, 0x06, 0x02, 0x07, 0x08, 0x16, 0x05, 0x06, 0x04, 0x05, 0x02,
	0x2C, 0x11, 0x19, 0x35, 0x18, 0x30, 0x09, 0x21, 0x30, 0x0A, 0x15, 0x16,
	0x0A, 0x14, 0x3F, 0x07, 0x11, 0x1F, 0x25, 0x23, 0x09, 0x51, 0x18, 0x2E,
	0x12, 0x2A, 0xFE, 0x76, 0x03, 0x05, 0x11, 0x21, 0x31, 0x01, 0x04, 0x05,
	0x17, 0x2A, 0x16, 0x0A, 0x14, 0x32, 0x09, 0x01, 0x94, 0x07, 0x0D, 0x38,
	0x25, 0x15, 0x2B, 0x44, 0x05, 0x02, 0x03, 0x03, 0x04, 0x0D, 0x33, 0x0D,
	0x23, 0xE7, 0x19, 0x22, 0x21, 0x1A, 0x0A, 0x2C, 0x0D, 0x08, 0x08, 0x02,
	0x03, 0x08, 0x04, 0x0F, 0x03, 0x08, 0x04, 0x08, 0x06, 0x05, 0x08, 0x02,
	0x06, 0x0D, 0x03, 0x03, 0x0D, 0x0A, 0x0B, 0x02, 0x08, 0x02, 0x03, 0x08,
	0x1B, 0x6D, 0x02, 0x08, 0x55, 0x3E, 0x22, 0x25, 0x5F, 0x57, 0x38, 0x0D,
	0x16, 0x3A, 0xFE, 0x4A, 0x04, 0x48, 0x4A, 0x08, 0x10, 0x10, 0x20, 0x1F,
	0x02, 0x0F, 0x0A, 0x1A, 0x10, 0x24, 0x01, 0xC8, 0x0B, 0x13, 0x22, 0x30,
	0x04, 0x1C, 0x15, 0x15, 0x16, 0x1E, 0x30, 0xFE, 0xF8, 0x05, 0x51, 0x46,
	0x18, 0x06, 0x1D, 0x06, 0x0F, 0x1D, 0x14, 0x21, 0x0C, 0x19, 0xFE, 0xC0,
	0x08, 0x25, 0x2C, 0x03, 0x02, 0x02, 0x01, 0x1E, 0x2C, 0x0D, 0x14, 0x18,
	0x29, 0x0C, 0x01, 0xE0, 0x01, 0x1C, 0x09, 0x07, 0x09, 0x83, 0x42, 0x5A,
	0x3B, 0x24, 0x14, 0x02, 0x02, 0x10, 0x1A, 0x0A, 0x0D, 0x07, 0x08, 0x0E,
	0x01, 0x1B, 0x0B, 0x0C, 0x13, 0x02, 0x04, 0x05, 0x07, 0x07, 0x07, 0x06,
	0x04, 0x13, 0x0A, 0x0C, 0x2F, 0x1A, 0x1A, 0x1F, 0x0C, 0x16, 0x27, 0x0C,
	0x0A, 0x04, 0x06, 0x06, 0x04, 0x05, 0x01, 0x09, 0x0A, 0x0B, 0x02, 0x02,
	0x01, 0x01, 0x04, 0x0D, 0x08, 0x0A, 0x02, 0x04, 0xA3, 0x07, 0x03, 0x03,
	0x05, 0x03, 0x02, 0x04, 0x06, 0x09, 0x02, 0x03, 0x03, 0x13, 0x08, 0x01,
	0x05, 0x06, 0x09, 0x08, 0x01, 0x01, 0x02, 0x03, 0x04, 0x0A, 0x13, 0x0E,
	0x1F, 0x09, 0x41, 0x15, 0x07, 0x01, 0x03, 0x01, 0x07, 0x01, 0x03, 0x01,
	0x10, 0x02, 0x13, 0x07, 0x02, 0x04, 0x02, 0x06, 0x0C, 0x19, 0x02, 0x07,
	0x0B, 0x3F, 0x08, 0x06, 0x02, 0x06, 0x01, 0x09, 0x0D, 0x02, 0x04, 0xA3,
	0x07, 0x04, 0x01, 0x03, 0x05, 0x08, 0x62, 0x05, 0x0C, 0x04, 0x0F, 0x04,
	0x0B, 0x03, 0x76, 0x0F, 0x08, 0x09, 0x0D, 0x0B, 0x02, 0x01, 0x08, 0x06,
	0x0B, 0x02, 0x07, 0x03, 0x0B, 0x0A, 0x05, 0x3F, 0x04, 0x0B, 0x01, 0x08,
	0x11, 0x02, 0x30, 0x0B, 0x02, 0x01, 0x05, 0x0D, 0x03, 0x01, 0xA7, 0x07,
	0x04, 0x01, 0x05, 0x02, 0x02, 0x03, 0x12, 0x04, 0x11, 0x09, 0xCD, 0x04,
	0x02, 0x06, 0x6F, 0x06, 0x02, 0x02, 0x07, 0x09, 0x03, 0x03, 0x20, 0x03,
	0x01, 0x01, 0x05, 0x05, 0x04, 0x01, 0x1B, 0x08, 0x0A, 0x08, 0x01, 0x01,
	0x00, 0x17, 0x00, 0x00, 0x00, 0x00, 0x02, 0xF4, 0x03, 0x20, 0x02, 0x0A,
	0x02, 0x3A, 0x02, 0x57, 0x02, 0x6E, 0x02, 0xA4, 0x02, 0xC6, 0x02, 0xF7,
	0x03, 0x39, 0x03, 0x64, 0x03, 0x6A, 0x03, 0x6D, 0x03, 0x81, 0x03, 0xB0,
	0x03, 0xD5, 0x03, 0xF1, 0x04, 0xDA, 0x05, 0x0D, 0x05, 0xB1, 0x05, 0xCC,
	0x05, 0xDD, 0x05, 0xF5, 0x06, 0x04, 0x06, 0x0E, 0x00, 0x00, 0x01, 0x06,
	0x23, 0x26, 0x31, 0x06, 0x07, 0x06, 0x07, 0x06, 0x07, 0x06, 0x07, 0x06,
	0x23, 0x06, 0x07, 0x16, 0x17, 0x36, 0x16, 0x37, 0x36, 0x33, 0x16, 0x37,
	0x36, 0x17, 0x07, 0x06, 0x27, 0x26, 0x23, 0x22, 0x07, 0x06, 0x27, 0x06,
	0x07, 0x16, 0x17, 0x16, 0x17, 0x1E, 0x01, 0x17, 0x16, 0x15, 0x30, 0x27,
	0x26, 0x07, 0x26, 0x23, 0x06, 0x27, 0x06, 0x27, 0x30, 0x07, 0x32, 0x16,
	0x17, 0x16, 0x37, 0x36, 0x31, 0x32, 0x16, 0x37, 0x15, 0x26, 0x27, 0x06,
	0x07, 0x06, 0x27, 0x26, 0x27, 0x26, 0x07, 0x0E, 0x01, 0x15, 0x14, 0x17,
	0x16, 0x17, 0x16, 0x17, 0x16, 0x17, 0x16, 0x17, 0x16, 0x17, 0x16, 0x17,
	0x2E, 0x01, 0x27, 0x26, 0x27, 0x26, 0x27, 0x26, 0x27, 0x26, 0x27, 0x26,
	0x27, 0x26, 0x23, 0x22, 0x07, 0x06, 0x07, 0x06, 0x17, 0x16, 0x1F, 0x01,
	0x16, 0x17, 0x16, 0x15, 0x14, 0x07, 0x23, 0x36, 0x26, 0x37, 0x36, 0x35,
	0x34, 0x27, 0x36, 0x27, 0x06, 0x26, 0x07, 0x16, 0x15, 0x14, 0x06, 0x15,
	0x14, 0x17, 0x14, 0x06, 0x15, 0x14, 0x17, 0x06, 0x07, 0x06, 0x0F, 0x01,
	0x36, 0x27, 0x26, 0x35, 0x26, 0x37, 0x26, 0x27, 0x26, 0x35, 0x26, 0x23,
	0x22, 0x33, 0x0E, 0x01, 0x07, 0x16, 0x07, 0x16, 0x15, 0x14, 0x07, 0x34,
	0x36, 0x35, 0x34, 0x27, 0x26, 0x36, 0x35, 0x26, 0x37, 0x34, 0x27, 0x26,
	0x07, 0x06, 0x07, 0x06, 0x07, 0x06, 0x07, 0x06, 0x07, 0x06, 0x07, 0x06,
	0x23, 0x37, 0x3E, 0x01, 0x37, 0x36, 0x37, 0x36, 0x37, 0x26, 0x27, 0x0E,
	0x01, 0x07, 0x06, 0x07, 0x0E, 0x01, 0x07, 0x37, 0x3E, 0x01, 0x27, 0x3E,
	0x01, 0x27, 0x26, 0x07, 0x06, 0x27, 0x06, 0x07, 0x06, 0x07, 0x06, 0x07,
	0x06, 0x07, 0x34, 0x27, 0x37, 0x17, 0x30, 0x37, 0x36, 0x37, 0x36, 0x37,
	0x2E, 0x01, 0x35, 0x26, 0x07, 0x0E, 0x01, 0x23, 0x22, 0x27, 0x26, 0x06,
	0x23, 0x22, 0x27, 0x36, 0x37, 0x36, 0x17, 0x32, 0x31, 0x3E, 0x01, 0x35,
	0x34, 0x2F, 0x01, 0x2E, 0x01, 0x07, 0x26, 0x27, 0x26, 0x27, 0x2E, 0x01,
	0x37, 0x1E, 0x01, 0x17, 0x36, 0x16, 0x17, 0x36, 0x35, 0x34, 0x26, 0x27,
	0x26, 0x31, 0x26, 0x27, 0x26, 0x27, 0x36, 0x17, 0x1E, 0x01, 0x17, 0x16,
	0x37, 0x17, 0x36, 0x37, 0x2E, 0x01, 0x27, 0x26, 0x27, 0x26, 0x35, 0x36,
	0x27, 0x26, 0x27, 0x1E, 0x01, 0x17, 0x16, 0x17, 0x16, 0x17, 0x1E, 0x01,
	0x17, 0x16, 0x17, 0x36, 0x37, 0x2E, 0x01, 0x27, 0x26, 0x27, 0x33, 0x16,
	0x17, 0x16, 0x07, 0x1E, 0x01, 0x17, 0x36, 0x37, 0x26, 0x27, 0x26, 0x27,
	0x34, 0x27, 0x26, 0x37, 0x26, 0x27, 0x26, 0x27, 0x26, 0x37, 0x16, 0x17,
	0x16, 0x17, 0x16, 0x17, 0x16, 0x17, 0x16, 0x17, 0x16, 0x15, 0x16, 0x37,
	0x36, 0x31, 0x36, 0x27, 0x26, 0x37, 0x36, 0x27, 0x26, 0x35, 0x34, 0x37,
	0x16, 0x17, 0x16, 0x17, 0x16, 0x07, 0x06, 0x17, 0x1E, 0x01, 0x07, 0x16,
	0x37, 0x36, 0x23, 0x36, 0x37, 0x36, 0x37, 0x36, 0x37, 0x3E, 0x01, 0x37,
	0x36, 0x37, 0x16, 0x07, 0x06, 0x15, 0x14, 0x16, 0x15, 0x14, 0x0F, 0x01,
	0x16, 0x31, 0x37, 0x26, 0x37, 0x36, 0x31, 0x36, 0x37, 0x26, 0x37, 0x36,
	0x37, 0x26, 0x37, 0x06, 0x15, 0x14, 0x16, 0x15, 0x14, 0x07, 0x06, 0x17,
	0x16, 0x15, 0x14, 0x06, 0x15, 0x14, 0x17, 0x16, 0x36, 0x33, 0x36, 0x37,
	0x36, 0x37, 0x16, 0x07, 0x06, 0x15, 0x0E, 0x01, 0x07, 0x06, 0x17, 0x16,
	0x06, 0x15, 0x14, 0x1F, 0x01, 0x36, 0x37, 0x32, 0x36, 0x37, 0x3E, 0x01,
	0x37, 0x06, 0x07, 0x06, 0x07, 0x06, 0x17, 0x0E, 0x01, 0x15, 0x14, 0x17,
	0x1E, 0x01, 0x33, 0x32, 0x3E, 0x01, 0x37, 0x36, 0x37, 0x36, 0x37, 0x36,
	0x37, 0x36, 0x37, 0x1E, 0x01, 0x07, 0x06, 0x07, 0x06, 0x07, 0x0E, 0x01,
	0x07, 0x06, 0x17, 0x16, 0x35, 0x16, 0x37, 0x3E, 0x01, 0x37, 0x36, 0x37,
	0x36, 0x37, 0x17, 0x36, 0x17, 0x30, 0x07, 0x06, 0x07, 0x0E, 0x01, 0x07,
	0x06, 0x07, 0x06, 0x07, 0x06, 0x17, 0x16, 0x17, 0x16, 0x37, 0x36, 0x37,
	0x32, 0x37, 0x36, 0x37, 0x36, 0x27, 0x06, 0x07, 0x06, 0x07, 0x06, 0x07,
	0x32, 0x17, 0x36, 0x37, 0x36, 0x37, 0x36, 0x37, 0x36, 0x37, 0x17, 0x06,
	0x15, 0x0E, 0x01, 0x07, 0x17, 0x3F, 0x01, 0x36, 0x37, 0x36, 0x27, 0x07,
	0x06, 0x07, 0x0E, 0x01, 0x17, 0x36, 0x26, 0x37, 0x36, 0x37, 0x16, 0x17,
	0x14, 0x07, 0x36, 0x17, 0x36, 0x26, 0x36, 0x27, 0x26, 0x01, 0x26, 0x27,
	0x26, 0x27, 0x06, 0x27, 0x26, 0x07, 0x22, 0x27, 0x06, 0x15, 0x14, 0x31,
	0x17, 0x37, 0x36, 0x17, 0x16, 0x33, 0x32, 0x36, 0x33, 0x32, 0x17, 0x07,
	0x26, 0x23, 0x22, 0x07, 0x06, 0x26, 0x23, 0x22, 0x06, 0x23, 0x22, 0x27,
	0x22, 0x06, 0x15, 0x16, 0x33, 0x32, 0x36, 0x33, 0x32, 0x17, 0x16, 0x37,
	0x36, 0x33, 0x32, 0x25, 0x26, 0x27, 0x2E, 0x01, 0x27, 0x26, 0x27, 0x26,
	0x27, 0x17, 0x16, 0x17, 0x16, 0x17, 0x16, 0x17, 0x33, 0x36, 0x35, 0x34,
	0x26, 0x37, 0x2E, 0x01, 0x27, 0x37, 0x16, 0x17, 0x16, 0x17, 0x16, 0x17,
	0x32, 0x01, 0x26, 0x27, 0x26, 0x27, 0x26, 0x27, 0x26, 0x27, 0x26, 0x27,
	0x26, 0x27, 0x26, 0x27, 0x22, 0x07, 0x16, 0x17, 0x16, 0x17, 0x1E, 0x01,
	0x17, 0x16, 0x07, 0x2E, 0x01, 0x27, 0x26, 0x27, 0x26, 0x27, 0x26, 0x07,
	0x2E, 0x01, 0x23, 0x22, 0x07, 0x16, 0x17, 0x16, 0x17, 0x16, 0x17, 0x16,
	0x17, 0x16, 0x03, 0x3E, 0x01, 0x35, 0x34, 0x27, 0x36, 0x35, 0x34, 0x26,
	0x37, 0x26, 0x27, 0x26, 0x27, 0x26, 0x27, 0x26, 0x27, 0x07, 0x26, 0x23,
	0x22, 0x06, 0x27, 0x26, 0x37, 0x06, 0x07, 0x26, 0x06, 0x27, 0x06, 0x0F,
	0x01, 0x06, 0x07, 0x06, 0x15, 0x14, 0x17, 0x16, 0x17, 0x1E, 0x01, 0x17,
	0x32, 0x17, 0x16, 0x17, 0x16, 0x37, 0x1E, 0x01, 0x17, 0x32, 0x37, 0x36,
	0x33, 0x3E, 0x01, 0x37, 0x30, 0x35, 0x36, 0x37, 0x25, 0x26, 0x27, 0x26,
	0x27, 0x26, 0x27, 0x26, 0x27, 0x26, 0x27, 0x17, 0x1E, 0x01, 0x17, 0x16,
	0x17, 0x16, 0x17, 0x36, 0x37, 0x2E, 0x01, 0x27, 0x2E, 0x01, 0x27, 0x26,
	0x27, 0x37, 0x16, 0x17, 0x16, 0x36, 0x17, 0x1E, 0x01, 0x17, 0x30, 0x17,
	0x16, 0x17, 0x36, 0x07, 0x35, 0x26, 0x27, 0x17, 0x16, 0x2F, 0x01, 0x1F,
	0x01, 0x36, 0x35, 0x34, 0x27, 0x06, 0x26, 0x27, 0x06, 0x27, 0x26, 0x27,
	0x26, 0x27, 0x17, 0x16, 0x17, 0x32, 0x17, 0x16, 0x17, 0x26, 0x07, 0x06,
	0x17, 0x06, 0x17, 0x06, 0x17, 0x16, 0x0F, 0x01, 0x27, 0x26, 0x37, 0x36,
	0x27, 0x26, 0x27, 0x34, 0x37, 0x36, 0x27, 0x06, 0x17, 0x16, 0x15, 0x14,
	0x06, 0x15, 0x14, 0x17, 0x16, 0x17, 0x16, 0x17, 0x37, 0x26, 0x37, 0x36,
	0x35, 0x26, 0x35, 0x34, 0x36, 0x35, 0x34, 0x27, 0x26, 0x23, 0x06, 0x07,
	0x16, 0x07, 0x06, 0x07, 0x06, 0x07, 0x27, 0x36, 0x37, 0x36, 0x35, 0x37,
	0x27, 0x06, 0x07, 0x16, 0x07, 0x06, 0x07, 0x14, 0x07, 0x36, 0x37, 0x36,
	0x37, 0x36, 0x37, 0x36, 0x37, 0x36, 0x37, 0x36, 0x2F, 0x01, 0x06, 0x07,
	0x06, 0x07, 0x27, 0x3E, 0x01, 0x37, 0x3E, 0x01, 0x37, 0x36, 0x27, 0x06,
	0x07, 0x06, 0x07, 0x06, 0x07, 0x36, 0x37, 0x36, 0x37, 0x36, 0x37, 0x36,
	0x25, 0x26, 0x07, 0x30, 0x07, 0x1E, 0x01, 0x17, 0x15, 0x26, 0x23, 0x06,
	0x17, 0x16, 0x17, 0x26, 0x23, 0x22, 0x07, 0x14, 0x07, 0x16, 0x17, 0x22,
	0x26, 0x23, 0x22, 0x0F, 0x01, 0x16, 0x31, 0x22, 0x26, 0x23, 0x22, 0x06,
	0x15, 0x14, 0x31, 0x27, 0x0E, 0x01, 0x17, 0x26, 0x27, 0x26, 0x07, 0x15,
	0x22, 0x26, 0x27, 0x26, 0x31, 0x06, 0x17, 0x23, 0x36, 0x35, 0x22, 0x27,
	0x06, 0x07, 0x36, 0x27, 0x22, 0x06, 0x07, 0x36, 0x37, 0x26, 0x23, 0x22,
	0x0F, 0x01, 0x3E, 0x01, 0x35, 0x34, 0x26, 0x27, 0x06, 0x07, 0x34, 0x36,
	0x35, 0x34, 0x27, 0x26, 0x07, 0x3E, 0x01, 0x35, 0x34, 0x26, 0x07, 0x3E,
	0x01, 0x37, 0x2E, 0x01, 0x07, 0x37, 0x26, 0x07, 0x35, 0x16, 0x33, 0x32,
	0x37, 0x36, 0x27, 0x2E, 0x01, 0x27, 0x16, 0x37, 0x36, 0x27, 0x06, 0x27,
	0x36, 0x16, 0x37, 0x16, 0x37, 0x36, 0x23, 0x34, 0x26, 0x35, 0x34, 0x3F,
	0x01, 0x16, 0x17, 0x37, 0x26, 0x27, 0x36, 0x35, 0x36, 0x16, 0x37, 0x36,
	0x37, 0x26, 0x37, 0x16, 0x17, 0x36, 0x37, 0x35, 0x33, 0x06, 0x17, 0x36,
	0x3F, 0x01, 0x06, 0x17, 0x16, 0x33, 0x36, 0x27, 0x33, 0x06, 0x17, 0x16,
	0x17, 0x36, 0x37, 0x06, 0x17, 0x16, 0x37, 0x36, 0x37, 0x06, 0x07, 0x16,
	0x33, 0x32, 0x36, 0x33, 0x16, 0x06, 0x15, 0x14, 0x17, 0x16, 0x3F, 0x01,
	0x14, 0x06, 0x15, 0x14, 0x17, 0x16, 0x33, 0x32, 0x36, 0x17, 0x07, 0x17,
	0x36, 0x37, 0x22, 0x07, 0x16, 0x17, 0x16, 0x37, 0x36, 0x33, 0x0E, 0x01,
	0x15, 0x14, 0x16, 0x37, 0x36, 0x33, 0x14, 0x06, 0x07, 0x26, 0x15, 0x14,
	0x07, 0x16, 0x33, 0x36, 0x23, 0x27, 0x2E, 0x01, 0x27, 0x26, 0x27, 0x06,
	0x27, 0x06, 0x27, 0x26, 0x07, 0x26, 0x23, 0x22, 0x07, 0x06, 0x07, 0x06,
	0x07, 0x16, 0x17, 0x16, 0x17, 0x36, 0x16, 0x17, 0x37, 0x16, 0x17, 0x16,
	0x33, 0x32, 0x37, 0x16, 0x33, 0x32, 0x33, 0x16, 0x33, 0x32, 0x37, 0x36,
	0x37, 0x36, 0x27, 0x36, 0x35, 0x36, 0x37, 0x36, 0x07, 0x16, 0x07, 0x22,
	0x07, 0x14, 0x15, 0x14, 0x17, 0x36, 0x17, 0x06, 0x27, 0x26, 0x0F, 0x01,
	0x17, 0x34, 0x23, 0x22, 0x07, 0x16, 0x17, 0x26, 0x33, 0x22, 0x07, 0x06,
	0x31, 0x16, 0x35, 0x07, 0x2E, 0x01, 0x23, 0x22, 0x07, 0x06, 0x17, 0x23,
	0x36, 0x27, 0x26, 0x07, 0x16, 0x06, 0x15, 0x23, 0x2E, 0x01, 0x23, 0x07,
	0x26, 0x36, 0x35, 0x34, 0x27, 0x22, 0x06, 0x07, 0x26, 0x36, 0x35, 0x34,
	0x27, 0x26, 0x06, 0x07, 0x3E, 0x01, 0x35, 0x34, 0x26, 0x0F, 0x01, 0x26,
	0x35, 0x3E, 0x01, 0x35, 0x34, 0x27, 0x36, 0x31, 0x26, 0x27, 0x06, 0x27,
	0x36, 0x17, 0x16, 0x31, 0x36, 0x27, 0x2E, 0x01, 0x07, 0x34, 0x37, 0x16,
	0x17, 0x36, 0x35, 0x34, 0x26, 0x35, 0x1E, 0x01, 0x17, 0x36, 0x37, 0x36,
	0x26, 0x35, 0x36, 0x37, 0x16, 0x17, 0x36, 0x37, 0x27, 0x32, 0x35, 0x16,
	0x17, 0x3E, 0x01, 0x37, 0x16, 0x07, 0x06, 0x17, 0x16, 0x37, 0x34, 0x37,
	0x06, 0x07, 0x1E, 0x01, 0x3F, 0x01, 0x16, 0x07, 0x16, 0x17, 0x3E, 0x01,
	0x33, 0x0E, 0x01, 0x15, 0x14, 0x17, 0x30, 0x17, 0x36, 0x33, 0x0E, 0x01,
	0x15, 0x14, 0x17, 0x36, 0x07, 0x34, 0x27, 0x34, 0x27, 0x07, 0x26, 0x07,
	0x06, 0x07, 0x06, 0x07, 0x15, 0x06, 0x31, 0x06, 0x07, 0x16, 0x17, 0x32,
	0x17, 0x36, 0x16, 0x17, 0x16, 0x37, 0x36, 0x27, 0x06, 0x23, 0x26, 0x27,
	0x26, 0x27, 0x26, 0x37, 0x36, 0x37, 0x36, 0x31, 0x16, 0x17, 0x1E, 0x01,
	0x07, 0x36, 0x27, 0x26, 0x31, 0x27, 0x07, 0x26, 0x23, 0x22, 0x06, 0x23,
	0x22, 0x27, 0x06, 0x07, 0x06, 0x15, 0x14, 0x17, 0x1E, 0x01, 0x17, 0x16,
	0x27, 0x30, 0x07, 0x14, 0x07, 0x06, 0x26, 0x27, 0x26, 0x37, 0x16, 0x37,
	0x36, 0x33, 0x16, 0x17, 0x26, 0x23, 0x22, 0x27, 0x06, 0x17, 0x16, 0x17,
	0x36, 0x02, 0xF4, 0x02, 0x04, 0x07, 0x07, 0x1B, 0x16, 0x0A, 0x02, 0x18,
	0x14, 0x08, 0x12, 0x13, 0x13, 0x2B, 0x01, 0x05, 0x08, 0x20, 0x07, 0x09,
	0x15, 0x1B, 0x07, 0x14, 0x0D, 0x27, 0x06, 0x08, 0x0C, 0x02, 0x05, 0x05,
	0x16, 0x25, 0x05, 0x06, 0x10, 0x3E, 0x32, 0x16, 0x0E, 0x1F, 0x07, 0x0B,
	0x1B, 0x0A, 0x07, 0x04, 0x1A, 0x35, 0x21, 0x27, 0x1B, 0x0B, 0x0A, 0x17,
	0x0A, 0x04, 0x08, 0x0E, 0x08, 0x2A, 0x0F, 0x19, 0x28, 0x09, 0x0A, 0x0C,
	0x05, 0x0F, 0x0A, 0x03, 0x08, 0x01, 0x09, 0x02, 0x06, 0x26, 0x1B, 0x08,
	0x12, 0x12, 0x15, 0x06, 0x28, 0x19, 0x08, 0x02, 0x04, 0x20, 0x02, 0x09,
	0x0A, 0x11, 0x36, 0x30, 0x13, 0x0A, 0x12, 0x04, 0x0F, 0x0C, 0x07, 0x09,
	0x08, 0x03, 0x03, 0x04, 0x04, 0x09, 0x0D, 0x01, 0x03, 0x13, 0x0F, 0x02,
	0x03, 0x03, 0x2A, 0x01, 0x03, 0x1C, 0x01, 0x02, 0x03, 0x19, 0x02, 0x02,
	0x0A, 0x06, 0x08, 0x02, 0x07, 0x01, 0x01, 0x01, 0x04, 0x01, 0x05, 0x07,
	0x11, 0x09, 0x01, 0x07, 0x06, 0x02, 0x06, 0x0A, 0x01, 0x06, 0x05, 0x03,
	0x08, 0x0C, 0x04, 0x0D, 0x08, 0x03, 0x01, 0x09, 0x0D, 0x11, 0x06, 0x06,
	0x0B, 0x1F, 0x04, 0x05, 0x17, 0x13, 0x03, 0x02, 0x18, 0x10, 0x04, 0x01,
	0x05, 0x08, 0x0D, 0x14, 0x10, 0x06, 0x08, 0x07, 0x12, 0x01, 0x0F, 0x03,
	0x16, 0x03, 0x02, 0x14, 0x04, 0x03, 0x05, 0x04, 0x0A, 0x12, 0x03, 0x02,
	0x18, 0x01, 0x04, 0x06, 0x0A, 0x02, 0x0B, 0x1B, 0x18, 0x12, 0x0A, 0x2A,
	0x20, 0x1B, 0x03, 0x0D, 0x01, 0x35, 0x20, 0x0E, 0x11, 0x21, 0x06, 0x0D,
	0x01, 0x0B, 0x02, 0x0A, 0x04, 0x03, 0x03, 0x0E, 0x22, 0x0A, 0x07, 0x07,
	0x25, 0x0A, 0x05, 0x0A, 0x10, 0x03, 0x19, 0x03, 0x05, 0x0A, 0x2A, 0x0F,
	0x0E, 0x0E, 0x11, 0x07, 0x01, 0x0D, 0x02, 0x0D, 0x44, 0x0D, 0x0B, 0x1A,
	0x0B, 0x04, 0x16, 0x02, 0x11, 0x09, 0x04, 0x07, 0x08, 0x02, 0x02, 0x03,
	0x07, 0x0E, 0x0B, 0x09, 0x19, 0x07, 0x03, 0x08, 0x42, 0x05, 0x26, 0x07,
	0x07, 0x01, 0x02, 0x06, 0x07, 0x06, 0x07, 0x03, 0x07, 0x18, 0x16, 0x16,
	0x0E, 0x14, 0x11, 0x0E, 0x16, 0x05, 0x09, 0x0A, 0x0B, 0x0C, 0x05, 0x05,
	0x03, 0x03, 0x12, 0x0F, 0x01, 0x01, 0x0C, 0x01, 0x04, 0x07, 0x09, 0x06,
	0x0A, 0x10, 0x05, 0x04, 0x01, 0x11, 0x04, 0x05, 0x0A, 0x03, 0x02, 0x07,
	0x02, 0x17, 0x05, 0x0F, 0x0E, 0x11, 0x05, 0x04, 0x14, 0x10, 0x03, 0x05,
	0x0A, 0x06, 0x06, 0x0C, 0x08, 0x01, 0x12, 0x01, 0x01, 0x01, 0x03, 0x04,
	0x0B, 0x04, 0x01, 0x02, 0x02, 0x03, 0x06, 0x01, 0x03, 0x07, 0x0B, 0x01,
	0x08, 0x03, 0x05, 0x02, 0x03, 0x10, 0x01, 0x03, 0x0D, 0x02, 0x09, 0x03,
	0x0E, 0x02, 0x05, 0x0A, 0x03, 0x0E, 0x04, 0x03, 0x02, 0x02, 0x0B, 0x03,
	0x08, 0x0F, 0x04, 0x07, 0x03, 0x0C, 0x08, 0x03, 0x0B, 0x0E, 0x06, 0x02,
	0x0F, 0x0C, 0x05, 0x0A, 0x01, 0x05, 0x0A, 0x12, 0x53, 0x01, 0x05, 0x07,
	0x09, 0x05, 0x0A, 0x1F, 0x04, 0x02, 0x15, 0x13, 0x02, 0x04, 0x0D, 0x11,
	0x11, 0x10, 0x0B, 0x1F, 0x0C, 0x0E, 0x18, 0x0D, 0x0C, 0x10, 0x02, 0x03,
	0x21, 0x03, 0x04, 0x09, 0x04, 0x03, 0x0D, 0x1E, 0x14, 0x1E, 0x01, 0x16,
	0x15, 0x1A, 0x0E, 0x14, 0x28, 0x02, 0x0D, 0x1D, 0x1C, 0x0E, 0x16, 0x0E,
	0x1C, 0x54, 0x1A, 0x06, 0x01, 0x03, 0x01, 0x08, 0x14, 0x2A, 0x0E, 0x0D,
	0x0D, 0x12, 0x04, 0x02, 0x0A, 0x07, 0x03, 0x11, 0x0B, 0x04, 0x25, 0x05,
	0x08, 0x16, 0x19, 0x07, 0x03, 0x02, 0x01, 0x01, 0x0F, 0x0F, 0x15, 0x04,
	0x1F, 0x21, 0x0E, 0x1B, 0x19, 0xC9, 0x0D, 0x18, 0x16, 0x0C, 0x0E, 0x07,
	0x03, 0x08, 0x06, 0x08, 0x01, 0x07, 0x05, 0x08, 0x06, 0x0E, 0x03, 0x14,
	0x0D, 0x02, 0x0A, 0x06, 0x11, 0x02, 0x0E, 0x0F, 0x10, 0x8C, 0x01, 0x18,
	0x04, 0x01, 0x05, 0x01, 0x0C, 0x01, 0x05, 0x01, 0x08, 0x01, 0x01, 0x08,
	0x01, 0x02, 0x05, 0x01, 0x0C, 0x02, 0x03, 0x01, 0x5C, 0x11, 0x21, 0x1C,
	0x4D, 0x04, 0x04, 0x06, 0x02, 0x06, 0x0A, 0x03, 0x23, 0x01, 0x08, 0x11,
	0x07, 0x0C, 0x04, 0x10, 0x03, 0x0F, 0x06, 0x03, 0x06, 0x08, 0x02, 0x10,
	0x0C, 0x10, 0x0F, 0x04, 0x12, 0x04, 0x0C, 0x08, 0x04, 0x04, 0x0A, 0x0E,
	0x05, 0x18, 0x05, 0x0D, 0x09, 0x11, 0x19, 0x26, 0x05, 0x13, 0xFE, 0x51,
	0x03, 0x0D, 0x0F, 0x12, 0x08, 0x0A, 0x0C, 0x0F, 0x05, 0x01, 0x0F, 0x03,
	0x03, 0x08, 0x0D, 0x18, 0x08, 0x05, 0x0B, 0x02, 0x0D, 0x10, 0x06, 0x03,
	0x13, 0x08, 0x08, 0x05, 0x07, 0x02, 0x07, 0x01, 0xA6, 0x12, 0x0A, 0x10,
	0x12, 0x06, 0x19, 0x1E, 0x07, 0x06, 0x14, 0x10, 0x11, 0x04, 0x0C, 0x01,
	0x04, 0x01, 0x07, 0x1D, 0x11, 0x0C, 0x24, 0x0E, 0x0D, 0x03, 0x07, 0x24,
	0x07, 0x03, 0x0D, 0x09, 0x10, 0x0E, 0x10, 0x03, 0x0A, 0x03, 0x03, 0x03,
	0x0D, 0x1D, 0x11, 0x12, 0x16, 0x08, 0x3C, 0x25, 0x05, 0x99, 0x01, 0x04,
	0x08, 0x02, 0x09, 0x01, 0x10, 0x16, 0x0F, 0x2C, 0x0B, 0x18, 0x1C, 0x09,
	0x02, 0x02, 0x02, 0x02, 0x09, 0x04, 0x02, 0x01, 0x08, 0x08, 0x06, 0x11,
	0x05, 0x05, 0x09, 0x02, 0x26, 0x33, 0x18, 0x05, 0x01, 0x54, 0x02, 0x0F,
	0x01, 0x09, 0x0D, 0x04, 0x03, 0x05, 0x02, 0x05, 0x18, 0x04, 0x10, 0x1B,
	0x1F, 0x0D, 0x15, 0x38, 0x05, 0x01, 0x06, 0xFE, 0xCD, 0x02, 0x0E, 0x1B,
	0x06, 0x11, 0x03, 0x11, 0x15, 0x11, 0x11, 0x06, 0x01, 0x25, 0x03, 0x04,
	0x1E, 0x23, 0x07, 0x01, 0x01, 0x06, 0x06, 0x05, 0x0D, 0x17, 0x0B, 0x01,
	0x0F, 0x02, 0x12, 0x04, 0x02, 0x09, 0x03, 0x03, 0x1D, 0x04, 0x05, 0x03,
	0x07, 0x07, 0x2F, 0x06, 0x13, 0x01, 0x08, 0x0D, 0x12, 0x0C, 0x1C, 0x02,
	0x02, 0x06, 0x11, 0x05, 0x08, 0x14, 0x03, 0x14, 0x17, 0x06, 0x0A, 0x0B,
	0x1A, 0x0E, 0x12, 0x14, 0xFE, 0x09, 0x06, 0x08, 0x03, 0x02, 0x09, 0x02,
	0x02, 0x02, 0x03, 0x05, 0x03, 0x02, 0x02, 0x02, 0x04, 0x05, 0x01, 0x01,
	0x01, 0x0A, 0x05, 0x02, 0x0A, 0x02, 0x03, 0x0B, 0x01, 0x02, 0x03, 0x02,
	0x02, 0x04, 0x06, 0x07, 0x0C, 0x68, 0x08, 0x08, 0x05, 0x07, 0x03, 0x0C,
	0x0E, 0x01, 0x04, 0x10, 0x03, 0x08, 0x0E, 0x10, 0x0E, 0x07, 0x17, 0x06,
	0x01, 0x0C, 0x0C, 0x0C, 0x17, 0x0A, 0x10, 0x05, 0x12, 0x17, 0x04, 0x02,
	0x0A, 0x08, 0x09, 0x07, 0x50, 0x0B, 0x0D, 0x1B, 0x0D, 0x19, 0x05, 0x07,
	0x0D, 0x05, 0x0C, 0x1A, 0x09, 0x01, 0x04, 0x1A, 0x15, 0x0D, 0x20, 0x2E,
	0x06, 0x12, 0x16, 0x11, 0x12, 0x15, 0x1C, 0x22, 0x01, 0x35, 0x0E, 0x0E,
	0x05, 0x02, 0x0C, 0x02, 0x02, 0x0C, 0x0C, 0x03, 0x05, 0x07, 0x04, 0x04,
	0x06, 0x0C, 0x02, 0x05, 0x07, 0x03, 0x0D, 0x04, 0x04, 0x04, 0x06, 0x09,
	0x03, 0x0A, 0x03, 0x03, 0x06, 0x08, 0x09, 0x13, 0x02, 0x02, 0x08, 0x0A,
	0x0D, 0x04, 0x03, 0x03, 0x15, 0x08, 0x01, 0x03, 0x02, 0x01, 0x18, 0x03,
	0x07, 0x08, 0x10, 0x03, 0x0B, 0x03, 0x03, 0x05, 0x08, 0x06, 0x02, 0x03,
	0x0C, 0x01, 0x0D, 0x04, 0x04, 0x05, 0x0C, 0x0C, 0x01, 0x03, 0x18, 0x01,
	0x0C, 0x0D, 0x16, 0x02, 0x14, 0x03, 0x01, 0x04, 0x06, 0x02, 0x04, 0x0A,
	0x01, 0x03, 0x03, 0x02, 0x0A, 0x02, 0x03, 0x0D, 0x06, 0x0A, 0x0F, 0x01,
	0x07, 0x05, 0x08, 0x02, 0x06, 0x01, 0x0F, 0x03, 0x05, 0x01, 0x0C, 0x03,
	0x02, 0x02, 0x07, 0x14, 0x04, 0x07, 0x02, 0x05, 0x05, 0x04, 0x09, 0x12,
	0x02, 0x02, 0x02, 0x06, 0x09, 0x0D, 0x03, 0x01, 0x04, 0x09, 0x10, 0x06,
	0x02, 0x02, 0x1A, 0x01, 0x06, 0x02, 0x04, 0x03, 0x04, 0x04, 0x0C, 0x03,
	0x05, 0x01, 0x01, 0x0E, 0x06, 0x02, 0x06, 0x05, 0x01, 0x03, 0x05, 0x03,
	0x0D, 0x02, 0x01, 0x0A, 0x05, 0x06, 0x03, 0x0B, 0x06, 0x08, 0x02, 0x02,
	0x02, 0x09, 0x03, 0x0C, 0x09, 0x06, 0x0A, 0x06, 0x07, 0x01, 0x06, 0x0A,
	0x02, 0x01, 0x04, 0x01, 0x10, 0x06, 0x06, 0x0A, 0x01, 0x09, 0x02, 0x09,
	0x03, 0x03, 0x0A, 0x0E, 0x01, 0x1F, 0x02, 0x12, 0x08, 0x15, 0x30, 0x0F,
	0x1D, 0x01, 0x06, 0x06, 0x03, 0x06, 0x07, 0x09, 0x0F, 0x14, 0x04, 0x33,
	0x09, 0x0E, 0x18, 0x05, 0x10, 0x06, 0x08, 0x04, 0x02, 0x02, 0x0B, 0x08,
	0x06, 0x04, 0x03, 0x03, 0x0D, 0x09, 0x0A, 0x09, 0x09, 0x0E, 0x14, 0x27,
	0x07, 0x17, 0x02, 0x06, 0x01, 0x01, 0x06, 0x29, 0x01, 0x02, 0x13, 0x06,
	0x06, 0x06, 0x07, 0x03, 0x0E, 0x0B, 0x04, 0x01, 0x11, 0x11, 0x0C, 0x04,
	0x04, 0x04, 0x16, 0x01, 0x04, 0x04, 0x01, 0x08, 0x02, 0x03, 0x0C, 0x06,
	0x02, 0x03, 0x06, 0x01, 0x03, 0x01, 0x06, 0x08, 0x0E, 0x01, 0x03, 0x01,
	0x02, 0x04, 0x0B, 0x0D, 0x01, 0x07, 0x06, 0x06, 0x0D, 0x04, 0x01, 0x12,
	0x09, 0x05, 0x0E, 0x02, 0x01, 0x10, 0x08, 0x14, 0x03, 0x02, 0x03, 0x16,
	0x01, 0x03, 0x04, 0x07, 0x06, 0x05, 0x05, 0x06, 0x0B, 0x0F, 0x07, 0x04,
	0x07, 0x05, 0x02, 0x07, 0x0D, 0x0B, 0x08, 0x05, 0x06, 0x02, 0x06, 0x0B,
	0x02, 0x0D, 0x01, 0x01, 0x04, 0x0D, 0x08, 0x0E, 0x06, 0x04, 0x05, 0x08,
	0x04, 0x05, 0x03, 0x02, 0x03, 0x01, 0x09, 0x11, 0x03, 0x08, 0x05, 0x01,
	0x03, 0x08, 0x04, 0x0B, 0x02, 0x0B, 0x02, 0x09, 0x03, 0x0B, 0x05, 0x01,
	0x0F, 0x05, 0x0B, 0x03, 0x06, 0x01, 0x13, 0x04, 0x08, 0x11, 0x03, 0x21,
	0x02, 0x15, 0x1B, 0x01, 0x0F, 0x14, 0x03, 0x08, 0x0B, 0x0E, 0x05, 0x0F,
	0x04, 0x04, 0x07, 0x08, 0x04, 0x41, 0x13, 0x1B, 0x19, 0x13, 0x26, 0x17,
	0x04, 0x0F, 0x01, 0x05, 0x0E, 0x06, 0x0A, 0x12, 0x1B, 0x05, 0x11, 0x0C,
	0x09, 0x07, 0x12, 0x13, 0x01, 0x02, 0x02, 0x03, 0x03, 0x08, 0x02, 0x03,
	0x02, 0x0A, 0x12, 0x06, 0x06, 0x05, 0x16, 0x0A, 0x1D, 0x02, 0x02, 0x13,
	0x07, 0x0D, 0x06, 0x06, 0x0F, 0x02, 0x02, 0x03, 0x01, 0x0C, 0x0C, 0x04,
	0x09, 0x0D, 0x03, 0x08, 0x05, 0x06, 0x0B, 0x11, 0x02, 0x90, 0x04, 0x01,
	0x06, 0x0C, 0x0A, 0x0D, 0x05, 0x0E, 0x18, 0x07, 0x10, 0x12, 0x1C, 0x07,
	0x0D, 0x05, 0x05, 0x03, 0x0C, 0x01, 0x03, 0x0E, 0x03, 0x13, 0x02, 0x02,
	0x02, 0x03, 0x11, 0x06, 0x03, 0x19, 0x07, 0x04, 0x04, 0x15, 0x05, 0x0B,
	0x09, 0x04, 0x06, 0x06, 0x01, 0x04, 0x08, 0x0C, 0x11, 0x08, 0x0B, 0x18,
	0x1B, 0x01, 0x06, 0x02, 0x03, 0x1D, 0x02, 0x05, 0x02, 0x19, 0x02, 0x01,
	0x01, 0x09, 0x06, 0x0E, 0x01, 0x02, 0x04, 0x12, 0x04, 0x04, 0x04, 0x05,
	0x13, 0x0E, 0x15, 0x0D, 0x0C, 0x10, 0x13, 0x2A, 0x2F, 0x05, 0x0C, 0x06,
	0x0B, 0x0B, 0x05, 0x11, 0x14, 0x1B, 0x17, 0x21, 0x02, 0x08, 0x03, 0x10,
	0x0C, 0x0B, 0x03, 0x03, 0x03, 0x03, 0x0A, 0x14, 0x2C, 0x06, 0x15, 0x11,
	0x0D, 0x05, 0x05, 0x12, 0x30, 0x11, 0x07, 0x07, 0x13, 0x19, 0x02, 0x04,
	0x02, 0x01, 0x07, 0x08, 0x09, 0x0B, 0x2C, 0x0A, 0x0E, 0x0C, 0x0E, 0x34,
	0x0D, 0x0B, 0x0A, 0x0A, 0x12, 0x1B, 0x02, 0x06, 0x18, 0x25, 0x2C, 0x10,
	0x25, 0x2B, 0x0A, 0x18, 0x15, 0x0D, 0x04, 0x06, 0x1B, 0x05, 0x26, 0x0F,
	0x08, 0x0A, 0x0E, 0x1D, 0x07, 0x1C, 0x07, 0x08, 0x08, 0x05, 0x0F, 0x05,
	0x19, 0x24, 0x05, 0x07, 0x03, 0x0E, 0x39, 0x29, 0x0D, 0x22, 0x1D, 0x14,
	0x04, 0x1F, 0x15, 0x10, 0x02, 0x26, 0x14, 0x64, 0x15, 0x0C, 0x31, 0x27,
	0x12, 0x07, 0x07, 0x09, 0x0E, 0x05, 0x20, 0x13, 0x05, 0x1B, 0x05, 0x24,
	0x0C, 0x1B, 0x10, 0x06, 0x10, 0x09, 0x06, 0x02, 0x03, 0x01, 0x07, 0x19,
	0x15, 0x07, 0x08, 0x2A, 0x21, 0x08, 0x02, 0x04, 0x0D, 0x02, 0x3E, 0x25,
	0x1C, 0x0F, 0x22, 0x0C, 0x1A, 0x0C, 0x04, 0x02, 0x02, 0x0F, 0x04, 0x03,
	0x1C, 0x03, 0x05, 0x11, 0x04, 0x01, 0x08, 0x0F, 0x07, 0x05, 0x06, 0x1F,
	0x03, 0x24, 0x01, 0x0A, 0x0A, 0x0D, 0x0D, 0x02, 0x0C, 0x06, 0x0D, 0x12,
	0x0F, 0x03, 0x08, 0x04, 0x05, 0x04, 0x07, 0x12, 0x05, 0x03, 0x03, 0x07,
	0x01, 0x08, 0x03, 0x03, 0x03, 0x01, 0x07, 0x06, 0x01, 0x1A, 0x02, 0x0C,
	0x15, 0x39, 0x18, 0x1B, 0x30, 0x03, 0x08, 0x0C, 0x02, 0x0A, 0x16, 0x02,
	0x0F, 0x07, 0x18, 0x18, 0x13, 0x13, 0x04, 0x31, 0x02, 0x0C, 0x1B, 0x01,
	0x05, 0x07, 0x2C, 0x07, 0x08, 0x11, 0x0A, 0x15, 0x12, 0x11, 0x04, 0x05,
	0x03, 0x02, 0x04, 0x1D, 0x0E, 0x17, 0x0F, 0x02, 0x0F, 0x0A, 0x08, 0x09,
	0x1A, 0x1E, 0x09, 0x03, 0x03, 0x01, 0x0A, 0x11, 0x16, 0x10, 0x0F, 0x13,
	0x10, 0x08, 0x10, 0x0D, 0x0F, 0x06, 0x02, 0x03, 0x03, 0x11, 0x11, 0x0D,
	0x1C, 0x0E, 0x09, 0x0B, 0x0A, 0x09, 0x14, 0x09, 0x0F, 0x09, 0x08, 0x11,
	0x12, 0x07, 0x05, 0x0B, 0x06, 0x04, 0x01, 0x01, 0x08, 0x10, 0x15, 0x04,
	0x0D, 0x15, 0x0E, 0x1C, 0x04, 0x08, 0x0F, 0x0C, 0x1B, 0x05, 0x05, 0x06,
	0x14, 0x04, 0x0B, 0x08, 0x36, 0x03, 0x03, 0x03, 0x04, 0x07, 0x0A, 0x0B,
	0x11, 0x1B, 0x02, 0x07, 0x22, 0x07, 0x06, 0x0A, 0x04, 0x10, 0x04, 0x0B,
	0x06, 0x0C, 0x10, 0x03, 0x03, 0x07, 0x18, 0x05, 0x09, 0x05, 0x01, 0x0F,
	0x10, 0x1F, 0x26, 0x3A, 0x05, 0x06, 0x0A, 0x01, 0x07, 0x2B, 0x07, 0x1D,
	0x15, 0x09, 0x20, 0x06, 0x0B, 0x06, 0x02, 0x08, 0x0C, 0x2F, 0x01, 0x06,
	0x29, 0x06, 0x10, 0x21, 0x07, 0x08, 0x0B, 0x0E, 0x09, 0x10, 0x09, 0x04,
	0x06, 0x02, 0x12, 0x06, 0x09, 0x10, 0x18, 0x01, 0x08, 0x08, 0x0A, 0x0D,
	0x06, 0x08, 0x04, 0x02, 0x05, 0x06, 0x04, 0x08, 0x0D, 0x02, 0x41, 0x02,
	0x01, 0x04, 0x09, 0x01, 0x06, 0x01, 0x0A, 0x15, 0x10, 0x02, 0x0D, 0x13,
	0x03, 0x02, 0x07, 0x04, 0x05, 0x04, 0x0E, 0x0D, 0x0B, 0x08, 0x0E, 0x08,
	0x0A, 0x07, 0x03, 0x03, 0x03, 0x04, 0x02, 0x10, 0x16, 0x02, 0x2C, 0x05,
	0x1B, 0x18, 0x68, 0x08, 0x16, 0x0F, 0x22, 0x2C, 0x0A, 0x03, 0x04, 0x0D,
	0x0C, 0x13, 0x06, 0x17, 0x12, 0x06, 0x03, 0x20, 0x0D, 0x06, 0x2C, 0x07,
	0x03, 0x18, 0x22, 0x14, 0x13, 0x17, 0x0D, 0x19, 0x1A, 0x23, 0x02, 0x0E,
	0x04, 0x02, 0x20, 0x05, 0x08, 0x0B, 0x04, 0x07, 0x0F, 0x1F, 0x01, 0x02,
	0x09, 0x2C, 0x12, 0x0D, 0x0F, 0xFE, 0xA7, 0x07, 0x0D, 0x16, 0x02, 0x04,
	0x03, 0x04, 0x02, 0x03, 0x01, 0x05, 0x08, 0x04, 0x01, 0x01, 0x02, 0x07,
	0x02, 0x0B, 0x03, 0x06, 0x04, 0x04, 0x0D, 0x02, 0x05, 0x07, 0x04, 0x08,
	0x03, 0x06, 0x04, 0x02, 0x03, 0xE7, 0x0C, 0x12, 0x06, 0x21, 0x10, 0x05,
	0x0F, 0x13, 0x04, 0x0B, 0x05, 0x17, 0x1A, 0x07, 0x0C, 0x3D, 0x03, 0x04,
	0x03, 0x10, 0x05, 0x07, 0x28, 0x06, 0x03, 0x0F, 0x18, 0x04, 0x0D, 0x11,
	0x03, 0xFE, 0x12, 0x1E, 0x0D, 0x16, 0x13, 0x13, 0x10, 0x14, 0x0A, 0x0E,
	0x0B, 0x08, 0x07, 0x06, 0x07, 0x09, 0x06, 0x09, 0x05, 0x1C, 0x03, 0x26,
	0x02, 0x0B, 0x08, 0x08, 0x11, 0x08, 0x09, 0x05, 0x03, 0x15, 0x12, 0x01,
	0x01, 0x0A, 0x04, 0x15, 0x12, 0x02, 0x14, 0x19, 0x05, 0x16, 0x28, 0x0B,
	0x01, 0x23, 0x06, 0x1E, 0x08, 0x11, 0x0A, 0x03, 0x02, 0x03, 0x0B, 0x04,
	0x21, 0x12, 0x18, 0x0C, 0x09, 0x03, 0x04, 0x04, 0x01, 0x02, 0x08, 0x01,
	0x02, 0x01, 0x01, 0x05, 0x01, 0x0A, 0x01, 0x05, 0x01, 0x02, 0x0A, 0x2E,
	0x28, 0x34, 0x16, 0x15, 0x3A, 0x2B, 0x04, 0x02, 0x06, 0x0B, 0x01, 0x02,
	0x01, 0x02, 0x05, 0x01, 0x03, 0x03, 0x03, 0x01, 0x2D, 0x13, 0x0C, 0x07,
	0x02, 0xCF, 0x0B, 0x10, 0x14, 0x06, 0x10, 0x13, 0x08, 0x14, 0x12, 0x11,
	0x19, 0x0E, 0x1B, 0x0B, 0x15, 0x19, 0x1C, 0x0F, 0x02, 0x06, 0x03, 0x17,
	0x02, 0x02, 0x1F, 0x03, 0x0B, 0x1E, 0x01, 0x09, 0x20, 0x03, 0x01, 0x02,
	0x0A, 0x0F, 0x07, 0x0F, 0x09, 0x02, 0x04, 0x48, 0x03, 0x0C, 0x02, 0x03,
	0x0E, 0x13, 0x02, 0x02, 0x2A, 0x03, 0x05, 0x05, 0x02, 0x02, 0x13, 0x01,
	0x03, 0x0F, 0x0D, 0x04, 0x04, 0x08, 0x0D, 0x0B, 0x10, 0x0F, 0x12, 0xD3,
	0x02, 0x01, 0x03, 0x09, 0x0F, 0x27, 0x0A, 0x15, 0x15, 0x0A, 0x05, 0x03,
	0x12, 0x25, 0x09, 0x0B, 0x0F, 0x04, 0x02, 0x12, 0x0B, 0x02, 0x03, 0x18,
	0x0E, 0x18, 0x07, 0x1C, 0x07, 0x0F, 0x0B, 0x0C, 0x1B, 0x20, 0x09, 0x06,
	0x13, 0x1D, 0x23, 0x0D, 0x0D, 0x0F, 0x0B, 0x2E, 0x0D, 0x08, 0x0D, 0x06,
	0x06, 0x0E, 0x12, 0x16, 0x19, 0x0E, 0x0F, 0x1B, 0x03, 0x0F, 0x35, 0x17,
	0x1F, 0x15, 0x05, 0x20, 0x13, 0x1C, 0x22, 0x1C, 0x1D, 0x1D, 0x39, 0x0A,
	0x17, 0x14, 0x1B, 0x24, 0x0A, 0x13, 0x1B, 0x16, 0x16, 0x08, 0x40, 0x0A,
	0x07, 0x22, 0x0A, 0x14, 0x05, 0x03, 0x16, 0x03, 0x03, 0x25, 0x03, 0x05,
	0x02, 0x0F, 0x16, 0x1D, 0x24, 0x35, 0x08, 0x09, 0x17, 0x14, 0x13, 0x07,
	0x1A, 0x1E, 0x7C, 0x05, 0x0C, 0x11, 0x04, 0x01, 0x01, 0x05, 0x03, 0x09,
	0x0D, 0x01, 0x08, 0x04, 0x12, 0x01, 0x02, 0x04, 0x07, 0x06, 0x03, 0x08,
	0x0D, 0x09, 0x06, 0x07, 0x0B, 0x0E, 0x05, 0x0B, 0x0B, 0x05, 0x08, 0x02,
	0x07, 0x06, 0x0B, 0x01, 0x03, 0x06, 0x06, 0x04, 0x0A, 0x09, 0x04, 0x07,
	0x14, 0x04, 0x07, 0x01, 0x04, 0x09, 0x0B, 0x02, 0x09, 0x02, 0x0A, 0x05,
	0x02, 0x04, 0x03, 0x03, 0x03, 0x03, 0x09, 0x03, 0x02, 0x02, 0x06, 0x01,
	0x01, 0x07, 0x03, 0x04, 0x08, 0x03, 0x04, 0x02, 0x03, 0x05, 0x0A, 0x02,
	0x01, 0x07, 0x05, 0x05, 0x02, 0x02, 0x03, 0x0E, 0x06, 0x02, 0x01, 0x01,
	0x08, 0x0D, 0x04, 0x01, 0x02, 0x03, 0x04, 0x03, 0x02, 0x08, 0x11, 0x04,
	0x03, 0x02, 0x03, 0x03, 0x01, 0x05, 0x09, 0x1B, 0x02, 0x07, 0x02, 0x01,
	0x02, 0x0C, 0x01, 0x06, 0x0D, 0x0A, 0x02, 0x04, 0x07, 0x01, 0x0A, 0x0D,
	0x05, 0x09, 0x01, 0x05, 0x0E, 0x05, 0x0B, 0x01, 0x07, 0x0A, 0x06, 0x0A,
	0x01, 0x02, 0x05, 0x09, 0x04, 0x0A, 0x0B, 0x07, 0x03, 0x08, 0x06, 0x0D,
	0x06, 0x0A, 0x03, 0x09, 0x02, 0x02, 0x02, 0x06, 0x01, 0x0C, 0x02, 0x0D,
	0x03, 0x05, 0x03, 0x02, 0x09, 0x01, 0x0C, 0x0C, 0x04, 0x01, 0x0B, 0x05,
	0x07, 0x02, 0x08, 0x02, 0x03, 0x0F, 0x06, 0x04, 0x07, 0x02, 0x03, 0x03,
	0x03, 0x02, 0x01, 0x10, 0x06, 0x03, 0x05, 0x01, 0x33, 0x0C, 0x16, 0x0A,
	0x12, 0x16, 0x03, 0x03, 0x06, 0x01, 0x03, 0x03, 0x02, 0x06, 0x08, 0x01,
	0x19, 0x58, 0x2F, 0x11, 0x0A, 0x10, 0x01, 0x0F, 0x01, 0x02, 0x01, 0x07,
	0x05, 0x02, 0x08, 0x05, 0x0D, 0x1A, 0x06, 0x15, 0x1D, 0x03, 0x0A, 0x0E,
	0x02, 0x0C, 0x01, 0x02, 0x02, 0x07, 0x05, 0x06, 0x06, 0x02, 0x02, 0x05,
	0x01, 0x02, 0x02, 0x09, 0x06, 0x07, 0x01, 0x07, 0x04, 0x0A, 0x0B, 0x03,
	0x09, 0x0C, 0x01, 0x02, 0x02, 0x14, 0x02, 0x07, 0x0A, 0x07, 0x0A, 0x03,
	0x04, 0x04, 0x0D, 0x04, 0x0B, 0x15, 0x10, 0x03, 0x0D, 0x02, 0x04, 0x03,
	0x11, 0x02, 0x05, 0x11, 0x04, 0x05, 0x04, 0x01, 0x08, 0x01, 0x03, 0x0B,
	0x04, 0x03, 0x0B, 0x04, 0x03, 0x02, 0x01, 0x05, 0x03, 0x05, 0x03, 0x03,
	0x08, 0x02, 0x06, 0x02, 0x05, 0x03, 0x03, 0x05, 0x08, 0x09, 0x04, 0x08,
	0x02, 0x02, 0x04, 0x05, 0x09, 0x0B, 0x04, 0x04, 0x07, 0x05, 0x01, 0x0C,
	0x02, 0x02, 0x09, 0x05, 0x0A, 0x02, 0x01, 0x02, 0x05, 0x07, 0x03, 0x09,
	0x0D, 0x01, 0x0A, 0x07, 0x02, 0x0E, 0x03, 0x03, 0x0B, 0x07, 0x01, 0x06,
	0x0C, 0x04, 0x07, 0x07, 0x12, 0x03, 0x07, 0x02, 0x0E, 0x04, 0x10, 0x06,
	0x0A, 0x01, 0x0C, 0x04, 0x10, 0x05, 0x05, 0x05, 0x01, 0x04, 0x03, 0x0A,
	0x05, 0x03, 0x05, 0x01, 0x08, 0x08, 0x10, 0x19, 0x1E, 0x02, 0x0C, 0x02,
	0x0D, 0x04, 0x06, 0x04, 0x05, 0x01, 0x0E, 0x1D, 0x15, 0x12, 0x09, 0x02,
	0x0C, 0x01, 0x07, 0x0D, 0x1C, 0x03, 0x1D, 0x08, 0x02, 0x08, 0x0F, 0x26,
	0x0A, 0x07, 0x05, 0x09, 0x05, 0x02, 0x06, 0x1B, 0x1C, 0x1F, 0x10, 0x06,
	0x02, 0x02, 0x05, 0x08, 0x07, 0x05, 0x0D, 0x0C, 0x0E, 0x0D, 0x0C, 0x07,
	0x05, 0x02, 0x01, 0x3F, 0x17, 0x02, 0x0C, 0x02, 0x0C, 0x05, 0x0F, 0x0F,
	0x02, 0x02, 0x03, 0x01, 0x12, 0x07, 0x01, 0x11, 0x05, 0x02, 0x04, 0x06,
	0x00, 0x02, 0x00, 0x00, 0x00, 0x00, 0x03, 0x11, 0x03, 0x20, 0x00, 0x4F,
	0x00, 0xE0, 0x00, 0xA3, 0x40, 0x48, 0x01, 0xE1, 0xE1, 0x40, 0xE2, 0x02,
	0xD8, 0xD6, 0xD1, 0xCF, 0xC6, 0xC1, 0xB6, 0xA8, 0xA4, 0xA3, 0x8D, 0x8B,
	0x77, 0x76, 0x67, 0x61, 0x3C, 0x37, 0x23, 0xDB, 0xD9, 0xD4, 0xD3, 0xCD,
	0xC9, 0xC0, 0xBC, 0xA8, 0x85, 0x6C, 0x6B, 0x65, 0x50, 0x3C, 0x2F, 0x21,
	0x02, 0x03, 0x2E, 0x2E, 0x03, 0x80, 0x83, 0xB2, 0xB4, 0x04, 0x08, 0x65,
	0x39, 0x35, 0x04, 0x69, 0x5F, 0x5E, 0x04, 0x44, 0x28, 0x04, 0x99, 0x43,
	0x01, 0x08, 0x00, 0x01, 0x21, 0x46, 0x76, 0x2F, 0x37, 0x18, 0x00, 0x3F,
	0x3F, 0x2F, 0xFD, 0x2F, 0xFD, 0x3C, 0x2F, 0xFD, 0x3C, 0x3C, 0x10, 0xFD,
	0x3C, 0x01, 0x2F, 0x3C, 0xFD, 0x10, 0xFD, 0x2E, 0x2E, 0x2E, 0x2E, 0x2E,
	0x2E, 0x2E, 0x2E, 0x2E, 0x2E, 0x2E, 0x2E, 0x2E, 0x2E, 0x2E, 0x2E, 0x2E,
	0x00, 0x2E, 0x2E, 0x2E, 0x2E, 0x2E, 0x2E, 0x2E, 0x2E, 0x2E, 0x2E, 0x2E,
	0x2E, 0x2E, 0x2E, 0x2E, 0x2E, 0x2E, 0x2E, 0x2E, 0x31, 0x30, 0x01, 0x49,
	0x68, 0xB9, 0x00, 0x21, 0x00, 0xE1, 0x49, 0x68, 0x61, 0xB0, 0x40, 0x52,
	0x58, 0x38, 0x11, 0x37, 0xB9, 0x00, 0xE1, 0xFF, 0xC0, 0x38, 0x59, 0x01,
	0x16, 0x15, 0x14, 0x07, 0x06, 0x07, 0x06, 0x07, 0x27, 0x26, 0x27, 0x26,
	0x27, 0x26, 0x27, 0x26, 0x27, 0x06, 0x27, 0x26, 0x27, 0x26, 0x27, 0x26,
	0x27, 0x26, 0x27, 0x26, 0x27, 0x26, 0x27, 0x26, 0x35, 0x34, 0x37, 0x1E,
	0x01, 0x17, 0x16, 0x17, 0x16, 0x37, 0x36, 0x37, 0x36, 0x3F, 0x01, 0x27,
	0x2E, 0x01, 0x27, 0x26, 0x23, 0x22, 0x07, 0x26, 0x23, 0x22, 0x06, 0x07,
	0x36, 0x37, 0x36, 0x37, 0x32, 0x36, 0x33, 0x17, 0x36, 0x17, 0x16, 0x17,
	0x16, 0x31, 0x16, 0x17, 0x16, 0x17, 0x16, 0x17, 0x26, 0x27, 0x26, 0x27,
	0x26, 0x27, 0x26, 0x27, 0x26, 0x27, 0x26, 0x27, 0x26, 0x2B, 0x01, 0x22,
	0x27, 0x06, 0x07, 0x06, 0x07, 0x36, 0x37, 0x30, 0x17, 0x36, 0x17, 0x07,
	0x16, 0x17, 0x16, 0x31, 0x16, 0x17, 0x1E, 0x01, 0x1F, 0x01, 0x33, 0x16,
	0x17, 0x16, 0x17, 0x1E, 0x01, 0x15, 0x16, 0x15, 0x14, 0x06, 0x15, 0x14,
	0x17, 0x06, 0x07, 0x06, 0x07, 0x06, 0x23, 0x22, 0x27, 0x06, 0x07, 0x0E,
	0x01, 0x27, 0x06, 0x07, 0x06, 0x07, 0x26, 0x06, 0x23, 0x22, 0x27, 0x26,
	0x27, 0x26, 0x23, 0x26, 0x27, 0x26, 0x27, 0x23, 0x26, 0x27, 0x26, 0x27,
	0x16, 0x17, 0x16, 0x17, 0x16, 0x17, 0x16, 0x17, 0x16, 0x33, 0x32, 0x37,
	0x16, 0x33, 0x32, 0x37, 0x36, 0x37, 0x36, 0x37, 0x26, 0x27, 0x26, 0x27,
	0x37, 0x16, 0x17, 0x1E, 0x01, 0x33, 0x32, 0x36, 0x37, 0x36, 0x27, 0x26,
	0x27, 0x26, 0x37, 0x16, 0x17, 0x36, 0x37, 0x27, 0x36, 0x37, 0x16, 0x17,
	0x37, 0x26, 0x35, 0x34, 0x37, 0x36, 0x35, 0x34, 0x02, 0xEA, 0x27, 0x28,
	0x35, 0x51, 0x45, 0x4A, 0xAF, 0x16, 0x28, 0x03, 0x19, 0x11, 0x07, 0x10,
	0x1B, 0x02, 0x10, 0x05, 0x1A, 0x13, 0x07, 0x0A, 0x06, 0x08, 0x02, 0x01,
	0x06, 0x09, 0x09, 0x0A, 0x02, 0x0D, 0x22, 0x0C, 0x6B, 0x82, 0x6E, 0x72,
	0x14, 0x24, 0x04, 0x06, 0x08, 0x12, 0x0D, 0x16, 0x0B, 0x4F, 0x90, 0x19,
	0x1B, 0x07, 0x07, 0x0F, 0x35, 0x0E, 0x10, 0x48, 0x14, 0x25, 0x0E, 0x31,
	0x0E, 0x05, 0x52, 0x2A, 0x12, 0x16, 0x25, 0x02, 0x17, 0x44, 0x0F, 0x2B,
	0x24, 0x0B, 0x1B, 0x0D, 0x0C, 0x10, 0x13, 0x0B, 0x0D, 0x10, 0x06, 0x36,
	0x55, 0x13, 0x31, 0x0C, 0x20, 0x10, 0x2B, 0x2B, 0x31, 0x19, 0x1F, 0x3E,
	0x02, 0x2A, 0x28, 0x02, 0x01, 0x09, 0x10, 0x19, 0x31, 0x15, 0x2D, 0x0C,
	0x0A, 0x05, 0x08, 0x03, 0x05, 0x02, 0x0A, 0x03, 0x08, 0x02, 0x07, 0x06,
	0x12, 0x09, 0x0A, 0x0D, 0x01, 0x02, 0x03, 0x02, 0x3C, 0x06, 0x1B, 0x0A,
	0x1A, 0x2A, 0x25, 0x25, 0x06, 0x18, 0x05, 0x0C, 0x07, 0x12, 0x18, 0x27,
	0x01, 0x07, 0x18, 0x0E, 0x19, 0x04, 0x09, 0x1D, 0x1A, 0x09, 0x08, 0x6F,
	0x2F, 0x37, 0x0C, 0x0F, 0x0B, 0x1D, 0x18, 0x0F, 0x0B, 0x0A, 0x16, 0x18,
	0x2C, 0x26, 0x06, 0x0C, 0x14, 0x28, 0x03, 0x0C, 0x12, 0x03, 0x07, 0x0F,
	0x0D, 0x12, 0x0A, 0x05, 0x07, 0x15, 0x03, 0x01, 0x0D, 0x0B, 0x0C, 0x03,
	0x07, 0x14, 0x28, 0x17, 0x1C, 0x3D, 0x01, 0x06, 0x16, 0x30, 0x10, 0x02,
	0x10, 0x01, 0x02, 0x42, 0x64, 0x64, 0x61, 0x41, 0x55, 0x4D, 0x22, 0x14,
	0x02, 0x01, 0x0F, 0x02, 0x0C, 0x08, 0x0C, 0x09, 0x16, 0x04, 0x06, 0x07,
	0x17, 0x11, 0x11, 0x04, 0x0C, 0x13, 0x03, 0x08, 0x08, 0x1A, 0x1A, 0x1E,
	0x19, 0x0C, 0x0C, 0x0C, 0x3A, 0x0A, 0x77, 0x09, 0x07, 0x5A, 0x10, 0x37,
	0x0D, 0x1C, 0x62, 0x64, 0x0E, 0x46, 0x0E, 0x63, 0x03, 0x02, 0x16, 0x01,
	0x2E, 0x1A, 0x05, 0x12, 0x0D, 0x07, 0x04, 0x1A, 0x01, 0x09, 0x0F, 0x07,
	0x0D, 0x2E, 0x0E, 0x28, 0xFB, 0x6B, 0x52, 0x1B, 0x1A, 0x1E, 0x10, 0x02,
	0x0C, 0x0F, 0x03, 0x38, 0x08, 0x14, 0x06, 0x0B, 0x0B, 0x10, 0x1D, 0x09,
	0x10, 0x07, 0x01, 0x06, 0x01, 0x09, 0x01, 0x02, 0x0C, 0x18, 0x10, 0x24,
	0x14, 0x1A, 0x0A, 0x13, 0x1A, 0x05, 0x0A, 0x21, 0x10, 0x0B, 0x12, 0x05,
	0x15, 0x05, 0x11, 0x0A, 0x2A, 0x51, 0x05, 0x10, 0x0E, 0x01, 0x02, 0x34,
	0x02, 0x13, 0x01, 0x12, 0x0A, 0x06, 0x07, 0x01, 0x04, 0x07, 0x03, 0x0B,
	0x12, 0x05, 0x0D, 0x09, 0x15, 0x0E, 0x17, 0x14, 0x14, 0x61, 0x4E, 0x21,
	0x14, 0x04, 0x0E, 0x01, 0x05, 0x04, 0x02, 0x05, 0x0F, 0x01, 0x05, 0x08,
	0x0F, 0x10, 0x16, 0x1E, 0x06, 0x07, 0x04, 0x12, 0x19, 0x0A, 0x18, 0x01,
	0x10, 0x11, 0x0E, 0x0E, 0x0F, 0x03, 0x04, 0x25, 0x12, 0x31, 0x39, 0x04,
	0x05, 0x0D, 0x14, 0x21, 0x05, 0x06, 0x03, 0x23, 0x05, 0x17, 0x12, 0x00,
	0x00, 0x06, 0x00, 0x00, 0x00, 0x00, 0x03, 0x26, 0x03, 0x20, 0x01, 0x86,
	0x01, 0x97, 0x01, 0xAA, 0x01, 0xAE, 0x01, 0xBE, 0x01, 0xD0, 0x02, 0x15,
	0x40, 0x6A, 0x01, 0xFE, 0xF5, 0xF3, 0xF0, 0xEE, 0xE5, 0xD6, 0xD2, 0xC5,
	0xC3, 0xB5, 0xAC, 0x9A, 0x8F, 0x84, 0x81, 0x80, 0x78, 0x72, 0x6A, 0x59,
	0x55, 0x4B, 0x49, 0x40, 0x37, 0x31, 0x29, 0x27, 0x23, 0x19, 0x15, 0x0D,
	0x09, 0x01, 0x00, 0xF7, 0xF2, 0xF1, 0xEC, 0xE6, 0xDD, 0xD7, 0xCE, 0xCA,
	0xC7, 0xC0, 0xBB, 0xAA, 0xA2, 0x98, 0x8D, 0x83, 0x81, 0x80, 0x7A, 0x71,
	0x6D, 0x64, 0x5B, 0x43, 0x41, 0x3A, 0x37, 0x2F, 0x29, 0x27, 0x25, 0x21,
	0x1B, 0x13, 0x0F, 0x07, 0x03, 0x00, 0xFE, 0x03, 0xFD, 0xD4, 0x05, 0x9D,
	0xB7, 0xB3, 0x05, 0xDF, 0x91, 0x25, 0x05, 0x88, 0x66, 0xA4, 0xA6, 0x05,
	0x9D, 0xD7, 0x05, 0x3E, 0x04, 0x4D, 0x4E, 0x4D, 0x00, 0x01, 0xBB, 0x46,
	0x76, 0x2F, 0x37, 0x18, 0x00, 0x3F, 0x3C, 0xB9, 0x01, 0x23, 0x00, 0x01,
	0x3F, 0x10, 0xFD, 0xB8, 0x01, 0x5F, 0x2F, 0xFD, 0x2F, 0xFD, 0x3C, 0x2F,
	0xB8, 0x01, 0xB5, 0x3C, 0x3C, 0xFD, 0x3C, 0x2F, 0xFD, 0xB8, 0x01, 0xBB,
	0x3C, 0x3C, 0x10, 0xFD, 0x01, 0x2F, 0xFD, 0xB8, 0x01, 0x4A, 0x2F, 0xB9,
	0x01, 0x14, 0x00, 0x03, 0xFD, 0x2E, 0x2E, 0x2E, 0x2E, 0x2E, 0x2E, 0x2E,
	0x2E, 0x2E, 0x2E, 0x2E, 0x2E, 0x2E, 0x2E, 0x2E, 0x2E, 0x2E, 0x2E, 0x2E,
	0x2E, 0x2E, 0x2E, 0x2E, 0x2E, 0x2E, 0x2E, 0x2E, 0x2E, 0x2E, 0x2E, 0x2E,
	0x2E, 0x2E, 0x2E, 0x2E, 0x2E, 0x2E, 0x2E, 0x2E, 0xB8, 0x01, 0x04, 0x2E,
	0xB8, 0x01, 0x08, 0x2E, 0xB8, 0x01, 0x17, 0x2E, 0xB8, 0x01, 0x2D, 0x2E,
	0xB8, 0x01, 0x30, 0x2E, 0xB8, 0x01, 0x39, 0x2E, 0xB8, 0x01, 0x3D, 0x2E,
	0xB8, 0x01, 0x48, 0x2E, 0xB8, 0x01, 0x4C, 0x2E, 0xB8, 0x01, 0x4F, 0x2E,
	0xB8, 0x01, 0x50, 0x2E, 0xB8, 0x01, 0x58, 0x2E, 0xB8, 0x01, 0x5D, 0x2E,
	0xB8, 0x01, 0x69, 0x2E, 0xB8, 0x01, 0x6A, 0x2E, 0xB8, 0x01, 0x6F, 0x2E,
	0xB8, 0x01, 0x7C, 0x2E, 0xB8, 0x01, 0x81, 0x2E, 0xB8, 0x01, 0x87, 0x2E,
	0xB8, 0x01, 0x8B, 0x2E, 0xB8, 0x01, 0x91, 0x2E, 0xB8, 0x01, 0x95, 0x2E,
	0xB8, 0x01, 0x98, 0x2E, 0xB8, 0x01, 0x9E, 0x2E, 0xB8, 0x01, 0xAB, 0x2E,
	0xB8, 0x01, 0xAD, 0x2E, 0xB8, 0x01, 0xAE, 0x2E, 0xB8, 0x01, 0xAF, 0x2E,
	0xB8, 0x01, 0xBB, 0x2E, 0xB8, 0x01, 0xBF, 0x2E, 0xB8, 0x01, 0xC4, 0x2E,
	0xB8, 0x01, 0xC9, 0x2E, 0xB8, 0x01, 0xCC, 0x2E, 0x00, 0x2E, 0x2E, 0x2E,
	0x2E, 0x2E, 0x2E, 0x2E, 0x2E, 0x2E, 0x2E, 0x2E, 0x2E, 0x2E, 0x2E, 0x2E,
	0x2E, 0x2E, 0x2E, 0x2E, 0x2E, 0x2E, 0x2E, 0x2E, 0x2E, 0x2E, 0x2E, 0x2E,
	0x2E, 0x2E, 0x2E, 0x2E, 0x2E, 0x2E, 0x2E, 0x2E, 0x2E, 0xB8, 0x01, 0x02,
	0x2E, 0xB8, 0x01, 0x0B, 0x2E, 0xB8, 0x01, 0x0C, 0x2E, 0xB8, 0x01, 0x12,
	0x2E, 0xB8, 0x01, 0x1D, 0x2E, 0xB8, 0x01, 0x21, 0x2E, 0xB8, 0x01, 0x28,
	0x2E, 0xB8, 0x01, 0x2B, 0x2E, 0xB8, 0x01, 0x32, 0x2E, 0xB8, 0x01, 0x36,
	0x2E, 0xB8, 0x01, 0x3F, 0x2E, 0xB8, 0x01, 0x46, 0x2E, 0xB8, 0x01, 0x4D,
	0x2E, 0xB8, 0x01, 0x4E, 0x2E, 0xB8, 0x01, 0x50, 0x2E, 0xB8, 0x01, 0x56,
	0x2E, 0xB8, 0x01, 0x65, 0x2E, 0xB8, 0x01, 0x71, 0x2E, 0xB8, 0x01, 0x78,
	0x2E, 0xB8, 0x01, 0x8B, 0x2E, 0xB8, 0x01, 0x95, 0x2E, 0xB8, 0x01, 0x98,
	0x2E, 0xB8, 0x01, 0x9B, 0x2E, 0xB8, 0x01, 0x9E, 0x2E, 0xB8, 0x01, 0xA5,
	0x2E, 0xB8, 0x01, 0xAD, 0x2E, 0xB8, 0x01, 0xAE, 0x2E, 0xB8, 0x01, 0xAF,
	0x2E, 0xB8, 0x01, 0xBC, 0x2E, 0xB8, 0x01, 0xBF, 0x2E, 0xB8, 0x01, 0xC9,
	0x2E, 0x31, 0x30, 0x01, 0xB9, 0x01, 0xD2, 0x00, 0x00, 0x49, 0x68, 0xB9,
	0x00, 0xBB, 0x01, 0xD1, 0x49, 0x68, 0x61, 0xB0, 0x40, 0x52, 0x58, 0xB9,
	0x01, 0xD1, 0x00, 0x40, 0x38, 0xB8, 0x01, 0xD1, 0x11, 0x37, 0xB9, 0x01,
	0xD1, 0xFF, 0xC0, 0x38, 0x59, 0x01, 0x27, 0x06, 0x07, 0x16, 0x17, 0x16,
	0x17, 0x06, 0x07, 0x26, 0x27, 0x26, 0x27, 0x30, 0x07, 0x16, 0x17, 0x16,
	0x17, 0x06, 0x07, 0x26, 0x27, 0x26, 0x27, 0x06, 0x17, 0x16, 0x31, 0x16,
	0x17, 0x16, 0x17, 0x06, 0x07, 0x26, 0x27, 0x16, 0x17, 0x26, 0x27, 0x06,
	0x16, 0x17, 0x16, 0x1F, 0x01, 0x06, 0x07, 0x36, 0x26, 0x37, 0x2E, 0x01,
	0x07, 0x1E, 0x01, 0x15, 0x14, 0x07, 0x06, 0x07, 0x26, 0x27, 0x07, 0x16,
	0x15, 0x14, 0x07, 0x30, 0x07, 0x26, 0x07, 0x36, 0x27, 0x06, 0x07, 0x23,
	0x27, 0x30, 0x27, 0x26, 0x31, 0x26, 0x27, 0x06, 0x07, 0x06, 0x07, 0x26,
	0x27, 0x3E, 0x01, 0x37, 0x36, 0x37, 0x36, 0x37, 0x36, 0x27, 0x26, 0x31,
	0x06, 0x07, 0x06, 0x07, 0x22, 0x26, 0x27, 0x36, 0x37, 0x36, 0x37, 0x27,
	0x06, 0x07, 0x06, 0x07, 0x06, 0x07, 0x26, 0x27, 0x36, 0x37, 0x34, 0x37,
	0x36, 0x27, 0x07, 0x36, 0x37, 0x27, 0x06, 0x07, 0x06, 0x23, 0x22, 0x27,
	0x34, 0x26, 0x35, 0x34, 0x37, 0x16, 0x33, 0x32, 0x37, 0x36, 0x37, 0x34,
	0x36, 0x35, 0x34, 0x27, 0x26, 0x06, 0x23, 0x22, 0x27, 0x36, 0x26, 0x35,
	0x34, 0x37, 0x16, 0x33, 0x32, 0x37, 0x36, 0x37, 0x26, 0x23, 0x22, 0x06,
	0x07, 0x06, 0x07, 0x06, 0x23, 0x22, 0x27, 0x06, 0x23, 0x22, 0x27, 0x26,
	0x27, 0x36, 0x16, 0x37, 0x36, 0x37, 0x2E, 0x01, 0x27, 0x06, 0x27, 0x26,
	0x35, 0x36, 0x3F, 0x01, 0x26, 0x27, 0x26, 0x27, 0x36, 0x37, 0x36, 0x17,
	0x16, 0x37, 0x16, 0x17, 0x37, 0x26, 0x27, 0x26, 0x27, 0x26, 0x27, 0x36,
	0x37, 0x30, 0x17, 0x16, 0x17, 0x16, 0x17, 0x37, 0x30, 0x27, 0x26, 0x27,
	0x26, 0x27, 0x34, 0x37, 0x16, 0x17, 0x37, 0x27, 0x37, 0x16, 0x17, 0x36,
	0x35, 0x34, 0x27, 0x26, 0x27, 0x26, 0x27, 0x37, 0x06, 0x16, 0x07, 0x17,
	0x36, 0x35, 0x34, 0x27, 0x26, 0x37, 0x36, 0x16, 0x37, 0x33, 0x16, 0x17,
	0x16, 0x17, 0x16, 0x17, 0x36, 0x35, 0x34, 0x26, 0x35, 0x34, 0x37, 0x26,
	0x37, 0x36, 0x33, 0x16, 0x17, 0x16, 0x17, 0x36, 0x37, 0x1E, 0x01, 0x17,
	0x16, 0x17, 0x3E, 0x01, 0x37, 0x16, 0x17, 0x0E, 0x01, 0x07, 0x14, 0x17,
	0x36, 0x37, 0x34, 0x37, 0x1E, 0x01, 0x17, 0x06, 0x07, 0x06, 0x07, 0x16,
	0x17, 0x32, 0x36, 0x17, 0x36, 0x27, 0x36, 0x37, 0x32, 0x17, 0x06, 0x17,
	0x06, 0x33, 0x17, 0x37, 0x17, 0x07, 0x16, 0x37, 0x36, 0x37, 0x36, 0x33,
	0x16, 0x07, 0x06, 0x07, 0x06, 0x27, 0x07, 0x16, 0x33, 0x32, 0x37, 0x36,
	0x37, 0x36, 0x33, 0x32, 0x17, 0x16, 0x1D, 0x01, 0x26, 0x07, 0x06, 0x27,
	0x07, 0x16, 0x33, 0x32, 0x36, 0x17, 0x36, 0x37, 0x36, 0x33, 0x32, 0x17,
	0x16, 0x17, 0x06, 0x07, 0x06, 0x0F, 0x01, 0x16, 0x17, 0x16, 0x17, 0x16,
	0x07, 0x26, 0x2F, 0x02, 0x16, 0x17, 0x16, 0x17, 0x16, 0x17, 0x06, 0x07,
	0x06, 0x07, 0x3E, 0x01, 0x2F, 0x03, 0x0E, 0x01, 0x07, 0x37, 0x16, 0x37,
	0x3E, 0x01, 0x3F, 0x01, 0x30, 0x17, 0x16, 0x17, 0x16, 0x03, 0x34, 0x27,
	0x15, 0x37, 0x06, 0x07, 0x26, 0x07, 0x06, 0x07, 0x26, 0x27, 0x26, 0x27,
	0x26, 0x27, 0x13, 0x3E, 0x01, 0x2F, 0x01, 0x26, 0x27, 0x26, 0x27, 0x37,
	0x36, 0x37, 0x36, 0x37, 0x06, 0x0F, 0x01, 0x16, 0x17, 0x1E, 0x01, 0x03,
	0x23, 0x03, 0x28, 0x50, 0x35, 0x0C, 0x23, 0x0E, 0x04, 0x0C, 0x14, 0x35,
	0x3C, 0x12, 0x11, 0x14, 0x41, 0x3A, 0x13, 0x04, 0x10, 0x16, 0x3B, 0x41,
	0x15, 0x05, 0x03, 0x05, 0x11, 0x44, 0x38, 0x0F, 0x07, 0x07, 0x2C, 0x44,
	0x25, 0x1C, 0x29, 0x52, 0x02, 0x0E, 0x02, 0x0E, 0x0B, 0x08, 0x0B, 0x19,
	0x05, 0x41, 0x01, 0x02, 0x0E, 0x04, 0x02, 0x3B, 0x02, 0x0B, 0x19, 0x03,
	0x38, 0x03, 0x2E, 0x01, 0x08, 0x07, 0x10, 0x02, 0x23, 0x0F, 0x19, 0x02,
	0x11, 0x06, 0x01, 0x02, 0x08, 0x0E, 0x0D, 0x0C, 0x19, 0x0E, 0x0E, 0x03,
	0x1B, 0x03, 0x09, 0x09, 0x0C, 0x12, 0x04, 0x02, 0x05, 0x1E, 0x14, 0x16,
	0x17, 0x08, 0x17, 0x05, 0x1A, 0x13, 0x15, 0x14, 0x02, 0x0F, 0x02, 0x13,
	0x11, 0x0E, 0x22, 0x09, 0x13, 0x10, 0x1D, 0x06, 0x04, 0x02, 0x6D, 0x2B,
	0x1E, 0x03, 0x1A, 0x1A, 0x1F, 0x1B, 0x0A, 0x0B, 0x0A, 0x01, 0x0C, 0x0C,
	0x20, 0x2D, 0x31, 0x1A, 0x09, 0x03, 0x22, 0x68, 0x1F, 0x0D, 0x0E, 0x02,
	0x0A, 0x03, 0x09, 0x0A, 0x21, 0x2F, 0x36, 0x17, 0x06, 0x06, 0x0A, 0x28,
	0x08, 0x14, 0x13, 0x17, 0x13, 0x08, 0x09, 0x07, 0x05, 0x08, 0x03, 0x05,
	0x03, 0x0A, 0x31, 0x0B, 0x11, 0x24, 0x12, 0x4F, 0x11, 0x04, 0x02, 0x03,
	0x56, 0x2E, 0x05, 0x0C, 0x38, 0x2C, 0x0E, 0x07, 0x06, 0x04, 0x0B, 0x37,
	0x2E, 0x20, 0x18, 0x0B, 0x1F, 0x51, 0x0F, 0x10, 0x0E, 0x0D, 0x04, 0x0A,
	0x2F, 0x1E, 0x1E, 0x23, 0x17, 0x02, 0x2A, 0x2C, 0x13, 0x21, 0x12, 0x0E,
	0x1E, 0x49, 0x03, 0x3B, 0x03, 0x25, 0x48, 0x01, 0x05, 0x06, 0x01, 0x1C,
	0x03, 0x25, 0x02, 0x3A, 0x03, 0x19, 0x01, 0x1A, 0x20, 0x04, 0x03, 0x18,
	0x03, 0x06, 0x02, 0x02, 0x02, 0x08, 0x29, 0x09, 0x03, 0x33, 0x01, 0x04,
	0x0E, 0x16, 0x01, 0x04, 0x04, 0x05, 0x15, 0x0E, 0x19, 0x07, 0x0D, 0x08,
	0x01, 0x0A, 0x11, 0x0E, 0x11, 0x0C, 0x15, 0x16, 0x19, 0x19, 0x05, 0x26,
	0x1B, 0x16, 0x0A, 0x17, 0x01, 0x1E, 0x0B, 0x0D, 0x13, 0x01, 0x02, 0x02,
	0x07, 0x02, 0x27, 0x03, 0x10, 0x17, 0x01, 0x1E, 0x2B, 0x01, 0x06, 0x01,
	0x02, 0x68, 0x03, 0x44, 0x19, 0x14, 0x17, 0x0C, 0x15, 0x14, 0x0C, 0x01,
	0x1C, 0x34, 0x30, 0x22, 0x09, 0x0A, 0x0A, 0x1F, 0x2B, 0x35, 0x12, 0x05,
	0x04, 0x08, 0x04, 0x07, 0x24, 0x32, 0x35, 0x1F, 0x06, 0x07, 0x09, 0x06,
	0x1C, 0x09, 0x19, 0x18, 0x1E, 0x19, 0x09, 0x0A, 0x04, 0x04, 0x1B, 0x1B,
	0x1F, 0x0F, 0x11, 0x01, 0x5B, 0x03, 0x12, 0x0D, 0x11, 0x07, 0x0D, 0xB0,
	0x5F, 0x0B, 0x0C, 0x09, 0x10, 0x17, 0x2C, 0x1E, 0x39, 0x0C, 0x10, 0x30,
	0xC3, 0xFE, 0x0B, 0x28, 0x16, 0x0D, 0x3D, 0x0D, 0x09, 0x1B, 0x0D, 0x07,
	0x0C, 0x08, 0x05, 0x09, 0x04, 0x0F, 0x24, 0x10, 0x03, 0x1C, 0x06, 0x0D,
	0x1E, 0x0A, 0x0F, 0x04, 0x10, 0x04, 0x01, 0x14, 0x1E, 0x05, 0x43, 0x0D,
	0x3E, 0x9E, 0x0E, 0x05, 0x23, 0x2E, 0x09, 0x05, 0x20, 0x1F, 0x22, 0x04,
	0x21, 0x41, 0xBE, 0x3F, 0x7C, 0x11, 0x46, 0x01, 0x7F, 0x03, 0x0B, 0x17,
	0x0D, 0x05, 0x0F, 0x1C, 0x08, 0x0E, 0x21, 0x0B, 0x0C, 0x10, 0x05, 0x13,
	0x11, 0x0F, 0x21, 0x0E, 0x11, 0x22, 0x0E, 0x11, 0x13, 0x03, 0x06, 0x08,
	0x11, 0x11, 0x0F, 0x28, 0x07, 0x13, 0x36, 0x02, 0x3B, 0x40, 0x18, 0x2E,
	0x05, 0x16, 0x04, 0x08, 0x24, 0x30, 0x06, 0x08, 0x23, 0x64, 0x1E, 0x01,
	0x0A, 0x02, 0x1D, 0x64, 0x20, 0x09, 0x09, 0x07, 0x07, 0x5B, 0x39, 0x03,
	0x51, 0x35, 0x0A, 0x0A, 0x05, 0x04, 0x07, 0x46, 0x32, 0x28, 0x53, 0x35,
	0x25, 0x15, 0x0C, 0x06, 0x0F, 0x30, 0x2B, 0x0F, 0x0B, 0x01, 0x0A, 0x20,
	0x08, 0x1D, 0x1D, 0x21, 0x12, 0x04, 0x06, 0x0A, 0x18, 0x3B, 0x3F, 0x16,
	0x12, 0x01, 0x18, 0x39, 0x3E, 0x16, 0x03, 0x06, 0x10, 0x10, 0x3A, 0x33,
	0x0F, 0x08, 0x09, 0x10, 0x22, 0x03, 0x18, 0x10, 0x0A, 0x3B, 0x53, 0x26,
	0x03, 0x0E, 0x0D, 0x0F, 0x02, 0x06, 0x0F, 0x05, 0x02, 0x03, 0x03, 0x1E,
	0x1F, 0x04, 0x02, 0x08, 0x02, 0x03, 0x02, 0x01, 0x40, 0x04, 0x06, 0x13,
	0x04, 0x03, 0x04, 0x02, 0x1B, 0x1F, 0x06, 0x01, 0x0E, 0x01, 0x0B, 0x0B,
	0x0C, 0x03, 0x04, 0x0F, 0x13, 0x03, 0x05, 0x07, 0x08, 0x0A, 0x0F, 0x0A,
	0x13, 0x08, 0x04, 0x01, 0x04, 0x01, 0x17, 0x05, 0x06, 0x09, 0x0C, 0x09,
	0x1F, 0x04, 0x10, 0x0D, 0x02, 0x37, 0x05, 0x0D, 0x12, 0x06, 0x21, 0x0E,
	0x06, 0x11, 0x0E, 0x0E, 0x0A, 0x14, 0x24, 0x09, 0x08, 0x0B, 0x0E, 0x03,
	0x1C, 0x0B, 0x08, 0x0F, 0x1B, 0x01, 0x21, 0x25, 0x19, 0x03, 0x6D, 0x03,
	0x13, 0x2D, 0x03, 0x04, 0x08, 0x0C, 0x10, 0x04, 0x11, 0x38, 0x08, 0x1D,
	0x5F, 0x20, 0x0E, 0x06, 0x07, 0x1A, 0x32, 0x24, 0x33, 0x06, 0x01, 0x06,
	0x13, 0x14, 0x17, 0x0D, 0x31, 0x26, 0x09, 0x09, 0x15, 0x4C, 0x18, 0x06,
	0x06, 0x0F, 0x01, 0x03, 0x19, 0x1A, 0x1E, 0x0E, 0x27, 0x4F, 0x0D, 0x3E,
	0x0F, 0x0E, 0x19, 0x0F, 0x53, 0x0E, 0x03, 0x0B, 0x14, 0x73, 0x15, 0x07,
	0x0A, 0x25, 0x69, 0x01, 0x18, 0x03, 0x09, 0x0A, 0x15, 0x36, 0x3B, 0x14,
	0x02, 0x01, 0x07, 0x01, 0x36, 0x2F, 0x1A, 0x15, 0x10, 0x34, 0x23, 0x08,
	0x03, 0x32, 0x03, 0x70, 0x02, 0x0B, 0x12, 0x07, 0x0B, 0x04, 0x1B, 0x02,
	0x21, 0x1F, 0x02, 0x0B, 0x02, 0x19, 0x1E, 0x06, 0x02, 0x0B, 0x10, 0x01,
	0x0B, 0x05, 0x21, 0x23, 0x02, 0x06, 0x06, 0x0A, 0x01, 0x10, 0x0F, 0x12,
	0x02, 0x09, 0x15, 0x05, 0x04, 0x07, 0x12, 0x08, 0x01, 0x1B, 0x04, 0x03,
	0x02, 0x05, 0x01, 0x04, 0x35, 0x1F, 0x07, 0x1D, 0x18, 0x01, 0x06, 0x13,
	0x09, 0x11, 0x23, 0x0F, 0x0E, 0x2D, 0x72, 0x25, 0xAD, 0x4C, 0x30, 0xBD,
	0x31, 0x09, 0x01, 0x12, 0x0C, 0x3C, 0x0C, 0x05, 0x05, 0x1C, 0x36, 0x0C,
	0xFE, 0xB4, 0x04, 0x05, 0x0B, 0x80, 0x05, 0x06, 0x01, 0x21, 0x32, 0x05,
	0x07, 0x26, 0x15, 0x0C, 0x12, 0x05, 0xFE, 0xE6, 0x2F, 0xB9, 0x46, 0x13,
	0x1C, 0x0A, 0x0D, 0x08, 0x06, 0x09, 0x0A, 0x10, 0x22, 0x08, 0x11, 0x2A,
	0x11, 0x27, 0x07, 0x10, 0x00, 0x1D, 0x00, 0x00, 0xFF, 0xFF, 0x03, 0x1A,
	0x03, 0x21, 0x00, 0x0D, 0x00, 0x1D, 0x00, 0x21, 0x00, 0xE7, 0x00, 0xF9,
	0x01, 0x0E, 0x01, 0x13, 0x01, 0xBC, 0x01, 0xCF, 0x01, 0xD3, 0x01, 0xDA,
	0x01, 0xF6, 0x02, 0x15, 0x02, 0x23, 0x02, 0x2E, 0x02, 0x41, 0x02, 0x4B,
	0x02, 0x6C, 0x02, 0x73, 0x02, 0x8B, 0x02, 0xA2, 0x02, 0xA7, 0x02, 0xBC,
	0x02, 0xC9, 0x02, 0xD2, 0x02, 0xDE, 0x02, 0xE7, 0x02, 0xEB, 0x02, 0xF3,
	0x00, 0x00, 0x01, 0x06, 0x07, 0x26, 0x07, 0x23, 0x32, 0x37, 0x27, 0x16,
	0x37, 0x06, 0x07, 0x14, 0x17, 0x06, 0x07, 0x16, 0x31, 0x26, 0x07, 0x06,
	0x23, 0x36, 0x17, 0x27, 0x36, 0x37, 0x16, 0x17, 0x01, 0x07, 0x27, 0x36,
	0x01, 0x16, 0x07, 0x06, 0x07, 0x0E, 0x01, 0x07, 0x06, 0x27, 0x26, 0x23,
	0x22, 0x07, 0x06, 0x07, 0x06, 0x23, 0x22, 0x27, 0x26, 0x37, 0x36, 0x37,
	0x16, 0x17, 0x36, 0x37, 0x17, 0x36, 0x37, 0x1E, 0x01, 0x17, 0x36, 0x34,
	0x37, 0x16, 0x17, 0x36, 0x31, 0x16, 0x17, 0x36, 0x35, 0x34, 0x27, 0x16,
	0x17, 0x35, 0x16, 0x17, 0x34, 0x27, 0x17, 0x37, 0x27, 0x16, 0x17, 0x37,
	0x26, 0x27, 0x17, 0x37, 0x27, 0x17, 0x36, 0x27, 0x16, 0x17, 0x16, 0x37,
	0x26, 0x27, 0x16, 0x17, 0x37, 0x27, 0x1E, 0x01, 0x37, 0x26, 0x27, 0x30,
	0x17, 0x16, 0x37, 0x27, 0x16, 0x37, 0x27, 0x36, 0x37, 0x27, 0x36, 0x37,
	0x27, 0x36, 0x37, 0x26, 0x27, 0x36, 0x37, 0x26, 0x31, 0x36, 0x37, 0x26,
	0x07, 0x06, 0x27, 0x37, 0x26, 0x07, 0x06, 0x31, 0x37, 0x26, 0x06, 0x27,
	0x36, 0x37, 0x27, 0x06, 0x07, 0x37, 0x27, 0x0E, 0x01, 0x07, 0x36, 0x37,
	0x27, 0x07, 0x37, 0x27, 0x07, 0x37, 0x27, 0x07, 0x36, 0x37, 0x36, 0x27,
	0x06, 0x07, 0x36, 0x27, 0x07, 0x36, 0x31, 0x30, 0x07, 0x26, 0x36, 0x27,
	0x07, 0x36, 0x27, 0x06, 0x07, 0x36, 0x27, 0x07, 0x36, 0x31, 0x07, 0x36,
	0x37, 0x36, 0x27, 0x07, 0x36, 0x27, 0x06, 0x07, 0x27, 0x36, 0x37, 0x36,
	0x17, 0x16, 0x17, 0x1E, 0x01, 0x17, 0x16, 0x17, 0x16, 0x15, 0x14, 0x07,
	0x06, 0x15, 0x14, 0x16, 0x15, 0x14, 0x07, 0x06, 0x27, 0x07, 0x26, 0x27,
	0x26, 0x27, 0x36, 0x27, 0x1E, 0x01, 0x33, 0x32, 0x3F, 0x01, 0x06, 0x17,
	0x27, 0x0E, 0x01, 0x07, 0x06, 0x23, 0x22, 0x27, 0x26, 0x35, 0x34, 0x37,
	0x3E, 0x01, 0x37, 0x36, 0x16, 0x17, 0x16, 0x15, 0x14, 0x01, 0x26, 0x27,
	0x37, 0x16, 0x25, 0x16, 0x07, 0x06, 0x31, 0x26, 0x06, 0x07, 0x06, 0x15,
	0x14, 0x17, 0x16, 0x17, 0x06, 0x07, 0x26, 0x27, 0x36, 0x37, 0x26, 0x07,
	0x06, 0x07, 0x26, 0x27, 0x36, 0x37, 0x27, 0x07, 0x26, 0x27, 0x3E, 0x01,
	0x37, 0x27, 0x07, 0x2E, 0x01, 0x3F, 0x01, 0x36, 0x26, 0x27, 0x0E, 0x01,
	0x07, 0x27, 0x36, 0x37, 0x26, 0x27, 0x07, 0x26, 0x27, 0x37, 0x34, 0x27,
	0x07, 0x26, 0x27, 0x36, 0x37, 0x34, 0x27, 0x07, 0x2E, 0x01, 0x27, 0x37,
	0x36, 0x26, 0x07, 0x06, 0x31, 0x27, 0x3E, 0x01, 0x37, 0x34, 0x27, 0x23,
	0x35, 0x33, 0x36, 0x37, 0x2E, 0x01, 0x27, 0x37, 0x17, 0x36, 0x31, 0x27,
	0x36, 0x37, 0x16, 0x17, 0x3E, 0x01, 0x37, 0x2F, 0x01, 0x37, 0x17, 0x36,
	0x2F, 0x01, 0x36, 0x37, 0x16, 0x17, 0x37, 0x26, 0x27, 0x36, 0x37, 0x16,
	0x17, 0x37, 0x27, 0x37, 0x17, 0x36, 0x37, 0x35, 0x27, 0x37, 0x17, 0x36,
	0x37, 0x26, 0x27, 0x36, 0x37, 0x16, 0x17, 0x37, 0x26, 0x27, 0x37, 0x16,
	0x17, 0x32, 0x37, 0x26, 0x27, 0x30, 0x37, 0x16, 0x17, 0x32, 0x37, 0x27,
	0x36, 0x33, 0x17, 0x16, 0x36, 0x27, 0x26, 0x15, 0x33, 0x17, 0x16, 0x17,
	0x37, 0x35, 0x34, 0x13, 0x06, 0x07, 0x16, 0x17, 0x26, 0x07, 0x06, 0x27,
	0x36, 0x27, 0x23, 0x36, 0x37, 0x32, 0x16, 0x33, 0x32, 0x37, 0x07, 0x26,
	0x27, 0x37, 0x27, 0x07, 0x26, 0x35, 0x34, 0x37, 0x36, 0x25, 0x2E, 0x01,
	0x27, 0x16, 0x15, 0x14, 0x07, 0x16, 0x07, 0x16, 0x37, 0x32, 0x36, 0x33,
	0x32, 0x17, 0x06, 0x07, 0x06, 0x07, 0x16, 0x33, 0x32, 0x37, 0x36, 0x35,
	0x34, 0x27, 0x36, 0x35, 0x34, 0x27, 0x26, 0x27, 0x26, 0x23, 0x22, 0x07,
	0x06, 0x15, 0x14, 0x17, 0x16, 0x17, 0x16, 0x17, 0x3E, 0x01, 0x37, 0x36,
	0x35, 0x34, 0x27, 0x2E, 0x01, 0x27, 0x3E, 0x01, 0x37, 0x26, 0x07, 0x26,
	0x07, 0x15, 0x23, 0x26, 0x37, 0x36, 0x33, 0x32, 0x17, 0x16, 0x07, 0x06,
	0x23, 0x22, 0x27, 0x3E, 0x01, 0x37, 0x36, 0x33, 0x32, 0x17, 0x06, 0x07,
	0x06, 0x15, 0x26, 0x07, 0x26, 0x23, 0x22, 0x07, 0x30, 0x27, 0x07, 0x27,
	0x16, 0x33, 0x32, 0x37, 0x17, 0x16, 0x07, 0x06, 0x27, 0x26, 0x37, 0x36,
	0x33, 0x16, 0x27, 0x16, 0x15, 0x14, 0x07, 0x22, 0x07, 0x06, 0x07, 0x26,
	0x27, 0x32, 0x17, 0x36, 0x26, 0x37, 0x16, 0x17, 0x37, 0x14, 0x16, 0x17,
	0x36, 0x37, 0x14, 0x17, 0x36, 0x37, 0x16, 0x14, 0x33, 0x32, 0x37, 0x17,
	0x06, 0x15, 0x2E, 0x01, 0x07, 0x36, 0x37, 0x06, 0x07, 0x16, 0x17, 0x06,
	0x07, 0x26, 0x31, 0x37, 0x26, 0x27, 0x26, 0x27, 0x36, 0x37, 0x32, 0x16,
	0x33, 0x32, 0x37, 0x26, 0x37, 0x32, 0x07, 0x26, 0x07, 0x2E, 0x01, 0x27,
	0x16, 0x36, 0x27, 0x35, 0x16, 0x17, 0x30, 0x37, 0x17, 0x37, 0x16, 0x17,
	0x37, 0x30, 0x17, 0x37, 0x30, 0x07, 0x06, 0x07, 0x27, 0x36, 0x37, 0x06,
	0x07, 0x26, 0x37, 0x36, 0x31, 0x36, 0x37, 0x17, 0x36, 0x35, 0x34, 0x35,
	0x26, 0x35, 0x34, 0x37, 0x16, 0x33, 0x16, 0x17, 0x06, 0x23, 0x22, 0x27,
	0x30, 0x26, 0x37, 0x36, 0x16, 0x17, 0x16, 0x37, 0x07, 0x22, 0x07, 0x27,
	0x32, 0x17, 0x16, 0x37, 0x16, 0x27, 0x16, 0x07, 0x06, 0x27, 0x26, 0x35,
	0x34, 0x37, 0x36, 0x33, 0x36, 0x17, 0x0E, 0x01, 0x07, 0x22, 0x26, 0x27,
	0x36, 0x3F, 0x01, 0x27, 0x07, 0x32, 0x27, 0x34, 0x23, 0x22, 0x07, 0x30,
	0x17, 0x16, 0x02, 0x8F, 0x19, 0x04, 0x06, 0x09, 0x02, 0x01, 0x0C, 0x02,
	0x17, 0x08, 0x01, 0x02, 0x92, 0x04, 0x06, 0x04, 0x0D, 0x0E, 0x06, 0x01,
	0x04, 0x01, 0x0B, 0x12, 0x03, 0x03, 0x08, 0xFE, 0x96, 0x0B, 0x08, 0x07,
	0x01, 0x5E, 0x01, 0x03, 0x09, 0x5A, 0x10, 0x0F, 0x0B, 0x1E, 0x2B, 0x2B,
	0x17, 0x24, 0x14, 0x06, 0x16, 0x12, 0x0B, 0x10, 0x0C, 0x1A, 0x0A, 0x04,
	0x0C, 0x05, 0x08, 0x08, 0x03, 0x0E, 0x05, 0x06, 0x02, 0x08, 0x03, 0x04,
	0x02, 0x06, 0x0F, 0x04, 0x06, 0x0F, 0x02, 0x02, 0x07, 0x10, 0x08, 0x14,
	0x03, 0x22, 0x02, 0x08, 0x09, 0x18, 0x02, 0x03, 0x07, 0x1B, 0x02, 0x0E,
	0x1B, 0x02, 0x0F, 0x05, 0x0D, 0x0A, 0x06, 0x07, 0x0E, 0x0D, 0x19, 0x02,
	0x17, 0x0A, 0x18, 0x08, 0x07, 0x10, 0x13, 0x0B, 0x08, 0x17, 0x0B, 0x16,
	0x17, 0x0D, 0x17, 0x1E, 0x0C, 0x16, 0x19, 0x06, 0x13, 0x09, 0x12, 0x0A,
	0x11, 0x17, 0x09, 0x10, 0x05, 0x08, 0x0A, 0x04, 0x1D, 0x05, 0x07, 0x0D,
	0x24, 0x07, 0x19, 0x06, 0x0D, 0x17, 0x02, 0x0E, 0x1C, 0x30, 0x02, 0x0A,
	0x23, 0x0A, 0x0D, 0x1B, 0x02, 0x2E, 0x26, 0x03, 0x30, 0x1E, 0x03, 0x2C,
	0x01, 0x09, 0x07, 0x02, 0x08, 0x11, 0x08, 0x02, 0x17, 0x04, 0x17, 0x02,
	0x08, 0x02, 0x15, 0x03, 0x01, 0x07, 0x0A, 0x01, 0x01, 0x1B, 0x04, 0x19,
	0x02, 0x01, 0x03, 0x04, 0x11, 0x03, 0x03, 0x05, 0x0C, 0x04, 0x0B, 0x26,
	0x25, 0x13, 0x17, 0x14, 0x10, 0x4A, 0x11, 0x1B, 0x0F, 0x0C, 0x2A, 0x04,
	0x2B, 0x2B, 0x03, 0x0E, 0x0C, 0x01, 0x02, 0x01, 0x07, 0x10, 0x03, 0x02,
	0x09, 0x03, 0x03, 0x02, 0x02, 0x03, 0x01, 0x3F, 0x0C, 0x66, 0x3F, 0x1E,
	0x1E, 0x66, 0x48, 0x44, 0x12, 0x1B, 0x76, 0x44, 0x44, 0x75, 0x23, 0x20,
	0xFD, 0xDD, 0x0B, 0x17, 0x0F, 0x06, 0x01, 0x4D, 0x03, 0x02, 0x03, 0x4C,
	0x82, 0x27, 0x20, 0x2B, 0x36, 0x3A, 0x0D, 0x1B, 0x06, 0x09, 0x0A, 0x11,
	0x05, 0x07, 0x10, 0x16, 0x0E, 0x01, 0x0D, 0x17, 0x0B, 0x2E, 0x04, 0x09,
	0x05, 0x21, 0x04, 0x08, 0x4E, 0x03, 0x08, 0x01, 0x49, 0x01, 0x06, 0x03,
	0x0C, 0x28, 0x09, 0x09, 0x02, 0x37, 0x02, 0x06, 0x41, 0x04, 0x05, 0x3F,
	0x06, 0x43, 0x03, 0x04, 0x17, 0x2D, 0x07, 0x6B, 0x04, 0x01, 0x01, 0x6D,
	0x02, 0x0B, 0x08, 0x3D, 0x02, 0x0A, 0x36, 0x0C, 0x04, 0x48, 0x48, 0x01,
	0x03, 0x0B, 0x35, 0x0A, 0x02, 0x48, 0x04, 0x6F, 0x02, 0x02, 0x1F, 0x50,
	0x04, 0x01, 0x02, 0x07, 0x3B, 0x05, 0x41, 0x0B, 0x03, 0x3F, 0x01, 0x08,
	0x15, 0x2C, 0x08, 0x13, 0x26, 0x03, 0x08, 0x1F, 0x1C, 0x08, 0x50, 0x0D,
	0x50, 0x03, 0x07, 0x2A, 0x0D, 0x2C, 0x05, 0x08, 0x08, 0x1C, 0x05, 0x0A,
	0x0C, 0x1C, 0x0A, 0x09, 0x12, 0x0F, 0x09, 0x16, 0x05, 0x08, 0x0A, 0x16,
	0x11, 0x0A, 0x18, 0x06, 0x08, 0x0C, 0x10, 0x01, 0x0E, 0x07, 0x0A, 0x02,
	0x04, 0x11, 0x06, 0x04, 0x09, 0x04, 0x6F, 0x03, 0x07, 0x03, 0x05, 0x16,
	0x07, 0x05, 0x04, 0x09, 0x0B, 0x02, 0x12, 0x01, 0x01, 0x0A, 0x03, 0x03,
	0x02, 0xF6, 0x07, 0x0C, 0x13, 0xE3, 0x1A, 0x09, 0x0E, 0x14, 0x02, 0x52,
	0x0F, 0x5A, 0x33, 0x26, 0x41, 0x1C, 0x01, 0x13, 0x2A, 0x04, 0x0F, 0x02,
	0x03, 0x01, 0x17, 0x3D, 0x1F, 0x56, 0x18, 0x18, 0x57, 0x40, 0x53, 0x9A,
	0x0F, 0x1A, 0x11, 0x1F, 0x0C, 0x0C, 0x50, 0x3E, 0x5A, 0x0C, 0x10, 0x27,
	0x2B, 0x2F, 0x27, 0x47, 0x10, 0x05, 0x0D, 0x02, 0x14, 0x01, 0x11, 0x26,
	0x86, 0x19, 0x19, 0x0F, 0x06, 0x0D, 0x03, 0x12, 0x06, 0x07, 0x22, 0x14,
	0x04, 0x04, 0x10, 0x1D, 0x14, 0x20, 0x01, 0x0C, 0x06, 0x0B, 0x0D, 0x12,
	0x15, 0x03, 0x04, 0x05, 0x0D, 0x08, 0x05, 0x05, 0x04, 0x05, 0x07, 0x08,
	0x04, 0x0F, 0x10, 0x11, 0x0F, 0x06, 0x01, 0x03, 0x0B, 0x08, 0x0B, 0x07,
	0x05, 0x08, 0x08, 0xAD, 0x02, 0x0F, 0x14, 0x02, 0x0D, 0x17, 0x0A, 0x05,
	0x05, 0x0A, 0x04, 0x05, 0x03, 0x07, 0x08, 0x06, 0x08, 0x01, 0x03, 0x07,
	0x06, 0x01, 0x08, 0x02, 0x02, 0x02, 0x02, 0x0B, 0x0D, 0x03, 0x09, 0x05,
	0x05, 0x3C, 0x3D, 0x17, 0x0C, 0x20, 0x10, 0x22, 0x04, 0x22, 0x04, 0x0E,
	0x0E, 0x02, 0x02, 0x15, 0x03, 0x0A, 0x03, 0x02, 0x03, 0x02, 0x06, 0x1B,
	0x97, 0x27, 0x1C, 0x01, 0x05, 0x01, 0x07, 0x09, 0x03, 0x03, 0x08, 0x02,
	0x0A, 0x07, 0x01, 0x07, 0x0A, 0x05, 0x06, 0x08, 0x04, 0x01, 0x15, 0x07,
	0x23, 0x3C, 0x0D, 0x06, 0x02, 0x04, 0x03, 0x0B, 0x0B, 0x04, 0x01, 0x0C,
	0x11, 0x01, 0x0A, 0x8E, 0x16, 0x23, 0x21, 0x1C, 0x0D, 0x01, 0x05, 0x14,
	0x04, 0x40, 0x1B, 0x3D, 0x01, 0x12, 0x03, 0x01, 0x09, 0x06, 0x03, 0x03,
	0x52, 0x05, 0x0A, 0x07, 0x14, 0x0B, 0x03, 0x06, 0x08, 0x09, 0x89, 0x03,
	0x08, 0x02, 0x07, 0x12, 0x05, 0x0A, 0x1E, 0xC4, 0x15, 0x04, 0x0A, 0x17,
	0x07, 0x04, 0x0E, 0x0D, 0x07, 0x02, 0xB5, 0x02, 0x11, 0x14, 0x01, 0x0A,
	0x0F, 0x09, 0x07, 0x07, 0x06, 0x07, 0xEF, 0x05, 0x0A, 0x11, 0x10, 0x0D,
	0x05, 0x12, 0x01, 0x06, 0x03, 0x12, 0x05, 0x09, 0x01, 0x59, 0x22, 0x24,
	0x01, 0xFE, 0x06, 0x0B, 0x13, 0x33, 0x2D, 0x0C, 0x3E, 0x0B, 0x27, 0x02,
	0x0C, 0x19, 0x01, 0x05, 0x04, 0x08, 0x13, 0x26, 0x10, 0x20, 0x0D, 0x19,
	0x0F, 0x15, 0x26, 0x0B, 0x17, 0x05, 0x14, 0x05, 0x04, 0x14, 0x04, 0x0B,
	0x15, 0x22, 0x0B, 0x11, 0x07, 0x09, 0x09, 0x07, 0x0A, 0x14, 0x24, 0x0D,
	0x19, 0x23, 0x0E, 0x2A, 0x02, 0x2E, 0x0D, 0x15, 0x02, 0x0B, 0x1E, 0x18,
	0x02, 0x22, 0x15, 0x06, 0x1C, 0x02, 0x09, 0x07, 0x01, 0x0B, 0x17, 0x05,
	0x08, 0x02, 0x1D, 0x03, 0x07, 0x02, 0x06, 0x15, 0x03, 0x02, 0x03, 0x1A,
	0x03, 0x01, 0x10, 0x02, 0x07, 0x13, 0x01, 0x07, 0x0B, 0x01, 0x09, 0x03,
	0x06, 0x04, 0x0A, 0x04, 0x07, 0x0F, 0x03, 0x02, 0x03, 0x02, 0x1B, 0x03,
	0x02, 0x03, 0x28, 0x02, 0x09, 0x01, 0x0A, 0x19, 0x02, 0x05, 0x09, 0x2A,
	0x02, 0x01, 0x0D, 0x01, 0x0D, 0x19, 0x02, 0x11, 0x26, 0x02, 0x15, 0x26,
	0x02, 0x17, 0x03, 0x0F, 0x0A, 0x08, 0x07, 0x0A, 0x0C, 0x0F, 0x11, 0x1E,
	0x15, 0x05, 0x17, 0x06, 0x13, 0x0B, 0x14, 0x07, 0x10, 0x10, 0x1C, 0x21,
	0x30, 0x26, 0x0B, 0x0A, 0x0D, 0x08, 0x22, 0x0E, 0x1B, 0x0D, 0x17, 0x08,
	0x4D, 0x0E, 0x02, 0x2B, 0x34, 0x0B, 0x06, 0x0A, 0x07, 0x0C, 0x1A, 0x16,
	0x19, 0x2C, 0x40, 0x0C, 0x0B, 0x13, 0x41, 0x15, 0x05, 0xB1, 0x05, 0x05,
	0x0E, 0x01, 0x0B, 0x08, 0x01, 0x10, 0x09, 0x01, 0x07, 0x02, 0x02, 0x0C,
	0x05, 0xCA, 0x3F, 0x69, 0x0F, 0x07, 0x48, 0x46, 0x66, 0x30, 0x2B, 0x40,
	0x53, 0x03, 0x02, 0x41, 0x3C, 0x34, 0x47, 0x19, 0x01, 0x00, 0x07, 0x0E,
	0x0C, 0x0B, 0x60, 0x10, 0x17, 0x27, 0x02, 0x4A, 0x43, 0x39, 0x49, 0x54,
	0x3A, 0x49, 0x15, 0x1A, 0x32, 0x01, 0x07, 0x12, 0x25, 0x07, 0x01, 0x15,
	0x1D, 0x03, 0x07, 0x11, 0x24, 0x09, 0x31, 0x04, 0x07, 0x09, 0x21, 0x0A,
	0x09, 0x44, 0x04, 0x07, 0x04, 0x41, 0x04, 0x06, 0x03, 0x04, 0x1C, 0x04,
	0x0D, 0x01, 0x27, 0x04, 0x08, 0x1F, 0x04, 0x0A, 0x22, 0x06, 0x09, 0x17,
	0x05, 0x0C, 0x07, 0x14, 0x05, 0x08, 0x18, 0x01, 0x0E, 0x02, 0x1A, 0x08,
	0x09, 0x03, 0x04, 0x0F, 0x03, 0x04, 0x05, 0x05, 0x08, 0x13, 0x01, 0x0E,
	0x05, 0x04, 0x06, 0x0E, 0x08, 0x0F, 0x1F, 0x04, 0x0B, 0x07, 0x15, 0x02,
	0x0A, 0x01, 0x06, 0x17, 0x11, 0x19, 0x03, 0x0C, 0x22, 0x02, 0x0C, 0x0C,
	0x13, 0x0A, 0x0E, 0x1E, 0x06, 0x09, 0x19, 0x0F, 0x0B, 0x4B, 0x0D, 0x4A,
	0x03, 0x06, 0x04, 0x32, 0x0D, 0x35, 0x02, 0x07, 0x10, 0x29, 0x03, 0x07,
	0x13, 0x26, 0x09, 0x13, 0x28, 0x08, 0x14, 0x27, 0x07, 0x1F, 0x3D, 0x09,
	0x20, 0x3F, 0x06, 0x39, 0x04, 0x3B, 0x01, 0x05, 0x07, 0x37, 0x01, 0x3A,
	0x01, 0x01, 0x04, 0x38, 0x01, 0xFD, 0x43, 0x04, 0x09, 0x05, 0x0C, 0x0A,
	0x08, 0x05, 0x01, 0x12, 0x05, 0x07, 0x0A, 0x0B, 0x03, 0x1C, 0x01, 0x04,
	0x26, 0xBD, 0x19, 0x07, 0x05, 0x05, 0x03, 0x05, 0xE3, 0x32, 0x53, 0x0E,
	0x38, 0x35, 0x4C, 0x41, 0x24, 0x15, 0x0C, 0x0A, 0x0B, 0x04, 0x17, 0x07,
	0x4C, 0x2A, 0x05, 0x38, 0x47, 0x6B, 0x26, 0x03, 0x1B, 0x25, 0x33, 0x24,
	0x18, 0x10, 0x01, 0x31, 0x48, 0x71, 0x26, 0x24, 0x31, 0x29, 0x2C, 0x09,
	0x07, 0x36, 0x24, 0x0A, 0x0D, 0x17, 0x13, 0x06, 0x0E, 0x05, 0x10, 0x25,
	0x41, 0x27, 0x01, 0x02, 0x13, 0x07, 0x1D, 0x07, 0x02, 0x23, 0x06, 0x20,
	0x0E, 0x08, 0x06, 0x08, 0x04, 0x06, 0x27, 0x04, 0x03, 0x06, 0x04, 0x0A,
	0x0E, 0x04, 0x04, 0x08, 0x04, 0x11, 0x07, 0x07, 0x24, 0x05, 0x0C, 0x0A,
	0x06, 0x0A, 0x0D, 0x05, 0x01, 0xC2, 0x06, 0x04, 0x09, 0x01, 0x01, 0x06,
	0x13, 0x04, 0x0A, 0x02, 0x04, 0x0F, 0x04, 0x07, 0x01, 0x13, 0x03, 0x07,
	0x03, 0x07, 0x0C, 0x06, 0x09, 0x01, 0x0E, 0x01, 0x0D, 0x02, 0x4C, 0x12,
	0x08, 0x04, 0x09, 0x02, 0x0E, 0x16, 0x07, 0x17, 0x39, 0x5A, 0x07, 0x0A,
	0x0B, 0x0E, 0x17, 0x2F, 0x2B, 0x1A, 0x1D, 0x0B, 0x0C, 0x04, 0x08, 0x0B,
	0x31, 0x02, 0x19, 0x02, 0x09, 0x02, 0x01, 0x05, 0x06, 0x09, 0x03, 0x03,
	0x0E, 0x08, 0x11, 0x06, 0x09, 0x0F, 0x0F, 0x06, 0x45, 0x05, 0x14, 0x06,
	0x09, 0x1F, 0x19, 0x31, 0x06, 0x0D, 0x15, 0x0A, 0x0B, 0x08, 0x03, 0x07,
	0x02, 0x05, 0x05, 0x02, 0x08, 0x01, 0x02, 0x03, 0xB4, 0x12, 0x0E, 0x08,
	0x05, 0x01, 0x0B, 0x01, 0x04, 0x1E, 0x37, 0x02, 0x0A, 0x03, 0x02, 0x03,
	0x01, 0x5C, 0x09, 0x0F, 0x0A, 0x06, 0x0E, 0x06, 0x04, 0x04, 0x0C, 0x03,
	0x87, 0x06, 0x15, 0x05, 0x12, 0x01, 0x01, 0x0E, 0xCA, 0x06, 0x0C, 0x02,
	0x09, 0x07, 0x04, 0x02, 0x00, 0x2A, 0x00, 0x00, 0x00, 0x00, 0x02, 0x9F,
	0x03, 0x20, 0x00, 0x15, 0x00, 0x28, 0x00, 0x40, 0x01, 0x73, 0x01, 0x89,
	0x01, 0x9B, 0x01, 0xB1, 0x01, 0xBA, 0x01, 0xC9, 0x01, 0xDE, 0x01, 0xED,
	0x01, 0xFC, 0x02, 0x09, 0x02, 0x19, 0x02, 0x26, 0x02, 0x31, 0x02, 0x3F,
	0x02, 0x43, 0x02, 0x4B, 0x02, 0x55, 0x02, 0x5D, 0x02, 0xF3, 0x03, 0x03,
	0x03, 0x16, 0x03, 0x1E, 0x03, 0x2B, 0x03, 0x33, 0x03, 0x4A, 0x03, 0x54,
	0x03, 0x5D, 0x03, 0x64, 0x03, 0x74, 0x03, 0x85, 0x03, 0x8D, 0x03, 0x9C,
	0x03, 0xAC, 0x03, 0xC3, 0x04, 0x32, 0x04, 0x35, 0x04, 0x3D, 0x04, 0x41,
	0x04, 0x45, 0x00, 0x00, 0x01, 0x06, 0x07, 0x22, 0x26, 0x23, 0x22, 0x07,
	0x36, 0x37, 0x36, 0x33, 0x32, 0x17, 0x16, 0x37, 0x30, 0x17, 0x16, 0x0F,
	0x01, 0x16, 0x13, 0x0E, 0x01, 0x15, 0x14, 0x17, 0x26, 0x35, 0x2E, 0x01,
	0x27, 0x16, 0x37, 0x36, 0x33, 0x32, 0x17, 0x06, 0x07, 0x01, 0x14, 0x06,
	0x15, 0x14, 0x17, 0x06, 0x15, 0x06, 0x26, 0x27, 0x26, 0x27, 0x37, 0x2E,
	0x01, 0x27, 0x36, 0x17, 0x16, 0x17, 0x30, 0x37, 0x16, 0x05, 0x06, 0x07,
	0x06, 0x07, 0x2E, 0x01, 0x27, 0x06, 0x17, 0x16, 0x15, 0x2E, 0x01, 0x23,
	0x22, 0x07, 0x06, 0x17, 0x36, 0x33, 0x32, 0x17, 0x16, 0x17, 0x16, 0x17,
	0x26, 0x23, 0x22, 0x07, 0x16, 0x17, 0x22, 0x06, 0x07, 0x14, 0x17, 0x36,
	0x33, 0x32, 0x17, 0x16, 0x17, 0x16, 0x17, 0x36, 0x27, 0x26, 0x27, 0x26,
	0x27, 0x1E, 0x01, 0x17, 0x30, 0x27, 0x07, 0x1E, 0x01, 0x07, 0x14, 0x06,
	0x15, 0x14, 0x17, 0x06, 0x15, 0x26, 0x27, 0x26, 0x27, 0x0E, 0x01, 0x07,
	0x26, 0x35, 0x34, 0x36, 0x35, 0x34, 0x27, 0x26, 0x07, 0x16, 0x07, 0x06,
	0x07, 0x23, 0x36, 0x27, 0x26, 0x07, 0x16, 0x15, 0x06, 0x07, 0x06, 0x15,
	0x14, 0x17, 0x26, 0x27, 0x0E, 0x01, 0x07, 0x06, 0x07, 0x17, 0x26, 0x27,
	0x26, 0x37, 0x36, 0x37, 0x22, 0x27, 0x34, 0x36, 0x27, 0x0E, 0x01, 0x07,
	0x26, 0x37, 0x36, 0x37, 0x36, 0x35, 0x34, 0x2F, 0x01, 0x06, 0x07, 0x06,
	0x07, 0x06, 0x23, 0x22, 0x27, 0x34, 0x36, 0x31, 0x2E, 0x01, 0x27, 0x36,
	0x37, 0x36, 0x37, 0x16, 0x17, 0x37, 0x1E, 0x01, 0x33, 0x32, 0x37, 0x36,
	0x37, 0x27, 0x06, 0x23, 0x22, 0x27, 0x2E, 0x01, 0x27, 0x36, 0x33, 0x32,
	0x16, 0x33, 0x32, 0x37, 0x34, 0x37, 0x26, 0x27, 0x26, 0x27, 0x06, 0x27,
	0x36, 0x17, 0x37, 0x26, 0x07, 0x36, 0x37, 0x36, 0x37, 0x36, 0x1F, 0x01,
	0x36, 0x37, 0x36, 0x17, 0x16, 0x15, 0x14, 0x06, 0x15, 0x14, 0x17, 0x16,
	0x33, 0x32, 0x37, 0x26, 0x35, 0x34, 0x37, 0x3E, 0x01, 0x35, 0x34, 0x27,
	0x35, 0x16, 0x07, 0x06, 0x07, 0x06, 0x17, 0x16, 0x17, 0x37, 0x26, 0x35,
	0x34, 0x37, 0x36, 0x37, 0x36, 0x37, 0x27, 0x07, 0x2E, 0x01, 0x27, 0x36,
	0x16, 0x37, 0x2E, 0x01, 0x35, 0x34, 0x37, 0x36, 0x17, 0x16, 0x17, 0x36,
	0x17, 0x06, 0x17, 0x33, 0x06, 0x17, 0x36, 0x37, 0x36, 0x2F, 0x01, 0x1E,
	0x01, 0x17, 0x1E, 0x01, 0x17, 0x16, 0x07, 0x17, 0x14, 0x06, 0x15, 0x14,
	0x17, 0x36, 0x37, 0x3E, 0x01, 0x33, 0x32, 0x17, 0x26, 0x23, 0x22, 0x07,
	0x06, 0x07, 0x06, 0x15, 0x14, 0x17, 0x3E, 0x01, 0x33, 0x32, 0x17, 0x07,
	0x1E, 0x01, 0x33, 0x32, 0x03, 0x26, 0x27, 0x26, 0x23, 0x22, 0x07, 0x26,
	0x35, 0x34, 0x36, 0x35, 0x34, 0x27, 0x14, 0x16, 0x15, 0x14, 0x07, 0x16,
	0x15, 0x14, 0x01, 0x26, 0x27, 0x26, 0x27, 0x37, 0x26, 0x27, 0x36, 0x37,
	0x36, 0x17, 0x30, 0x37, 0x16, 0x17, 0x16, 0x1F, 0x01, 0x26, 0x23, 0x22,
	0x06, 0x23, 0x22, 0x27, 0x36, 0x37, 0x26, 0x27, 0x26, 0x37, 0x36, 0x33,
	0x32, 0x16, 0x37, 0x35, 0x1E, 0x01, 0x27, 0x16, 0x07, 0x23, 0x3E, 0x01,
	0x35, 0x27, 0x16, 0x01, 0x07, 0x27, 0x06, 0x23, 0x26, 0x35, 0x34, 0x36,
	0x35, 0x34, 0x27, 0x36, 0x37, 0x36, 0x27, 0x06, 0x07, 0x06, 0x15, 0x06,
	0x27, 0x0E, 0x01, 0x27, 0x26, 0x37, 0x27, 0x34, 0x36, 0x37, 0x36, 0x16,
	0x33, 0x32, 0x37, 0x01, 0x0E, 0x01, 0x07, 0x26, 0x37, 0x36, 0x27, 0x22,
	0x07, 0x06, 0x07, 0x36, 0x37, 0x36, 0x17, 0x30, 0x07, 0x22, 0x27, 0x36,
	0x37, 0x36, 0x37, 0x06, 0x07, 0x06, 0x07, 0x17, 0x16, 0x17, 0x22, 0x27,
	0x26, 0x23, 0x22, 0x07, 0x36, 0x33, 0x32, 0x16, 0x33, 0x32, 0x03, 0x16,
	0x07, 0x06, 0x15, 0x06, 0x15, 0x14, 0x17, 0x27, 0x26, 0x35, 0x34, 0x36,
	0x35, 0x34, 0x17, 0x26, 0x23, 0x22, 0x31, 0x0E, 0x01, 0x07, 0x36, 0x37,
	0x36, 0x33, 0x32, 0x27, 0x26, 0x07, 0x06, 0x15, 0x14, 0x17, 0x36, 0x37,
	0x3E, 0x01, 0x07, 0x26, 0x27, 0x26, 0x35, 0x34, 0x37, 0x06, 0x07, 0x06,
	0x07, 0x06, 0x17, 0x16, 0x17, 0x35, 0x23, 0x15, 0x17, 0x26, 0x23, 0x22,
	0x07, 0x36, 0x33, 0x32, 0x2F, 0x01, 0x26, 0x37, 0x06, 0x16, 0x17, 0x16,
	0x17, 0x16, 0x01, 0x26, 0x27, 0x26, 0x27, 0x16, 0x17, 0x16, 0x37, 0x26,
	0x07, 0x06, 0x07, 0x06, 0x07, 0x30, 0x37, 0x34, 0x27, 0x26, 0x27, 0x26,
	0x35, 0x34, 0x37, 0x3E, 0x01, 0x37, 0x06, 0x07, 0x06, 0x07, 0x06, 0x15,
	0x14, 0x17, 0x1E, 0x01, 0x15, 0x14, 0x07, 0x27, 0x07, 0x26, 0x23, 0x22,
	0x06, 0x27, 0x26, 0x35, 0x34, 0x37, 0x36, 0x27, 0x26, 0x27, 0x16, 0x15,
	0x14, 0x06, 0x15, 0x14, 0x17, 0x16, 0x17, 0x16, 0x36, 0x17, 0x06, 0x07,
	0x06, 0x27, 0x2E, 0x01, 0x27, 0x15, 0x16, 0x17, 0x16, 0x31, 0x16, 0x33,
	0x16, 0x33, 0x32, 0x37, 0x36, 0x37, 0x17, 0x06, 0x15, 0x14, 0x16, 0x15,
	0x14, 0x07, 0x06, 0x07, 0x06, 0x07, 0x16, 0x37, 0x36, 0x37, 0x36, 0x37,
	0x26, 0x27, 0x37, 0x16, 0x17, 0x16, 0x15, 0x14, 0x07, 0x36, 0x37, 0x36,
	0x35, 0x34, 0x27, 0x26, 0x27, 0x37, 0x16, 0x33, 0x32, 0x33, 0x36, 0x33,
	0x32, 0x17, 0x16, 0x07, 0x37, 0x36, 0x35, 0x34, 0x27, 0x26, 0x23, 0x22,
	0x07, 0x26, 0x27, 0x34, 0x36, 0x37, 0x22, 0x27, 0x36, 0x37, 0x36, 0x37,
	0x36, 0x33, 0x32, 0x16, 0x07, 0x26, 0x27, 0x26, 0x23, 0x16, 0x15, 0x14,
	0x06, 0x15, 0x14, 0x17, 0x26, 0x36, 0x35, 0x34, 0x25, 0x23, 0x26, 0x27,
	0x26, 0x27, 0x26, 0x23, 0x22, 0x07, 0x36, 0x17, 0x16, 0x17, 0x16, 0x17,
	0x16, 0x33, 0x32, 0x13, 0x26, 0x37, 0x36, 0x27, 0x26, 0x27, 0x16, 0x07,
	0x26, 0x27, 0x17, 0x16, 0x15, 0x14, 0x07, 0x06, 0x07, 0x36, 0x37, 0x36,
	0x27, 0x26, 0x27, 0x16, 0x15, 0x14, 0x07, 0x36, 0x01, 0x26, 0x27, 0x17,
	0x22, 0x27, 0x26, 0x27, 0x17, 0x06, 0x26, 0x23, 0x1E, 0x01, 0x17, 0x06,
	0x26, 0x07, 0x16, 0x17, 0x27, 0x37, 0x16, 0x17, 0x07, 0x06, 0x23, 0x22,
	0x27, 0x1E, 0x01, 0x17, 0x36, 0x37, 0x07, 0x06, 0x23, 0x22, 0x27, 0x16,
	0x17, 0x36, 0x17, 0x14, 0x07, 0x36, 0x37, 0x36, 0x27, 0x26, 0x27, 0x26,
	0x31, 0x06, 0x07, 0x06, 0x07, 0x06, 0x23, 0x22, 0x27, 0x16, 0x17, 0x3E,
	0x01, 0x17, 0x36, 0x27, 0x16, 0x15, 0x14, 0x07, 0x06, 0x23, 0x22, 0x27,
	0x26, 0x27, 0x16, 0x17, 0x3E, 0x01, 0x17, 0x06, 0x07, 0x16, 0x37, 0x36,
	0x31, 0x17, 0x27, 0x06, 0x22, 0x07, 0x17, 0x14, 0x06, 0x07, 0x06, 0x15,
	0x14, 0x17, 0x34, 0x37, 0x36, 0x13, 0x16, 0x15, 0x14, 0x07, 0x06, 0x23,
	0x22, 0x27, 0x26, 0x27, 0x26, 0x37, 0x36, 0x33, 0x32, 0x17, 0x36, 0x26,
	0x35, 0x37, 0x26, 0x27, 0x0E, 0x01, 0x15, 0x16, 0x33, 0x36, 0x33, 0x32,
	0x16, 0x17, 0x06, 0x23, 0x22, 0x27, 0x16, 0x1F, 0x01, 0x16, 0x15, 0x14,
	0x06, 0x15, 0x26, 0x35, 0x07, 0x0E, 0x01, 0x23, 0x22, 0x27, 0x36, 0x37,
	0x07, 0x26, 0x27, 0x37, 0x16, 0x17, 0x26, 0x27, 0x26, 0x27, 0x15, 0x06,
	0x15, 0x14, 0x16, 0x15, 0x14, 0x07, 0x26, 0x37, 0x16, 0x06, 0x15, 0x14,
	0x17, 0x16, 0x37, 0x06, 0x23, 0x22, 0x27, 0x26, 0x07, 0x15, 0x32, 0x17,
	0x16, 0x37, 0x36, 0x37, 0x16, 0x15, 0x14, 0x06, 0x17, 0x16, 0x36, 0x37,
	0x36, 0x35, 0x34, 0x27, 0x17, 0x16, 0x07, 0x26, 0x35, 0x07, 0x06, 0x23,
	0x22, 0x26, 0x27, 0x06, 0x07, 0x26, 0x35, 0x34, 0x31, 0x2E, 0x01, 0x23,
	0x22, 0x07, 0x16, 0x17, 0x16, 0x17, 0x07, 0x2E, 0x01, 0x27, 0x16, 0x17,
	0x16, 0x17, 0x37, 0x30, 0x17, 0x16, 0x37, 0x06, 0x27, 0x3E, 0x01, 0x2F,
	0x01, 0x1F, 0x01, 0x06, 0x07, 0x06, 0x2F, 0x01, 0x16, 0x17, 0x23, 0x26,
	0x27, 0x14, 0x17, 0x06, 0x07, 0x36, 0x02, 0x3D, 0x06, 0x1C, 0x05, 0x18,
	0x07, 0x07, 0x06, 0x08, 0x08, 0x0D, 0x06, 0x06, 0x01, 0x15, 0x0C, 0x04,
	0x03, 0x04, 0x08, 0x05, 0x5B, 0x01, 0x1A, 0x03, 0x1F, 0x02, 0x04, 0x09,
	0x08, 0x0E, 0x12, 0x04, 0x0A, 0x08, 0x01, 0x07, 0xFE, 0x4C, 0x08, 0x03,
	0x03, 0x04, 0x0B, 0x03, 0x20, 0x07, 0x08, 0x07, 0x04, 0x04, 0x06, 0x19,
	0x04, 0x09, 0x02, 0x15, 0x01, 0xD8, 0x05, 0x04, 0x09, 0x17, 0x0A, 0x15,
	0x05, 0x04, 0x02, 0x02, 0x0B, 0x34, 0x0D, 0x16, 0x0D, 0x01, 0x03, 0x0C,
	0x10, 0x18, 0x12, 0x0B, 0x05, 0x09, 0x01, 0x0E, 0x16, 0x1A, 0x1A, 0x01,
	0x07, 0x14, 0x29, 0x13, 0x0A, 0x37, 0x16, 0x0E, 0x0C, 0x10, 0x0F, 0x14,
	0x06, 0x04, 0x02, 0x03, 0x02, 0x15, 0x23, 0x19, 0x25, 0x02, 0x0A, 0x03,
	0x09, 0x13, 0x02, 0x0D, 0x05, 0x02, 0x19, 0x1D, 0x05, 0x08, 0x05, 0x0A,
	0x09, 0x0D, 0x0C, 0x0E, 0x07, 0x20, 0x2C, 0x03, 0x04, 0x10, 0x05, 0x10,
	0x09, 0x1C, 0x27, 0x34, 0x01, 0x09, 0x07, 0x01, 0x03, 0x09, 0x04, 0x0A,
	0x0C, 0x27, 0x0A, 0x02, 0x1D, 0x14, 0x02, 0x0A, 0x0A, 0x0B, 0x0B, 0x12,
	0x0F, 0x02, 0x0C, 0x3F, 0x0D, 0x07, 0x07, 0x04, 0x29, 0x1C, 0x03, 0x02,
	0x05, 0x04, 0x07, 0x0D, 0x19, 0x26, 0x26, 0x3D, 0x0F, 0x17, 0x33, 0x18,
	0x05, 0x0F, 0x0C, 0x0C, 0x16, 0x13, 0x08, 0x09, 0x24, 0x0B, 0x09, 0x0A,
	0x17, 0x0D, 0x03, 0x17, 0x19, 0x0A, 0x09, 0x19, 0x3A, 0x1C, 0x0A, 0x09,
	0x14, 0x3E, 0x11, 0x11, 0x11, 0x06, 0x35, 0x19, 0x06, 0x23, 0x0D, 0x03,
	0x15, 0x0D, 0x03, 0x22, 0x36, 0x04, 0x14, 0x12, 0x11, 0x2E, 0x15, 0x0B,
	0x04, 0x06, 0x09, 0x0E, 0x02, 0x03, 0x18, 0x08, 0x0A, 0x0E, 0x19, 0x38,
	0x02, 0x01, 0x0F, 0x08, 0x2D, 0x01, 0x02, 0x03, 0x02, 0x07, 0x17, 0x24,
	0x02, 0x39, 0x03, 0x05, 0x10, 0x19, 0x01, 0x03, 0x26, 0x03, 0x1E, 0x04,
	0x04, 0x15, 0x04, 0x01, 0x0B, 0x04, 0x17, 0x10, 0x02, 0x08, 0x04, 0x06,
	0x06, 0x04, 0x05, 0x01, 0x03, 0x12, 0x12, 0x14, 0x04, 0x05, 0x06, 0x15,
	0x07, 0x12, 0x26, 0x05, 0x03, 0x0F, 0x1C, 0x5C, 0x14, 0x07, 0x08, 0x09,
	0x21, 0x14, 0x24, 0x1A, 0x0A, 0x0C, 0x18, 0x15, 0x02, 0x10, 0x0C, 0x02,
	0x0E, 0x1F, 0x13, 0x15, 0x26, 0x07, 0x0E, 0x2A, 0x0C, 0x0B, 0x9D, 0x04,
	0x0B, 0x0A, 0x05, 0x05, 0x03, 0x0B, 0x0F, 0x02, 0x2D, 0x09, 0x03, 0xFE,
	0x7A, 0x12, 0x27, 0x07, 0x0D, 0x0F, 0x08, 0x19, 0x01, 0x0C, 0x13, 0x13,
	0x03, 0x0B, 0x0C, 0x01, 0x04, 0x12, 0x0A, 0x0F, 0x06, 0x17, 0x06, 0x11,
	0x0A, 0x01, 0x0C, 0x0C, 0x11, 0x04, 0x0E, 0x05, 0x05, 0x05, 0x15, 0x06,
	0x0F, 0x1A, 0x5D, 0x02, 0x0C, 0x08, 0x01, 0x0C, 0x0A, 0x04, 0x01, 0x1F,
	0x12, 0x0A, 0x09, 0x19, 0x05, 0x03, 0x08, 0x09, 0x19, 0x1D, 0x3A, 0x0A,
	0x0A, 0x0B, 0x0D, 0x02, 0x06, 0x0D, 0x0A, 0x02, 0x05, 0x10, 0x10, 0x08,
	0x0A, 0x1F, 0x06, 0x08, 0x07, 0x01, 0x52, 0x05, 0x1D, 0x05, 0x04, 0x02,
	0x03, 0x01, 0x0A, 0x02, 0x03, 0x03, 0x06, 0x19, 0x15, 0x05, 0x0C, 0x07,
	0x02, 0x0A, 0x03, 0x07, 0x01, 0x06, 0x12, 0x0E, 0x0E, 0x03, 0x20, 0x56,
	0x18, 0x3D, 0x0B, 0x0B, 0x1F, 0x11, 0x12, 0x14, 0x11, 0x44, 0x10, 0x09,
	0xD4, 0x03, 0x1A, 0x2C, 0x02, 0x21, 0x10, 0x07, 0x3D, 0x96, 0x07, 0x0F,
	0x18, 0x15, 0x24, 0x03, 0x09, 0x11, 0x31, 0x13, 0x06, 0x21, 0x11, 0x1D,
	0x2D, 0x01, 0x05, 0x04, 0x08, 0x28, 0x72, 0x08, 0x21, 0x18, 0x0B, 0x14,
	0x06, 0x0D, 0x02, 0x04, 0x22, 0x11, 0x6E, 0x02, 0x71, 0x10, 0x12, 0x16,
	0x10, 0x0C, 0x19, 0x16, 0xDE, 0x14, 0x3D, 0x04, 0x02, 0x0A, 0x05, 0x08,
	0x17, 0x11, 0x01, 0x10, 0x0B, 0x0A, 0x12, 0x27, 0x24, 0x10, 0x17, 0x12,
	0x32, 0x3A, 0x11, 0x07, 0x08, 0x07, 0x01, 0x06, 0x10, 0x10, 0x12, 0x01,
	0x05, 0x58, 0x08, 0x0C, 0x22, 0x26, 0x0C, 0x0E, 0x0E, 0x02, 0x14, 0x01,
	0x03, 0x02, 0x15, 0x22, 0x12, 0x5C, 0x18, 0x1F, 0x03, 0x03, 0x01, 0x01,
	0x0B, 0x05, 0x03, 0x0D, 0x0B, 0x1C, 0x07, 0x19, 0x07, 0x08, 0x15, 0x0F,
	0x22, 0x14, 0x31, 0x18, 0x15, 0x08, 0x0F, 0x22, 0x14, 0x05, 0x04, 0x0E,
	0x0E, 0x0A, 0x0A, 0x03, 0x09, 0x19, 0x03, 0x09, 0x25, 0x16, 0x31, 0x4D,
	0x1B, 0x11, 0x08, 0x04, 0x04, 0x01, 0x16, 0x03, 0x2C, 0x38, 0x03, 0x27,
	0x1D, 0x0F, 0x02, 0x22, 0x2A, 0x09, 0x03, 0x15, 0x27, 0x06, 0x0E, 0x0D,
	0x07, 0x30, 0x16, 0x11, 0x04, 0x03, 0x02, 0x12, 0x13, 0x1C, 0x0A, 0x0A,
	0x01, 0x01, 0x11, 0x01, 0x03, 0x05, 0x0C, 0x14, 0x10, 0x18, 0x0B, 0x0B,
	0x10, 0x32, 0x31, 0x07, 0x07, 0x0A, 0x0C, 0x1F, 0x10, 0x03, 0x03, 0x18,
	0xFE, 0xD9, 0x0D, 0x1E, 0x13, 0x16, 0x0E, 0x0C, 0x16, 0x0F, 0x0D, 0x1C,
	0x0E, 0x20, 0x0C, 0x11, 0x08, 0x1D, 0x0B, 0x04, 0xD1, 0x02, 0x04, 0x02,
	0x04, 0x01, 0x3A, 0x3F, 0x20, 0x08, 0x31, 0x1C, 0x13, 0x11, 0x0F, 0x0F,
	0x12, 0x13, 0x12, 0x2F, 0x01, 0x0C, 0x02, 0x14, 0x1D, 0xFE, 0xFD, 0x04,
	0x0E, 0x05, 0x07, 0x0D, 0x12, 0x03, 0x12, 0x05, 0x11, 0x04, 0x07, 0x0F,
	0x0C, 0x02, 0x12, 0x03, 0x0B, 0x20, 0x1F, 0x03, 0x0B, 0xA2, 0x24, 0x08,
	0x08, 0x13, 0x30, 0x10, 0x22, 0x11, 0x29, 0x01, 0x06, 0x10, 0x11, 0x18,
	0x14, 0x0B, 0x1E, 0x1A, 0x81, 0x4D, 0x2E, 0x12, 0x16, 0x09, 0x53, 0x03,
	0x04, 0x02, 0x02, 0x04, 0x15, 0x0A, 0x0A, 0x21, 0x20, 0x17, 0x37, 0x0B,
	0x17, 0x11, 0x06, 0x08, 0x02, 0x1C, 0x12, 0x11, 0x1D, 0x23, 0x1E, 0x1D,
	0x3F, 0x4A, 0x0E, 0x1D, 0x16, 0x24, 0x03, 0x0C, 0x04, 0x07, 0x0B, 0x06,
	0x05, 0x1C, 0x05, 0x0D, 0x07, 0x01, 0x03, 0x03, 0x0C, 0x0B, 0xA0, 0x0D,
	0x1A, 0x27, 0x11, 0x08, 0x08, 0x38, 0x10, 0x04, 0x32, 0x12, 0x15, 0x35,
	0x01, 0x01, 0x06, 0x02, 0x02, 0x17, 0x01, 0x08, 0x01, 0x02, 0x03, 0x03,
	0x04, 0x0C, 0x02, 0x02, 0x02, 0x04, 0x05, 0x13, 0x01, 0x0D, 0x03, 0x0A,
	0x03, 0x08, 0x08, 0x29, 0x0C, 0x07, 0x07, 0x1A, 0x15, 0x03, 0x1F, 0x14,
	0x02, 0x06, 0x0C, 0x0E, 0x04, 0x06, 0x04, 0x03, 0x07, 0x01, 0x0C, 0x01,
	0x01, 0x0A, 0x02, 0x10, 0x23, 0x04, 0x05, 0x01, 0x09, 0x07, 0x05, 0x04,
	0x0B, 0x08, 0x08, 0x16, 0x0C, 0x01, 0x0C, 0x03, 0x0A, 0x12, 0x08, 0x10,
	0x08, 0x02, 0x01, 0x03, 0x03, 0x0D, 0x06, 0x04, 0x09, 0x0E, 0x08, 0x02,
	0x06, 0x05, 0x06, 0x0D, 0x08, 0x04, 0x05, 0x12, 0x09, 0x0D, 0x01, 0x02,
	0x09, 0x0F, 0x0C, 0x06, 0x0B, 0x09, 0x0F, 0x02, 0x0B, 0x1C, 0x0D, 0x02,
	0x03, 0x08, 0x05, 0x34, 0x02, 0x02, 0x24, 0x03, 0x03, 0x08, 0x04, 0x0A,
	0x08, 0x0D, 0x13, 0x0B, 0x09, 0x36, 0x08, 0x17, 0x0D, 0x02, 0x76, 0x0E,
	0x04, 0x0A, 0x03, 0x0C, 0x1B, 0x0D, 0x0A, 0x03, 0x0D, 0x09, 0x05, 0x04,
	0x12, 0x01, 0xFE, 0xC9, 0x0B, 0x06, 0x05, 0x03, 0x06, 0x05, 0x12, 0x0D,
	0x1C, 0x05, 0x03, 0x04, 0x05, 0x08, 0x05, 0x08, 0x01, 0x55, 0x09, 0x1F,
	0x08, 0x07, 0x07, 0x04, 0x02, 0x01, 0x0B, 0x01, 0x04, 0x10, 0x08, 0x06,
	0x20, 0x06, 0x0B, 0x09, 0x03, 0x04, 0x0A, 0x09, 0xDA, 0x19, 0x18, 0x1C,
	0x06, 0x02, 0x04, 0x07, 0x02, 0x05, 0x06, 0x02, 0x01, 0x16, 0x17, 0x02,
	0x03, 0x08, 0x0D, 0x09, 0x04, 0x0A, 0x08, 0x0A, 0x0D, 0x02, 0x01, 0x1E,
	0x0D, 0x01, 0x02, 0x1F, 0x05, 0x07, 0x15, 0x1A, 0x06, 0x05, 0x06, 0x05,
	0x05, 0x2C, 0x0A, 0x07, 0x32, 0x19, 0x02, 0x02, 0x0D, 0x1D, 0x0F, 0x09,
	0x1E, 0x07, 0x08, 0x08, 0x01, 0x07, 0x01, 0x11, 0x08, 0x10, 0x03, 0x18,
	0x02, 0x0E, 0x14, 0x0A, 0x2E, 0x0C, 0x14, 0x0F, 0x0B, 0x06, 0x1D, 0x1C,
	0x13, 0x23, 0x18, 0x19, 0x26, 0x02, 0x1D, 0x2B, 0x07, 0x19, 0x14, 0x0D,
	0x06, 0x06, 0x04, 0x01, 0x12, 0x28, 0x09, 0x11, 0x13, 0x10, 0x03, 0x29,
	0x11, 0x12, 0x0F, 0x0E, 0x06, 0x06, 0x13, 0x06, 0x0A, 0x0E, 0x0D, 0x09,
	0x09, 0x05, 0x21, 0x16, 0x19, 0x09, 0x0A, 0x02, 0x18, 0x0A, 0x12, 0x0A,
	0x12, 0x15, 0x04, 0x06, 0x05, 0x46, 0x03, 0x08, 0x03, 0x02, 0x02, 0x05,
	0x0D, 0x1A, 0x02, 0x1C, 0x07, 0x09, 0x25, 0x03, 0x18, 0x03, 0x0A, 0x5D,
	0x08, 0x04, 0x37, 0x11, 0x01, 0x07, 0x02, 0x3F, 0x3C, 0x0F, 0x02, 0x07,
	0x0C, 0x07, 0x02, 0x22, 0x03, 0x12, 0x10, 0x0B, 0x0C, 0x09, 0x16, 0x0D,
	0x05, 0x13, 0x01, 0x13, 0x07, 0x09, 0x07, 0x1F, 0x07, 0x21, 0x0C, 0x05,
	0x0F, 0x24, 0x3D, 0x0C, 0x0C, 0x09, 0x24, 0x09, 0x0C, 0x09, 0x08, 0x1A,
	0x2C, 0x0F, 0x10, 0x13, 0x0C, 0x1E, 0x15, 0x02, 0x2A, 0x35, 0x0C, 0x0C,
	0x11, 0x16, 0x22, 0x02, 0x02, 0x1E, 0x09, 0x22, 0x08, 0x06, 0x01, 0x03,
	0x03, 0x0F, 0x03, 0x03, 0x02, 0x03, 0x10, 0x06, 0x0A, 0x01, 0x03, 0x0B,
	0x0D, 0x0A, 0x12, 0x13, 0x12, 0x17, 0x17, 0x1C, 0x02, 0x11, 0x02, 0x0D,
	0x1E, 0x15, 0x17, 0x15, 0x05, 0x1B, 0x3F, 0x15, 0x11, 0x16, 0x13, 0x13,
	0x17, 0x11, 0x15, 0x05, 0x12, 0x06, 0x15, 0x11, 0x0C, 0x06, 0x05, 0x0F,
	0x1F, 0x12, 0x0A, 0x01, 0x2A, 0xFE, 0x6F, 0x01, 0x09, 0x06, 0x03, 0x09,
	0x0B, 0x08, 0x21, 0x09, 0x05, 0x05, 0x0D, 0x12, 0x07, 0x07, 0x09, 0x09,
	0x0A, 0x0B, 0x01, 0x44, 0x07, 0x0B, 0x03, 0x0A, 0x0A, 0x11, 0x19, 0x06,
	0x06, 0x01, 0x10, 0x0F, 0x01, 0x13, 0x11, 0x23, 0x79, 0x08, 0x03, 0x0A,
	0x03, 0x0D, 0x0E, 0x01, 0x0A, 0x06, 0x04, 0x0E, 0x02, 0x08, 0x06, 0x31,
	0x41, 0x05, 0x0D, 0x04, 0x06, 0x06, 0x0A, 0x02, 0xFE, 0xF0, 0x31, 0x06,
	0x18, 0x05, 0x06, 0x03, 0x0D, 0x03, 0x07, 0x05, 0x0C, 0x03, 0x03, 0x26,
	0x08, 0x08, 0x0B, 0x0B, 0x04, 0x0E, 0x07, 0x0F, 0x01, 0x04, 0x19, 0x07,
	0x09, 0x07, 0x03, 0x02, 0x08, 0x03, 0x02, 0x09, 0x04, 0x04, 0x07, 0x02,
	0x05, 0x06, 0x02, 0x0B, 0x0E, 0x03, 0x06, 0x03, 0x02, 0x10, 0x01, 0x06,
	0x04, 0x02, 0x05, 0x07, 0x0C, 0x04, 0x04, 0x03, 0x03, 0x0E, 0xA7, 0x22,
	0x03, 0x15, 0x12, 0x25, 0x01, 0x34, 0x21, 0x25, 0x3D, 0x01, 0x09, 0x09,
	0x1B, 0x37, 0x24, 0x10, 0x10, 0x1B, 0x5C, 0x1B, 0x09, 0xD8, 0x06, 0x07,
	0x2D, 0x12, 0x16, 0x13, 0x19, 0x37, 0x07, 0x0C, 0x17, 0x41, 0x0B, 0x0C,
	0x25, 0x10, 0x1C, 0x24, 0x53, 0x13, 0x20, 0x1F, 0x30, 0x20, 0x22, 0x19,
	0x09, 0x14, 0x12, 0x27, 0x23, 0x12, 0x51, 0x0A, 0x0A, 0x4E, 0x07, 0x0C,
	0x0B, 0x7E, 0x08, 0x20, 0x3A, 0x0E, 0x1F, 0x0E, 0x12, 0x09, 0x06, 0xFE,
	0xA8, 0x29, 0x29, 0x2E, 0x0E, 0x0E, 0x33, 0x48, 0xE0, 0x29, 0x04, 0x08,
	0x19, 0x1E, 0x07, 0x22, 0x16, 0x0B, 0x1B, 0x1A, 0x20, 0x1A, 0x08, 0x07,
	0x1E, 0x33, 0x17, 0x14, 0x09, 0x0A, 0x0D, 0x19, 0x20, 0x20, 0x19, 0x05,
	0x17, 0x07, 0x03, 0x03, 0x03, 0x03, 0x26, 0x26, 0x03, 0x1C, 0x20, 0x08,
	0x16, 0x13, 0x0B, 0x0F, 0x0C, 0x0E, 0x14, 0x09, 0x24, 0x09, 0x1D, 0x11,
	0x14, 0x06, 0x01, 0x0D, 0x02, 0x09, 0x0E, 0x05, 0x05, 0x07, 0x44, 0x05,
	0x03, 0x09, 0x1B, 0x2E, 0x22, 0x01, 0x0E, 0x0A, 0x0B, 0x03, 0x14, 0x16,
	0x15, 0x52, 0x16, 0x0E, 0x0C, 0x22, 0x10, 0x09, 0x06, 0x06, 0x11, 0x08,
	0x14, 0x12, 0x12, 0x1E, 0x11, 0x02, 0x09, 0x37, 0x09, 0x08, 0x1D, 0x2D,
	0x15, 0x1F, 0x08, 0x08, 0x19, 0x16, 0x1B, 0x10, 0x02, 0x0F, 0x01, 0x1B,
	0x15, 0x12, 0x03, 0x08, 0x09, 0x17, 0x0E, 0x12, 0x02, 0x02, 0x02, 0x03,
	0x04, 0x04, 0x03, 0x0E, 0x31, 0x29, 0x11, 0x05, 0x21, 0x7F, 0x0B, 0x0B,
	0x0C, 0x0D, 0x1D, 0x0C, 0x39, 0x0E, 0x09, 0x08, 0x12, 0x3A, 0x0E, 0x09,
	0xAE, 0x12, 0x2F, 0x38, 0x10, 0x0D, 0x05, 0x07, 0x0A, 0x0C, 0x2B, 0x3A,
	0x0B, 0x13, 0xFE, 0xD3, 0x0A, 0x14, 0x13, 0x0B, 0x28, 0x16, 0x22, 0x1C,
	0x29, 0x1A, 0x18, 0x18, 0x1E, 0x1C, 0x25, 0x1F, 0x1E, 0x20, 0x21, 0x26,
	0x1C, 0x0D, 0x15, 0x0D, 0x0C, 0x24, 0x10, 0x14, 0x01, 0x00, 0x2F, 0x14,
	0x15, 0x06, 0x09, 0x01, 0x10, 0x02, 0x0C, 0x0C, 0x19, 0x04, 0x07, 0x06,
	0x04, 0x08, 0x07, 0x31, 0x02, 0x11, 0x70, 0x1A, 0x02, 0x26, 0x0D, 0x1C,
	0x02, 0x05, 0x02, 0x05, 0x08, 0x10, 0x0C, 0x09, 0x02, 0x5F, 0x2C, 0x1F,
	0x0A, 0x10, 0x19, 0x32, 0x28, 0x12, 0x1E, 0x15, 0x14, 0x18, 0x07, 0x04,
	0x20, 0x23, 0x04, 0x04, 0x09, 0x17, 0x1D, 0x2E, 0x0F, 0x0E, 0x2C, 0x19,
	0x08, 0x15, 0x13, 0x13, 0x3D, 0x01, 0x07, 0x0E, 0x77, 0x14, 0x17, 0x01,
	0x0C, 0x13, 0x0A, 0x17, 0x02, 0x05, 0x06, 0x03, 0x03, 0x01, 0x04, 0x05,
	0x06, 0x03, 0x0B, 0x0B, 0x08, 0x01, 0x5D, 0x18, 0x1E, 0x2D, 0x1E, 0x15,
	0x03, 0x11, 0x4C, 0x35, 0x25, 0x0B, 0x44, 0x03, 0x01, 0x02, 0x02, 0x12,
	0x0A, 0x02, 0x0A, 0x01, 0x02, 0x02, 0x09, 0x01, 0x02, 0x05, 0x12, 0x0D,
	0x05, 0x06, 0x07, 0x08, 0x19, 0x06, 0x01, 0x07, 0x08, 0x02, 0x17, 0x02,
	0x02, 0x0D, 0x02, 0x02, 0x1A, 0x03, 0x05, 0x0B, 0x0A, 0x19, 0x1E, 0x08,
	0x0B, 0x04, 0x04, 0x05, 0x10, 0x04, 0x03, 0x03, 0x0E, 0x24, 0x08, 0x1A,
	0x07, 0x04, 0x05, 0x27, 0x01, 0x05, 0x02, 0x02, 0x02, 0x08, 0x08, 0x06,
	0x02, 0x01, 0x11, 0x02, 0x02, 0x02, 0x0C, 0x06, 0x02, 0x0F, 0x08, 0x16,
	0x1B, 0x12, 0x0D, 0x03, 0x04, 0x06, 0x01, 0x07, 0x15, 0x03, 0x22, 0x03,
	0x09, 0x11, 0x04, 0x09, 0x0F, 0x07, 0x0D, 0x02, 0x04, 0x18, 0x27, 0x02,
	0x03, 0x09, 0x30, 0x08, 0x09, 0x1E, 0x18, 0x0A, 0x03, 0x08, 0x04, 0x14,
	0x01, 0x03, 0x03, 0x11, 0x01, 0x0F, 0x07, 0x1F, 0x01, 0x01, 0x02, 0x04,
	0x0A, 0x0A, 0x03, 0x05, 0x15, 0x06, 0x26, 0x1F, 0x02, 0x03, 0x00, 0x07,
	0x00, 0x00, 0xFF, 0xFF, 0x03, 0x37, 0x03, 0x20, 0x00, 0x7F, 0x01, 0x36,
	0x01, 0x53, 0x01, 0x6A, 0x01, 0x7D, 0x01, 0x88, 0x01, 0x97, 0x01, 0xA7,
	0x40, 0x60, 0x01, 0xF9, 0xF0, 0xEE, 0xEC, 0xE7, 0xE4, 0xE2, 0xDB, 0xD2,
	0xCF, 0xC9, 0xC6, 0xC3, 0xC2, 0xBE, 0xB4, 0xAF, 0xAD, 0xAB, 0xAA, 0x9B,
	0x9A, 0x99, 0x98, 0x8C, 0x79, 0x77, 0x75, 0x73, 0x65, 0x4B, 0x4A, 0x44,
	0x42, 0x3E, 0x3C, 0x34, 0x32, 0x30, 0x28, 0x10, 0xFF, 0xF8, 0xF7, 0xDD,
	0xD4, 0xC0, 0xBC, 0xB8, 0xB1, 0xA3, 0x95, 0x93, 0x8F, 0x7D, 0x7B, 0x6A,
	0x55, 0x54, 0x4E, 0x48, 0x22, 0x20, 0x13, 0x12, 0xFB, 0x02, 0x24, 0x57,
	0x02, 0xA5, 0xA1, 0x82, 0x02, 0x04, 0x67, 0x04, 0x93, 0x60, 0x63, 0x04,
	0x97, 0x8F, 0x91, 0xD8, 0x04, 0xE0, 0x70, 0x01, 0x13, 0x0D, 0x00, 0x01,
	0x24, 0x46, 0x76, 0x2F, 0x37, 0x18, 0x00, 0x3F, 0xB8, 0x01, 0x16, 0x3C,
	0x3C, 0x3F, 0xB8, 0x01, 0x8B, 0x2F, 0xB9, 0x01, 0x7B, 0x00, 0x04, 0xFD,
	0xB8, 0x01, 0x56, 0x2F, 0xB9, 0x01, 0x68, 0x00, 0x04, 0xFD, 0xB8, 0x01,
	0x66, 0x3C, 0x2F, 0xFD, 0x2F, 0x3C, 0x3C, 0xFD, 0x3C, 0x2F, 0xFD, 0xB8,
	0x01, 0x16, 0x10, 0xB9, 0x01, 0x0E, 0x00, 0x04, 0xFD, 0xB8, 0x01, 0x1E,
	0xB8, 0x01, 0x22, 0x3C, 0x3C, 0x01, 0x2F, 0xFD, 0x2F, 0x3C, 0xFD, 0x2F,
	0xFD, 0x2E, 0x2E, 0x2E, 0x2E, 0x2E, 0x2E, 0x2E, 0x2E, 0x2E, 0x2E, 0x2E,
	0x2E, 0x2E, 0x2E, 0x2E, 0x2E, 0x2E, 0x2E, 0x2E, 0x2E, 0x2E, 0x2E, 0x2E,
	0x2E, 0xB8, 0x01, 0x01, 0x2E, 0xB8, 0x01, 0x0E, 0x2E, 0xB8, 0x01, 0x0F,
	0x2E, 0xB8, 0x01, 0x16, 0x2E, 0xB8, 0x01, 0x1A, 0x2E, 0xB8, 0x01, 0x24,
	0x2E, 0xB8, 0x01, 0x29, 0x2E, 0xB8, 0x01, 0x43, 0x2E, 0xB8, 0x01, 0x52,
	0x2E, 0xB8, 0x01, 0x54, 0x2E, 0xB8, 0x01, 0x5D, 0x2E, 0xB8, 0x01, 0x61,
	0x2E, 0xB8, 0x01, 0x63, 0x2E, 0xB8, 0x01, 0x6D, 0x2E, 0xB8, 0x01, 0x77,
	0x2E, 0xB8, 0x01, 0x7E, 0x2E, 0xB8, 0x01, 0x83, 0x2E, 0xB8, 0x01, 0x89,
	0x2E, 0xB8, 0x01, 0x91, 0x2E, 0x00, 0x2E, 0x2E, 0x2E, 0x2E, 0x2E, 0x2E,
	0x2E, 0x2E, 0x2E, 0x2E, 0x2E, 0x2E, 0x2E, 0x2E, 0x2E, 0x2E, 0x2E, 0x2E,
	0x2E, 0x2E, 0x2E, 0x2E, 0x2E, 0x2E, 0x2E, 0x2E, 0x2E, 0x2E, 0x2E, 0x2E,
	0x2E, 0x2E, 0x2E, 0x2E, 0x2E, 0x2E, 0x2E, 0x2E, 0x2E, 0x2E, 0x2E, 0xB8,
	0x01, 0x11, 0x2E, 0xB8, 0x01, 0x1C, 0x2E, 0xB8, 0x01, 0x20, 0x2E, 0xB8,
	0x01, 0x2B, 0x2E, 0xB8, 0x01, 0x30, 0x2E, 0xB8, 0x01, 0x37, 0x2E, 0xB8,
	0x01, 0x3F, 0x2E, 0xB8, 0x01, 0x41, 0x2E, 0xB8, 0x01, 0x47, 0x2E, 0xB8,
	0x01, 0x49, 0x2E, 0xB8, 0x01, 0x4B, 0x2E, 0xB8, 0x01, 0x5F, 0x2E, 0xB8,
	0x01, 0x71, 0x2E, 0xB8, 0x01, 0x7E, 0x2E, 0xB8, 0x01, 0x82, 0x2E, 0xB8,
	0x01, 0x83, 0x2E, 0xB8, 0x01, 0x86, 0x2E, 0xB8, 0x01, 0x94, 0x2E, 0x31,
	0x30, 0x01, 0xB9, 0x01, 0x99, 0x00, 0x04, 0x49, 0x68, 0xB9, 0x00, 0x24,
	0x01, 0x98, 0x49, 0x68, 0x61, 0xB0, 0x40, 0x52, 0x58, 0xB9, 0x01, 0x98,
	0x00, 0x40, 0x38, 0xB8, 0x01, 0x98, 0x11, 0x37, 0xB9, 0x01, 0x98, 0xFF,
	0xC0, 0x38, 0x59, 0x01, 0x14, 0x17, 0x16, 0x15, 0x14, 0x07, 0x06, 0x07,
	0x06, 0x07, 0x06, 0x0F, 0x01, 0x06, 0x26, 0x23, 0x22, 0x07, 0x17, 0x26,
	0x27, 0x26, 0x23, 0x26, 0x27, 0x26, 0x27, 0x2E, 0x01, 0x37, 0x26, 0x27,
	0x16, 0x37, 0x26, 0x35, 0x34, 0x37, 0x36, 0x37, 0x16, 0x17, 0x16, 0x17,
	0x16, 0x17, 0x16, 0x33, 0x32, 0x37, 0x16, 0x33, 0x32, 0x37, 0x36, 0x37,
	0x36, 0x37, 0x36, 0x33, 0x32, 0x17, 0x36, 0x37, 0x26, 0x37, 0x30, 0x17,
	0x16, 0x37, 0x36, 0x27, 0x26, 0x27, 0x07, 0x2E, 0x01, 0x37, 0x36, 0x37,
	0x36, 0x37, 0x36, 0x37, 0x27, 0x36, 0x27, 0x26, 0x27, 0x26, 0x27, 0x06,
	0x26, 0x07, 0x26, 0x23, 0x22, 0x06, 0x23, 0x22, 0x27, 0x06, 0x07, 0x26,
	0x06, 0x27, 0x3E, 0x01, 0x37, 0x36, 0x3F, 0x01, 0x16, 0x1F, 0x01, 0x36,
	0x17, 0x16, 0x17, 0x36, 0x33, 0x16, 0x17, 0x06, 0x17, 0x1E, 0x01, 0x03,
	0x36, 0x35, 0x34, 0x27, 0x2E, 0x01, 0x27, 0x2E, 0x01, 0x35, 0x26, 0x07,
	0x06, 0x22, 0x07, 0x36, 0x33, 0x32, 0x17, 0x30, 0x27, 0x26, 0x37, 0x17,
	0x37, 0x17, 0x37, 0x1E, 0x01, 0x17, 0x14, 0x16, 0x15, 0x14, 0x07, 0x16,
	0x07, 0x06, 0x07, 0x0E, 0x01, 0x07, 0x27, 0x06, 0x07, 0x26, 0x37, 0x06,
	0x07, 0x17, 0x16, 0x17, 0x30, 0x37, 0x36, 0x37, 0x34, 0x27, 0x26, 0x27,
	0x26, 0x37, 0x36, 0x17, 0x06, 0x07, 0x27, 0x26, 0x06, 0x23, 0x22, 0x26,
	0x23, 0x22, 0x07, 0x06, 0x07, 0x06, 0x23, 0x22, 0x26, 0x23, 0x22, 0x07,
	0x17, 0x1E, 0x01, 0x33, 0x16, 0x36, 0x33, 0x32, 0x17, 0x0E, 0x01, 0x07,
	0x06, 0x27, 0x06, 0x23, 0x22, 0x26, 0x07, 0x0E, 0x01, 0x07, 0x06, 0x07,
	0x26, 0x07, 0x06, 0x31, 0x26, 0x27, 0x26, 0x27, 0x2E, 0x01, 0x27, 0x37,
	0x27, 0x06, 0x15, 0x14, 0x17, 0x16, 0x17, 0x06, 0x15, 0x14, 0x16, 0x15,
	0x16, 0x17, 0x16, 0x17, 0x16, 0x17, 0x16, 0x17, 0x16, 0x17, 0x27, 0x36,
	0x33, 0x14, 0x16, 0x17, 0x36, 0x17, 0x36, 0x27, 0x26, 0x31, 0x36, 0x37,
	0x16, 0x17, 0x36, 0x33, 0x16, 0x15, 0x16, 0x37, 0x2E, 0x01, 0x35, 0x26,
	0x35, 0x34, 0x37, 0x1E, 0x01, 0x17, 0x16, 0x33, 0x32, 0x36, 0x37, 0x36,
	0x37, 0x36, 0x13, 0x26, 0x27, 0x26, 0x27, 0x26, 0x27, 0x26, 0x23, 0x22,
	0x07, 0x26, 0x35, 0x34, 0x37, 0x36, 0x37, 0x16, 0x37, 0x36, 0x17, 0x16,
	0x17, 0x16, 0x17, 0x1E, 0x01, 0x15, 0x14, 0x07, 0x06, 0x23, 0x22, 0x27,
	0x26, 0x27, 0x2E, 0x01, 0x07, 0x36, 0x37, 0x16, 0x15, 0x34, 0x07, 0x32,
	0x16, 0x33, 0x32, 0x37, 0x1E, 0x01, 0x07, 0x16, 0x15, 0x14, 0x07, 0x06,
	0x23, 0x22, 0x27, 0x26, 0x27, 0x26, 0x31, 0x36, 0x37, 0x36, 0x33, 0x32,
	0x16, 0x37, 0x26, 0x27, 0x26, 0x27, 0x07, 0x16, 0x36, 0x37, 0x1E, 0x01,
	0x07, 0x26, 0x07, 0x0E, 0x01, 0x27, 0x0E, 0x01, 0x07, 0x1E, 0x01, 0x17,
	0x16, 0x37, 0x36, 0x03, 0x2E, 0x05, 0x04, 0x10, 0x07, 0x1D, 0x1B, 0x1A,
	0x6B, 0x4B, 0xB7, 0x06, 0x14, 0x05, 0x05, 0x05, 0x05, 0x05, 0x1F, 0x16,
	0x0F, 0x28, 0x2F, 0x26, 0x27, 0x01, 0x1E, 0x01, 0x10, 0x1B, 0x03, 0x04,
	0x0E, 0x02, 0x01, 0x0B, 0x16, 0x1A, 0x1C, 0x11, 0x1A, 0x1A, 0x20, 0x21,
	0x09, 0x09, 0x05, 0x06, 0x09, 0x0E, 0x12, 0x05, 0x11, 0x08, 0x08, 0x0E,
	0x06, 0x08, 0x0A, 0x06, 0x01, 0x06, 0x1D, 0x10, 0x09, 0x0D, 0x01, 0x1E,
	0x1D, 0x07, 0x08, 0x12, 0x03, 0x0B, 0x23, 0x2B, 0x0B, 0x5A, 0x23, 0x04,
	0x1E, 0x07, 0x04, 0x21, 0x1E, 0x2B, 0x0B, 0x23, 0x0D, 0x0D, 0x11, 0x08,
	0x1F, 0x08, 0x14, 0x0F, 0x10, 0x04, 0x06, 0x17, 0x05, 0x0A, 0x16, 0x0D,
	0x40, 0x2E, 0x07, 0xA9, 0x58, 0x0B, 0x06, 0x04, 0x0B, 0x17, 0x01, 0x06,
	0x11, 0x18, 0x04, 0x04, 0x09, 0x09, 0x2E, 0x2E, 0x59, 0x0E, 0x1E, 0x0D,
	0x03, 0x18, 0x50, 0x7B, 0x0C, 0x3A, 0x0C, 0x07, 0x07, 0x13, 0x38, 0x04,
	0x03, 0x07, 0x5B, 0x04, 0x20, 0x05, 0x07, 0x0F, 0x05, 0x1A, 0x03, 0x04,
	0x03, 0x01, 0x02, 0x07, 0x40, 0x2E, 0x14, 0x19, 0x30, 0x03, 0x01, 0x12,
	0x13, 0x07, 0x30, 0x30, 0x1D, 0x03, 0x07, 0x05, 0x08, 0x01, 0x01, 0x03,
	0x0D, 0x0C, 0x01, 0x0C, 0x03, 0x07, 0x16, 0x05, 0x03, 0x07, 0x04, 0x06,
	0x08, 0x0A, 0x03, 0x05, 0x09, 0x03, 0x10, 0x03, 0x0C, 0x04, 0x26, 0x14,
	0x49, 0x15, 0x06, 0x15, 0x03, 0x07, 0x04, 0x08, 0x1D, 0x0D, 0x3C, 0x5A,
	0x02, 0x03, 0x03, 0x10, 0x06, 0x07, 0x11, 0x0E, 0x21, 0x24, 0x04, 0x06,
	0x0A, 0x1F, 0x1F, 0x1A, 0x1A, 0x05, 0x24, 0x05, 0x02, 0x2D, 0x03, 0x0E,
	0x0C, 0x0D, 0x03, 0x0A, 0x07, 0x0E, 0x0E, 0x14, 0x0E, 0x1D, 0x4A, 0x1A,
	0x39, 0x35, 0x0C, 0x02, 0x0C, 0x1A, 0x0D, 0x0B, 0x15, 0x01, 0x07, 0x0A,
	0x03, 0x06, 0x14, 0x1C, 0x01, 0x05, 0x03, 0x12, 0x1E, 0x04, 0x08, 0x11,
	0x01, 0x0A, 0x16, 0x07, 0x0B, 0x0E, 0x0B, 0x29, 0x0A, 0x24, 0x23, 0x05,
	0x48, 0x0A, 0x08, 0x0C, 0x04, 0x0D, 0x26, 0x1F, 0x15, 0x0E, 0x0D, 0x02,
	0x0A, 0x0D, 0x01, 0x04, 0x05, 0x06, 0x04, 0x21, 0x22, 0x26, 0x0D, 0x01,
	0x08, 0x39, 0x0C, 0x0B, 0x14, 0x1F, 0x22, 0x11, 0x03, 0x11, 0x07, 0x01,
	0x1A, 0x05, 0x0C, 0x13, 0x36, 0x11, 0x06, 0x07, 0x08, 0x12, 0x36, 0x08,
	0x0C, 0x11, 0x27, 0x0C, 0x11, 0x0B, 0x0D, 0x15, 0x06, 0x0C, 0x1C, 0x26,
	0x0B, 0x18, 0x66, 0x10, 0x23, 0x1F, 0x20, 0x0B, 0x07, 0x17, 0x04, 0x0C,
	0x42, 0x57, 0x13, 0x1F, 0x06, 0x10, 0x08, 0x0A, 0x07, 0x04, 0x05, 0x0E,
	0x09, 0x2F, 0x17, 0x0E, 0x01, 0xF3, 0x09, 0x35, 0x28, 0x19, 0x36, 0x23,
	0x28, 0x30, 0x29, 0x28, 0x5E, 0x12, 0x02, 0x01, 0x08, 0x02, 0x05, 0x02,
	0x0C, 0x09, 0x11, 0x26, 0x23, 0x23, 0x0B, 0x1F, 0x0D, 0x15, 0x4B, 0x01,
	0x03, 0x2D, 0x24, 0x10, 0x0F, 0x09, 0x10, 0x1E, 0x3F, 0x43, 0x1B, 0x1E,
	0x1F, 0x23, 0x02, 0x02, 0x05, 0x08, 0x01, 0x04, 0x1C, 0x19, 0x03, 0x01,
	0x09, 0x03, 0x06, 0x01, 0x01, 0x0B, 0x0B, 0x09, 0x26, 0x03, 0x07, 0x09,
	0x13, 0x0B, 0x13, 0x06, 0x07, 0x07, 0x0A, 0x48, 0x05, 0x28, 0x50, 0x2C,
	0x26, 0x23, 0x14, 0x02, 0x17, 0x03, 0x05, 0x02, 0x06, 0x01, 0x08, 0x04,
	0x05, 0x03, 0x09, 0x13, 0x02, 0x0C, 0x02, 0x09, 0x02, 0x69, 0x09, 0x05,
	0x01, 0x0E, 0x1D, 0x02, 0x2C, 0x21, 0x03, 0x0F, 0x06, 0x28, 0xFE, 0xCF,
	0x5A, 0x6D, 0x9C, 0x60, 0x04, 0x1E, 0x0E, 0x04, 0x0D, 0x08, 0x3B, 0x02,
	0x05, 0x04, 0x01, 0x11, 0x08, 0x05, 0x03, 0x35, 0x05, 0x1C, 0x05, 0x06,
	0x1E, 0x05, 0x0C, 0x28, 0x0C, 0x07, 0x07, 0x0B, 0x14, 0x12, 0x11, 0x2F,
	0x51, 0x0F, 0x02, 0x06, 0x13, 0x03, 0x02, 0x04, 0x0C, 0x09, 0x05, 0x39,
	0x05, 0x05, 0x0B, 0x05, 0x01, 0x01, 0x02, 0x03, 0x06, 0x03, 0x0F, 0x12,
	0x12, 0x02, 0x01, 0x0B, 0x03, 0x09, 0x0C, 0x01, 0x05, 0x02, 0x0B, 0x1B,
	0x01, 0x18, 0x02, 0x07, 0x05, 0x08, 0x04, 0x02, 0x02, 0x39, 0x02, 0x0A,
	0x02, 0x0F, 0x22, 0x0A, 0x0C, 0x02, 0x04, 0x02, 0x04, 0x06, 0x1E, 0x1C,
	0x1B, 0x10, 0x31, 0x0F, 0x02, 0x65, 0x0F, 0x10, 0x20, 0x29, 0x23, 0x23,
	0x02, 0x04, 0x03, 0x0F, 0x03, 0x0B, 0x15, 0x0E, 0x1F, 0x0F, 0x1A, 0x2A,
	0x0B, 0x19, 0x02, 0x36, 0x05, 0x11, 0x23, 0x10, 0x01, 0x04, 0x0F, 0x14,
	0x1F, 0x01, 0x02, 0x1D, 0x1A, 0x02, 0x03, 0x01, 0x07, 0x0E, 0x05, 0x0C,
	0x05, 0x17, 0x07, 0x04, 0x03, 0x01, 0x1B, 0x04, 0x11, 0x1D, 0x02, 0x13,
	0x2B, 0x07, 0x01, 0x0C, 0x01, 0x0B, 0x0E, 0x03, 0x02, 0x0B, 0x09, 0x03,
	0x03, 0x03, 0x08, 0x08, 0x0C, 0x02, 0x03, 0x02, 0x03, 0x02, 0x07, 0x07,
	0x0C, 0x1D, 0x03, 0x0E, 0x04, 0x04, 0x48, 0x04, 0x0F, 0x10, 0x02, 0x01,
	0x0B, 0x03, 0x15, 0x12, 0x03, 0x04, 0x01, 0x15, 0x29, 0x02, 0x02, 0x03,
	0x20, 0x0B, 0x11, 0x16, 0x12, 0x19, 0x02, 0x05, 0x0D, 0x15, 0x1C, 0x16,
	0x1A, 0x08, 0x70, 0x17, 0x08, 0x04, 0x04, 0x0E, 0x01, 0x05, 0x01, 0x0A,
	0x09, 0x8D, 0x0E, 0x02, 0x01, 0x0C, 0x01, 0x05, 0x17, 0x0B, 0x04, 0x1E,
	0x04, 0x0A, 0x1A, 0x17, 0x00, 0x3D, 0x00, 0x00, 0x00, 0x00, 0x03, 0x9C,
	0x03, 0x20, 0x00, 0x14, 0x00, 0x28, 0x00, 0x3A, 0x00, 0x4F, 0x00, 0x65,
	0x00, 0x79, 0x00, 0x8F, 0x00, 0xA1, 0x00, 0xB3, 0x00, 0xCA, 0x00, 0xDA,
	0x00, 0xF5, 0x01, 0x07, 0x01, 0x17, 0x01, 0x28, 0x01, 0x36, 0x01, 0x49,
	0x01, 0x62, 0x01, 0x72, 0x01, 0x97, 0x01, 0xAB, 0x01, 0xBA, 0x01, 0xCC,
	0x01, 0xE0, 0x01, 0xFC, 0x02, 0x0C, 0x02, 0x21, 0x02, 0x30, 0x02, 0x3A,
	0x02, 0x57, 0x02, 0x6B, 0x02, 0x86, 0x02, 0x99, 0x02, 0xAA, 0x02, 0xBC,
	0x02, 0xCD, 0x02, 0xE2, 0x02, 0xF6, 0x02, 0xFC, 0x03, 0x08, 0x03, 0x1B,
	0x03, 0x2A, 0x03, 0x3C, 0x03, 0x4D, 0x03, 0x5C, 0x03, 0x62, 0x03, 0x70,
	0x03, 0x77, 0x03, 0x83, 0x03, 0x8E, 0x03, 0xA6, 0x03, 0xB5, 0x03, 0xC2,
	0x03, 0xCF, 0x03, 0xDA, 0x03, 0xEA, 0x04, 0x07, 0x04, 0x11, 0x04, 0x1A,
	0x04, 0x2C, 0x04, 0x35, 0x00, 0x00, 0x01, 0x06, 0x07, 0x06, 0x07, 0x26,
	0x23, 0x22, 0x06, 0x27, 0x06, 0x07, 0x06, 0x07, 0x26, 0x27, 0x36, 0x17,
	0x36, 0x37, 0x36, 0x17, 0x06, 0x27, 0x06, 0x07, 0x26, 0x06, 0x27, 0x26,
	0x23, 0x22, 0x07, 0x06, 0x26, 0x27, 0x36, 0x37, 0x36, 0x37, 0x36, 0x27,
	0x16, 0x15, 0x14, 0x06, 0x15, 0x14, 0x17, 0x22, 0x06, 0x23, 0x22, 0x27,
	0x3E, 0x01, 0x37, 0x36, 0x37, 0x13, 0x07, 0x26, 0x27, 0x0E, 0x01, 0x23,
	0x22, 0x27, 0x30, 0x07, 0x37, 0x16, 0x33, 0x32, 0x36, 0x33, 0x32, 0x17,
	0x1E, 0x01, 0x25, 0x26, 0x27, 0x30, 0x37, 0x36, 0x37, 0x26, 0x35, 0x34,
	0x37, 0x06, 0x15, 0x14, 0x16, 0x15, 0x14, 0x07, 0x06, 0x16, 0x15, 0x14,
	0x01, 0x26, 0x23, 0x22, 0x06, 0x23, 0x22, 0x27, 0x26, 0x0F, 0x01, 0x26,
	0x37, 0x36, 0x16, 0x33, 0x32, 0x37, 0x1E, 0x01, 0x27, 0x06, 0x27, 0x36,
	0x27, 0x26, 0x27, 0x36, 0x33, 0x32, 0x17, 0x16, 0x1F, 0x01, 0x06, 0x15,
	0x14, 0x16, 0x15, 0x16, 0x15, 0x14, 0x25, 0x06, 0x07, 0x36, 0x35, 0x34,
	0x27, 0x26, 0x37, 0x36, 0x35, 0x34, 0x27, 0x36, 0x17, 0x1E, 0x01, 0x1F,
	0x01, 0x26, 0x27, 0x26, 0x27, 0x26, 0x27, 0x06, 0x27, 0x26, 0x07, 0x37,
	0x36, 0x17, 0x1E, 0x01, 0x15, 0x14, 0x27, 0x06, 0x23, 0x22, 0x26, 0x23,
	0x22, 0x07, 0x06, 0x27, 0x36, 0x33, 0x32, 0x1F, 0x01, 0x36, 0x33, 0x32,
	0x16, 0x37, 0x16, 0x17, 0x16, 0x01, 0x26, 0x27, 0x26, 0x27, 0x26, 0x07,
	0x26, 0x36, 0x37, 0x16, 0x17, 0x36, 0x17, 0x1E, 0x01, 0x01, 0x06, 0x15,
	0x14, 0x16, 0x15, 0x14, 0x27, 0x06, 0x07, 0x2E, 0x01, 0x27, 0x36, 0x35,
	0x34, 0x27, 0x26, 0x37, 0x16, 0x17, 0x16, 0x07, 0x06, 0x15, 0x14, 0x16,
	0x05, 0x16, 0x15, 0x14, 0x07, 0x36, 0x35, 0x34, 0x27, 0x26, 0x27, 0x37,
	0x16, 0x17, 0x16, 0x17, 0x37, 0x16, 0x13, 0x07, 0x26, 0x27, 0x26, 0x23,
	0x22, 0x07, 0x26, 0x27, 0x36, 0x37, 0x36, 0x16, 0x37, 0x16, 0x01, 0x26,
	0x23, 0x22, 0x07, 0x23, 0x36, 0x37, 0x36, 0x17, 0x16, 0x37, 0x36, 0x33,
	0x32, 0x16, 0x37, 0x17, 0x14, 0x07, 0x06, 0x07, 0x36, 0x37, 0x36, 0x37,
	0x36, 0x37, 0x27, 0x36, 0x17, 0x27, 0x06, 0x07, 0x06, 0x07, 0x06, 0x27,
	0x36, 0x37, 0x36, 0x37, 0x3E, 0x01, 0x37, 0x16, 0x37, 0x36, 0x17, 0x32,
	0x27, 0x07, 0x26, 0x27, 0x26, 0x27, 0x26, 0x27, 0x26, 0x27, 0x2E, 0x01,
	0x27, 0x36, 0x33, 0x32, 0x16, 0x33, 0x16, 0x17, 0x06, 0x15, 0x14, 0x17,
	0x16, 0x05, 0x16, 0x06, 0x07, 0x06, 0x27, 0x26, 0x31, 0x36, 0x37, 0x36,
	0x31, 0x36, 0x37, 0x36, 0x37, 0x27, 0x06, 0x07, 0x06, 0x07, 0x15, 0x27,
	0x06, 0x07, 0x06, 0x2F, 0x01, 0x26, 0x27, 0x36, 0x27, 0x26, 0x37, 0x26,
	0x35, 0x34, 0x37, 0x36, 0x33, 0x32, 0x17, 0x1E, 0x01, 0x17, 0x07, 0x30,
	0x17, 0x16, 0x07, 0x16, 0x15, 0x14, 0x13, 0x26, 0x27, 0x26, 0x07, 0x06,
	0x23, 0x26, 0x27, 0x26, 0x27, 0x36, 0x37, 0x1E, 0x01, 0x17, 0x16, 0x17,
	0x16, 0x17, 0x01, 0x06, 0x07, 0x0E, 0x01, 0x07, 0x26, 0x35, 0x34, 0x37,
	0x36, 0x37, 0x16, 0x37, 0x36, 0x07, 0x0E, 0x01, 0x07, 0x26, 0x27, 0x26,
	0x07, 0x26, 0x2F, 0x01, 0x37, 0x27, 0x16, 0x17, 0x16, 0x17, 0x16, 0x17,
	0x06, 0x15, 0x14, 0x17, 0x06, 0x23, 0x22, 0x26, 0x27, 0x26, 0x37, 0x26,
	0x35, 0x34, 0x37, 0x32, 0x36, 0x33, 0x16, 0x01, 0x06, 0x15, 0x26, 0x27,
	0x26, 0x27, 0x26, 0x27, 0x26, 0x36, 0x27, 0x3E, 0x01, 0x33, 0x32, 0x17,
	0x06, 0x15, 0x14, 0x17, 0x16, 0x15, 0x14, 0x07, 0x14, 0x15, 0x14, 0x27,
	0x06, 0x23, 0x22, 0x26, 0x23, 0x26, 0x27, 0x35, 0x32, 0x16, 0x17, 0x16,
	0x17, 0x16, 0x36, 0x07, 0x06, 0x23, 0x22, 0x27, 0x26, 0x27, 0x3E, 0x01,
	0x37, 0x16, 0x15, 0x14, 0x06, 0x15, 0x06, 0x15, 0x14, 0x17, 0x1E, 0x01,
	0x17, 0x07, 0x2E, 0x01, 0x27, 0x36, 0x27, 0x16, 0x36, 0x33, 0x32, 0x17,
	0x16, 0x07, 0x06, 0x27, 0x07, 0x26, 0x27, 0x26, 0x27, 0x16, 0x17, 0x16,
	0x37, 0x01, 0x06, 0x15, 0x26, 0x23, 0x22, 0x06, 0x23, 0x22, 0x27, 0x26,
	0x07, 0x06, 0x26, 0x27, 0x36, 0x33, 0x32, 0x16, 0x33, 0x32, 0x37, 0x36,
	0x33, 0x32, 0x16, 0x33, 0x32, 0x37, 0x01, 0x0E, 0x01, 0x07, 0x16, 0x15,
	0x14, 0x07, 0x0E, 0x01, 0x07, 0x26, 0x35, 0x36, 0x23, 0x26, 0x35, 0x34,
	0x37, 0x36, 0x27, 0x06, 0x07, 0x06, 0x07, 0x06, 0x23, 0x22, 0x26, 0x23,
	0x22, 0x07, 0x06, 0x23, 0x22, 0x27, 0x36, 0x37, 0x16, 0x17, 0x3E, 0x01,
	0x37, 0x16, 0x0F, 0x01, 0x30, 0x17, 0x06, 0x07, 0x06, 0x07, 0x06, 0x07,
	0x36, 0x37, 0x16, 0x37, 0x36, 0x37, 0x36, 0x37, 0x36, 0x31, 0x16, 0x1F,
	0x01, 0x06, 0x07, 0x06, 0x07, 0x26, 0x07, 0x36, 0x37, 0x36, 0x37, 0x36,
	0x17, 0x06, 0x15, 0x14, 0x16, 0x17, 0x0E, 0x01, 0x07, 0x06, 0x07, 0x06,
	0x07, 0x36, 0x35, 0x3C, 0x01, 0x35, 0x34, 0x37, 0x26, 0x37, 0x16, 0x01,
	0x06, 0x07, 0x06, 0x23, 0x26, 0x23, 0x22, 0x07, 0x06, 0x07, 0x17, 0x36,
	0x37, 0x36, 0x37, 0x36, 0x17, 0x2E, 0x01, 0x07, 0x06, 0x23, 0x22, 0x26,
	0x23, 0x22, 0x07, 0x15, 0x33, 0x36, 0x33, 0x32, 0x16, 0x17, 0x36, 0x33,
	0x32, 0x25, 0x34, 0x26, 0x35, 0x34, 0x37, 0x36, 0x35, 0x34, 0x26, 0x27,
	0x07, 0x16, 0x15, 0x14, 0x06, 0x17, 0x16, 0x17, 0x16, 0x17, 0x26, 0x27,
	0x16, 0x17, 0x16, 0x27, 0x06, 0x27, 0x22, 0x26, 0x23, 0x22, 0x07, 0x36,
	0x33, 0x22, 0x17, 0x01, 0x27, 0x26, 0x23, 0x22, 0x07, 0x06, 0x26, 0x23,
	0x22, 0x07, 0x16, 0x17, 0x16, 0x17, 0x36, 0x16, 0x33, 0x32, 0x27, 0x36,
	0x35, 0x34, 0x27, 0x26, 0x27, 0x26, 0x27, 0x16, 0x17, 0x1E, 0x01, 0x37,
	0x16, 0x25, 0x2E, 0x01, 0x27, 0x36, 0x35, 0x34, 0x27, 0x14, 0x16, 0x15,
	0x06, 0x15, 0x14, 0x16, 0x07, 0x3E, 0x01, 0x13, 0x36, 0x35, 0x34, 0x27,
	0x26, 0x23, 0x22, 0x07, 0x06, 0x15, 0x14, 0x17, 0x1E, 0x01, 0x33, 0x32,
	0x17, 0x26, 0x35, 0x26, 0x27, 0x26, 0x07, 0x06, 0x27, 0x07, 0x1E, 0x01,
	0x17, 0x37, 0x16, 0x27, 0x06, 0x07, 0x16, 0x37, 0x36, 0x01, 0x30, 0x27,
	0x06, 0x27, 0x26, 0x27, 0x17, 0x36, 0x17, 0x16, 0x33, 0x32, 0x36, 0x17,
	0x07, 0x06, 0x17, 0x26, 0x35, 0x34, 0x17, 0x26, 0x27, 0x16, 0x17, 0x16,
	0x17, 0x16, 0x17, 0x16, 0x33, 0x32, 0x17, 0x35, 0x36, 0x35, 0x34, 0x27,
	0x30, 0x07, 0x16, 0x31, 0x16, 0x01, 0x23, 0x22, 0x06, 0x23, 0x22, 0x27,
	0x26, 0x23, 0x22, 0x06, 0x23, 0x22, 0x27, 0x16, 0x33, 0x32, 0x37, 0x36,
	0x17, 0x16, 0x36, 0x17, 0x26, 0x17, 0x2E, 0x01, 0x27, 0x0E, 0x01, 0x07,
	0x22, 0x07, 0x36, 0x16, 0x37, 0x36, 0x37, 0x36, 0x17, 0x36, 0x26, 0x27,
	0x07, 0x16, 0x06, 0x07, 0x06, 0x17, 0x36, 0x37, 0x36, 0x13, 0x06, 0x2E,
	0x01, 0x23, 0x22, 0x07, 0x06, 0x07, 0x3E, 0x01, 0x37, 0x36, 0x17, 0x06,
	0x07, 0x2E, 0x01, 0x27, 0x36, 0x33, 0x32, 0x1E, 0x01, 0x17, 0x16, 0x15,
	0x14, 0x07, 0x06, 0x26, 0x07, 0x2E, 0x01, 0x35, 0x34, 0x37, 0x36, 0x33,
	0x32, 0x07, 0x26, 0x23, 0x06, 0x27, 0x26, 0x37, 0x34, 0x37, 0x36, 0x35,
	0x34, 0x27, 0x2E, 0x01, 0x27, 0x22, 0x23, 0x36, 0x17, 0x16, 0x17, 0x16,
	0x15, 0x14, 0x07, 0x16, 0x17, 0x16, 0x27, 0x22, 0x06, 0x23, 0x22, 0x27,
	0x37, 0x30, 0x17, 0x16, 0x17, 0x06, 0x27, 0x23, 0x26, 0x37, 0x16, 0x33,
	0x36, 0x27, 0x22, 0x07, 0x06, 0x07, 0x2E, 0x01, 0x27, 0x26, 0x35, 0x34,
	0x37, 0x3E, 0x01, 0x33, 0x32, 0x17, 0x16, 0x17, 0x22, 0x27, 0x34, 0x37,
	0x36, 0x17, 0x16, 0x17, 0x03, 0x55, 0x15, 0x16, 0x19, 0x0A, 0x04, 0x05,
	0x05, 0x17, 0x07, 0x0B, 0x0D, 0x0F, 0x04, 0x09, 0x15, 0x18, 0x3C, 0x1A,
	0x1A, 0x20, 0x5B, 0x09, 0x11, 0x14, 0x26, 0x05, 0x07, 0x03, 0x0D, 0x0C,
	0x24, 0x1C, 0x09, 0x08, 0x04, 0x14, 0x30, 0x3E, 0x0F, 0x26, 0xDA, 0x01,
	0x28, 0x01, 0x0D, 0x14, 0x07, 0x07, 0x0C, 0x07, 0x04, 0x0A, 0x15, 0x32,
	0xFE, 0x03, 0x0F, 0x30, 0x08, 0x21, 0x0A, 0x09, 0x09, 0x30, 0x03, 0x0E,
	0x11, 0x10, 0x3D, 0x0E, 0x1A, 0x13, 0x04, 0x09, 0xFE, 0x83, 0x0C, 0x18,
	0x04, 0x02, 0x0A, 0x08, 0x0F, 0x01, 0x14, 0x0B, 0x01, 0x09, 0x01, 0x7C,
	0x09, 0x10, 0x07, 0x18, 0x06, 0x16, 0x0A, 0x39, 0x1D, 0x02, 0x03, 0x0A,
	0x10, 0x38, 0x0C, 0x0D, 0x0C, 0x08, 0x34, 0xD2, 0x04, 0x08, 0x06, 0x57,
	0x0F, 0x18, 0x08, 0x08, 0x0E, 0x14, 0x1D, 0x03, 0x28, 0x02, 0x0C, 0x06,
	0xFE, 0xFA, 0x0E, 0x1D, 0x03, 0x03, 0x01, 0x03, 0x03, 0x0F, 0x06, 0x0E,
	0x0E, 0x01, 0x0A, 0xD3, 0x0C, 0x03, 0x13, 0x29, 0x25, 0x26, 0x03, 0x06,
	0x08, 0x03, 0x05, 0x5E, 0x3A, 0x02, 0x0E, 0x59, 0x0E, 0x10, 0x0D, 0x36,
	0x0D, 0x18, 0x13, 0x05, 0x07, 0x1E, 0x1F, 0x0D, 0x0C, 0x03, 0x03, 0x05,
	0x03, 0x10, 0x06, 0x13, 0x05, 0x0D, 0x01, 0x4B, 0x0A, 0x22, 0x1C, 0x0C,
	0x37, 0x1F, 0x03, 0x0B, 0x04, 0x0F, 0x1D, 0x06, 0x2A, 0x12, 0x26, 0xFD,
	0xED, 0x01, 0x0E, 0x15, 0x09, 0x03, 0x0A, 0x03, 0x0D, 0x05, 0x0C, 0x0B,
	0x03, 0x15, 0x1E, 0x0A, 0x08, 0x04, 0x0B, 0x01, 0x16, 0x0A, 0x17, 0x05,
	0x33, 0x0E, 0x1F, 0x02, 0x10, 0x0F, 0x13, 0x09, 0x02, 0x0F, 0xE7, 0x02,
	0x0C, 0x20, 0x1A, 0x12, 0x08, 0x08, 0x08, 0x1E, 0x07, 0x10, 0x08, 0x1D,
	0x0B, 0x19, 0xFE, 0xF6, 0x0B, 0x0A, 0x39, 0x55, 0x08, 0x31, 0x32, 0x03,
	0x07, 0x0A, 0x03, 0x05, 0x05, 0x04, 0x13, 0x05, 0xA8, 0x56, 0x20, 0x39,
	0x1F, 0x3C, 0x24, 0x11, 0x09, 0x09, 0x02, 0x0A, 0x02, 0xDF, 0x24, 0x24,
	0x2B, 0x16, 0x0A, 0x05, 0x10, 0x11, 0x17, 0x19, 0x04, 0x17, 0x03, 0x02,
	0x02, 0x02, 0x02, 0x0C, 0x98, 0x23, 0x06, 0x04, 0x04, 0x0E, 0x09, 0x02,
	0x02, 0x17, 0x05, 0x09, 0x09, 0x02, 0x04, 0x02, 0x0A, 0x03, 0x26, 0x0A,
	0x01, 0x17, 0x1B, 0x01, 0xA7, 0x01, 0x37, 0x1B, 0x3A, 0x52, 0x07, 0x04,
	0x0B, 0x12, 0x3F, 0x35, 0x30, 0x1D, 0x5E, 0x06, 0x06, 0x09, 0x14, 0x02,
	0x17, 0x16, 0x1B, 0x19, 0x33, 0x32, 0x12, 0x02, 0x02, 0x01, 0x03, 0x04,
	0x20, 0x38, 0x3A, 0x15, 0x14, 0x0C, 0x1A, 0x05, 0x02, 0x12, 0x09, 0x02,
	0x08, 0xAF, 0x08, 0x11, 0x1E, 0x13, 0x09, 0x15, 0x09, 0x08, 0x0C, 0x13,
	0x08, 0x14, 0x0B, 0x1C, 0x0B, 0x02, 0x21, 0x14, 0x04, 0xFE, 0x85, 0x02,
	0x3A, 0x24, 0x20, 0x18, 0x03, 0x4D, 0x23, 0x17, 0x03, 0x08, 0x07, 0xA5,
	0x01, 0x0D, 0x01, 0x07, 0x15, 0x10, 0x14, 0x0D, 0x02, 0x26, 0x02, 0x02,
	0x24, 0x19, 0x01, 0x1D, 0x22, 0x86, 0x1C, 0x0F, 0x03, 0x02, 0x04, 0x0C,
	0x04, 0x0A, 0x02, 0x02, 0x23, 0x02, 0x06, 0x01, 0x02, 0x01, 0x1E, 0x02,
	0x06, 0x04, 0x05, 0x01, 0x0B, 0x13, 0x03, 0x01, 0x06, 0x04, 0x11, 0x04,
	0x05, 0x03, 0x02, 0x02, 0x13, 0x01, 0x93, 0x09, 0x13, 0x06, 0x18, 0x06,
	0x27, 0x22, 0x07, 0x09, 0x04, 0x27, 0x2D, 0x04, 0x19, 0x6E, 0x04, 0x05,
	0x01, 0x1C, 0x40, 0x0A, 0x06, 0x0F, 0x0E, 0x04, 0x09, 0x04, 0x20, 0x05,
	0x2A, 0xC5, 0x05, 0x06, 0x0D, 0x0C, 0x02, 0x09, 0x05, 0x0F, 0x03, 0x04,
	0x03, 0x10, 0x04, 0x04, 0x54, 0x0D, 0x16, 0x16, 0x1A, 0x06, 0x08, 0x21,
	0x19, 0x12, 0xFE, 0xF5, 0x02, 0x07, 0x08, 0x07, 0x19, 0x06, 0x07, 0x06,
	0x0D, 0x1B, 0x1F, 0x17, 0x17, 0x06, 0x0A, 0x05, 0x16, 0x05, 0x0B, 0x07,
	0x06, 0x06, 0x0B, 0x26, 0x09, 0x0D, 0x0B, 0x01, 0x10, 0x07, 0x04, 0x02,
	0x0D, 0x05, 0x02, 0x02, 0x07, 0x05, 0x01, 0x01, 0x19, 0x03, 0x22, 0xEE,
	0x13, 0x08, 0x10, 0x05, 0x04, 0x04, 0x05, 0x16, 0x06, 0x06, 0x06, 0x22,
	0x22, 0x0B, 0x0A, 0x37, 0x22, 0x0C, 0x17, 0x09, 0x2A, 0x08, 0x09, 0x02,
	0x02, 0x35, 0x06, 0x29, 0x1D, 0x0A, 0x2A, 0x16, 0x0E, 0x23, 0x12, 0x13,
	0x18, 0x0A, 0x01, 0x05, 0x09, 0x01, 0x0C, 0x30, 0x30, 0x07, 0x1E, 0x0E,
	0x04, 0x09, 0x01, 0x1E, 0x06, 0x34, 0x05, 0x0A, 0x01, 0x0A, 0x39, 0x04,
	0x2F, 0x02, 0x08, 0x02, 0x07, 0x08, 0x02, 0x1F, 0x01, 0x10, 0x0A, 0x01,
	0xEF, 0x0C, 0x29, 0x20, 0x18, 0x04, 0x03, 0x08, 0x0A, 0x0F, 0x01, 0x10,
	0x0D, 0x1E, 0x2D, 0x03, 0x14, 0x6E, 0x0C, 0x1A, 0x0D, 0x0F, 0x18, 0x09,
	0x23, 0x08, 0x09, 0x07, 0x14, 0x06, 0x07, 0x06, 0x16, 0x05, 0x10, 0x1E,
	0x11, 0xFE, 0xAC, 0x0A, 0x03, 0x08, 0x0F, 0x01, 0x02, 0x08, 0x11, 0x01,
	0x01, 0x09, 0x0F, 0x6B, 0x13, 0x55, 0x0A, 0x08, 0x31, 0x36, 0x05, 0x08,
	0x0C, 0x35, 0x0D, 0x1C, 0x10, 0x14, 0x1B, 0x02, 0x52, 0x01, 0x4D, 0x12,
	0x27, 0x13, 0x08, 0x08, 0x06, 0x1C, 0x06, 0x0B, 0x05, 0x1C, 0x1C, 0x20,
	0x13, 0x07, 0x1B, 0x03, 0x02, 0xF7, 0x04, 0x0E, 0x15, 0x09, 0x11, 0x11,
	0x0C, 0x15, 0x03, 0x06, 0x06, 0x1E, 0xFE, 0xEC, 0x08, 0x07, 0x0A, 0x04,
	0x28, 0x1C, 0x0A, 0x14, 0x02, 0x03, 0x14, 0xDA, 0x13, 0x18, 0x1B, 0x38,
	0x2B, 0x25, 0x38, 0x03, 0x08, 0x4A, 0x26, 0x2F, 0xF4, 0x02, 0x06, 0x05,
	0x08, 0x09, 0x2D, 0x24, 0x10, 0x10, 0x10, 0x06, 0x36, 0x10, 0x43, 0x39,
	0x79, 0x39, 0x33, 0x2C, 0xFE, 0x44, 0x12, 0x19, 0x16, 0x17, 0x12, 0x26,
	0x14, 0x21, 0x03, 0x02, 0x03, 0x06, 0x7E, 0x1C, 0x0A, 0x14, 0x08, 0x8E,
	0x3F, 0x29, 0x03, 0x14, 0x1D, 0x04, 0x04, 0x10, 0x0D, 0x07, 0x05, 0x5C,
	0x08, 0x0F, 0x0D, 0x04, 0x05, 0xFE, 0xA8, 0x1A, 0x05, 0x15, 0x05, 0x08,
	0x06, 0x0B, 0x0C, 0x08, 0x21, 0x09, 0x0A, 0x09, 0x16, 0x10, 0x0A, 0x08,
	0x19, 0x10, 0x09, 0x2C, 0x0A, 0x01, 0x37, 0x06, 0x05, 0x02, 0x0B, 0x21,
	0x09, 0x1B, 0x16, 0x05, 0x15, 0x05, 0x0D, 0x1A, 0x17, 0x7B, 0x01, 0x0B,
	0x05, 0x05, 0x03, 0x18, 0x0C, 0x0A, 0x07, 0x02, 0x16, 0x1B, 0xE7, 0x03,
	0x0D, 0x0A, 0x05, 0x0B, 0x0F, 0x16, 0x02, 0x02, 0x16, 0x04, 0x2B, 0x03,
	0x02, 0x15, 0x0F, 0x20, 0x07, 0x24, 0x07, 0x06, 0x0C, 0x0A, 0x06, 0x02,
	0x0D, 0x03, 0x23, 0x02, 0x02, 0x0E, 0x03, 0x0A, 0x18, 0x17, 0x5D, 0x01,
	0x07, 0x08, 0x01, 0x04, 0x01, 0x08, 0x05, 0x0F, 0x04, 0x0F, 0x07, 0x05,
	0x0C, 0x08, 0x1B, 0x07, 0x12, 0x06, 0x0D, 0x01, 0x08, 0x05, 0x13, 0x07,
	0x1F, 0x07, 0x0D, 0x08, 0x19, 0x17, 0x0E, 0x37, 0x11, 0x2C, 0x08, 0x01,
	0x0E, 0x06, 0x17, 0x13, 0x35, 0x01, 0x02, 0x0D, 0x0A, 0x0B, 0x19, 0x02,
	0x02, 0x0A, 0x10, 0x07, 0x04, 0x0A, 0x07, 0x0B, 0x22, 0x01, 0x0F, 0x03,
	0x03, 0x04, 0x04, 0x02, 0x02, 0xB3, 0x0E, 0x0E, 0x13, 0x13, 0x03, 0x09,
	0x01, 0x03, 0x0F, 0x12, 0x02, 0x09, 0x10, 0x27, 0x04, 0x11, 0x11, 0x13,
	0x74, 0x05, 0x02, 0x06, 0x15, 0x02, 0x09, 0x01, 0x03, 0x14, 0x02, 0x11,
	0x08, 0x19, 0x03, 0x05, 0x07, 0x02, 0xC4, 0x06, 0x05, 0x13, 0x3B, 0x13,
	0x05, 0x06, 0x29, 0x0A, 0x0A, 0x29, 0x0A, 0x12, 0x47, 0xFE, 0xB1, 0x03,
	0x05, 0x08, 0x01, 0x13, 0x07, 0x05, 0x21, 0x05, 0x0D, 0x0F, 0x04, 0x09,
	0xB4, 0x03, 0x05, 0x1B, 0x11, 0x07, 0x13, 0x18, 0x23, 0x1A, 0x06, 0x05,
	0x0E, 0x32, 0x0C, 0x10, 0x0E, 0x07, 0x17, 0x05, 0x05, 0xFE, 0xDE, 0x08,
	0x03, 0x12, 0x07, 0x0A, 0x02, 0x15, 0x11, 0x01, 0x09, 0x03, 0x0D, 0x17,
	0x1F, 0x06, 0x01, 0x7F, 0x3A, 0x06, 0x13, 0x05, 0x0F, 0x15, 0x02, 0x30,
	0x05, 0x05, 0x06, 0x17, 0x07, 0x11, 0x16, 0x16, 0xE5, 0x04, 0x09, 0x0B,
	0x0C, 0x0D, 0x0A, 0x0D, 0x17, 0x1B, 0x0A, 0x1C, 0x10, 0x01, 0x13, 0x0C,
	0x46, 0x0C, 0xCE, 0x02, 0x13, 0x21, 0x13, 0x0C, 0x0C, 0x03, 0x02, 0x02,
	0x01, 0x08, 0x07, 0x3D, 0x05, 0x1A, 0x07, 0x07, 0x79, 0x03, 0x06, 0x08,
	0x01, 0x04, 0x1B, 0x04, 0x03, 0x03, 0x07, 0x02, 0x02, 0x01, 0x03, 0xFE,
	0x90, 0x06, 0x08, 0x07, 0x0C, 0x11, 0x04, 0x09, 0x12, 0x09, 0x04, 0x0C,
	0x03, 0x05, 0x0F, 0x20, 0x01, 0x9F, 0x03, 0x04, 0x07, 0x1C, 0x04, 0x09,
	0x02, 0x03, 0x0A, 0x08, 0x32, 0x08, 0x0B, 0x0C, 0x0E, 0x21, 0x1D, 0x12,
	0x0E, 0x2A, 0x0A, 0x1A, 0x03, 0x04, 0x03, 0x0C, 0xC7, 0x28, 0x20, 0x2F,
	0x19, 0x1E, 0x1A, 0x51, 0x21, 0x0A, 0x0D, 0x05, 0x02, 0x02, 0x02, 0x09,
	0x02, 0x0B, 0xFE, 0xAD, 0x03, 0x03, 0x13, 0x10, 0x02, 0x06, 0x06, 0x0B,
	0x11, 0x01, 0x15, 0x03, 0x10, 0x01, 0x45, 0x02, 0x37, 0x3D, 0x03, 0x05,
	0x02, 0x02, 0x01, 0x03, 0x09, 0x01, 0x56, 0x87, 0x3D, 0x1B, 0x06, 0x12,
	0x2B, 0x1E, 0x33, 0x1B, 0x41, 0x05, 0x01, 0x09, 0x6D, 0x0F, 0x0F, 0x14,
	0x1C, 0x0A, 0x02, 0x18, 0x18, 0x1B, 0x04, 0x06, 0x06, 0x03, 0x03, 0x01,
	0x03, 0x01, 0x0F, 0x1E, 0x04, 0x15, 0x10, 0x02, 0x09, 0x23, 0x1E, 0x07,
	0x07, 0x24, 0x08, 0x05, 0x05, 0x1E, 0x1C, 0x06, 0x05, 0x13, 0x15, 0x19,
	0xEA, 0x29, 0x47, 0x21, 0x30, 0x05, 0x05, 0x04, 0x02, 0x04, 0x0E, 0x33,
	0x2E, 0x40, 0x0B, 0x18, 0x17, 0x1A, 0x0E, 0x02, 0x02, 0x0C, 0x0C, 0x0C,
	0x03, 0x0F, 0x22, 0x30, 0x02, 0x07, 0x08, 0x03, 0x0A, 0x0B, 0x12, 0x34,
	0x2C, 0x06, 0x05, 0x0E, 0x09, 0x02, 0x11, 0x09, 0x0C, 0x09, 0x13, 0x0F,
	0xFE, 0xC0, 0x08, 0x0C, 0x18, 0x01, 0x03, 0x13, 0x12, 0x15, 0x03, 0x08,
	0x0A, 0x05, 0x27, 0x07, 0x01, 0x05, 0x03, 0x13, 0x01, 0xD9, 0x02, 0x2A,
	0x1A, 0x38, 0x39, 0x0C, 0x0C, 0x32, 0x4C, 0x1A, 0x09, 0x03, 0x01, 0x02,
	0x35, 0x08, 0x11, 0x06, 0x04, 0x18, 0x11, 0x04, 0x06, 0x11, 0x2E, 0x02,
	0x03, 0x03, 0x1C, 0x16, 0x09, 0x0A, 0x53, 0x19, 0x2E, 0x22, 0x2D, 0x02,
	0x0E, 0x01, 0x22, 0x09, 0x0C, 0x0B, 0x30, 0x14, 0x06, 0x01, 0xFE, 0x5D,
	0x0A, 0x17, 0x03, 0x0A, 0x10, 0x02, 0x15, 0x11, 0x0A, 0x32, 0x0B, 0x01,
	0x0C, 0x08, 0x09, 0x0B, 0x0C, 0x09, 0x04, 0x17, 0x04, 0x07, 0x08, 0x04,
	0x0E, 0xAB, 0x0E, 0x04, 0x0B, 0x32, 0x19, 0x0F, 0x08, 0x29, 0x04, 0x06,
	0x01, 0x15, 0x03, 0x0E, 0x2F, 0x76, 0x13, 0x29, 0x0B, 0x02, 0x03, 0x03,
	0x0C, 0x03, 0x14, 0x14, 0x32, 0x4B, 0x0C, 0x24, 0xD6, 0x05, 0x12, 0x26,
	0x0D, 0x19, 0x30, 0x01, 0x0C, 0x06, 0x17, 0x2E, 0x37, 0x9B, 0x0D, 0x04,
	0x04, 0x06, 0x16, 0x01, 0x0B, 0x07, 0x01, 0x01, 0x29, 0x0A, 0x17, 0x03,
	0x06, 0x03, 0x11, 0x06, 0x07, 0x10, 0x08, 0x0A, 0x05, 0x08, 0x01, 0x0F,
	0x0B, 0xFE, 0x9F, 0x07, 0x17, 0x0A, 0x2F, 0x05, 0x0C, 0x0A, 0x03, 0x13,
	0x01, 0x04, 0x09, 0x0F, 0x27, 0x32, 0x10, 0x11, 0x02, 0xDB, 0x03, 0x04,
	0x05, 0x0B, 0x02, 0x08, 0x03, 0x18, 0x03, 0x29, 0x12, 0x05, 0x08, 0x0A,
	0x0E, 0x06, 0x09, 0x0D, 0x03, 0x63, 0x04, 0x12, 0x0C, 0x13, 0x03, 0x12,
	0x14, 0x29, 0x01, 0x10, 0x12, 0x03, 0x04, 0x02, 0x04, 0x08, 0x17, 0x44,
	0x1C, 0x05, 0x15, 0x19, 0x06, 0x01, 0x21, 0x1C, 0x05, 0x24, 0x02, 0x0A,
	0x02, 0x02, 0x03, 0x09, 0x34, 0x10, 0x3D, 0x14, 0x0E, 0x03, 0x09, 0x02,
	0x09, 0x0E, 0x04, 0x11, 0x04, 0x26, 0x0D, 0x1A, 0x14, 0x07, 0x01, 0xF1,
	0x04, 0x18, 0x14, 0x02, 0x09, 0x0D, 0x01, 0x0F, 0x13, 0x0B, 0x11, 0x01,
	0x16, 0xCC, 0x07, 0x10, 0x03, 0x0D, 0x04, 0x01, 0x0F, 0x05, 0x0A, 0x01,
	0x12, 0xB5, 0x06, 0x20, 0x09, 0x09, 0x07, 0x08, 0x09, 0x07, 0x1C, 0x06,
	0x30, 0x07, 0x09, 0x06, 0x1E, 0x09, 0x07, 0x02, 0x03, 0x91, 0x31, 0x16,
	0x01, 0x09, 0x0C, 0x39, 0x01, 0x04, 0x09, 0x0E, 0x08, 0x08, 0xFE, 0xA7,
	0x07, 0x26, 0x02, 0x01, 0x0B, 0x0D, 0x05, 0x05, 0x07, 0x10, 0x01, 0x09,
	0x6E, 0x10, 0x12, 0x1C, 0x34, 0x13, 0x07, 0x0C, 0x03, 0x04, 0x0E, 0x05,
	0x0B, 0x01, 0x2F, 0xC2, 0x06, 0x28, 0x05, 0x0A, 0x0B, 0x1D, 0x2C, 0x0E,
	0x2B, 0x0E, 0x0C, 0x0C, 0x0A, 0x2C, 0x0E, 0x04, 0x08, 0xFE, 0xC9, 0x30,
	0x23, 0x28, 0x18, 0x26, 0x14, 0x1F, 0x43, 0x0D, 0x0E, 0x24, 0x37, 0xAD,
	0x01, 0x07, 0x09, 0x09, 0x0B, 0x04, 0x02, 0x3C, 0x0A, 0x05, 0x23, 0x10,
	0x03, 0x12, 0xD6, 0x65, 0x20, 0x02, 0x2A, 0x24, 0x01, 0x10, 0x0D, 0x03,
	0x1E, 0x22, 0x03, 0x38, 0x02, 0x21, 0x03, 0x0C, 0x4B, 0x21, 0x45, 0x19,
	0x21, 0x1A, 0x2E, 0xD6, 0x0E, 0x2F, 0x12, 0x0C, 0x12, 0x05, 0x01, 0x05,
	0x04, 0xAD, 0x14, 0x0B, 0x0D, 0x08, 0x2C, 0x05, 0x30, 0x1B, 0x01, 0x9D,
	0x07, 0x07, 0x08, 0x0A, 0x04, 0x0F, 0x05, 0x0A, 0x14, 0x05, 0x07, 0x04,
	0x07, 0xB7, 0x04, 0x0E, 0x05, 0x03, 0x22, 0x03, 0x24, 0x06, 0x04, 0x03,
	0x13, 0x0B, 0x09, 0x70, 0x05, 0x09, 0x03, 0x05, 0x11, 0x1D, 0x0C, 0x10,
	0x23, 0x17, 0x1B, 0x21, 0x01, 0x2C, 0x01, 0x09, 0x01, 0x05, 0x08, 0x01,
	0x06, 0x0A, 0x05, 0x01, 0x2C, 0x09, 0x0C, 0x01, 0x02, 0x0A, 0x12, 0x06,
	0x06, 0x2F, 0x04, 0x05, 0x05, 0x13, 0x09, 0x02, 0x03, 0x04, 0x15, 0x07,
	0x05, 0x06, 0x0F, 0x23, 0x03, 0x01, 0x01, 0x01, 0x06, 0x02, 0x19, 0x11,
	0x0B, 0x14, 0x0B, 0x07, 0x04, 0x02, 0x0B, 0x08, 0x02, 0x13, 0x0B, 0x0D,
	0x06, 0x33, 0x01, 0x02, 0x01, 0x39, 0x09, 0x0C, 0x12, 0x08, 0x04, 0x66,
	0x0A, 0x07, 0x07, 0x06, 0x03, 0x01, 0x25, 0x0F, 0x04, 0x0B, 0x02, 0x06,
	0x0C, 0x06, 0x04, 0x09, 0x07, 0x0A, 0x04, 0x0B, 0x12, 0x45, 0x02, 0x04,
	0x01, 0x01, 0x01, 0x01, 0x01, 0x00, 0x00, 0x06, 0x00, 0x00, 0x00, 0x00,
	0x02, 0x22, 0x03, 0x21, 0x00, 0x27, 0x00, 0x6B, 0x00, 0xAE, 0x00, 0xB9,
	0x00, 0xBF, 0x00, 0xCD, 0x00, 0xE2, 0x40, 0x65, 0x01, 0xCE, 0xCE, 0x40,
	0xCF, 0x00, 0xCC, 0xC6, 0xC2, 0xC0, 0xBB, 0xBA, 0xB6, 0xAF, 0xAD, 0xAB,
	0xA6, 0xA5, 0xA1, 0x9F, 0x9C, 0x99, 0x97, 0x8E, 0x89, 0x87, 0x83, 0x80,
	0x7D, 0x7C, 0x7B, 0x77, 0x75, 0x73, 0x71, 0x6C, 0x6A, 0x5F, 0x54, 0x4E,
	0x4A, 0x47, 0x43, 0x3F, 0x19, 0x17, 0xC8, 0xC6, 0xC4, 0xC0, 0xBE, 0xBC,
	0xBB, 0xBA, 0xB4, 0xAF, 0x9C, 0x9B, 0x90, 0x8C, 0x8B, 0x87, 0x85, 0x80,
	0x7E, 0x7C, 0x7B, 0x6C, 0x66, 0x5D, 0x5A, 0x56, 0x4C, 0x45, 0x41, 0x3B,
	0x35, 0x33, 0x32, 0x2F, 0x28, 0x25, 0x24, 0x22, 0x1F, 0x1B, 0x19, 0x15,
	0x12, 0x0F, 0x00, 0x50, 0x03, 0x06, 0x0D, 0x01, 0x02, 0x00, 0x01, 0x06,
	0x46, 0x76, 0x2F, 0x37, 0x18, 0x00, 0x3F, 0x3F, 0x01, 0x2F, 0xFD, 0x2E,
	0x2E, 0x2E, 0x2E, 0x2E, 0x2E, 0x2E, 0x2E, 0x2E, 0x2E, 0x2E, 0x2E, 0x2E,
	0x2E, 0x2E, 0x2E, 0x2E, 0x2E, 0x2E, 0x2E, 0x2E, 0x2E, 0x2E, 0x2E, 0x2E,
	0x2E, 0x2E, 0x2E, 0x2E, 0x2E, 0x2E, 0x2E, 0x2E, 0x2E, 0x2E, 0x2E, 0x2E,
	0x2E, 0x2E, 0x2E, 0x2E, 0x2E, 0x2E, 0x2E, 0x2E, 0x00, 0x2E, 0x2E, 0x2E,
	0x2E, 0x2E, 0x2E, 0x2E, 0x2E, 0x2E, 0x2E, 0x2E, 0x2E, 0x2E, 0x2E, 0x2E,
	0x2E, 0x2E, 0x2E, 0x2E, 0x2E, 0x2E, 0x2E, 0x2E, 0x2E, 0x2E, 0x2E, 0x2E,
	0x2E, 0x2E, 0x2E, 0x2E, 0x2E, 0x2E, 0x2E, 0x2E, 0x2E, 0x2E, 0x2E, 0x2E,
	0x2E, 0x31, 0x30, 0x01, 0x49, 0x68, 0xB9, 0x00, 0x06, 0x00, 0xCE, 0x49,
	0x68, 0x61, 0xB0, 0x40, 0x52, 0x58, 0x38, 0x11, 0x37, 0xB9, 0x00, 0xCE,
	0xFF, 0xC0, 0x38, 0x59, 0x25, 0x06, 0x23, 0x22, 0x27, 0x26, 0x35, 0x34,
	0x37, 0x3E, 0x01, 0x37, 0x36, 0x33, 0x32, 0x17, 0x0E, 0x01, 0x07, 0x1E,
	0x01, 0x17, 0x06, 0x23, 0x30, 0x27, 0x06, 0x17, 0x16, 0x15, 0x16, 0x17,
	0x14, 0x06, 0x07, 0x16, 0x17, 0x07, 0x1E, 0x01, 0x17, 0x2E, 0x01, 0x27,
	0x34, 0x27, 0x26, 0x35, 0x36, 0x16, 0x37, 0x27, 0x36, 0x35, 0x34, 0x27,
	0x26, 0x27, 0x26, 0x37, 0x36, 0x37, 0x36, 0x33, 0x32, 0x17, 0x16, 0x07,
	0x06, 0x27, 0x26, 0x37, 0x16, 0x06, 0x17, 0x16, 0x37, 0x36, 0x27, 0x26,
	0x07, 0x16, 0x17, 0x16, 0x17, 0x16, 0x37, 0x26, 0x27, 0x26, 0x27, 0x3E,
	0x01, 0x37, 0x26, 0x23, 0x22, 0x07, 0x0E, 0x01, 0x07, 0x06, 0x15, 0x14,
	0x17, 0x16, 0x33, 0x32, 0x03, 0x2E, 0x01, 0x27, 0x26, 0x27, 0x06, 0x17,
	0x26, 0x27, 0x06, 0x15, 0x22, 0x27, 0x26, 0x07, 0x17, 0x27, 0x07, 0x16,
	0x15, 0x2E, 0x01, 0x23, 0x22, 0x07, 0x16, 0x17, 0x26, 0x23, 0x22, 0x07,
	0x17, 0x06, 0x23, 0x22, 0x27, 0x3E, 0x01, 0x35, 0x30, 0x37, 0x36, 0x37,
	0x30, 0x17, 0x16, 0x37, 0x27, 0x36, 0x16, 0x33, 0x32, 0x37, 0x06, 0x17,
	0x16, 0x17, 0x37, 0x1E, 0x01, 0x33, 0x16, 0x17, 0x36, 0x27, 0x16, 0x17,
	0x26, 0x27, 0x26, 0x2F, 0x01, 0x36, 0x33, 0x32, 0x17, 0x16, 0x17, 0x27,
	0x15, 0x06, 0x31, 0x32, 0x27, 0x26, 0x23, 0x22, 0x07, 0x16, 0x17, 0x30,
	0x27, 0x26, 0x37, 0x36, 0x33, 0x32, 0x02, 0x22, 0x3F, 0x52, 0x7E, 0x5C,
	0xB7, 0x05, 0x0F, 0x79, 0x58, 0x4F, 0x5D, 0x43, 0x34, 0x61, 0x89, 0x0E,
	0x06, 0x29, 0x06, 0x08, 0x0A, 0x1C, 0x03, 0x03, 0x11, 0x0A, 0x01, 0x09,
	0x04, 0x05, 0x01, 0x08, 0x1A, 0x91, 0x46, 0x48, 0x81, 0x20, 0x19, 0x29,
	0x06, 0x1D, 0x08, 0x03, 0x03, 0x1B, 0x1F, 0x06, 0x04, 0x03, 0x04, 0x07,
	0x04, 0x05, 0x08, 0x0B, 0x03, 0x0D, 0x0D, 0x07, 0x02, 0x0A, 0x04, 0x06,
	0x04, 0x05, 0x08, 0x01, 0x06, 0x0D, 0x08, 0x04, 0x15, 0x12, 0x12, 0x21,
	0x08, 0x02, 0x16, 0x17, 0x04, 0x0A, 0x86, 0x61, 0x2E, 0x3C, 0x33, 0x35,
	0x5E, 0x9A, 0x1D, 0x12, 0x75, 0x6C, 0xA7, 0x47, 0xC2, 0x08, 0x09, 0x08,
	0x03, 0x0A, 0x03, 0x01, 0x04, 0x0C, 0x02, 0x02, 0x06, 0x04, 0x06, 0x03,
	0x12, 0x03, 0x03, 0x03, 0x0B, 0x03, 0x03, 0x03, 0x02, 0x01, 0x05, 0x07,
	0x07, 0x04, 0x05, 0x04, 0x08, 0x08, 0x06, 0x07, 0x0E, 0x0D, 0x09, 0x01,
	0x08, 0x06, 0x03, 0x02, 0x03, 0x0B, 0x03, 0x03, 0x03, 0x01, 0x07, 0x04,
	0x05, 0x02, 0x04, 0x0A, 0x07, 0x01, 0x09, 0x03, 0x01, 0x06, 0x04, 0x18,
	0x18, 0x1D, 0x10, 0x1F, 0x0E, 0x12, 0x21, 0x18, 0x0E, 0x0E, 0x0F, 0x08,
	0x08, 0x0D, 0x14, 0x23, 0x0D, 0x0D, 0x13, 0x25, 0x05, 0x03, 0x0D, 0x04,
	0x06, 0x06, 0x1F, 0x1F, 0x40, 0x81, 0xD0, 0x21, 0x21, 0x5E, 0xA3, 0x28,
	0x25, 0x16, 0x20, 0xB3, 0x67, 0x12, 0x42, 0x12, 0x0F, 0x05, 0x07, 0x1C,
	0x04, 0x01, 0x03, 0x08, 0x04, 0x04, 0x02, 0x02, 0x0D, 0x05, 0x52, 0x8A,
	0x17, 0x17, 0x75, 0x46, 0x19, 0x12, 0x20, 0x01, 0x02, 0x03, 0x04, 0x02,
	0x09, 0x07, 0x11, 0x0B, 0x0C, 0x0D, 0x07, 0x08, 0x07, 0x03, 0x03, 0x0D,
	0x0C, 0x0B, 0x02, 0x0C, 0x05, 0x0A, 0x03, 0x0B, 0x03, 0x01, 0x03, 0x0B,
	0x07, 0x02, 0x0A, 0x11, 0x0B, 0x09, 0x08, 0x06, 0x0B, 0x15, 0x1E, 0x22,
	0x10, 0x66, 0xAE, 0x29, 0x11, 0x0C, 0x14, 0x94, 0x5D, 0x3B, 0x3D, 0xA4,
	0x7A, 0x70, 0x02, 0x03, 0x04, 0x18, 0x03, 0x09, 0x10, 0x03, 0x02, 0x0A,
	0x12, 0x01, 0x06, 0x0C, 0x08, 0x03, 0x02, 0x0C, 0x02, 0x01, 0x07, 0x01,
	0x0A, 0x03, 0x01, 0x07, 0x03, 0x03, 0x07, 0x03, 0x03, 0x02, 0x05, 0x08,
	0x02, 0x01, 0x07, 0x04, 0x03, 0x04, 0x03, 0x01, 0x09, 0x03, 0x05, 0x07,
	0x04, 0x04, 0x02, 0x06, 0x0E, 0x08, 0x0C, 0x03, 0x02, 0x11, 0x34, 0x04,
	0x03, 0x05, 0x0B, 0x24, 0x07, 0x14, 0x0F, 0x1A, 0x17, 0x0D, 0x05, 0x1F,
	0x14, 0x02, 0x2B, 0x03, 0x07, 0x0E, 0x07, 0x03, 0x00, 0x22, 0x00, 0x00,
	0x00, 0x00, 0x03, 0x16, 0x03, 0x20, 0x00, 0xCE, 0x00, 0xDC, 0x00, 0xEE,
	0x01, 0x07, 0x01, 0x21, 0x01, 0x38, 0x01, 0x54, 0x01, 0x75, 0x01, 0x7C,
	0x01, 0x85, 0x01, 0xA5, 0x01, 0xC0, 0x01, 0xD5, 0x01, 0xF5, 0x02, 0x0F,
	0x02, 0x24, 0x02, 0x45, 0x02, 0x64, 0x02, 0x6C, 0x02, 0x86, 0x02, 0x90,
	0x02, 0xAF, 0x02, 0xD0, 0x02, 0xD5, 0x02, 0xDD, 0x02, 0xE3, 0x02, 0xE7,
	0x02, 0xE8, 0x02, 0xEC, 0x02, 0xF3, 0x02, 0xFB, 0x02, 0xFE, 0x03, 0x06,
	0x03, 0x09, 0x00, 0x00, 0x01, 0x16, 0x07, 0x36, 0x27, 0x26, 0x27, 0x26,
	0x07, 0x16, 0x15, 0x14, 0x07, 0x22, 0x36, 0x27, 0x26, 0x23, 0x22, 0x07,
	0x16, 0x15, 0x14, 0x0F, 0x01, 0x36, 0x35, 0x34, 0x27, 0x26, 0x07, 0x16,
	0x15, 0x14, 0x07, 0x36, 0x27, 0x26, 0x27, 0x06, 0x07, 0x06, 0x07, 0x06,
	0x07, 0x26, 0x35, 0x34, 0x36, 0x35, 0x34, 0x27, 0x06, 0x07, 0x06, 0x07,
	0x26, 0x35, 0x34, 0x37, 0x36, 0x27, 0x26, 0x07, 0x06, 0x07, 0x22, 0x07,
	0x06, 0x07, 0x26, 0x35, 0x34, 0x37, 0x36, 0x37, 0x06, 0x26, 0x23, 0x22,
	0x07, 0x26, 0x35, 0x34, 0x37, 0x36, 0x37, 0x26, 0x27, 0x26, 0x37, 0x1E,
	0x01, 0x17, 0x32, 0x37, 0x26, 0x27, 0x26, 0x27, 0x26, 0x35, 0x34, 0x37,
	0x16, 0x17, 0x36, 0x37, 0x26, 0x35, 0x34, 0x37, 0x36, 0x37, 0x1E, 0x01,
	0x17, 0x36, 0x27, 0x26, 0x27, 0x26, 0x27, 0x26, 0x37, 0x36, 0x37, 0x16,
	0x17, 0x16, 0x17, 0x14, 0x27, 0x26, 0x37, 0x36, 0x33, 0x32, 0x17, 0x06,
	0x15, 0x14, 0x1F, 0x01, 0x36, 0x37, 0x36, 0x33, 0x32, 0x17, 0x06, 0x07,
	0x06, 0x17, 0x36, 0x17, 0x16, 0x17, 0x26, 0x23, 0x22, 0x07, 0x06, 0x17,
	0x36, 0x33, 0x32, 0x17, 0x16, 0x17, 0x06, 0x23, 0x22, 0x27, 0x26, 0x07,
	0x06, 0x07, 0x16, 0x37, 0x3E, 0x01, 0x33, 0x32, 0x17, 0x16, 0x15, 0x14,
	0x07, 0x26, 0x07, 0x06, 0x07, 0x16, 0x17, 0x16, 0x15, 0x14, 0x07, 0x26,
	0x23, 0x22, 0x07, 0x16, 0x36, 0x17, 0x16, 0x27, 0x26, 0x23, 0x22, 0x07,
	0x06, 0x07, 0x17, 0x3E, 0x01, 0x37, 0x36, 0x33, 0x32, 0x17, 0x26, 0x27,
	0x26, 0x23, 0x22, 0x07, 0x06, 0x07, 0x17, 0x36, 0x37, 0x36, 0x37, 0x36,
	0x33, 0x32, 0x16, 0x27, 0x26, 0x07, 0x06, 0x23, 0x22, 0x27, 0x36, 0x33,
	0x22, 0x07, 0x06, 0x07, 0x06, 0x07, 0x16, 0x36, 0x33, 0x32, 0x17, 0x07,
	0x16, 0x17, 0x3E, 0x01, 0x27, 0x26, 0x23, 0x22, 0x07, 0x0E, 0x01, 0x07,
	0x16, 0x32, 0x17, 0x07, 0x17, 0x36, 0x27, 0x34, 0x37, 0x36, 0x37, 0x36,
	0x37, 0x22, 0x23, 0x36, 0x33, 0x32, 0x13, 0x27, 0x37, 0x36, 0x17, 0x26,
	0x23, 0x22, 0x0F, 0x01, 0x3E, 0x01, 0x33, 0x32, 0x17, 0x06, 0x07, 0x16,
	0x33, 0x32, 0x36, 0x33, 0x32, 0x01, 0x06, 0x07, 0x14, 0x07, 0x06, 0x07,
	0x34, 0x35, 0x36, 0x37, 0x23, 0x06, 0x07, 0x06, 0x07, 0x16, 0x37, 0x16,
	0x15, 0x14, 0x06, 0x15, 0x36, 0x17, 0x36, 0x27, 0x26, 0x01, 0x27, 0x26,
	0x27, 0x26, 0x27, 0x17, 0x32, 0x33, 0x32, 0x17, 0x06, 0x27, 0x26, 0x23,
	0x07, 0x3E, 0x01, 0x33, 0x32, 0x17, 0x27, 0x26, 0x27, 0x22, 0x23, 0x36,
	0x33, 0x32, 0x17, 0x16, 0x17, 0x16, 0x07, 0x35, 0x26, 0x23, 0x22, 0x07,
	0x36, 0x17, 0x26, 0x27, 0x26, 0x27, 0x16, 0x37, 0x16, 0x36, 0x01, 0x36,
	0x35, 0x34, 0x26, 0x35, 0x34, 0x37, 0x0E, 0x01, 0x07, 0x26, 0x37, 0x07,
	0x06, 0x17, 0x16, 0x07, 0x36, 0x33, 0x3E, 0x01, 0x27, 0x34, 0x26, 0x37,
	0x17, 0x16, 0x15, 0x14, 0x07, 0x36, 0x01, 0x35, 0x36, 0x35, 0x34, 0x27,
	0x26, 0x27, 0x07, 0x16, 0x17, 0x16, 0x17, 0x22, 0x27, 0x06, 0x07, 0x16,
	0x17, 0x16, 0x17, 0x16, 0x17, 0x36, 0x27, 0x37, 0x16, 0x02, 0x26, 0x27,
	0x26, 0x23, 0x22, 0x07, 0x06, 0x15, 0x14, 0x17, 0x1E, 0x01, 0x17, 0x16,
	0x33, 0x32, 0x37, 0x36, 0x35, 0x34, 0x25, 0x36, 0x27, 0x26, 0x27, 0x26,
	0x27, 0x07, 0x14, 0x16, 0x07, 0x26, 0x35, 0x34, 0x37, 0x06, 0x17, 0x06,
	0x16, 0x07, 0x37, 0x36, 0x35, 0x34, 0x27, 0x36, 0x33, 0x16, 0x15, 0x14,
	0x07, 0x36, 0x01, 0x26, 0x27, 0x26, 0x27, 0x07, 0x1E, 0x01, 0x15, 0x14,
	0x07, 0x22, 0x27, 0x06, 0x07, 0x17, 0x1E, 0x01, 0x17, 0x34, 0x37, 0x14,
	0x17, 0x36, 0x35, 0x34, 0x01, 0x35, 0x26, 0x27, 0x26, 0x27, 0x06, 0x16,
	0x15, 0x14, 0x07, 0x26, 0x35, 0x06, 0x15, 0x06, 0x17, 0x1E, 0x01, 0x17,
	0x36, 0x01, 0x06, 0x07, 0x1E, 0x01, 0x15, 0x14, 0x07, 0x27, 0x26, 0x07,
	0x1E, 0x01, 0x15, 0x14, 0x07, 0x36, 0x37, 0x36, 0x35, 0x16, 0x15, 0x14,
	0x07, 0x06, 0x07, 0x36, 0x37, 0x36, 0x37, 0x36, 0x35, 0x34, 0x25, 0x2E,
	0x01, 0x23, 0x36, 0x17, 0x16, 0x37, 0x27, 0x36, 0x23, 0x2A, 0x01, 0x23,
	0x22, 0x27, 0x1E, 0x01, 0x15, 0x14, 0x07, 0x26, 0x27, 0x06, 0x17, 0x16,
	0x33, 0x32, 0x36, 0x33, 0x32, 0x07, 0x23, 0x26, 0x06, 0x27, 0x16, 0x33,
	0x32, 0x17, 0x26, 0x07, 0x16, 0x07, 0x2E, 0x01, 0x27, 0x16, 0x15, 0x14,
	0x06, 0x15, 0x14, 0x17, 0x26, 0x36, 0x37, 0x17, 0x06, 0x07, 0x36, 0x37,
	0x36, 0x37, 0x36, 0x27, 0x06, 0x07, 0x06, 0x23, 0x22, 0x27, 0x16, 0x37,
	0x36, 0x17, 0x26, 0x27, 0x26, 0x27, 0x07, 0x06, 0x07, 0x06, 0x07, 0x36,
	0x17, 0x16, 0x37, 0x17, 0x06, 0x23, 0x22, 0x26, 0x23, 0x22, 0x07, 0x36,
	0x17, 0x16, 0x17, 0x16, 0x37, 0x36, 0x35, 0x34, 0x17, 0x30, 0x27, 0x07,
	0x26, 0x35, 0x34, 0x36, 0x2F, 0x01, 0x07, 0x06, 0x07, 0x06, 0x15, 0x36,
	0x37, 0x36, 0x37, 0x17, 0x06, 0x07, 0x06, 0x07, 0x36, 0x33, 0x32, 0x33,
	0x16, 0x33, 0x32, 0x37, 0x36, 0x01, 0x0E, 0x01, 0x07, 0x36, 0x17, 0x26,
	0x07, 0x06, 0x07, 0x36, 0x33, 0x32, 0x27, 0x0E, 0x01, 0x07, 0x3E, 0x01,
	0x07, 0x26, 0x37, 0x14, 0x07, 0x01, 0x26, 0x27, 0x16, 0x01, 0x26, 0x2F,
	0x01, 0x16, 0x17, 0x16, 0x07, 0x22, 0x23, 0x22, 0x27, 0x16, 0x33, 0x36,
	0x17, 0x0F, 0x01, 0x17, 0x27, 0x16, 0x07, 0x0E, 0x01, 0x07, 0x36, 0x27,
	0x07, 0x23, 0x03, 0x0D, 0x09, 0x16, 0x01, 0x18, 0x07, 0x08, 0x09, 0x06,
	0x25, 0x04, 0x06, 0x01, 0x03, 0x14, 0x0D, 0x06, 0x06, 0x10, 0x13, 0x10,
	0x03, 0x14, 0x0D, 0x17, 0x04, 0x4D, 0x0B, 0x10, 0x14, 0x1C, 0x07, 0x2B,
	0x03, 0x26, 0x18, 0x0D, 0x02, 0x11, 0x09, 0x0A, 0x2C, 0x36, 0x0C, 0x11,
	0x08, 0x04, 0x01, 0x07, 0x0D, 0x12, 0x03, 0x15, 0x14, 0x17, 0x09, 0x0B,
	0x03, 0x03, 0x08, 0x0F, 0x2E, 0x0B, 0x09, 0x08, 0x03, 0x0B, 0x0A, 0x0C,
	0x27, 0x0E, 0x05, 0x03, 0x03, 0x0D, 0x06, 0x0A, 0x17, 0x1F, 0x04, 0x14,
	0x09, 0x0F, 0x0F, 0x0C, 0x37, 0x05, 0x09, 0x38, 0x03, 0x08, 0x11, 0x05,
	0x26, 0x12, 0x01, 0x06, 0x07, 0x01, 0x02, 0x02, 0x02, 0x06, 0x11, 0x1B,
	0x02, 0x1A, 0x18, 0x17, 0x05, 0x05, 0x15, 0x1B, 0x1F, 0x0A, 0x0B, 0x11,
	0x03, 0x2C, 0x05, 0x28, 0x0F, 0x15, 0x1F, 0x13, 0x14, 0x05, 0x07, 0x0D,
	0x1F, 0x2F, 0x32, 0x1C, 0x10, 0x11, 0x16, 0x0F, 0x0D, 0x07, 0x2B, 0x15,
	0x0E, 0x0C, 0x18, 0x03, 0x02, 0x03, 0x02, 0x06, 0x05, 0x04, 0x0D, 0x09,
	0x07, 0x0D, 0x11, 0x0D, 0x09, 0x24, 0x1E, 0x03, 0x03, 0x14, 0x13, 0x0C,
	0x10, 0x40, 0x14, 0x03, 0x03, 0x08, 0x0C, 0x06, 0x23, 0x02, 0x16, 0x04,
	0x27, 0x2A, 0x15, 0x16, 0x16, 0x22, 0x2C, 0x0B, 0x1A, 0x14, 0x26, 0x16,
	0x07, 0x06, 0x08, 0x29, 0x07, 0x18, 0x08, 0x08, 0x1A, 0x17, 0x1C, 0x10,
	0x11, 0x18, 0x11, 0x13, 0x0F, 0x07, 0x09, 0x05, 0x15, 0x5C, 0x05, 0x08,
	0x0A, 0x02, 0x04, 0x04, 0x0C, 0x04, 0x06, 0x29, 0x15, 0x08, 0x0C, 0x03,
	0x03, 0x0A, 0x02, 0x02, 0x02, 0x0E, 0x05, 0x0C, 0x19, 0x2A, 0x19, 0x13,
	0x1E, 0x24, 0x12, 0x10, 0x0D, 0x0B, 0x14, 0x02, 0x04, 0x03, 0x2A, 0x0C,
	0x01, 0x03, 0x01, 0x0F, 0x0D, 0x0C, 0x0D, 0x17, 0x08, 0x0D, 0x02, 0xC0,
	0x0C, 0x03, 0x02, 0x04, 0x15, 0x29, 0x08, 0x08, 0x19, 0x02, 0x0A, 0x03,
	0x02, 0x02, 0x07, 0x1A, 0x0C, 0x0F, 0x0C, 0x36, 0x0E, 0x07, 0xFE, 0xDB,
	0x1A, 0x05, 0x02, 0x01, 0x07, 0x02, 0x17, 0x0B, 0x2C, 0x09, 0x04, 0x05,
	0x21, 0x0C, 0x03, 0x0B, 0x0B, 0x13, 0x1D, 0x0A, 0x0B, 0x01, 0x49, 0x05,
	0x0B, 0x32, 0x3D, 0x0F, 0x06, 0x05, 0x06, 0x06, 0x02, 0x03, 0x06, 0x09,
	0x01, 0x0B, 0x0F, 0x44, 0x11, 0x1A, 0x13, 0x09, 0x0F, 0x21, 0x1B, 0x1C,
	0x2B, 0x0C, 0x10, 0x0D, 0x10, 0x03, 0x0B, 0x29, 0x0D, 0x20, 0x0F, 0x0A,
	0x32, 0x19, 0x0E, 0x21, 0x1D, 0x1E, 0x0B, 0x17, 0x0B, 0x32, 0xFE, 0x85,
	0x0A, 0x3B, 0x02, 0x04, 0x06, 0x04, 0x07, 0x0C, 0x21, 0x12, 0x09, 0x19,
	0x02, 0x04, 0x01, 0x0D, 0x19, 0x04, 0x08, 0x02, 0x06, 0x08, 0x05, 0x0B,
	0x01, 0x75, 0x02, 0x23, 0x28, 0x08, 0x10, 0x08, 0x12, 0x1C, 0x01, 0x2A,
	0x13, 0x0A, 0x0C, 0x07, 0x22, 0x33, 0x05, 0x12, 0x07, 0x01, 0x17, 0x03,
	0x16, 0x6E, 0x51, 0x2B, 0x1F, 0x1F, 0x6B, 0x44, 0x2D, 0x0C, 0x10, 0x5E,
	0x33, 0x16, 0x15, 0x7C, 0x44, 0x1D, 0xFE, 0x91, 0x04, 0x17, 0x15, 0x15,
	0x1A, 0x07, 0x06, 0x08, 0x02, 0x0C, 0x03, 0x17, 0x01, 0x06, 0x4D, 0x01,
	0x16, 0x04, 0x23, 0x04, 0x02, 0x23, 0x02, 0x1B, 0x01, 0x69, 0x04, 0x16,
	0x1A, 0x07, 0x1C, 0x01, 0x09, 0x01, 0x01, 0x0D, 0x0D, 0x15, 0x06, 0x01,
	0x49, 0x01, 0x0B, 0x03, 0x21, 0xFE, 0x4B, 0x07, 0x29, 0x34, 0x0C, 0x01,
	0x04, 0x03, 0x05, 0x06, 0x01, 0x15, 0x0C, 0x44, 0x0C, 0x01, 0x01, 0x2C,
	0x0A, 0x15, 0x01, 0x07, 0x02, 0x0E, 0x0E, 0x22, 0x01, 0x13, 0x14, 0x22,
	0x09, 0x15, 0x05, 0x16, 0x21, 0x03, 0x07, 0x1F, 0x18, 0x0B, 0x0F, 0xFE,
	0xC7, 0x02, 0x06, 0x0C, 0x03, 0x05, 0x06, 0x03, 0x03, 0x01, 0x37, 0x03,
	0x0F, 0x04, 0x2A, 0x10, 0x01, 0x09, 0x01, 0x08, 0x0C, 0x07, 0x0D, 0x0E,
	0x2E, 0x08, 0x21, 0x07, 0x17, 0x09, 0x16, 0x11, 0x29, 0x11, 0x0B, 0x0B,
	0x26, 0xF9, 0x02, 0x14, 0x01, 0x04, 0x04, 0x1A, 0x0C, 0x07, 0x2B, 0x06,
	0x01, 0x15, 0x0A, 0x03, 0x0B, 0x0E, 0x09, 0x0F, 0x17, 0x03, 0x2B, 0xCC,
	0x16, 0x15, 0x1A, 0x14, 0x0A, 0x0A, 0x1E, 0x28, 0x1D, 0x33, 0x08, 0x06,
	0x08, 0x03, 0x0E, 0x08, 0x22, 0x26, 0x0C, 0x0A, 0x31, 0x24, 0x0E, 0x03,
	0x0A, 0x1F, 0x07, 0x1F, 0x08, 0x10, 0x0B, 0x0D, 0x0F, 0x13, 0x06, 0x15,
	0x28, 0x17, 0x45, 0x17, 0x0D, 0x02, 0x0B, 0x01, 0x19, 0x08, 0x07, 0x26,
	0x19, 0x0A, 0x17, 0x14, 0x13, 0x03, 0x13, 0x13, 0x15, 0x0B, 0x0C, 0x13,
	0x05, 0x0A, 0x0A, 0x05, 0x20, 0x0D, 0x0F, 0x01, 0x4E, 0x0B, 0x17, 0x0B,
	0x12, 0xAB, 0x1F, 0x13, 0x05, 0x14, 0x14, 0x19, 0x12, 0xC4, 0x14, 0x0E,
	0x13, 0x13, 0x0D, 0xD6, 0x14, 0x01, 0x7B, 0x01, 0xA2, 0x07, 0x20, 0x22,
	0xFE, 0x71, 0x0A, 0x3E, 0x17, 0x0B, 0x2B, 0x22, 0x12, 0x18, 0x19, 0x1D,
	0x0E, 0x0E, 0x1E, 0x27, 0x30, 0x05, 0x03, 0x9F, 0x03, 0x08, 0x0B, 0x05,
	0x17, 0x0B, 0x28, 0x65, 0x0E, 0x03, 0x01, 0x89, 0x3C, 0x15, 0x14, 0x0D,
	0x03, 0x02, 0x03, 0x05, 0x24, 0x27, 0x0C, 0x0D, 0x11, 0x03, 0x11, 0x04,
	0x20, 0x26, 0x28, 0x1D, 0x11, 0x1A, 0x06, 0x1D, 0x0C, 0x01, 0x04, 0x0F,
	0x0E, 0x33, 0x4C, 0x2B, 0x10, 0x13, 0x0B, 0x50, 0x11, 0x01, 0x0A, 0x07,
	0x0D, 0x06, 0x06, 0x0C, 0x32, 0x0D, 0x10, 0x0E, 0x22, 0x14, 0x18, 0x0E,
	0x17, 0x20, 0x14, 0x0E, 0x04, 0x02, 0x01, 0x03, 0x03, 0x01, 0x01, 0x02,
	0x10, 0x1D, 0x19, 0x0B, 0x0A, 0x06, 0x0B, 0x01, 0x23, 0x06, 0x04, 0x06,
	0x03, 0x1F, 0x06, 0x10, 0x0A, 0x18, 0x18, 0x04, 0x06, 0x04, 0x01, 0x10,
	0x0A, 0x01, 0x08, 0x0F, 0x19, 0x24, 0x24, 0x17, 0x21, 0x07, 0x01, 0x05,
	0x39, 0x27, 0x0B, 0x0A, 0x13, 0x0F, 0x11, 0x10, 0x06, 0x07, 0x0D, 0x11,
	0x04, 0x11, 0x10, 0x12, 0x0D, 0x1B, 0x0A, 0x18, 0x0E, 0x09, 0x09, 0x02,
	0x26, 0x22, 0x19, 0x19, 0x03, 0x0B, 0x12, 0x06, 0x07, 0x2C, 0x47, 0x17,
	0x09, 0x11, 0x04, 0x0D, 0x11, 0x1B, 0x33, 0x01, 0x01, 0x37, 0x07, 0x0C,
	0x1C, 0x11, 0x16, 0x05, 0x11, 0x0E, 0x03, 0x03, 0x02, 0x02, 0x06, 0x16,
	0x01, 0x06, 0x08, 0x03, 0x26, 0x0A, 0x0C, 0x0D, 0x0A, 0x12, 0x04, 0x03,
	0x1B, 0x0B, 0x1F, 0x09, 0x0C, 0x0C, 0x09, 0x08, 0x0E, 0x06, 0x01, 0x03,
	0x08, 0xAA, 0x15, 0x1B, 0x22, 0x05, 0x21, 0x08, 0x45, 0x09, 0x03, 0x24,
	0x0D, 0x0C, 0x02, 0x24, 0x2C, 0x09, 0x27, 0x0C, 0x23, 0x29, 0x0D, 0x05,
	0x05, 0x56, 0x02, 0x02, 0x03, 0x03, 0x06, 0x06, 0x03, 0x19, 0x23, 0x04,
	0x01, 0x06, 0x02, 0x0B, 0x06, 0x08, 0x05, 0x4B, 0x51, 0x12, 0x17, 0x0F,
	0x48, 0x0E, 0x02, 0x03, 0x03, 0x13, 0x0E, 0x21, 0x28, 0x0A, 0x0E, 0x0A,
	0x06, 0x06, 0x09, 0xFE, 0xF2, 0x0D, 0x03, 0x01, 0x04, 0x20, 0x01, 0x2A,
	0x01, 0x07, 0x02, 0x07, 0x0D, 0x0C, 0x19, 0x01, 0x37, 0x09, 0x1E, 0x01,
	0x35, 0x19, 0x0D, 0x22, 0x22, 0x29, 0x13, 0x09, 0x32, 0x2D, 0x2C, 0x02,
	0x18, 0x03, 0x02, 0x03, 0x0A, 0x04, 0x01, 0x04, 0x17, 0x34, 0x3A, 0xFE,
	0x68, 0x24, 0x22, 0x01, 0x02, 0x0D, 0x32, 0x06, 0x04, 0x02, 0x02, 0x32,
	0x01, 0x18, 0x14, 0x1A, 0x14, 0x02, 0x08, 0x05, 0x0D, 0x03, 0x0A, 0x3F,
	0x02, 0x22, 0x0E, 0x01, 0x28, 0x16, 0x06, 0x03, 0x02, 0x16, 0x06, 0x09,
	0x01, 0x01, 0x50, 0x0F, 0x0C, 0x12, 0x38, 0x15, 0x06, 0x06, 0x06, 0x1D,
	0x07, 0x11, 0x1C, 0x1C, 0x1B, 0x1A, 0x40, 0x19, 0x03, 0x08, 0x15, 0x0F,
	0x03, 0x12, 0x04, 0x05, 0x16, 0x08, 0x09, 0x06, 0x03, 0xFE, 0x53, 0x27,
	0x07, 0x05, 0x1A, 0x0A, 0x0D, 0x0E, 0x21, 0x0C, 0x07, 0x0B, 0x01, 0x19,
	0x09, 0x16, 0x18, 0x03, 0x04, 0x02, 0x0A, 0x17, 0x16, 0x21, 0x03, 0x0D,
	0x01, 0x38, 0x47, 0x0C, 0x08, 0x53, 0x38, 0x53, 0x28, 0x24, 0x32, 0x51,
	0x08, 0x04, 0x6B, 0x2F, 0x40, 0x2F, 0xA2, 0x1C, 0x11, 0x08, 0x08, 0x09,
	0x13, 0x10, 0x03, 0x12, 0x04, 0x0B, 0x12, 0x08, 0x07, 0x1F, 0x16, 0x1D,
	0x4A, 0x19, 0x1F, 0x09, 0x09, 0x10, 0x29, 0x03, 0x1F, 0x1A, 0x06, 0x07,
	0x23, 0xFE, 0x5D, 0x0F, 0x0C, 0x10, 0x09, 0x16, 0x02, 0x0C, 0x04, 0x02,
	0x02, 0x13, 0x04, 0x0F, 0x08, 0x1A, 0x2E, 0x1A, 0x01, 0x37, 0x01, 0x26,
	0x28, 0x19, 0x07, 0x01, 0x3E, 0x24, 0x20, 0x0D, 0x10, 0x0C, 0x04, 0x0C,
	0x01, 0x03, 0x03, 0x16, 0x01, 0x21, 0x01, 0x1F, 0x15, 0x0C, 0x25, 0x0D,
	0x0F, 0xFE, 0xE5, 0x03, 0x05, 0x04, 0x13, 0x05, 0x04, 0x04, 0x24, 0x01,
	0x04, 0x0C, 0x3F, 0x10, 0x1B, 0x12, 0x21, 0x0C, 0x1B, 0x1C, 0x0A, 0x0A,
	0x13, 0x17, 0x21, 0x05, 0x04, 0x07, 0x05, 0x0E, 0x15, 0x22, 0x20, 0xD9,
	0x0A, 0x17, 0x05, 0x03, 0x03, 0x01, 0x03, 0x30, 0x13, 0x05, 0x13, 0x04,
	0x03, 0x02, 0x08, 0x1F, 0x1A, 0x2F, 0x20, 0x02, 0x11, 0x02, 0x26, 0x02,
	0x03, 0xA6, 0x1A, 0x01, 0x02, 0x04, 0x0C, 0x09, 0x04, 0x0D, 0x0D, 0x12,
	0x3C, 0x11, 0x0A, 0x0B, 0x0B, 0x14, 0x08, 0x03, 0x0A, 0x17, 0x06, 0x05,
	0x07, 0x01, 0x12, 0xFF, 0x0C, 0x0D, 0x0E, 0x03, 0x15, 0x04, 0x13, 0x21,
	0x09, 0x14, 0x1B, 0x06, 0x22, 0x15, 0x0E, 0x0F, 0x0E, 0x04, 0x03, 0x02,
	0x1A, 0x02, 0x1C, 0x03, 0x06, 0x03, 0x0D, 0x10, 0x02, 0x07, 0x0D, 0x18,
	0x1A, 0x09, 0x47, 0x11, 0x19, 0x03, 0x02, 0x04, 0x13, 0x05, 0x1A, 0x22,
	0x0D, 0x14, 0x0E, 0x2A, 0x13, 0x0C, 0x0A, 0x09, 0x03, 0x0A, 0x0B, 0x0E,
	0x12, 0x06, 0x01, 0x12, 0x0F, 0x01, 0xEF, 0x08, 0x27, 0x06, 0x1D, 0x8D,
	0x0D, 0x07, 0x05, 0x06, 0x0E, 0xE7, 0x0D, 0x4F, 0x0B, 0x0C, 0x4F, 0x2C,
	0x12, 0x20, 0x17, 0x2E, 0xFD, 0xF4, 0x13, 0x1F, 0x19, 0x01, 0x46, 0x20,
	0x12, 0x16, 0x0C, 0x13, 0x0F, 0x6E, 0x0E, 0x0C, 0x01, 0x72, 0x11, 0x03,
	0x7A, 0x16, 0x17, 0x13, 0x0A, 0x12, 0x08, 0x17, 0x50, 0x0E, 0x00, 0x8B,
	0x00, 0x00, 0x00, 0x00, 0x03, 0x9E, 0x03, 0x20, 0x00, 0x1D, 0x00, 0x37,
	0x00, 0x4A, 0x00, 0x4E, 0x00, 0x62, 0x03, 0xEF, 0x03, 0xF4, 0x03, 0xF9,
	0x03, 0xFC, 0x03, 0xFE, 0x04, 0x02, 0x04, 0x13, 0x04, 0x16, 0x04, 0x35,
	0x04, 0x43, 0x04, 0x46, 0x04, 0x61, 0x04, 0x8D, 0x04, 0x8E, 0x04, 0x8F,
	0x04, 0x90, 0x04, 0x91, 0x04, 0x94, 0x04, 0x9B, 0x04, 0x9C, 0x04, 0xDC,
	0x04, 0xDD, 0x04, 0xF3, 0x05, 0x03, 0x05, 0x04, 0x05, 0x07, 0x05, 0x08,
	0x05, 0x18, 0x05, 0x19, 0x05, 0x20, 0x05, 0x21, 0x05, 0x22, 0x05, 0x25,
	0x05, 0x2A, 0x05, 0x2B, 0x05, 0x34, 0x05, 0x3D, 0x05, 0xBD, 0x05, 0xBE,
	0x05, 0xBF, 0x05, 0xC0, 0x05, 0xCB, 0x05, 0xD0, 0x05, 0xD5, 0x05, 0xD6,
	0x05, 0xD7, 0x05, 0xDF, 0x05, 0xEF, 0x05, 0xF0, 0x05, 0xF1, 0x05, 0xF2,
	0x05, 0xF3, 0x06, 0x85, 0x06, 0xA1, 0x06, 0xA2, 0x06, 0xA3, 0x06, 0xA4,
	0x06, 0xAC, 0x06, 0xBB, 0x06, 0xF4, 0x07, 0x07, 0x07, 0x15, 0x07, 0x1C,
	0x07, 0x1D, 0x07, 0x1E, 0x07, 0x1F, 0x07, 0x28, 0x07, 0x2B, 0x07, 0x2E,
	0x07, 0x2F, 0x07, 0x30, 0x07, 0x35, 0x07, 0x42, 0x07, 0x47, 0x07, 0x59,
	0x07, 0x5A, 0x07, 0x92, 0x07, 0x96, 0x07, 0x97, 0x07, 0x9C, 0x07, 0x9D,
	0x07, 0x9E, 0x07, 0xA1, 0x07, 0xA2, 0x07, 0xA5, 0x07, 0xA6, 0x07, 0xA7,
	0x07, 0xA8, 0x07, 0xA9, 0x07, 0xAA, 0x07, 0xB0, 0x07, 0xB1, 0x07, 0xB6,
	0x07, 0xB7, 0x07, 0xB8, 0x07, 0xB9, 0x07, 0xBA, 0x07, 0xBB, 0x07, 0xBC,
	0x07, 0xBD, 0x07, 0xBE, 0x07, 0xC0, 0x07, 0xC8, 0x07, 0xC9, 0x07, 0xCA,
	0x07, 0xCB, 0x07, 0xDC, 0x07, 0xDD, 0x07, 0xDE, 0x07, 0xE6, 0x07, 0xEB,
	0x07, 0xEE, 0x07, 0xF8, 0x07, 0xFF, 0x08, 0x0D, 0x08, 0x17, 0x08, 0x1F,
	0x08, 0x28, 0x08, 0x30, 0x08, 0x36, 0x08, 0x3F, 0x08, 0x52, 0x08, 0x5A,
	0x08, 0x64, 0x08, 0x6F, 0x08, 0x75, 0x08, 0x79, 0x08, 0x7E, 0x08, 0x86,
	0x08, 0x9A, 0x08, 0xAB, 0x08, 0xB7, 0x08, 0xBD, 0x08, 0xCC, 0x00, 0x00,
	0x01, 0x14, 0x06, 0x07, 0x17, 0x07, 0x27, 0x06, 0x17, 0x22, 0x27, 0x06,
	0x31, 0x14, 0x37, 0x26, 0x23, 0x37, 0x26, 0x31, 0x17, 0x36, 0x37, 0x06,
	0x17, 0x3E, 0x01, 0x17, 0x06, 0x17, 0x27, 0x06, 0x07, 0x36, 0x26, 0x35,
	0x34, 0x37, 0x36, 0x27, 0x36, 0x17, 0x22, 0x07, 0x06, 0x07, 0x16, 0x17,
	0x37, 0x2E, 0x01, 0x27, 0x37, 0x1E, 0x01, 0x17, 0x13, 0x26, 0x23, 0x22,
	0x07, 0x06, 0x35, 0x34, 0x37, 0x2E, 0x01, 0x35, 0x32, 0x37, 0x06, 0x16,
	0x15, 0x14, 0x0F, 0x01, 0x16, 0x07, 0x27, 0x17, 0x06, 0x31, 0x30, 0x27,
	0x0E, 0x01, 0x27, 0x26, 0x36, 0x35, 0x34, 0x27, 0x37, 0x06, 0x15, 0x14,
	0x16, 0x15, 0x14, 0x13, 0x07, 0x16, 0x17, 0x15, 0x06, 0x27, 0x06, 0x15,
	0x16, 0x37, 0x32, 0x23, 0x07, 0x32, 0x16, 0x33, 0x32, 0x37, 0x15, 0x06,
	0x23, 0x22, 0x26, 0x23, 0x22, 0x07, 0x16, 0x33, 0x32, 0x33, 0x07, 0x16,
	0x07, 0x0E, 0x01, 0x17, 0x26, 0x07, 0x16, 0x37, 0x16, 0x07, 0x06, 0x27,
	0x22, 0x07, 0x16, 0x33, 0x32, 0x23, 0x07, 0x16, 0x15, 0x14, 0x06, 0x17,
	0x16, 0x15, 0x14, 0x23, 0x22, 0x26, 0x23, 0x22, 0x07, 0x16, 0x33, 0x32,
	0x23, 0x16, 0x06, 0x07, 0x16, 0x33, 0x32, 0x37, 0x17, 0x07, 0x16, 0x33,
	0x36, 0x31, 0x07, 0x17, 0x06, 0x23, 0x22, 0x07, 0x26, 0x27, 0x07, 0x16,
	0x37, 0x17, 0x07, 0x16, 0x17, 0x06, 0x07, 0x06, 0x07, 0x17, 0x07, 0x16,
	0x17, 0x07, 0x17, 0x06, 0x26, 0x07, 0x16, 0x33, 0x32, 0x27, 0x06, 0x26,
	0x07, 0x16, 0x32, 0x17, 0x06, 0x26, 0x07, 0x27, 0x07, 0x26, 0x0F, 0x01,
	0x16, 0x37, 0x32, 0x31, 0x15, 0x26, 0x23, 0x22, 0x07, 0x32, 0x16, 0x33,
	0x32, 0x37, 0x16, 0x33, 0x32, 0x31, 0x33, 0x16, 0x07, 0x26, 0x23, 0x22,
	0x07, 0x17, 0x15, 0x26, 0x06, 0x27, 0x06, 0x27, 0x26, 0x23, 0x0E, 0x01,
	0x23, 0x22, 0x27, 0x06, 0x26, 0x07, 0x16, 0x17, 0x16, 0x17, 0x36, 0x37,
	0x36, 0x37, 0x17, 0x15, 0x22, 0x26, 0x23, 0x22, 0x07, 0x17, 0x07, 0x16,
	0x33, 0x15, 0x26, 0x23, 0x37, 0x2E, 0x01, 0x23, 0x22, 0x0F, 0x01, 0x1E,
	0x01, 0x37, 0x07, 0x26, 0x27, 0x36, 0x26, 0x27, 0x26, 0x07, 0x16, 0x15,
	0x26, 0x23, 0x22, 0x06, 0x07, 0x34, 0x36, 0x35, 0x34, 0x27, 0x35, 0x36,
	0x37, 0x06, 0x17, 0x36, 0x33, 0x32, 0x16, 0x33, 0x32, 0x37, 0x26, 0x07,
	0x27, 0x26, 0x23, 0x22, 0x17, 0x07, 0x26, 0x07, 0x22, 0x31, 0x37, 0x26,
	0x23, 0x06, 0x31, 0x37, 0x26, 0x27, 0x26, 0x07, 0x35, 0x37, 0x26, 0x07,
	0x22, 0x31, 0x37, 0x26, 0x23, 0x06, 0x33, 0x26, 0x37, 0x27, 0x37, 0x27,
	0x36, 0x33, 0x16, 0x37, 0x26, 0x22, 0x27, 0x36, 0x33, 0x32, 0x31, 0x16,
	0x37, 0x27, 0x37, 0x26, 0x22, 0x27, 0x36, 0x37, 0x26, 0x23, 0x22, 0x23,
	0x26, 0x37, 0x26, 0x07, 0x36, 0x17, 0x36, 0x27, 0x26, 0x23, 0x22, 0x31,
	0x36, 0x37, 0x2E, 0x01, 0x27, 0x06, 0x27, 0x37, 0x06, 0x26, 0x23, 0x22,
	0x07, 0x34, 0x27, 0x23, 0x36, 0x33, 0x32, 0x17, 0x16, 0x37, 0x33, 0x16,
	0x07, 0x17, 0x07, 0x32, 0x16, 0x33, 0x30, 0x17, 0x16, 0x37, 0x27, 0x06,
	0x27, 0x26, 0x37, 0x26, 0x23, 0x22, 0x31, 0x37, 0x26, 0x23, 0x06, 0x23,
	0x26, 0x37, 0x26, 0x23, 0x22, 0x31, 0x37, 0x26, 0x23, 0x22, 0x33, 0x3E,
	0x01, 0x17, 0x26, 0x23, 0x22, 0x31, 0x26, 0x37, 0x32, 0x16, 0x33, 0x32,
	0x37, 0x27, 0x16, 0x37, 0x27, 0x16, 0x37, 0x26, 0x27, 0x26, 0x31, 0x36,
	0x17, 0x16, 0x37, 0x36, 0x35, 0x16, 0x33, 0x32, 0x36, 0x37, 0x26, 0x23,
	0x22, 0x06, 0x23, 0x22, 0x27, 0x37, 0x27, 0x37, 0x26, 0x27, 0x14, 0x06,
	0x07, 0x16, 0x33, 0x36, 0x31, 0x06, 0x23, 0x22, 0x27, 0x37, 0x27, 0x37,
	0x27, 0x37, 0x26, 0x23, 0x22, 0x06, 0x23, 0x22, 0x27, 0x37, 0x26, 0x07,
	0x37, 0x26, 0x23, 0x37, 0x26, 0x07, 0x22, 0x31, 0x35, 0x36, 0x33, 0x32,
	0x16, 0x33, 0x32, 0x37, 0x26, 0x07, 0x37, 0x26, 0x23, 0x06, 0x33, 0x36,
	0x17, 0x37, 0x22, 0x26, 0x23, 0x22, 0x07, 0x36, 0x33, 0x36, 0x27, 0x16,
	0x33, 0x36, 0x27, 0x26, 0x37, 0x16, 0x36, 0x17, 0x07, 0x16, 0x33, 0x32,
	0x31, 0x07, 0x16, 0x33, 0x32, 0x33, 0x07, 0x16, 0x33, 0x32, 0x36, 0x33,
	0x16, 0x35, 0x15, 0x26, 0x07, 0x06, 0x07, 0x34, 0x27, 0x30, 0x07, 0x06,
	0x2F, 0x01, 0x14, 0x06, 0x07, 0x1E, 0x01, 0x37, 0x06, 0x17, 0x3E, 0x01,
	0x37, 0x36, 0x26, 0x35, 0x34, 0x37, 0x33, 0x06, 0x15, 0x14, 0x16, 0x15,
	0x33, 0x07, 0x16, 0x33, 0x32, 0x36, 0x33, 0x32, 0x17, 0x36, 0x37, 0x26,
	0x27, 0x36, 0x37, 0x26, 0x23, 0x22, 0x31, 0x37, 0x26, 0x23, 0x06, 0x33,
	0x26, 0x37, 0x16, 0x37, 0x26, 0x07, 0x22, 0x31, 0x35, 0x16, 0x33, 0x32,
	0x37, 0x26, 0x23, 0x22, 0x06, 0x23, 0x22, 0x2F, 0x01, 0x26, 0x37, 0x26,
	0x23, 0x16, 0x37, 0x32, 0x31, 0x06, 0x23, 0x22, 0x27, 0x37, 0x27, 0x37,
	0x26, 0x36, 0x17, 0x16, 0x37, 0x26, 0x23, 0x06, 0x27, 0x3E, 0x01, 0x33,
	0x32, 0x17, 0x36, 0x37, 0x36, 0x27, 0x23, 0x36, 0x33, 0x16, 0x37, 0x36,
	0x27, 0x16, 0x37, 0x26, 0x27, 0x26, 0x07, 0x17, 0x22, 0x27, 0x37, 0x06,
	0x27, 0x06, 0x23, 0x26, 0x31, 0x36, 0x33, 0x32, 0x33, 0x36, 0x27, 0x16,
	0x33, 0x32, 0x36, 0x17, 0x2E, 0x01, 0x27, 0x37, 0x26, 0x37, 0x16, 0x17,
	0x36, 0x27, 0x26, 0x35, 0x16, 0x37, 0x26, 0x3F, 0x01, 0x16, 0x17, 0x16,
	0x17, 0x36, 0x35, 0x16, 0x37, 0x36, 0x16, 0x37, 0x17, 0x36, 0x33, 0x16,
	0x31, 0x17, 0x36, 0x2F, 0x01, 0x16, 0x37, 0x26, 0x23, 0x22, 0x06, 0x23,
	0x22, 0x27, 0x36, 0x17, 0x32, 0x37, 0x16, 0x37, 0x26, 0x23, 0x06, 0x31,
	0x36, 0x37, 0x27, 0x36, 0x16, 0x37, 0x27, 0x16, 0x37, 0x06, 0x16, 0x37,
	0x33, 0x06, 0x17, 0x36, 0x1E, 0x01, 0x33, 0x32, 0x31, 0x36, 0x35, 0x32,
	0x17, 0x07, 0x16, 0x33, 0x32, 0x31, 0x07, 0x16, 0x33, 0x32, 0x31, 0x07,
	0x16, 0x33, 0x32, 0x31, 0x14, 0x07, 0x32, 0x16, 0x33, 0x32, 0x37, 0x17,
	0x07, 0x16, 0x37, 0x07, 0x17, 0x15, 0x06, 0x27, 0x06, 0x17, 0x16, 0x17,
	0x16, 0x07, 0x16, 0x37, 0x0E, 0x01, 0x07, 0x16, 0x33, 0x32, 0x31, 0x0E,
	0x01, 0x15, 0x14, 0x17, 0x16, 0x23, 0x22, 0x23, 0x26, 0x23, 0x22, 0x07,
	0x27, 0x23, 0x26, 0x23, 0x22, 0x07, 0x26, 0x07, 0x17, 0x07, 0x16, 0x17,
	0x16, 0x33, 0x32, 0x33, 0x16, 0x0F, 0x01, 0x27, 0x37, 0x26, 0x23, 0x22,
	0x31, 0x14, 0x06, 0x15, 0x06, 0x26, 0x07, 0x16, 0x36, 0x17, 0x36, 0x33,
	0x32, 0x17, 0x16, 0x07, 0x17, 0x07, 0x16, 0x33, 0x32, 0x33, 0x07, 0x16,
	0x33, 0x32, 0x23, 0x15, 0x26, 0x23, 0x22, 0x06, 0x27, 0x1E, 0x01, 0x37,
	0x16, 0x23, 0x22, 0x27, 0x22, 0x23, 0x22, 0x07, 0x16, 0x33, 0x32, 0x31,
	0x16, 0x07, 0x22, 0x27, 0x06, 0x23, 0x26, 0x07, 0x16, 0x33, 0x32, 0x31,
	0x06, 0x15, 0x16, 0x33, 0x32, 0x31, 0x36, 0x33, 0x32, 0x31, 0x36, 0x17,
	0x06, 0x1F, 0x01, 0x36, 0x33, 0x32, 0x16, 0x33, 0x32, 0x37, 0x07, 0x16,
	0x37, 0x32, 0x33, 0x07, 0x32, 0x16, 0x33, 0x32, 0x37, 0x16, 0x33, 0x36,
	0x25, 0x06, 0x23, 0x22, 0x35, 0x17, 0x06, 0x23, 0x22, 0x27, 0x15, 0x27,
	0x33, 0x17, 0x27, 0x01, 0x06, 0x2F, 0x01, 0x01, 0x07, 0x17, 0x06, 0x27,
	0x37, 0x26, 0x23, 0x22, 0x15, 0x35, 0x16, 0x33, 0x32, 0x37, 0x27, 0x36,
	0x17, 0x27, 0x33, 0x17, 0x06, 0x23, 0x22, 0x23, 0x06, 0x17, 0x23, 0x26,
	0x37, 0x26, 0x07, 0x22, 0x31, 0x07, 0x16, 0x07, 0x26, 0x06, 0x27, 0x16,
	0x37, 0x27, 0x17, 0x07, 0x16, 0x33, 0x32, 0x36, 0x33, 0x32, 0x17, 0x06,
	0x23, 0x22, 0x26, 0x23, 0x22, 0x07, 0x37, 0x27, 0x33, 0x16, 0x07, 0x16,
	0x07, 0x27, 0x1F, 0x01, 0x07, 0x17, 0x22, 0x27, 0x06, 0x17, 0x26, 0x23,
	0x22, 0x07, 0x36, 0x2F, 0x01, 0x06, 0x23, 0x37, 0x27, 0x36, 0x33, 0x32,
	0x16, 0x33, 0x32, 0x37, 0x07, 0x16, 0x17, 0x06, 0x15, 0x14, 0x17, 0x30,
	0x07, 0x06, 0x07, 0x15, 0x06, 0x35, 0x34, 0x07, 0x36, 0x37, 0x36, 0x17,
	0x26, 0x36, 0x37, 0x26, 0x35, 0x34, 0x36, 0x35, 0x34, 0x27, 0x0E, 0x01,
	0x07, 0x16, 0x07, 0x22, 0x06, 0x07, 0x26, 0x36, 0x35, 0x27, 0x36, 0x37,
	0x36, 0x37, 0x01, 0x2F, 0x01, 0x1F, 0x01, 0x27, 0x15, 0x27, 0x26, 0x35,
	0x26, 0x27, 0x17, 0x36, 0x27, 0x17, 0x34, 0x26, 0x27, 0x06, 0x23, 0x22,
	0x23, 0x26, 0x37, 0x06, 0x27, 0x07, 0x1E, 0x01, 0x17, 0x07, 0x26, 0x07,
	0x06, 0x26, 0x07, 0x06, 0x07, 0x30, 0x23, 0x06, 0x27, 0x36, 0x37, 0x17,
	0x36, 0x17, 0x23, 0x06, 0x15, 0x33, 0x36, 0x16, 0x07, 0x06, 0x23, 0x22,
	0x31, 0x36, 0x17, 0x16, 0x33, 0x32, 0x37, 0x17, 0x35, 0x36, 0x17, 0x16,
	0x07, 0x37, 0x16, 0x37, 0x36, 0x37, 0x17, 0x36, 0x26, 0x27, 0x17, 0x23,
	0x0E, 0x01, 0x07, 0x16, 0x07, 0x27, 0x15, 0x16, 0x37, 0x35, 0x22, 0x23,
	0x22, 0x27, 0x16, 0x37, 0x07, 0x27, 0x36, 0x32, 0x27, 0x26, 0x27, 0x36,
	0x35, 0x07, 0x26, 0x23, 0x17, 0x06, 0x07, 0x33, 0x16, 0x33, 0x32, 0x36,
	0x17, 0x2F, 0x01, 0x07, 0x17, 0x27, 0x26, 0x07, 0x26, 0x23, 0x22, 0x06,
	0x23, 0x36, 0x17, 0x36, 0x33, 0x32, 0x16, 0x33, 0x32, 0x17, 0x27, 0x23,
	0x06, 0x27, 0x17, 0x07, 0x16, 0x1F, 0x01, 0x27, 0x26, 0x27, 0x17, 0x26,
	0x06, 0x27, 0x36, 0x17, 0x27, 0x06, 0x27, 0x37, 0x26, 0x07, 0x16, 0x37,
	0x26, 0x01, 0x26, 0x23, 0x22, 0x07, 0x33, 0x16, 0x17, 0x16, 0x03, 0x06,
	0x27, 0x06, 0x23, 0x26, 0x31, 0x26, 0x37, 0x36, 0x27, 0x15, 0x06, 0x27,
	0x06, 0x27, 0x2E, 0x01, 0x35, 0x34, 0x37, 0x07, 0x30, 0x07, 0x06, 0x17,
	0x06, 0x07, 0x2E, 0x01, 0x27, 0x30, 0x07, 0x06, 0x27, 0x26, 0x37, 0x22,
	0x26, 0x07, 0x17, 0x06, 0x07, 0x26, 0x23, 0x22, 0x06, 0x23, 0x22, 0x27,
	0x26, 0x27, 0x06, 0x17, 0x16, 0x17, 0x06, 0x07, 0x17, 0x16, 0x37, 0x36,
	0x33, 0x32, 0x17, 0x06, 0x15, 0x14, 0x17, 0x16, 0x17, 0x37, 0x16, 0x17,
	0x16, 0x15, 0x14, 0x07, 0x17, 0x34, 0x36, 0x37, 0x17, 0x37, 0x30, 0x27,
	0x26, 0x35, 0x34, 0x37, 0x36, 0x31, 0x17, 0x3E, 0x01, 0x33, 0x32, 0x17,
	0x37, 0x17, 0x16, 0x07, 0x16, 0x33, 0x32, 0x37, 0x36, 0x33, 0x32, 0x17,
	0x36, 0x37, 0x23, 0x26, 0x37, 0x36, 0x17, 0x36, 0x37, 0x16, 0x33, 0x32,
	0x36, 0x33, 0x16, 0x07, 0x17, 0x36, 0x13, 0x27, 0x1F, 0x01, 0x35, 0x06,
	0x23, 0x22, 0x27, 0x26, 0x07, 0x16, 0x37, 0x36, 0x27, 0x26, 0x06, 0x27,
	0x16, 0x27, 0x26, 0x07, 0x16, 0x07, 0x17, 0x27, 0x17, 0x23, 0x16, 0x33,
	0x32, 0x36, 0x33, 0x32, 0x27, 0x26, 0x23, 0x22, 0x07, 0x06, 0x27, 0x16,
	0x07, 0x06, 0x23, 0x33, 0x27, 0x36, 0x17, 0x32, 0x27, 0x1F, 0x01, 0x27,
	0x17, 0x26, 0x27, 0x26, 0x27, 0x36, 0x33, 0x32, 0x31, 0x26, 0x37, 0x23,
	0x06, 0x26, 0x37, 0x36, 0x33, 0x16, 0x31, 0x06, 0x27, 0x26, 0x32, 0x2F,
	0x01, 0x17, 0x07, 0x06, 0x23, 0x22, 0x31, 0x33, 0x16, 0x17, 0x06, 0x23,
	0x22, 0x23, 0x36, 0x17, 0x16, 0x36, 0x33, 0x32, 0x17, 0x06, 0x23, 0x22,
	0x26, 0x07, 0x15, 0x17, 0x15, 0x06, 0x07, 0x06, 0x27, 0x17, 0x16, 0x15,
	0x14, 0x07, 0x22, 0x07, 0x36, 0x17, 0x14, 0x22, 0x07, 0x33, 0x16, 0x17,
	0x06, 0x23, 0x26, 0x31, 0x36, 0x17, 0x14, 0x07, 0x33, 0x16, 0x07, 0x06,
	0x27, 0x16, 0x07, 0x31, 0x30, 0x37, 0x17, 0x35, 0x36, 0x33, 0x32, 0x2B,
	0x01, 0x06, 0x26, 0x37, 0x36, 0x33, 0x32, 0x31, 0x16, 0x33, 0x35, 0x22,
	0x23, 0x06, 0x27, 0x36, 0x33, 0x32, 0x2B, 0x01, 0x26, 0x27, 0x36, 0x33,
	0x32, 0x31, 0x06, 0x27, 0x35, 0x36, 0x33, 0x32, 0x33, 0x26, 0x27, 0x26,
	0x35, 0x34, 0x37, 0x36, 0x33, 0x32, 0x17, 0x22, 0x06, 0x23, 0x22, 0x27,
	0x33, 0x16, 0x01, 0x26, 0x07, 0x17, 0x06, 0x27, 0x15, 0x30, 0x17, 0x16,
	0x15, 0x07, 0x26, 0x07, 0x16, 0x07, 0x06, 0x23, 0x26, 0x33, 0x16, 0x33,
	0x32, 0x36, 0x37, 0x26, 0x37, 0x36, 0x17, 0x01, 0x07, 0x27, 0x23, 0x16,
	0x33, 0x32, 0x36, 0x33, 0x32, 0x01, 0x34, 0x26, 0x35, 0x34, 0x37, 0x06,
	0x27, 0x15, 0x06, 0x31, 0x16, 0x33, 0x32, 0x36, 0x17, 0x23, 0x15, 0x06,
	0x23, 0x22, 0x27, 0x34, 0x37, 0x36, 0x17, 0x32, 0x33, 0x26, 0x35, 0x23,
	0x36, 0x17, 0x16, 0x31, 0x07, 0x30, 0x23, 0x22, 0x35, 0x07, 0x16, 0x31,
	0x06, 0x27, 0x22, 0x23, 0x16, 0x33, 0x32, 0x36, 0x33, 0x32, 0x17, 0x0E,
	0x01, 0x23, 0x22, 0x27, 0x16, 0x31, 0x36, 0x33, 0x32, 0x16, 0x33, 0x32,
	0x37, 0x36, 0x37, 0x27, 0x36, 0x17, 0x07, 0x06, 0x23, 0x26, 0x33, 0x16,
	0x15, 0x14, 0x06, 0x15, 0x33, 0x16, 0x17, 0x06, 0x07, 0x33, 0x3E, 0x01,
	0x01, 0x26, 0x31, 0x26, 0x07, 0x06, 0x31, 0x06, 0x07, 0x37, 0x27, 0x26,
	0x37, 0x36, 0x27, 0x35, 0x26, 0x23, 0x22, 0x06, 0x27, 0x17, 0x01, 0x25,
	0x01, 0x27, 0x17, 0x36, 0x33, 0x32, 0x16, 0x33, 0x32, 0x27, 0x35, 0x23,
	0x17, 0x27, 0x23, 0x17, 0x27, 0x17, 0x26, 0x07, 0x06, 0x23, 0x17, 0x26,
	0x31, 0x07, 0x17, 0x06, 0x31, 0x36, 0x33, 0x32, 0x16, 0x33, 0x32, 0x01,
	0x23, 0x16, 0x37, 0x36, 0x01, 0x26, 0x37, 0x23, 0x17, 0x06, 0x23, 0x22,
	0x26, 0x23, 0x22, 0x07, 0x36, 0x33, 0x32, 0x16, 0x33, 0x32, 0x01, 0x05,
	0x06, 0x07, 0x06, 0x23, 0x22, 0x27, 0x36, 0x27, 0x26, 0x27, 0x37, 0x16,
	0x37, 0x36, 0x27, 0x36, 0x17, 0x36, 0x37, 0x2E, 0x02, 0x23, 0x22, 0x07,
	0x06, 0x07, 0x06, 0x23, 0x22, 0x27, 0x26, 0x37, 0x26, 0x27, 0x07, 0x26,
	0x27, 0x06, 0x07, 0x06, 0x15, 0x14, 0x17, 0x16, 0x17, 0x16, 0x17, 0x16,
	0x33, 0x32, 0x37, 0x36, 0x35, 0x34, 0x07, 0x35, 0x06, 0x07, 0x27, 0x17,
	0x23, 0x16, 0x33, 0x32, 0x07, 0x01, 0x17, 0x27, 0x07, 0x27, 0x17, 0x35,
	0x23, 0x27, 0x17, 0x27, 0x1F, 0x01, 0x27, 0x35, 0x26, 0x07, 0x06, 0x23,
	0x17, 0x01, 0x23, 0x16, 0x33, 0x32, 0x01, 0x27, 0x09, 0x01, 0x27, 0x17,
	0x07, 0x1F, 0x01, 0x27, 0x17, 0x26, 0x23, 0x22, 0x06, 0x23, 0x22, 0x2F,
	0x02, 0x1F, 0x01, 0x26, 0x27, 0x06, 0x07, 0x17, 0x16, 0x06, 0x07, 0x37,
	0x32, 0x36, 0x33, 0x32, 0x17, 0x26, 0x36, 0x2F, 0x01, 0x01, 0x16, 0x07,
	0x32, 0x27, 0x26, 0x37, 0x36, 0x07, 0x06, 0x27, 0x37, 0x16, 0x17, 0x27,
	0x33, 0x27, 0x16, 0x07, 0x06, 0x27, 0x34, 0x35, 0x34, 0x37, 0x36, 0x07,
	0x0E, 0x01, 0x27, 0x26, 0x37, 0x36, 0x17, 0x16, 0x15, 0x14, 0x07, 0x06,
	0x23, 0x22, 0x27, 0x26, 0x33, 0x32, 0x17, 0x16, 0x27, 0x06, 0x23, 0x22,
	0x31, 0x34, 0x35, 0x36, 0x37, 0x16, 0x07, 0x06, 0x27, 0x26, 0x27, 0x23,
	0x37, 0x16, 0x27, 0x16, 0x06, 0x07, 0x22, 0x27, 0x34, 0x33, 0x32, 0x27,
	0x16, 0x07, 0x06, 0x27, 0x34, 0x33, 0x32, 0x17, 0x16, 0x07, 0x30, 0x27,
	0x36, 0x27, 0x16, 0x06, 0x27, 0x06, 0x27, 0x26, 0x37, 0x16, 0x17, 0x16,
	0x07, 0x22, 0x27, 0x26, 0x37, 0x2E, 0x01, 0x27, 0x36, 0x37, 0x30, 0x17,
	0x14, 0x15, 0x06, 0x07, 0x16, 0x27, 0x16, 0x07, 0x06, 0x27, 0x26, 0x33,
	0x32, 0x27, 0x16, 0x07, 0x06, 0x27, 0x26, 0x35, 0x34, 0x33, 0x32, 0x17,
	0x0E, 0x01, 0x07, 0x06, 0x27, 0x26, 0x37, 0x36, 0x33, 0x32, 0x17, 0x07,
	0x16, 0x07, 0x27, 0x36, 0x17, 0x06, 0x07, 0x36, 0x27, 0x07, 0x36, 0x26,
	0x37, 0x27, 0x07, 0x36, 0x27, 0x06, 0x27, 0x37, 0x16, 0x17, 0x26, 0x23,
	0x22, 0x31, 0x07, 0x26, 0x35, 0x34, 0x37, 0x33, 0x15, 0x26, 0x07, 0x06,
	0x17, 0x36, 0x33, 0x32, 0x17, 0x27, 0x07, 0x26, 0x23, 0x22, 0x06, 0x07,
	0x06, 0x27, 0x37, 0x27, 0x16, 0x33, 0x32, 0x36, 0x33, 0x32, 0x01, 0x06,
	0x07, 0x37, 0x16, 0x33, 0x32, 0x36, 0x37, 0x36, 0x37, 0x36, 0x01, 0x07,
	0x26, 0x35, 0x34, 0x37, 0x17, 0x26, 0x27, 0x07, 0x37, 0x26, 0x27, 0x26,
	0x37, 0x36, 0x37, 0x1E, 0x01, 0x17, 0x16, 0x03, 0x8D, 0x0D, 0x01, 0x07,
	0x04, 0x03, 0x04, 0x01, 0x05, 0x06, 0x0A, 0x07, 0x02, 0x08, 0x0A, 0x07,
	0x03, 0x02, 0x09, 0x01, 0x04, 0x04, 0x05, 0x05, 0x04, 0x04, 0x44, 0x0E,
	0x0E, 0x03, 0x26, 0x0C, 0x01, 0x05, 0x03, 0x15, 0x0A, 0x05, 0x06, 0x03,
	0x0C, 0x0F, 0x15, 0x05, 0x07, 0x05, 0x0A, 0x01, 0x03, 0x0A, 0x4E, 0x03,
	0x06, 0x02, 0x0C, 0x07, 0x03, 0x01, 0x0A, 0x0A, 0x15, 0x02, 0x17, 0x0E,
	0x5C, 0x01, 0x04, 0x30, 0x1F, 0x07, 0x0E, 0x04, 0x0B, 0x05, 0x01, 0x08,
	0x07, 0x22, 0x02, 0x17, 0x25, 0x41, 0x05, 0x13, 0x07, 0x0A, 0x04, 0x03,
	0x05, 0x0A, 0x01, 0x11, 0x03, 0x0D, 0x04, 0x04, 0x04, 0x03, 0x03, 0x03,
	0x0D, 0x02, 0x05, 0x02, 0x0A, 0x10, 0x1B, 0x01, 0x06, 0x04, 0x01, 0x01,
	0x0F, 0x03, 0x07, 0x0B, 0x05, 0x02, 0x01, 0x06, 0x02, 0x0B, 0x09, 0x03,
	0x09, 0x11, 0x1D, 0x01, 0x0D, 0x03, 0x08, 0x01, 0x02, 0x0F, 0x04, 0x10,
	0x04, 0x0A, 0x04, 0x09, 0x10, 0x1B, 0x01, 0x01, 0x0D, 0x02, 0x07, 0x0A,
	0x0B, 0x06, 0x04, 0x2C, 0x04, 0x08, 0x0F, 0x48, 0x3A, 0x02, 0x12, 0x17,
	0x04, 0x02, 0x09, 0x03, 0x11, 0x29, 0x03, 0x1B, 0x01, 0x09, 0x05, 0x32,
	0x0E, 0x09, 0x52, 0x07, 0x03, 0x0A, 0x2F, 0x03, 0x04, 0x1B, 0x06, 0x05,
	0x13, 0x20, 0x02, 0x10, 0x4D, 0x13, 0x12, 0x49, 0x12, 0x08, 0x27, 0x08,
	0x03, 0x03, 0x0D, 0x0B, 0x04, 0x0A, 0x11, 0x1C, 0x1B, 0x1F, 0x1F, 0x17,
	0x04, 0x12, 0x04, 0x06, 0x05, 0x02, 0x06, 0x09, 0x29, 0x01, 0x05, 0x1D,
	0x20, 0x20, 0x1D, 0x4B, 0x07, 0x1B, 0x07, 0x02, 0x04, 0x07, 0x01, 0x04,
	0x06, 0x03, 0x02, 0x05, 0x06, 0x1D, 0x06, 0x05, 0x0F, 0x15, 0x03, 0x02,
	0x0B, 0x07, 0x04, 0x37, 0x06, 0x1B, 0x07, 0x08, 0x07, 0x0E, 0x15, 0x05,
	0x02, 0x0E, 0x1E, 0x22, 0x0B, 0x23, 0x09, 0x0C, 0x0B, 0x33, 0x05, 0x0C,
	0x06, 0x03, 0x20, 0x3C, 0x02, 0x18, 0x02, 0x0E, 0x1E, 0x03, 0x05, 0x06,
	0x06, 0x15, 0x06, 0x06, 0x0D, 0x1D, 0x09, 0x02, 0x20, 0x04, 0x09, 0x04,
	0x0E, 0x04, 0x0A, 0x03, 0x29, 0x0A, 0x4E, 0x06, 0x14, 0x22, 0x02, 0x03,
	0x02, 0x05, 0x07, 0x2F, 0x06, 0x0B, 0x14, 0x41, 0x18, 0x18, 0x1C, 0x14,
	0x2D, 0x05, 0x0A, 0x10, 0x07, 0x04, 0x09, 0x0F, 0x01, 0x01, 0x04, 0x22,
	0x03, 0x03, 0x10, 0x26, 0x2E, 0x0C, 0x0F, 0x3D, 0x10, 0x06, 0x10, 0x17,
	0x0A, 0x07, 0x3A, 0x44, 0x0D, 0x2E, 0x0D, 0x03, 0x01, 0x06, 0x0A, 0x11,
	0x01, 0x01, 0x04, 0x04, 0x02, 0x16, 0x0B, 0x05, 0x01, 0x05, 0x0A, 0x10,
	0x03, 0x01, 0x05, 0x19, 0x04, 0x08, 0x0D, 0x04, 0x09, 0x17, 0x05, 0x05,
	0x06, 0x03, 0x04, 0x02, 0x06, 0x02, 0x0B, 0x08, 0x05, 0x0A, 0x01, 0x04,
	0x2C, 0x03, 0x07, 0x0D, 0x07, 0x07, 0x0B, 0x17, 0x0A, 0x05, 0x02, 0x01,
	0x04, 0x01, 0x05, 0x07, 0x06, 0x06, 0x0B, 0x13, 0x01, 0x01, 0x05, 0x03,
	0x05, 0x0A, 0x33, 0x09, 0x11, 0x1D, 0x01, 0x05, 0x09, 0x0A, 0x04, 0x07,
	0x0D, 0x01, 0x04, 0x07, 0x1E, 0x08, 0x09, 0x08, 0x22, 0x08, 0x0C, 0x36,
	0x09, 0x0F, 0x03, 0x0E, 0x18, 0x03, 0x09, 0x0C, 0x03, 0x07, 0x03, 0x02,
	0x04, 0x08, 0x03, 0x03, 0x03, 0x02, 0x09, 0x03, 0x02, 0x02, 0x1B, 0x10,
	0x03, 0x05, 0x13, 0x16, 0x02, 0x03, 0x07, 0x0B, 0x08, 0x0F, 0x0F, 0x0A,
	0x1B, 0x18, 0x1F, 0x0A, 0x03, 0x03, 0x02, 0x01, 0x05, 0x03, 0x01, 0x02,
	0x0A, 0x04, 0x02, 0x14, 0x04, 0x03, 0x0E, 0x05, 0x0D, 0x17, 0x02, 0x02,
	0x03, 0x09, 0x02, 0x03, 0x03, 0x07, 0x15, 0x23, 0x03, 0x05, 0x0A, 0x01,
	0x20, 0x1D, 0x07, 0x07, 0x1C, 0x07, 0x09, 0x07, 0x01, 0x0F, 0x0C, 0x01,
	0x04, 0x11, 0x04, 0x02, 0x03, 0x01, 0x07, 0x20, 0x08, 0x29, 0x06, 0x0A,
	0x12, 0x33, 0x06, 0x0C, 0x13, 0x01, 0x0B, 0x07, 0x09, 0x09, 0x0C, 0x0F,
	0x17, 0x0B, 0x1A, 0x01, 0x06, 0x03, 0x0D, 0x07, 0x08, 0x03, 0x0E, 0x06,
	0x03, 0x09, 0x05, 0x02, 0x05, 0x04, 0x1A, 0x04, 0x01, 0x0B, 0x03, 0x04,
	0x05, 0x12, 0x0B, 0x23, 0x07, 0x09, 0x05, 0x13, 0x06, 0x05, 0x04, 0x07,
	0x0D, 0x01, 0x09, 0x0E, 0x0A, 0x04, 0x07, 0x0D, 0x22, 0x05, 0x09, 0x11,
	0x01, 0x01, 0x04, 0x12, 0x0D, 0x09, 0x11, 0x1D, 0x10, 0x14, 0x13, 0x11,
	0x03, 0x03, 0x02, 0x06, 0x03, 0x02, 0x02, 0x1E, 0x01, 0x04, 0x0E, 0x29,
	0x03, 0x09, 0x10, 0x0D, 0x12, 0x13, 0x0F, 0x1B, 0x03, 0x29, 0x01, 0x07,
	0x04, 0x21, 0x20, 0x0B, 0x0F, 0x1C, 0x01, 0x03, 0x0C, 0x06, 0x03, 0x03,
	0x03, 0x02, 0x02, 0x07, 0x1B, 0x01, 0x08, 0x0A, 0x01, 0x06, 0x02, 0x04,
	0x06, 0x01, 0x06, 0x06, 0x0B, 0x04, 0x03, 0x04, 0x03, 0x08, 0x0F, 0x03,
	0x07, 0x0B, 0x03, 0x09, 0x0E, 0x01, 0x08, 0x01, 0x06, 0x05, 0x07, 0x1A,
	0x0B, 0x05, 0x16, 0x04, 0x29, 0x01, 0x04, 0x08, 0x10, 0x05, 0x02, 0x03,
	0x16, 0x05, 0x04, 0x01, 0x03, 0x01, 0x07, 0x0B, 0x02, 0x03, 0x0D, 0x15,
	0x07, 0x23, 0x09, 0x03, 0x04, 0x0D, 0x15, 0x03, 0x05, 0x01, 0x3E, 0x08,
	0x0D, 0x08, 0x0D, 0x04, 0x10, 0x05, 0x08, 0x07, 0x07, 0x1A, 0x17, 0x05,
	0x0A, 0x11, 0x03, 0x06, 0x0B, 0x28, 0x0E, 0x03, 0x07, 0x1B, 0x07, 0x0B,
	0x10, 0x24, 0x03, 0x08, 0x05, 0x0A, 0x06, 0x0D, 0x05, 0x06, 0x04, 0x04,
	0x08, 0x03, 0x02, 0x05, 0x03, 0x01, 0x05, 0x07, 0x06, 0x01, 0x05, 0x07,
	0x0A, 0x05, 0x09, 0x11, 0x04, 0x05, 0x15, 0x06, 0x07, 0x05, 0x04, 0x04,
	0x01, 0x10, 0x17, 0x47, 0x0B, 0x14, 0x04, 0x01, 0x14, 0x26, 0x01, 0x05,
	0x05, 0x02, 0x03, 0x17, 0x04, 0x02, 0x05, 0x0A, 0x01, 0x0E, 0x01, 0x02,
	0x11, 0x03, 0x07, 0x06, 0x03, 0x09, 0x05, 0x0A, 0x2C, 0x03, 0x0A, 0x04,
	0x03, 0x06, 0x08, 0x03, 0x03, 0x09, 0x12, 0x02, 0x0A, 0x08, 0x07, 0x08,
	0x01, 0x03, 0x04, 0x04, 0x04, 0x07, 0x0D, 0x0E, 0x10, 0x43, 0x0F, 0x07,
	0x24, 0x08, 0x12, 0x15, 0x15, 0x12, 0x01, 0x04, 0x03, 0x48, 0x08, 0x0E,
	0x16, 0x01, 0x18, 0x03, 0x06, 0x0C, 0x01, 0x03, 0x03, 0x05, 0x0C, 0x07,
	0x0A, 0x15, 0x0A, 0x03, 0x15, 0x04, 0x09, 0x08, 0x04, 0x0A, 0x05, 0x04,
	0x0A, 0x10, 0x02, 0x0C, 0x04, 0x06, 0x01, 0x0C, 0x0F, 0x03, 0x04, 0x07,
	0x0D, 0x03, 0x03, 0x08, 0x0D, 0x01, 0x09, 0x11, 0x17, 0x30, 0x0B, 0x0B,
	0x04, 0x04, 0x05, 0x03, 0x0F, 0x04, 0x03, 0x03, 0x29, 0x09, 0x11, 0x1C,
	0x01, 0x33, 0x06, 0x1A, 0x07, 0x08, 0x07, 0x01, 0x05, 0x08, 0xFD, 0x98,
	0x01, 0x08, 0x08, 0x1E, 0x03, 0x0A, 0x0B, 0x03, 0x0A, 0x0A, 0x07, 0x11,
	0x01, 0x8B, 0x13, 0x20, 0x07, 0xFE, 0x19, 0x14, 0x03, 0x14, 0x0A, 0x0D,
	0x04, 0x09, 0x0E, 0x08, 0x0B, 0x0B, 0x07, 0x0D, 0x0B, 0x10, 0x0E, 0x0E,
	0x41, 0x01, 0x05, 0x04, 0x04, 0x04, 0x01, 0x0E, 0x01, 0x04, 0x01, 0x05,
	0x07, 0x04, 0x05, 0x01, 0x09, 0x25, 0x09, 0x04, 0x07, 0x18, 0x22, 0x07,
	0x09, 0x0A, 0x07, 0x1D, 0x08, 0x09, 0x06, 0x05, 0x07, 0x04, 0x15, 0x05,
	0x05, 0x04, 0x18, 0x29, 0x2C, 0x01, 0x04, 0x09, 0x21, 0x11, 0x11, 0x0E,
	0x0B, 0x07, 0x04, 0x06, 0x04, 0x01, 0x04, 0x05, 0x04, 0x04, 0x04, 0x01,
	0x03, 0x02, 0x08, 0x0D, 0x03, 0x02, 0x05, 0x02, 0x09, 0x03, 0x06, 0x03,
	0x07, 0x02, 0x43, 0x0D, 0x09, 0x12, 0x0B, 0x01, 0x0B, 0x0A, 0x05, 0x04,
	0x05, 0x03, 0x01, 0x17, 0x02, 0x04, 0x07, 0x03, 0x07, 0x19, 0x0C, 0x04,
	0x01, 0x07, 0x05, 0x05, 0x01, 0x0F, 0x0E, 0x04, 0x1F, 0x16, 0x08, 0x02,
	0xB3, 0x88, 0x4B, 0x0A, 0x7A, 0x0D, 0x3A, 0x06, 0x04, 0x07, 0x0A, 0x05,
	0x64, 0xE4, 0x10, 0x01, 0x02, 0x04, 0x07, 0x01, 0x04, 0x01, 0x0E, 0x03,
	0x0E, 0x03, 0x14, 0x01, 0x0E, 0x04, 0x0F, 0x0B, 0x0E, 0x0B, 0x0A, 0x03,
	0x12, 0x0B, 0x05, 0x06, 0x08, 0x07, 0x01, 0x13, 0x1B, 0x14, 0x0A, 0x04,
	0x07, 0x01, 0x04, 0x07, 0x0D, 0x0A, 0x10, 0x15, 0x05, 0x11, 0x09, 0x04,
	0x04, 0x03, 0x08, 0x02, 0x04, 0x0E, 0x14, 0x0E, 0x0A, 0x03, 0x04, 0x01,
	0xF8, 0x59, 0x26, 0x02, 0x0F, 0x07, 0x04, 0x04, 0x03, 0x0D, 0x18, 0x06,
	0x07, 0x08, 0x03, 0x0C, 0x1A, 0x03, 0x07, 0x03, 0x12, 0x34, 0x06, 0x0B,
	0x03, 0x0D, 0x02, 0x08, 0x03, 0x03, 0x0B, 0x0E, 0x06, 0x04, 0x04, 0x0E,
	0x73, 0xA0, 0x11, 0x03, 0x77, 0x30, 0x03, 0x0E, 0x06, 0x06, 0x06, 0x17,
	0x07, 0x08, 0x0D, 0x05, 0x06, 0x04, 0x11, 0x05, 0x03, 0x2D, 0x41, 0x03,
	0x12, 0x10, 0x03, 0x0D, 0x11, 0x69, 0x2C, 0xAA, 0x06, 0x0B, 0xB4, 0x06,
	0x15, 0x06, 0x0B, 0x0C, 0xB8, 0x04, 0x09, 0x03, 0x09, 0x0E, 0x15, 0x09,
	0x01, 0x01, 0xC2, 0x01, 0x0D, 0x0A, 0x06, 0x03, 0x03, 0x01, 0x0E, 0xC3,
	0x02, 0x05, 0x02, 0x07, 0x0B, 0x0C, 0x01, 0x02, 0x01, 0x0C, 0x09, 0x05,
	0x0C, 0x01, 0x0E, 0x02, 0x3E, 0x12, 0x0B, 0x02, 0x09, 0x0F, 0x08, 0x06,
	0x03, 0x06, 0x05, 0x09, 0x01, 0x04, 0x05, 0x12, 0x07, 0x06, 0x01, 0x09,
	0x05, 0x05, 0x05, 0x11, 0x06, 0x03, 0x03, 0x06, 0x08, 0x08, 0x02, 0x03,
	0x11, 0x0E, 0x0D, 0x0A, 0x05, 0x09, 0x05, 0x06, 0x0E, 0x09, 0x07, 0x0C,
	0x0D, 0x02, 0x0A, 0x05, 0x09, 0x01, 0x0F, 0x04, 0x0C, 0x05, 0x07, 0x0A,
	0x0A, 0x01, 0x05, 0x09, 0x04, 0x06, 0x04, 0x04, 0x02, 0x04, 0x07, 0x03,
	0x01, 0x04, 0x05, 0x05, 0x0B, 0x10, 0x03, 0x03, 0x04, 0x0B, 0x0D, 0x0B,
	0x0B, 0x09, 0x0D, 0x04, 0x06, 0x05, 0x13, 0x05, 0x04, 0x03, 0x08, 0x07,
	0x0B, 0x08, 0x1F, 0x07, 0x22, 0xB1, 0x11, 0xEE, 0x04, 0x04, 0x02, 0x08,
	0x07, 0x06, 0x05, 0x0B, 0x0C, 0xA0, 0x08, 0x19, 0x08, 0x0F, 0xC0, 0x07,
	0x0A, 0x04, 0x01, 0xAA, 0x28, 0xB4, 0x1B, 0x03, 0x04, 0x02, 0x0A, 0x03,
	0x03, 0x7F, 0x08, 0x09, 0x04, 0x13, 0x0F, 0x0A, 0x04, 0x01, 0x01, 0x09,
	0x0E, 0x04, 0x0A, 0x13, 0x20, 0x4A, 0x5C, 0x95, 0xFB, 0xE4, 0x0F, 0x07,
	0x0B, 0x05, 0x03, 0x07, 0x0B, 0x01, 0x04, 0x0E, 0x04, 0x07, 0x01, 0x04,
	0x07, 0x0D, 0x0A, 0x11, 0x01, 0x0F, 0x01, 0x25, 0x07, 0x0A, 0x05, 0x0B,
	0x13, 0x0E, 0x04, 0x03, 0x0C, 0x15, 0x22, 0x01, 0x16, 0x2A, 0x04, 0x0A,
	0x02, 0x03, 0x02, 0x04, 0x0C, 0x05, 0x18, 0x06, 0x30, 0x11, 0x10, 0x13,
	0x0D, 0x03, 0x01, 0x13, 0x06, 0x03, 0x0C, 0x16, 0x15, 0x03, 0x0E, 0x04,
	0x03, 0x02, 0x06, 0x09, 0x06, 0x0B, 0x04, 0x0E, 0x04, 0x01, 0x05, 0x20,
	0x03, 0x06, 0x03, 0x18, 0x07, 0x0C, 0x16, 0x01, 0x0D, 0x06, 0x0A, 0x02,
	0x02, 0x06, 0x09, 0x28, 0x05, 0x01, 0x1B, 0x10, 0x08, 0x07, 0x12, 0x1F,
	0x01, 0x0E, 0x04, 0x02, 0x02, 0x07, 0x0B, 0x0C, 0x16, 0x01, 0x05, 0x07,
	0x01, 0x02, 0x12, 0x09, 0x01, 0x12, 0x15, 0x16, 0x12, 0x06, 0x0E, 0x06,
	0x04, 0x04, 0x0D, 0x22, 0xFE, 0x9E, 0x10, 0x23, 0x07, 0x04, 0x03, 0x09,
	0x05, 0x04, 0x04, 0x02, 0x04, 0x01, 0x03, 0x06, 0x0C, 0x01, 0x04, 0x04,
	0x09, 0x1A, 0x04, 0x02, 0x07, 0x0B, 0x75, 0x01, 0x03, 0x04, 0x92, 0x2C,
	0x05, 0x06, 0x04, 0x11, 0x04, 0x04, 0xFE, 0xE9, 0x07, 0x04, 0x0A, 0x11,
	0x0A, 0x04, 0x06, 0x04, 0x14, 0xD9, 0x03, 0x07, 0x0A, 0x0A, 0x07, 0x06,
	0x04, 0x06, 0x02, 0x02, 0x03, 0x18, 0x05, 0x04, 0x08, 0x03, 0x17, 0x0F,
	0x03, 0x07, 0x03, 0x07, 0x0A, 0x01, 0x04, 0x05, 0x04, 0x0F, 0x03, 0x04,
	0x03, 0x03, 0x12, 0x08, 0x04, 0x05, 0x0A, 0x04, 0x03, 0x02, 0x03, 0x05,
	0x02, 0x02, 0x0F, 0x1D, 0x03, 0x06, 0xAB, 0x0E, 0x02, 0x12, 0x1D, 0x01,
	0x0A, 0x21, 0x0D, 0x04, 0x03, 0x01, 0x09, 0x1E, 0x06, 0x22, 0xFE, 0xAD,
	0x07, 0x06, 0x08, 0x0D, 0x06, 0x01, 0x0A, 0x03, 0x0B, 0x12, 0x0A, 0x4B,
	0x02, 0x02, 0x02, 0x03, 0x05, 0x23, 0x01, 0x02, 0xFE, 0xF0, 0x01, 0x32,
	0x44, 0x30, 0x02, 0x03, 0x02, 0x07, 0x02, 0x03, 0x2E, 0x0B, 0x1C, 0x04,
	0x0A, 0x0A, 0x1B, 0x41, 0x02, 0x05, 0x06, 0x01, 0xE1, 0x0B, 0x11, 0x04,
	0x07, 0x03, 0x06, 0x02, 0x09, 0x02, 0x05, 0xFE, 0x0C, 0x3A, 0x0B, 0x12,
	0x13, 0x01, 0x35, 0x04, 0x01, 0x07, 0x07, 0x03, 0x03, 0x02, 0x09, 0x02,
	0x03, 0x02, 0x03, 0x02, 0x03, 0x0A, 0x03, 0x03, 0xFE, 0xB9, 0x01, 0xF8,
	0x2C, 0x48, 0x15, 0x16, 0x3E, 0x2C, 0x01, 0x25, 0x2F, 0x09, 0x03, 0x28,
	0x31, 0x0B, 0x01, 0x05, 0x0C, 0x3E, 0x02, 0x02, 0x04, 0x0C, 0x09, 0x08,
	0x05, 0x08, 0x2F, 0x06, 0x08, 0x16, 0x08, 0x0D, 0x09, 0x18, 0x1E, 0x03,
	0x0E, 0x18, 0x0C, 0x12, 0x71, 0x04, 0x0B, 0x38, 0x39, 0x46, 0x2A, 0x2B,
	0x5E, 0x3E, 0x79, 0x49, 0x04, 0x0A, 0xA3, 0xA3, 0x22, 0x0A, 0x07, 0x08,
	0x56, 0xFE, 0x7C, 0x0A, 0x18, 0x06, 0x15, 0x2D, 0x0B, 0x5C, 0x29, 0x2F,
	0x0A, 0x2F, 0x0D, 0x07, 0x04, 0x07, 0x03, 0x22, 0x01, 0x51, 0x0D, 0x04,
	0x03, 0x02, 0xFE, 0xCF, 0x29, 0x01, 0x32, 0xFE, 0xE9, 0x25, 0x4B, 0x0E,
	0x30, 0x39, 0x17, 0x40, 0x06, 0x07, 0x04, 0x14, 0x05, 0x05, 0x04, 0x33,
	0x55, 0x66, 0x63, 0x13, 0x02, 0x09, 0x0E, 0x0A, 0x01, 0x05, 0x03, 0x0A,
	0x03, 0x08, 0x02, 0x02, 0x02, 0x01, 0x0A, 0x72, 0x22, 0x01, 0xC8, 0x01,
	0x05, 0x01, 0x0B, 0x03, 0x07, 0x06, 0x1E, 0x0B, 0x06, 0x07, 0x0C, 0x3B,
	0x11, 0x0E, 0x44, 0x03, 0x0E, 0x13, 0x01, 0x07, 0x0E, 0x23, 0x02, 0x04,
	0x04, 0x0F, 0x0C, 0x04, 0x21, 0x01, 0x0F, 0x02, 0x03, 0x08, 0x0A, 0x02,
	0x16, 0x03, 0x04, 0x02, 0x1D, 0x02, 0x04, 0x08, 0x01, 0x06, 0x08, 0x01,
	0x04, 0x04, 0x05, 0x04, 0x04, 0x0A, 0x0E, 0x1B, 0x02, 0x06, 0x03, 0x0D,
	0x04, 0x0C, 0x09, 0x1C, 0x01, 0x04, 0x05, 0x09, 0x09, 0x05, 0x1E, 0x02,
	0x05, 0x0A, 0x09, 0x2B, 0x01, 0x0A, 0x08, 0x0D, 0x08, 0x01, 0x12, 0x07,
	0x26, 0x01, 0x05, 0x08, 0x02, 0x02, 0x09, 0x02, 0x11, 0x02, 0x02, 0x0C,
	0x0A, 0x01, 0x06, 0x0A, 0x25, 0x02, 0x09, 0x04, 0x09, 0x02, 0x0E, 0x05,
	0x1B, 0x01, 0x08, 0x05, 0x09, 0x01, 0x0A, 0x09, 0x2B, 0x03, 0x01, 0x06,
	0x11, 0x0A, 0x03, 0x10, 0x03, 0x03, 0x07, 0x12, 0x07, 0x05, 0x01, 0x04,
	0x03, 0x6E, 0x06, 0x12, 0x05, 0x2E, 0x0A, 0x01, 0x0C, 0x01, 0x4F, 0x29,
	0x04, 0x04, 0x04, 0x02, 0x1E, 0x08, 0x65, 0x03, 0x08, 0x0D, 0x14, 0x09,
	0x09, 0x07, 0x03, 0x04, 0x01, 0x04, 0x15, 0x09, 0x06, 0x05, 0x55, 0x03,
	0x06, 0x05, 0x09, 0x1A, 0x05, 0x07, 0x0A, 0x06, 0x03, 0x05, 0x05, 0x0B,
	0x18, 0x06, 0x07, 0x01, 0x2F, 0x31, 0x62, 0x30, 0x03, 0x03, 0x07, 0x19,
	0x06, 0x0C, 0x16, 0x06, 0xFE, 0x62, 0x0A, 0x04, 0x04, 0x7E, 0x13, 0x0C,
	0x1B, 0x0A, 0x01, 0x09, 0x02, 0x0A, 0x0F, 0x01, 0x0E, 0x03, 0x0D, 0x05,
	0x01, 0xCF, 0x06, 0x01, 0x03, 0x07, 0x04, 0x04, 0x04, 0x03, 0x03, 0x06,
	0x01, 0x0B, 0x03, 0x0A, 0x0B, 0x04, 0x03, 0x01, 0x03, 0x04, 0x01, 0x0D,
	0x01, 0x04, 0x09, 0x1B, 0x01, 0x17, 0x0D, 0x03, 0x04, 0x04, 0x0A, 0x07,
	0x0A, 0x03, 0x06, 0x0A, 0x0F, 0x02, 0x02, 0x0C, 0x18, 0x03, 0x13, 0x02,
	0x0A, 0x09, 0x14, 0x05, 0xFE, 0xF3, 0x04, 0x03, 0x01, 0x04, 0x03, 0x07,
	0x02, 0x04, 0x04, 0x14, 0x07, 0x11, 0x03, 0x04, 0x06, 0x63, 0x02, 0x05,
	0x07, 0x55, 0x0A, 0x0A, 0x03, 0x05, 0x01, 0x04, 0x0D, 0x02, 0x04, 0x01,
	0x11, 0x03, 0x02, 0x07, 0x0C, 0x02, 0x04, 0x01, 0x4A, 0x07, 0x03, 0x04,
	0x03, 0x02, 0x05, 0x05, 0x02, 0x04, 0x01, 0x07, 0x07, 0x04, 0x07, 0x01,
	0x04, 0x07, 0x03, 0x07, 0x04, 0x03, 0x01, 0x05, 0x07, 0x01, 0x05, 0x04,
	0x01, 0x09, 0x01, 0x01, 0x01, 0x04, 0x03, 0x07, 0x03, 0x01, 0x01, 0x05,
	0x04, 0x05, 0x04, 0x0C, 0x02, 0x04, 0x04, 0x05, 0x02, 0x03, 0x04, 0x04,
	0x03, 0x07, 0x04, 0x01, 0x07, 0x07, 0x0B, 0x03, 0x03, 0x01, 0x04, 0x0D,
	0x0A, 0x04, 0x06, 0x03, 0x01, 0x02, 0x01, 0x01, 0x03, 0x03, 0x07, 0x03,
	0x04, 0x06, 0x04, 0x05, 0x08, 0x06, 0x0B, 0x01, 0x06, 0x08, 0x09, 0x04,
	0x03, 0x05, 0x05, 0x03, 0x03, 0x03, 0x0B, 0x0B, 0x04, 0x04, 0x01, 0x07,
	0x04, 0x04, 0x07, 0x04, 0x04, 0x02, 0x05, 0x04, 0x04, 0x06, 0x04, 0x06,
	0x08, 0x06, 0x05, 0x02, 0x03, 0x03, 0x0B, 0x03, 0x05, 0x08, 0x0A, 0x0A,
	0x01, 0x01, 0x01, 0x01, 0x01, 0x01, 0x07, 0x03, 0x07, 0x07, 0x04, 0x06,
	0x07, 0x04, 0x03, 0x03, 0x07, 0x01, 0x06, 0x03, 0x07, 0x03, 0x06, 0x02,
	0x03, 0x04, 0x06, 0x0A, 0x02, 0x08, 0x02, 0x1D, 0x04, 0x0A, 0x08, 0x11,
	0x01, 0x04, 0x12, 0x04, 0x09, 0x03, 0x06, 0x07, 0x0E, 0x0C, 0x09, 0x0B,
	0x04, 0x0E, 0x08, 0x01, 0x03, 0x0B, 0x01, 0x03, 0x04, 0x01, 0x07, 0x04,
	0x01, 0x07, 0x03, 0x02, 0x03, 0x04, 0x03, 0x07, 0x04, 0x01, 0x07, 0x04,
	0x01, 0x03, 0x04, 0x07, 0x03, 0x04, 0x0B, 0x01, 0x03, 0x04, 0x03, 0x04,
	0x08, 0x0B, 0x03, 0x07, 0x04, 0x03, 0x04, 0x0A, 0x03, 0x03, 0x04, 0x04,
	0x01, 0x0A, 0x06, 0x04, 0x03, 0x03, 0x04, 0x09, 0x06, 0x05, 0x06, 0x01,
	0x05, 0x03, 0x03, 0x12, 0x04, 0x04, 0x06, 0x05, 0x02, 0x01, 0x01, 0x02,
	0x05, 0x06, 0x04, 0x0E, 0x0A, 0x01, 0x08, 0x0A, 0x04, 0x01, 0x02, 0x05,
	0x03, 0x07, 0x04, 0x01, 0x03, 0x04, 0x04, 0x06, 0x04, 0x01, 0x14, 0x01,
	0x04, 0x02, 0x04, 0x07, 0x04, 0x07, 0x02, 0x05, 0x0A, 0x01, 0x05, 0x09,
	0x03, 0x05, 0x02, 0x01, 0x02, 0x01, 0x01, 0x09, 0x03, 0x10, 0x01, 0x03,
	0x04, 0x01, 0x11, 0x07, 0x03, 0x03, 0x04, 0x09, 0x03, 0x02, 0x04, 0x01,
	0x04, 0x04, 0x07, 0x06, 0x0A, 0x07, 0x04, 0x04, 0x09, 0x01, 0x07, 0x04,
	0x01, 0x07, 0x04, 0x06, 0x0C, 0x01, 0x07, 0x01, 0x05, 0x07, 0x0B, 0x01,
	0x07, 0x04, 0x01, 0x04, 0x04, 0x07, 0x07, 0x03, 0x05, 0x01, 0x0A, 0x03,
	0x02, 0x05, 0x06, 0x01, 0x06, 0x08, 0x06, 0x07, 0x03, 0x07, 0x03, 0x0A,
	0x04, 0x0B, 0x01, 0x01, 0x04, 0x05, 0x08, 0x05, 0x09, 0x04, 0x06, 0x08,
	0x04, 0x02, 0x04, 0x08, 0x09, 0x04, 0x02, 0x06, 0x01, 0x08, 0x0C, 0x06,
	0x05, 0x06, 0x03, 0x0A, 0x02, 0x03, 0x02, 0x04, 0x03, 0x04, 0x09, 0x04,
	0x06, 0x07, 0x05, 0x02, 0x0D, 0x15, 0x03, 0x01, 0x03, 0x0E, 0x03, 0x07,
	0x04, 0x01, 0x03, 0x04, 0x08, 0x08, 0x08, 0x01, 0x07, 0x04, 0x04, 0x06,
	0x04, 0x01, 0x04, 0x02, 0x04, 0x04, 0x08, 0x01, 0x04, 0x04, 0x07, 0x03,
	0x07, 0x04, 0x04, 0x01, 0x08, 0x08, 0x07, 0x01, 0x01, 0x01, 0x0D, 0x01,
	0x05, 0x04, 0x05, 0x03, 0x04, 0x01, 0x01, 0x01, 0x09, 0x01, 0x04, 0x04,
	0x03, 0x01, 0x04, 0x0B, 0x04, 0x03, 0x01, 0x08, 0x04, 0x01, 0x03, 0x02,
	0x0C, 0x02, 0x0D, 0x01, 0x03, 0x01, 0x03, 0x07, 0x02, 0x04, 0x01, 0x05,
	0x02, 0x04, 0x06, 0x01, 0x05, 0x05, 0x04, 0x03, 0x03, 0x07, 0x02, 0x03,
	0x01, 0x01, 0x09, 0x02, 0x05, 0x06, 0x08, 0x06, 0x04, 0x08, 0x01, 0x03,
	0x04, 0x03, 0x0A, 0x02, 0x05, 0x09, 0x02, 0x03, 0x04, 0x01, 0x08, 0x02,
	0x05, 0x04, 0x01, 0x06, 0x12, 0x04, 0x05, 0x08, 0x06, 0x07, 0x01, 0x01,
	0x05, 0x07, 0x02, 0x0B, 0x11, 0x02, 0x0A, 0x09, 0x02, 0x09, 0x04, 0x03,
	0x04, 0x07, 0x03, 0x07, 0x03, 0x02, 0x05, 0x07, 0x04, 0x04, 0x03, 0x0B,
	0x01, 0x07, 0x03, 0x07, 0x02, 0x05, 0x05, 0x02, 0x01, 0x09, 0x02, 0x05,
	0x04, 0x01, 0x04, 0x04, 0x02, 0x04, 0x02, 0x13, 0x05, 0x02, 0x02, 0x12,
	0x01, 0x04, 0x0A, 0x0E, 0x03, 0x01, 0x05, 0x03, 0x04, 0x01, 0x05, 0x07,
	0x02, 0x0C, 0x03, 0x03, 0x04, 0x03, 0x06, 0x01, 0x07, 0x04, 0x01, 0x03,
	0x0A, 0x09, 0x06, 0x04, 0x04, 0x03, 0x04, 0x04, 0x06, 0x04, 0x06, 0x04,
	0x07, 0x02, 0x0D, 0x01, 0x03, 0x05, 0x01, 0x15, 0x01, 0x04, 0x03, 0x08,
	0x06, 0x04, 0x0B, 0x01, 0x04, 0x03, 0x04, 0x0A, 0x03, 0x07, 0x01, 0x01,
	0x04, 0x11, 0x03, 0x04, 0x05, 0x01, 0x07, 0x08, 0x01, 0x07, 0x06, 0x03,
	0x04, 0x01, 0x9C, 0x04, 0x04, 0x18, 0x04, 0x04, 0x17, 0x03, 0x0E, 0x04,
	0xFE, 0x2A, 0x02, 0x06, 0x03, 0x01, 0xAD, 0x07, 0x04, 0x0B, 0x01, 0x07,
	0x04, 0x01, 0x07, 0x04, 0x04, 0x07, 0x01, 0x26, 0x07, 0x1C, 0x03, 0x01,
	0x06, 0x03, 0x04, 0x04, 0x01, 0x03, 0x05, 0x02, 0x04, 0x01, 0x04, 0x01,
	0x04, 0x0A, 0x03, 0x07, 0x04, 0x09, 0x38, 0x03, 0x04, 0x01, 0x07, 0x07,
	0x02, 0x05, 0x01, 0x13, 0x06, 0x03, 0x5C, 0x0A, 0x07, 0x04, 0x05, 0x02,
	0x02, 0x02, 0x04, 0x03, 0x03, 0x03, 0x0A, 0x03, 0x06, 0x03, 0x07, 0x07,
	0x03, 0x29, 0x12, 0x06, 0x07, 0x03, 0x04, 0x03, 0x0A, 0x11, 0x03, 0x0E,
	0x09, 0x03, 0x03, 0x02, 0x02, 0x07, 0x0A, 0x07, 0x04, 0x02, 0x03, 0x03,
	0x08, 0x03, 0x02, 0x02, 0x08, 0x06, 0x03, 0x0C, 0x05, 0x13, 0x01, 0x06,
	0x10, 0x05, 0x0E, 0x01, 0x03, 0x01, 0x0F, 0x01, 0xC5, 0x3D, 0x41, 0x15,
	0x73, 0x06, 0x06, 0x44, 0x0A, 0x01, 0x05, 0x01, 0x15, 0x04, 0x44, 0x88,
	0x09, 0x0F, 0x06, 0x03, 0x04, 0x03, 0x05, 0x05, 0x0E, 0x05, 0x06, 0x06,
	0x0E, 0x02, 0x03, 0x01, 0x0B, 0x02, 0x03, 0x07, 0x01, 0x08, 0x01, 0x09,
	0x0A, 0x0C, 0x02, 0x09, 0x08, 0x01, 0x04, 0x04, 0x03, 0x01, 0x02, 0x03,
	0x0B, 0x04, 0x04, 0x04, 0x01, 0x05, 0x0C, 0x04, 0x0D, 0x02, 0x04, 0x0A,
	0x03, 0x03, 0x14, 0x85, 0x26, 0x05, 0x06, 0x02, 0x05, 0x09, 0x04, 0x04,
	0x01, 0x05, 0x03, 0x07, 0x02, 0x05, 0x03, 0x07, 0x03, 0x07, 0x01, 0x09,
	0x02, 0x08, 0x0D, 0x03, 0x03, 0x08, 0x0D, 0x08, 0x17, 0xA1, 0xAE, 0x03,
	0x03, 0x8F, 0x4E, 0x13, 0x0C, 0x03, 0x07, 0x02, 0x05, 0x04, 0x05, 0x6C,
	0x5F, 0x0C, 0x13, 0x03, 0x07, 0x02, 0x64, 0x37, 0xB1, 0x02, 0x05, 0xA0,
	0x02, 0x07, 0x02, 0x02, 0x2B, 0xC5, 0x01, 0x08, 0x04, 0x01, 0x05, 0x0F,
	0x02, 0x02, 0xFE, 0x43, 0x0C, 0x09, 0x01, 0x09, 0x01, 0x01, 0xAB, 0x01,
	0x04, 0x04, 0x01, 0x06, 0x0B, 0x12, 0x02, 0x03, 0x09, 0x0C, 0x08, 0x01,
	0x02, 0x0C, 0x05, 0x02, 0x03, 0x33, 0x05, 0x02, 0x0A, 0x0C, 0x02, 0x02,
	0x12, 0x08, 0x0B, 0x01, 0x08, 0x03, 0x04, 0x0C, 0x02, 0x07, 0x06, 0x0B,
	0x08, 0x10, 0x02, 0x05, 0x0C, 0x09, 0x05, 0x05, 0x09, 0x0F, 0x01, 0x0B,
	0x04, 0x04, 0x04, 0x0E, 0x0A, 0x0A, 0x0C, 0x13, 0x16, 0x09, 0x0B, 0x02,
	0x05, 0x03, 0x03, 0x10, 0x02, 0x03, 0x05, 0x06, 0x02, 0x0D, 0x17, 0x07,
	0x03, 0x03, 0x05, 0x05, 0x08, 0x04, 0x03, 0x17, 0x02, 0x07, 0x03, 0x03,
	0x04, 0x01, 0x15, 0x04, 0x0A, 0x03, 0x22, 0x0B, 0x09, 0x01, 0x04, 0x0D,
	0x12, 0x05, 0x12, 0x06, 0x0B, 0x0A, 0x0B, 0xFE, 0xF6, 0x99, 0x1F, 0xBE,
	0x03, 0x03, 0x03, 0x02, 0x02, 0x04, 0x01, 0x01, 0x98, 0x02, 0x08, 0x02,
	0x01, 0xCE, 0x01, 0x05, 0x04, 0x03, 0xB7, 0x29, 0xB8, 0x04, 0x05, 0x98,
	0x03, 0x03, 0x02, 0x02, 0x04, 0x03, 0x03, 0x03, 0x08, 0x01, 0x14, 0x6D,
	0x9C, 0xFF, 0x85, 0x01, 0x01, 0x02, 0x07, 0x03, 0x04, 0x06, 0x01, 0x04,
	0x04, 0x04, 0x01, 0x01, 0x05, 0x07, 0x07, 0x03, 0x03, 0x0B, 0x07, 0x01,
	0x05, 0x04, 0x02, 0x05, 0x01, 0x04, 0x03, 0x0B, 0x05, 0x01, 0x03, 0x04,
	0x03, 0x03, 0x02, 0x03, 0x04, 0x03, 0x04, 0x02, 0x07, 0x01, 0x03, 0x04,
	0x04, 0x07, 0x03, 0x02, 0x05, 0x04, 0x01, 0x01, 0x05, 0x02, 0x05, 0x04,
	0x02, 0x0F, 0x01, 0x03, 0x07, 0x03, 0x03, 0x07, 0x03, 0x01, 0x05, 0x06,
	0x04, 0x04, 0x07, 0x01, 0x08, 0x07, 0x01, 0x05, 0x04, 0x02, 0x05, 0x04,
	0x03, 0x02, 0x01, 0x01, 0x07, 0x02, 0x04, 0x04, 0x04, 0x13, 0x02, 0x04,
	0x01, 0x4E, 0x01, 0x01, 0x07, 0x04, 0x01, 0x07, 0x03, 0x02, 0x05, 0x04,
	0x05, 0x01, 0x05, 0x02, 0x04, 0x01, 0x03, 0x19, 0x01, 0x09, 0x01, 0x02,
	0xB9, 0xFE, 0xF3, 0x0A, 0xAA, 0x04, 0x05, 0x01, 0x0C, 0x02, 0x0A, 0x02,
	0x04, 0x02, 0x08, 0x01, 0x0A, 0x07, 0x08, 0x0C, 0xB8, 0x03, 0x04, 0x04,
	0x05, 0x01, 0x01, 0x01, 0x02, 0x09, 0x01, 0x03, 0x05, 0x04, 0x0B, 0x04,
	0x0A, 0x04, 0x01, 0x04, 0x07, 0x03, 0x02, 0x15, 0x02, 0x11, 0x04, 0x0F,
	0x01, 0x01, 0x24, 0x04, 0x01, 0x9E, 0x03, 0x0B, 0x01, 0x06, 0x02, 0x02,
	0x01, 0x06, 0x02, 0x05, 0x03, 0x01, 0x0A, 0x14, 0x01, 0x48, 0x0A, 0x02,
	0x03, 0x06, 0x0A, 0x25, 0x0A, 0x03, 0x1B, 0x07, 0x02, 0x1D, 0x07, 0x01,
	0x09, 0x01, 0x25, 0xFE, 0xF9, 0xFC, 0xFE, 0xF7, 0x03, 0x03, 0x03, 0x04,
	0x0E, 0x07, 0x1E, 0x03, 0x18, 0x15, 0x3A, 0x04, 0x02, 0x02, 0xD7, 0x0E,
	0x0A, 0x04, 0x0A, 0x07, 0x03, 0x02, 0x0C, 0x04, 0x02, 0x03, 0xFE, 0xBF,
	0x04, 0x02, 0x06, 0x04, 0x05, 0x01, 0x01, 0x05, 0x01, 0x36, 0xAE, 0x75,
	0x1A, 0x07, 0x37, 0x24, 0x04, 0x04, 0x0E, 0x03, 0x15, 0x0B, 0x07, 0x14,
	0x09, 0x02, 0x18, 0x30, 0x07, 0x10, 0x08, 0x04, 0x21, 0x20, 0x03, 0x14,
	0x12, 0x2C, 0x35, 0x1C, 0x03, 0x10, 0x04, 0x06, 0x15, 0x48, 0x91, 0x1A,
	0x1A, 0x46, 0x3F, 0x42, 0x0F, 0x0A, 0x2C, 0x55, 0x8A, 0x1A, 0xEC, 0x04,
	0x02, 0x02, 0xA0, 0xB7, 0x02, 0x24, 0x01, 0x7D, 0x0D, 0x03, 0x03, 0x17,
	0x28, 0x03, 0x59, 0x48, 0x37, 0x15, 0x2C, 0x18, 0x06, 0x02, 0x03, 0x05,
	0x60, 0xFE, 0xC7, 0x01, 0x01, 0x12, 0x0A, 0xFE, 0xDB, 0x01, 0x06, 0x15,
	0x59, 0x14, 0x22, 0x2D, 0x04, 0x22, 0x03, 0x04, 0x01, 0x2C, 0x4B, 0x6A,
	0x47, 0x02, 0x0B, 0x0C, 0x01, 0x0A, 0x06, 0x0C, 0x06, 0x0A, 0x07, 0x03,
	0x05, 0x0A, 0x4C, 0x18, 0x02, 0x28, 0x06, 0x08, 0x07, 0x06, 0x03, 0x03,
	0x09, 0x08, 0x0C, 0x0D, 0x04, 0x47, 0x04, 0x25, 0x13, 0x05, 0x02, 0x0C,
	0x07, 0x07, 0x08, 0x02, 0x03, 0x1B, 0x01, 0x0A, 0x01, 0x09, 0x08, 0x02,
	0x2E, 0x03, 0x02, 0x04, 0x0F, 0x01, 0x12, 0x16, 0x01, 0x05, 0x05, 0x04,
	0x06, 0x05, 0x05, 0x01, 0x09, 0x34, 0x07, 0x02, 0x03, 0x02, 0x11, 0x04,
	0x19, 0x05, 0x09, 0x04, 0x0E, 0x0B, 0x03, 0x04, 0x06, 0x02, 0x08, 0x0A,
	0x28, 0x06, 0x08, 0x07, 0x08, 0x32, 0x09, 0x10, 0x01, 0x01, 0x0B, 0x0D,
	0x12, 0x06, 0x5D, 0x06, 0x08, 0x04, 0x05, 0x08, 0x03, 0x02, 0x06, 0x12,
	0x02, 0x07, 0x06, 0x05, 0x06, 0x03, 0x07, 0x29, 0x05, 0x09, 0x01, 0x08,
	0x0E, 0x17, 0x04, 0x09, 0x02, 0x09, 0x03, 0x02, 0x08, 0x51, 0x03, 0x10,
	0x02, 0x02, 0x0C, 0x0C, 0x10, 0x01, 0x2E, 0x06, 0x05, 0x02, 0x11, 0x01,
	0x5A, 0x21, 0x08, 0x11, 0x1F, 0x0A, 0x05, 0x02, 0x03, 0x41, 0x18, 0x05,
	0x09, 0x05, 0x01, 0x25, 0x05, 0x9A, 0x03, 0x14, 0x03, 0x08, 0x09, 0x0A,
	0x07, 0x01, 0x04, 0x04, 0x06, 0x11, 0x04, 0x4F, 0x04, 0x04, 0x19, 0x03,
	0x01, 0x05, 0x07, 0x03, 0x02, 0x1F, 0xFE, 0xEB, 0x4B, 0x22, 0x22, 0x02,
	0x15, 0x01, 0x0D, 0x12, 0x0A, 0x01, 0x39, 0x0A, 0x01, 0x04, 0x04, 0x01,
	0x96, 0x09, 0x20, 0x14, 0x0D, 0x03, 0x01, 0x0C, 0x0B, 0x11, 0x01, 0x06,
	0x39, 0x09, 0x04, 0x00, 0x00, 0x32, 0x00, 0x00, 0x00, 0x00, 0x03, 0x1E,
	0x03, 0x20, 0x00, 0x09, 0x00, 0x12, 0x00, 0x1B, 0x00, 0x25, 0x00, 0x2E,
	0x00, 0x35, 0x00, 0x3F, 0x00, 0x46, 0x00, 0x4C, 0x00, 0x51, 0x00, 0x57,
	0x00, 0x5F, 0x00, 0x68, 0x00, 0x6E, 0x00, 0x77, 0x00, 0x7D, 0x00, 0x86,
	0x00, 0x91, 0x00, 0x99, 0x00, 0xC6, 0x00, 0xCF, 0x00, 0xD5, 0x00, 0xDB,
	0x00, 0xE1, 0x00, 0xE6, 0x00, 0xEE, 0x00, 0xF5, 0x00, 0xFA, 0x00, 0xFF,
	0x01, 0x05, 0x01, 0x0A, 0x01, 0x11, 0x01, 0x1C, 0x01, 0x23, 0x01, 0x2C,
	0x01, 0x32, 0x01, 0x3A, 0x01, 0x44, 0x01, 0x4E, 0x01, 0x58, 0x01, 0x60,
	0x01, 0x68, 0x01, 0x72, 0x01, 0x87, 0x01, 0x91, 0x01, 0x9A, 0x01, 0xA3,
	0x01, 0xAC, 0x01, 0xB8, 0x01, 0xC2, 0x00, 0x00, 0x01, 0x06, 0x07, 0x06,
	0x07, 0x06, 0x07, 0x27, 0x37, 0x36, 0x17, 0x30, 0x07, 0x06, 0x0F, 0x01,
	0x36, 0x37, 0x36, 0x27, 0x14, 0x16, 0x15, 0x14, 0x0F, 0x01, 0x26, 0x27,
	0x05, 0x06, 0x07, 0x27, 0x36, 0x37, 0x36, 0x33, 0x32, 0x17, 0x27, 0x06,
	0x07, 0x06, 0x07, 0x06, 0x07, 0x37, 0x36, 0x27, 0x06, 0x07, 0x26, 0x27,
	0x37, 0x16, 0x01, 0x06, 0x07, 0x06, 0x0F, 0x01, 0x27, 0x35, 0x37, 0x16,
	0x27, 0x06, 0x07, 0x30, 0x27, 0x36, 0x37, 0x17, 0x07, 0x26, 0x27, 0x37,
	0x16, 0x01, 0x07, 0x23, 0x27, 0x37, 0x01, 0x06, 0x07, 0x26, 0x27, 0x37,
	0x01, 0x07, 0x27, 0x37, 0x16, 0x17, 0x16, 0x17, 0x01, 0x07, 0x2E, 0x01,
	0x27, 0x36, 0x37, 0x30, 0x17, 0x01, 0x07, 0x2E, 0x01, 0x27, 0x37, 0x01,
	0x22, 0x06, 0x23, 0x22, 0x2F, 0x01, 0x36, 0x37, 0x01, 0x2F, 0x01, 0x16,
	0x17, 0x16, 0x01, 0x26, 0x27, 0x26, 0x2F, 0x01, 0x37, 0x17, 0x16, 0x01,
	0x26, 0x27, 0x2E, 0x01, 0x27, 0x16, 0x17, 0x16, 0x17, 0x16, 0x01, 0x27,
	0x26, 0x27, 0x16, 0x17, 0x16, 0x17, 0x37, 0x06, 0x07, 0x17, 0x27, 0x07,
	0x16, 0x17, 0x27, 0x06, 0x07, 0x23, 0x26, 0x27, 0x07, 0x36, 0x37, 0x06,
	0x07, 0x36, 0x37, 0x26, 0x27, 0x35, 0x36, 0x37, 0x27, 0x16, 0x17, 0x26,
	0x27, 0x16, 0x17, 0x37, 0x33, 0x16, 0x17, 0x36, 0x37, 0x07, 0x17, 0x36,
	0x37, 0x06, 0x07, 0x25, 0x07, 0x2F, 0x01, 0x16, 0x17, 0x16, 0x17, 0x16,
	0x01, 0x26, 0x2F, 0x01, 0x16, 0x17, 0x01, 0x07, 0x27, 0x36, 0x37, 0x17,
	0x01, 0x06, 0x07, 0x27, 0x37, 0x16, 0x01, 0x07, 0x27, 0x35, 0x37, 0x01,
	0x07, 0x26, 0x27, 0x26, 0x2F, 0x01, 0x37, 0x01, 0x06, 0x07, 0x27, 0x36,
	0x37, 0x16, 0x01, 0x07, 0x27, 0x37, 0x33, 0x25, 0x07, 0x27, 0x35, 0x37,
	0x17, 0x07, 0x23, 0x27, 0x37, 0x30, 0x27, 0x07, 0x27, 0x37, 0x17, 0x01,
	0x07, 0x26, 0x27, 0x36, 0x37, 0x16, 0x27, 0x06, 0x07, 0x06, 0x0F, 0x01,
	0x36, 0x37, 0x36, 0x37, 0x36, 0x27, 0x06, 0x07, 0x26, 0x27, 0x37, 0x16,
	0x17, 0x07, 0x34, 0x26, 0x35, 0x34, 0x37, 0x36, 0x37, 0x27, 0x06, 0x0F,
	0x01, 0x36, 0x37, 0x17, 0x07, 0x06, 0x07, 0x37, 0x36, 0x37, 0x36, 0x01,
	0x07, 0x17, 0x37, 0x16, 0x07, 0x06, 0x15, 0x16, 0x17, 0x37, 0x07, 0x16,
	0x31, 0x37, 0x17, 0x14, 0x07, 0x30, 0x17, 0x2F, 0x01, 0x07, 0x30, 0x3F,
	0x01, 0x33, 0x16, 0x17, 0x16, 0x05, 0x27, 0x1F, 0x01, 0x15, 0x06, 0x0F,
	0x01, 0x25, 0x27, 0x17, 0x36, 0x31, 0x27, 0x37, 0x17, 0x01, 0x27, 0x07,
	0x17, 0x06, 0x27, 0x26, 0x23, 0x06, 0x07, 0x37, 0x36, 0x35, 0x34, 0x27,
	0x26, 0x23, 0x22, 0x07, 0x0E, 0x01, 0x07, 0x06, 0x15, 0x14, 0x16, 0x33,
	0x32, 0x37, 0x3E, 0x01, 0x25, 0x27, 0x17, 0x36, 0x35, 0x27, 0x36, 0x16,
	0x33, 0x36, 0x01, 0x27, 0x07, 0x17, 0x07, 0x22, 0x27, 0x30, 0x0F, 0x01,
	0x30, 0x0F, 0x01, 0x23, 0x27, 0x26, 0x27, 0x17, 0x03, 0x2F, 0x01, 0x35,
	0x3F, 0x01, 0x0E, 0x01, 0x07, 0x17, 0x26, 0x31, 0x07, 0x27, 0x36, 0x37,
	0x36, 0x27, 0x26, 0x27, 0x07, 0x17, 0x26, 0x23, 0x07, 0x26, 0x36, 0x35,
	0x26, 0x27, 0x07, 0x02, 0x92, 0x04, 0x05, 0x04, 0x0C, 0x10, 0x1F, 0x02,
	0x0B, 0x15, 0x69, 0x0A, 0x06, 0x0A, 0x38, 0x07, 0x11, 0x0F, 0x78, 0x08,
	0x16, 0x19, 0x06, 0x06, 0x01, 0x0E, 0x01, 0x25, 0x3C, 0x03, 0x15, 0x0E,
	0x0C, 0x0A, 0x0A, 0x6E, 0x05, 0x02, 0x06, 0x0A, 0x11, 0x22, 0x10, 0x14,
	0x78, 0x0C, 0x20, 0x06, 0x0A, 0x2C, 0x05, 0x01, 0x48, 0x05, 0x0D, 0x12,
	0x04, 0x02, 0x38, 0x2A, 0x12, 0xFF, 0x0F, 0x1B, 0x11, 0x0E, 0x1F, 0xED,
	0x31, 0x12, 0x23, 0x29, 0x15, 0xFE, 0xD2, 0x15, 0x05, 0x22, 0x19, 0x01,
	0xBF, 0x12, 0x24, 0x11, 0x19, 0x33, 0xFE, 0x75, 0x10, 0x2A, 0x0C, 0x0A,
	0x0B, 0x0E, 0x06, 0x01, 0x75, 0x3F, 0x08, 0x16, 0x07, 0x0B, 0x28, 0x31,
	0xFE, 0x54, 0x0E, 0x07, 0x1D, 0x06, 0x10, 0x02, 0x02, 0x07, 0x21, 0x08,
	0x14, 0x06, 0x13, 0x12, 0x26, 0xFD, 0xF9, 0x33, 0x07, 0x14, 0x22, 0x04,
	0x01, 0xF0, 0x06, 0x1B, 0x14, 0x06, 0x0E, 0x03, 0x35, 0x06, 0xFE, 0x2E,
	0x03, 0x20, 0x15, 0x0A, 0x06, 0x07, 0x1A, 0x15, 0x09, 0x04, 0x01, 0x99,
	0x3C, 0x0C, 0x02, 0x03, 0x20, 0x15, 0x05, 0x86, 0x33, 0x66, 0x6B, 0xA1,
	0x02, 0x0C, 0x12, 0x7D, 0x1D, 0x19, 0x04, 0x18, 0x20, 0x7B, 0x0A, 0x0F,
	0x34, 0x6A, 0x22, 0x49, 0x33, 0x66, 0x4D, 0x4C, 0x6B, 0x37, 0x6C, 0x0B,
	0x13, 0x2A, 0x53, 0x36, 0x04, 0x18, 0x20, 0x29, 0x52, 0x1C, 0x03, 0x34,
	0x6A, 0x23, 0x48, 0xFE, 0x42, 0x03, 0x35, 0x11, 0x06, 0x1B, 0x14, 0x06,
	0x03, 0x01, 0xEC, 0x14, 0x22, 0x07, 0x14, 0x24, 0xFD, 0xFC, 0x36, 0x27,
	0x10, 0x28, 0x25, 0x01, 0xB5, 0x07, 0x09, 0x28, 0x0E, 0x0E, 0xFE, 0x9C,
	0x35, 0x2F, 0x3B, 0x01, 0x6F, 0x0C, 0x0A, 0x0A, 0x0D, 0x06, 0x07, 0x10,
	0xFE, 0x98, 0x12, 0x21, 0x2D, 0x12, 0x24, 0x11, 0x01, 0x91, 0x19, 0x23,
	0x15, 0x05, 0xFE, 0xF6, 0x29, 0x3B, 0x2D, 0xEA, 0x27, 0x05, 0x0B, 0x27,
	0xED, 0x2C, 0x38, 0x2C, 0x38, 0x01, 0x17, 0x2C, 0x06, 0x0A, 0x0C, 0x20,
	0x03, 0x83, 0x02, 0x08, 0x05, 0x0F, 0x2C, 0x05, 0x02, 0x06, 0x0A, 0x12,
	0x51, 0x0C, 0x1C, 0x13, 0x29, 0x28, 0x13, 0xD5, 0x33, 0x08, 0x16, 0x09,
	0x13, 0x7E, 0x05, 0x10, 0x3C, 0x06, 0x16, 0x6F, 0x0B, 0x15, 0x2A, 0x10,
	0x09, 0x15, 0x12, 0x01, 0x60, 0x5B, 0x0E, 0x34, 0x01, 0x07, 0x08, 0x03,
	0x08, 0x90, 0x79, 0x07, 0x44, 0x02, 0x2E, 0x07, 0x9A, 0x25, 0x25, 0x0E,
	0x15, 0x04, 0x05, 0x0E, 0x05, 0x01, 0x20, 0x74, 0x02, 0x3F, 0x16, 0x29,
	0x02, 0xFE, 0xF7, 0x5B, 0x1C, 0x09, 0x0E, 0x02, 0x34, 0x01, 0x63, 0x53,
	0x05, 0x2C, 0x0C, 0x15, 0x18, 0x0A, 0x04, 0x06, 0x11, 0x09, 0x23, 0x35,
	0x5D, 0x19, 0x18, 0x2C, 0x46, 0x09, 0x05, 0x6A, 0x4A, 0x19, 0x19, 0x28,
	0x42, 0xFE, 0xCA, 0x79, 0x53, 0x05, 0x2C, 0x0C, 0x2D, 0x0A, 0x04, 0x01,
	0x3D, 0x1C, 0x09, 0x0E, 0x02, 0x01, 0x30, 0x11, 0x1E, 0x0E, 0x15, 0x04,
	0x13, 0x05, 0x0B, 0x25, 0xC6, 0x02, 0x3F, 0x3F, 0x02, 0x14, 0x4E, 0x14,
	0xA3, 0x07, 0x44, 0x02, 0x02, 0x2A, 0x04, 0x03, 0x03, 0x03, 0x53, 0xCF,
	0x0B, 0x03, 0x34, 0x01, 0x0F, 0x03, 0x08, 0x1C, 0x02, 0xC8, 0x06, 0x1B,
	0x14, 0x06, 0x03, 0x0B, 0x03, 0x35, 0x06, 0x3B, 0x1D, 0x11, 0x08, 0x07,
	0x15, 0x23, 0x03, 0x84, 0x07, 0x21, 0x08, 0x14, 0x06, 0x13, 0x12, 0x26,
	0xC1, 0x01, 0x27, 0x0E, 0x03, 0x18, 0x11, 0x09, 0x58, 0x1B, 0x07, 0x14,
	0x0B, 0x04, 0x05, 0x38, 0x05, 0x76, 0x11, 0x19, 0x11, 0x22, 0x2D, 0x12,
	0xFE, 0xB7, 0x09, 0x09, 0x0D, 0x04, 0x02, 0x15, 0x05, 0x22, 0x09, 0xC8,
	0x0C, 0x1B, 0x37, 0x12, 0x1B, 0xEE, 0x2E, 0x06, 0x0A, 0x2A, 0x03, 0x01,
	0x03, 0x38, 0x2C, 0x38, 0xFE, 0x2F, 0x06, 0x0A, 0x0C, 0x20, 0x10, 0x01,
	0x2E, 0x37, 0x29, 0x3B, 0x05, 0x0D, 0x11, 0x05, 0xFE, 0x87, 0x0B, 0x06,
	0x1B, 0x06, 0x06, 0x0A, 0x27, 0x01, 0xA9, 0x3C, 0x08, 0x18, 0x08, 0x3C,
	0xFD, 0xE7, 0x08, 0x16, 0x19, 0x06, 0x06, 0x01, 0x5A, 0x15, 0x3F, 0x06,
	0x16, 0x37, 0xFE, 0x0E, 0x04, 0x05, 0x04, 0x0C, 0x2F, 0x02, 0x0B, 0x15,
	0x01, 0x7D, 0x02, 0x08, 0x05, 0x20, 0x1E, 0x04, 0x07, 0x05, 0x0A, 0x11,
	0xFE, 0x4A, 0x10, 0x1A, 0x20, 0x02, 0x08, 0x05, 0x0F, 0xC3, 0x12, 0x28,
	0x7B, 0x1E, 0x02, 0x35, 0x6C, 0x69, 0x45, 0x52, 0x4D, 0x4C, 0x6B, 0x37,
	0x6C, 0x0B, 0x13, 0x2A, 0x53, 0x13, 0x23, 0x04, 0x18, 0x20, 0x7B, 0x0A,
	0x0F, 0x34, 0x6A, 0x23, 0x48, 0x99, 0x4D, 0x4C, 0x25, 0x46, 0xA1, 0x02,
	0x0B, 0x13, 0x2A, 0x53, 0x82, 0x02, 0x0B, 0x3F, 0x04, 0x05, 0x04, 0x0C,
	0x10, 0xFD, 0xE4, 0x06, 0x16, 0x38, 0x07, 0x11, 0x01, 0x7B, 0x09, 0x33,
	0x02, 0x05, 0x2C, 0xFE, 0x4B, 0x15, 0x2A, 0x28, 0x3C, 0x0E, 0x01, 0x64,
	0x11, 0x28, 0x05, 0x0E, 0xFE, 0x8C, 0x3B, 0x04, 0x0D, 0x10, 0x05, 0x07,
	0x37, 0x01, 0x07, 0x04, 0x0C, 0x2C, 0x05, 0x0B, 0x0C, 0xFE, 0x63, 0x38,
	0x2C, 0x38, 0xF2, 0x2A, 0x0C, 0x04, 0x2A, 0xED, 0x2F, 0x3F, 0x25, 0xBA,
	0x22, 0x19, 0x23, 0x15, 0xFE, 0xC2, 0x2D, 0x12, 0x24, 0x11, 0x19, 0x12,
	0x9B, 0x03, 0x20, 0x15, 0x05, 0x0D, 0x1B, 0x07, 0x14, 0x0B, 0x04, 0x36,
	0x0F, 0x1B, 0x07, 0x09, 0x28, 0x05, 0xE2, 0x27, 0x07, 0x21, 0x08, 0x14,
	0x06, 0x08, 0x0B, 0x62, 0x1F, 0x19, 0x05, 0x14, 0x22, 0x36, 0x35, 0x06,
	0x0B, 0x38, 0x01, 0x07, 0x07, 0x02, 0x03, 0x53, 0x05, 0x2C, 0x0C, 0x15,
	0x18, 0x0A, 0x04, 0x06, 0x05, 0x1C, 0x09, 0x0E, 0x02, 0x01, 0x30, 0x11,
	0x83, 0x76, 0x76, 0x02, 0x3F, 0x16, 0x29, 0x01, 0xC7, 0x25, 0x0E, 0x15,
	0x04, 0x05, 0x0E, 0x10, 0xE4, 0x53, 0x79, 0x07, 0x44, 0x02, 0x2E, 0xFE,
	0xAA, 0x5B, 0x0E, 0x34, 0x01, 0x07, 0x08, 0x03, 0x08, 0x48, 0x1B, 0x1D,
	0x3F, 0x2E, 0x47, 0x06, 0x0B, 0x4B, 0x2C, 0x15, 0x15, 0x4C, 0x67, 0x07,
	0x0B, 0x3F, 0xE4, 0x1C, 0x5B, 0x0A, 0x04, 0x34, 0x01, 0x0F, 0x03, 0xFE,
	0x74, 0x79, 0x07, 0x44, 0x02, 0x2E, 0x07, 0x07, 0x02, 0x3F, 0x3F, 0x01,
	0x01, 0x76, 0x01, 0x17, 0x0E, 0x15, 0x04, 0x13, 0x10, 0x05, 0x1B, 0x05,
	0x82, 0x09, 0x0E, 0x02, 0x04, 0x2B, 0x04, 0x06, 0x04, 0x05, 0x5B, 0x21,
	0x05, 0x2C, 0x0C, 0x2D, 0x0A, 0x04, 0x06, 0x79, 0x00, 0x10, 0x00, 0x00,
	0xFF, 0xFC, 0x01, 0xB6, 0x03, 0x21, 0x00, 0x7E, 0x00, 0x96, 0x00, 0x9B,
	0x00, 0xAB, 0x00, 0xB2, 0x00, 0xCC, 0x00, 0xE1, 0x01, 0xD7, 0x01, 0xD9,
	0x01, 0xE0, 0x01, 0xF0, 0x01, 0xF8, 0x01, 0xFD, 0x02, 0x03, 0x02, 0x1D,
	0x02, 0x25, 0x00, 0x00, 0x01, 0x14, 0x07, 0x22, 0x23, 0x22, 0x07, 0x16,
	0x17, 0x14, 0x07, 0x27, 0x36, 0x35, 0x34, 0x26, 0x35, 0x34, 0x37, 0x26,
	0x27, 0x2E, 0x01, 0x27, 0x23, 0x36, 0x35, 0x27, 0x06, 0x17, 0x23, 0x35,
	0x06, 0x27, 0x36, 0x27, 0x07, 0x17, 0x26, 0x07, 0x06, 0x17, 0x32, 0x27,
	0x37, 0x26, 0x23, 0x35, 0x32, 0x37, 0x26, 0x23, 0x35, 0x32, 0x16, 0x33,
	0x32, 0x37, 0x34, 0x26, 0x35, 0x34, 0x37, 0x17, 0x37, 0x16, 0x36, 0x17,
	0x36, 0x37, 0x17, 0x36, 0x33, 0x17, 0x37, 0x26, 0x27, 0x06, 0x07, 0x06,
	0x31, 0x22, 0x27, 0x36, 0x37, 0x36, 0x17, 0x07, 0x1E, 0x01, 0x17, 0x16,
	0x17, 0x16, 0x17, 0x16, 0x15, 0x36, 0x37, 0x33, 0x14, 0x17, 0x33, 0x06,
	0x07, 0x17, 0x36, 0x17, 0x07, 0x17, 0x36, 0x33, 0x17, 0x07, 0x16, 0x33,
	0x32, 0x36, 0x33, 0x32, 0x17, 0x07, 0x16, 0x33, 0x16, 0x07, 0x16, 0x07,
	0x06, 0x23, 0x30, 0x27, 0x06, 0x16, 0x07, 0x26, 0x07, 0x06, 0x27, 0x34,
	0x27, 0x07, 0x26, 0x23, 0x26, 0x37, 0x17, 0x36, 0x37, 0x17, 0x37, 0x07,
	0x16, 0x23, 0x22, 0x37, 0x0F, 0x01, 0x27, 0x06, 0x15, 0x23, 0x3E, 0x01,
	0x17, 0x06, 0x17, 0x36, 0x37, 0x16, 0x37, 0x16, 0x17, 0x0E, 0x01, 0x23,
	0x26, 0x37, 0x36, 0x27, 0x06, 0x07, 0x27, 0x06, 0x23, 0x36, 0x27, 0x23,
	0x26, 0x36, 0x32, 0x37, 0x2E, 0x01, 0x35, 0x34, 0x37, 0x32, 0x37, 0x30,
	0x27, 0x37, 0x16, 0x33, 0x16, 0x17, 0x26, 0x27, 0x26, 0x27, 0x07, 0x16,
	0x15, 0x06, 0x27, 0x26, 0x35, 0x16, 0x36, 0x33, 0x32, 0x1F, 0x01, 0x16,
	0x15, 0x14, 0x37, 0x16, 0x15, 0x14, 0x07, 0x06, 0x07, 0x0E, 0x01, 0x07,
	0x06, 0x23, 0x22, 0x27, 0x0E, 0x01, 0x07, 0x16, 0x15, 0x14, 0x07, 0x06,
	0x17, 0x16, 0x15, 0x14, 0x07, 0x1E, 0x01, 0x17, 0x16, 0x17, 0x16, 0x33,
	0x32, 0x37, 0x16, 0x15, 0x0E, 0x01, 0x07, 0x06, 0x27, 0x2E, 0x01, 0x27,
	0x34, 0x36, 0x35, 0x34, 0x27, 0x26, 0x36, 0x27, 0x36, 0x37, 0x34, 0x27,
	0x26, 0x27, 0x36, 0x37, 0x26, 0x27, 0x26, 0x35, 0x36, 0x33, 0x32, 0x17,
	0x16, 0x37, 0x26, 0x35, 0x37, 0x26, 0x27, 0x26, 0x3F, 0x01, 0x26, 0x35,
	0x34, 0x36, 0x35, 0x16, 0x37, 0x06, 0x07, 0x06, 0x07, 0x06, 0x15, 0x14,
	0x16, 0x17, 0x36, 0x33, 0x32, 0x1F, 0x01, 0x36, 0x27, 0x26, 0x23, 0x22,
	0x23, 0x26, 0x36, 0x17, 0x36, 0x17, 0x06, 0x07, 0x06, 0x15, 0x14, 0x17,
	0x32, 0x33, 0x32, 0x37, 0x26, 0x31, 0x37, 0x26, 0x27, 0x36, 0x35, 0x16,
	0x37, 0x36, 0x37, 0x36, 0x27, 0x26, 0x0F, 0x01, 0x26, 0x31, 0x37, 0x26,
	0x06, 0x27, 0x06, 0x15, 0x26, 0x37, 0x16, 0x37, 0x17, 0x37, 0x17, 0x37,
	0x16, 0x17, 0x06, 0x17, 0x36, 0x37, 0x17, 0x36, 0x33, 0x32, 0x16, 0x37,
	0x16, 0x07, 0x26, 0x27, 0x07, 0x27, 0x06, 0x07, 0x17, 0x36, 0x33, 0x32,
	0x17, 0x16, 0x17, 0x16, 0x07, 0x06, 0x0F, 0x01, 0x16, 0x17, 0x32, 0x37,
	0x06, 0x07, 0x06, 0x23, 0x22, 0x27, 0x07, 0x27, 0x06, 0x23, 0x22, 0x27,
	0x26, 0x07, 0x06, 0x17, 0x16, 0x33, 0x32, 0x37, 0x36, 0x27, 0x33, 0x16,
	0x06, 0x07, 0x16, 0x33, 0x32, 0x37, 0x36, 0x37, 0x17, 0x06, 0x07, 0x17,
	0x36, 0x37, 0x36, 0x3F, 0x01, 0x16, 0x06, 0x17, 0x36, 0x37, 0x36, 0x35,
	0x34, 0x2F, 0x01, 0x37, 0x32, 0x16, 0x17, 0x06, 0x27, 0x07, 0x17, 0x06,
	0x07, 0x16, 0x23, 0x33, 0x36, 0x07, 0x06, 0x23, 0x22, 0x27, 0x26, 0x37,
	0x26, 0x07, 0x06, 0x17, 0x16, 0x17, 0x16, 0x33, 0x32, 0x07, 0x26, 0x07,
	0x06, 0x17, 0x16, 0x17, 0x36, 0x17, 0x35, 0x26, 0x31, 0x15, 0x23, 0x26,
	0x27, 0x30, 0x07, 0x32, 0x17, 0x26, 0x27, 0x2E, 0x01, 0x07, 0x27, 0x07,
	0x26, 0x27, 0x07, 0x16, 0x15, 0x14, 0x06, 0x15, 0x14, 0x17, 0x26, 0x06,
	0x07, 0x16, 0x17, 0x16, 0x37, 0x16, 0x07, 0x06, 0x07, 0x06, 0x27, 0x16,
	0x37, 0x36, 0x01, 0xB6, 0x02, 0x03, 0x03, 0x04, 0x01, 0x03, 0x06, 0x02,
	0x0E, 0x04, 0x02, 0x05, 0x05, 0x09, 0x02, 0x04, 0x0A, 0x02, 0x02, 0x02,
	0x03, 0x01, 0x05, 0x2B, 0x58, 0x01, 0x03, 0x10, 0x05, 0x0F, 0x11, 0x03,
	0x01, 0x01, 0x11, 0x07, 0x03, 0x02, 0x06, 0x01, 0x03, 0x01, 0x02, 0x08,
	0x02, 0x02, 0x01, 0x08, 0x02, 0x02, 0x07, 0x01, 0x08, 0x02, 0x06, 0x0E,
	0x05, 0x01, 0x06, 0x02, 0x02, 0x13, 0x57, 0x03, 0x05, 0x0A, 0x0E, 0x07,
	0x02, 0x0C, 0x0D, 0x0A, 0x03, 0x06, 0x20, 0x05, 0x8F, 0x31, 0x05, 0x01,
	0x03, 0x02, 0x01, 0x06, 0x03, 0x06, 0x01, 0x01, 0x02, 0x05, 0x07, 0x05,
	0x09, 0x01, 0x06, 0x02, 0x10, 0x02, 0x02, 0x01, 0x06, 0x02, 0x02, 0x01,
	0x06, 0x02, 0x02, 0x01, 0x03, 0x03, 0x1A, 0x01, 0x06, 0x04, 0x03, 0x04,
	0x03, 0x03, 0x04, 0x04, 0x03, 0x02, 0x05, 0x03, 0x01, 0x01, 0x03, 0x04,
	0x06, 0x06, 0x02, 0x07, 0x22, 0x01, 0x06, 0x04, 0x02, 0x53, 0x03, 0x06,
	0x03, 0x06, 0x01, 0x04, 0x04, 0x01, 0x03, 0x01, 0x01, 0x02, 0x03, 0x06,
	0x34, 0x04, 0x06, 0x05, 0x05, 0x10, 0x01, 0x60, 0x04, 0x07, 0x05, 0x01,
	0x06, 0x01, 0x03, 0x07, 0x01, 0x05, 0x05, 0x03, 0x02, 0x10, 0x02, 0x01,
	0x03, 0x09, 0x03, 0x07, 0x04, 0x02, 0x42, 0x04, 0x01, 0x02, 0x0E, 0x02,
	0x05, 0x04, 0x08, 0x04, 0x06, 0x06, 0x03, 0x02, 0x03, 0x09, 0x05, 0x97,
	0x02, 0x46, 0x1E, 0x21, 0x0E, 0x45, 0x10, 0x15, 0x15, 0x2D, 0x24, 0x04,
	0x01, 0x01, 0x0C, 0x08, 0x01, 0x01, 0x03, 0x05, 0x0B, 0x0D, 0x08, 0x02,
	0x03, 0x02, 0x0A, 0x04, 0x06, 0x02, 0x05, 0x23, 0x03, 0x0D, 0x09, 0x05,
	0x21, 0x0E, 0x18, 0x04, 0x01, 0x13, 0x02, 0x0A, 0x0A, 0x03, 0x01, 0x0C,
	0x04, 0x0A, 0x16, 0x16, 0x18, 0x10, 0x21, 0x11, 0x36, 0x30, 0x18, 0x09,
	0x07, 0x0B, 0x0C, 0x03, 0x2E, 0x20, 0x05, 0x09, 0x08, 0x04, 0x16, 0x07,
	0x12, 0x17, 0x10, 0x14, 0x02, 0x07, 0x08, 0x08, 0x07, 0x07, 0x0B, 0x03,
	0x02, 0x07, 0x07, 0x06, 0x01, 0x04, 0x04, 0x11, 0x05, 0x03, 0x0A, 0x01,
	0x10, 0x13, 0x12, 0x15, 0x0D, 0x07, 0x04, 0x06, 0x07, 0x02, 0x07, 0x09,
	0x01, 0x17, 0x0F, 0x03, 0x0D, 0x13, 0x0D, 0x09, 0x14, 0x04, 0x14, 0x05,
	0x03, 0x08, 0x02, 0x01, 0x03, 0x05, 0x04, 0x05, 0x04, 0x04, 0x08, 0x01,
	0x03, 0x02, 0x10, 0x02, 0x02, 0x01, 0x01, 0x07, 0x03, 0x01, 0x04, 0x01,
	0x05, 0x03, 0x06, 0x17, 0x05, 0x03, 0x12, 0x0C, 0x05, 0x05, 0x09, 0x03,
	0x03, 0x0F, 0x10, 0x02, 0x12, 0x04, 0x05, 0x01, 0x18, 0x0D, 0x39, 0x0C,
	0x0F, 0x0F, 0x0C, 0x02, 0x1B, 0x18, 0x26, 0x18, 0x17, 0x0E, 0x08, 0x07,
	0x09, 0x2D, 0x11, 0x09, 0x08, 0x1D, 0x02, 0x04, 0x02, 0x0A, 0x0C, 0x07,
	0x08, 0x33, 0x28, 0x02, 0x07, 0x03, 0x0D, 0x1E, 0x02, 0x2E, 0x13, 0x23,
	0x08, 0x05, 0x01, 0x0B, 0x01, 0x4C, 0x07, 0x01, 0x07, 0x07, 0x02, 0x05,
	0x06, 0x03, 0x01, 0x14, 0x02, 0x0E, 0x01, 0x02, 0x01, 0x03, 0x02, 0x03,
	0x5D, 0x15, 0x19, 0x19, 0x15, 0x09, 0x02, 0x0E, 0x0B, 0x0D, 0x04, 0x02,
	0x17, 0x0F, 0x11, 0x30, 0xE5, 0x1F, 0x1A, 0x03, 0x10, 0x04, 0x1C, 0x01,
	0x18, 0x07, 0x06, 0x02, 0x01, 0x09, 0x04, 0x3B, 0x0E, 0x04, 0x04, 0x0D,
	0x08, 0x02, 0x02, 0x01, 0x03, 0x05, 0x02, 0x08, 0x02, 0x0D, 0x04, 0x0B,
	0x0F, 0x0E, 0x11, 0x0B, 0x07, 0x09, 0x05, 0x06, 0x06, 0x04, 0x07, 0x09,
	0x06, 0x02, 0x0A, 0x04, 0x01, 0x02, 0x01, 0x06, 0x02, 0x04, 0x0B, 0x02,
	0x04, 0x02, 0x09, 0x02, 0x05, 0x03, 0x01, 0x01, 0x09, 0x12, 0x03, 0x01,
	0x05, 0x03, 0x04, 0x01, 0x05, 0x01, 0x05, 0x02, 0x03, 0x09, 0x05, 0x03,
	0x0E, 0x12, 0x07, 0x07, 0x06, 0x03, 0x04, 0x02, 0x03, 0x07, 0x07, 0x02,
	0x03, 0x07, 0x02, 0x02, 0x02, 0x02, 0x06, 0x02, 0x05, 0x03, 0x02, 0x0A,
	0x05, 0x02, 0x02, 0x02, 0x59, 0x53, 0x05, 0x01, 0x03, 0x12, 0x0C, 0x0B,
	0x01, 0x08, 0x02, 0x08, 0x05, 0x03, 0x30, 0x85, 0x02, 0x05, 0x08, 0x01,
	0x01, 0x06, 0x03, 0x04, 0x02, 0x07, 0x02, 0x08, 0x06, 0x04, 0x09, 0x02,
	0x02, 0x0E, 0x02, 0x04, 0x02, 0x07, 0x02, 0x04, 0x05, 0x03, 0x21, 0x02,
	0x06, 0x02, 0x0B, 0x02, 0x03, 0x02, 0x03, 0x02, 0x02, 0x04, 0x09, 0x03,
	0x04, 0x07, 0x05, 0x02, 0x0A, 0x03, 0x07, 0x0D, 0x08, 0x08, 0x09, 0x03,
	0x07, 0x03, 0x01, 0x04, 0x0A, 0x01, 0x04, 0x07, 0x03, 0x06, 0x01, 0x03,
	0x06, 0x49, 0x01, 0x11, 0x0E, 0x06, 0x01, 0x53, 0x02, 0x05, 0x09, 0x02,
	0x03, 0x04, 0x04, 0x02, 0x03, 0x01, 0x03, 0x04, 0x02, 0x03, 0x03, 0x02,
	0x07, 0x03, 0x1A, 0x6F, 0x05, 0x1C, 0x14, 0x05, 0x02, 0x04, 0x07, 0x06,
	0x01, 0x02, 0x0C, 0x02, 0x0C, 0x01, 0x07, 0x0A, 0x11, 0x1D, 0x51, 0x16,
	0x14, 0x74, 0x32, 0x0D, 0x17, 0x05, 0x0E, 0x08, 0x05, 0x12, 0x02, 0x0E,
	0x02, 0x08, 0x0A, 0x07, 0x04, 0x09, 0x0D, 0x11, 0x04, 0x0A, 0x08, 0x01,
	0x1E, 0x03, 0x03, 0x15, 0x10, 0x02, 0x02, 0x05, 0x06, 0x0A, 0x0B, 0x0B,
	0x06, 0x0F, 0x04, 0x02, 0x07, 0x11, 0x07, 0x05, 0x07, 0x07, 0x16, 0x09,
	0x04, 0x17, 0x01, 0x1E, 0x12, 0x05, 0x0C, 0x18, 0x10, 0x0F, 0x13, 0x19,
	0x13, 0x0C, 0x03, 0x12, 0x07, 0x1B, 0x09, 0x04, 0x11, 0x18, 0x1E, 0x29,
	0x03, 0x03, 0x04, 0x0B, 0x01, 0x03, 0x01, 0x26, 0x09, 0x18, 0x0A, 0x0C,
	0x12, 0x07, 0x0A, 0x03, 0x03, 0x03, 0x07, 0x0C, 0x06, 0x07, 0x03, 0x05,
	0x01, 0x03, 0x13, 0x11, 0x03, 0x03, 0x02, 0x03, 0x0A, 0x06, 0x09, 0x07,
	0x02, 0x07, 0x03, 0x02, 0x09, 0x02, 0x03, 0x1A, 0x12, 0x12, 0x12, 0x0D,
	0x0E, 0x07, 0x2D, 0x04, 0x04, 0x05, 0x01, 0x06, 0x07, 0x09, 0x01, 0x03,
	0x04, 0x04, 0x07, 0x07, 0x01, 0x01, 0x03, 0x04, 0x06, 0x01, 0x02, 0x02,
	0x06, 0x01, 0x03, 0x06, 0x02, 0x01, 0x03, 0x07, 0x1F, 0x13, 0x02, 0x10,
	0x02, 0x03, 0x0B, 0x0F, 0x0E, 0x11, 0x0A, 0x10, 0x03, 0x0B, 0x10, 0x25,
	0x13, 0x03, 0x03, 0x03, 0x0E, 0x10, 0x07, 0x02, 0x16, 0x26, 0x11, 0x14,
	0x02, 0x14, 0x25, 0x10, 0x18, 0x11, 0x01, 0x3C, 0x05, 0x06, 0x02, 0x13,
	0x21, 0x02, 0x09, 0x09, 0x11, 0x21, 0x04, 0x05, 0x16, 0x04, 0x1F, 0x7A,
	0x15, 0x14, 0x19, 0x0D, 0x05, 0x04, 0x09, 0x04, 0x06, 0x59, 0x09, 0x10,
	0x01, 0x01, 0x04, 0x01, 0xD6, 0x05, 0x05, 0x0E, 0x07, 0x0A, 0x06, 0x06,
	0x13, 0x0A, 0x0C, 0x05, 0x02, 0x08, 0x0F, 0x13, 0x10, 0x03, 0x14, 0x17,
	0xA6, 0x02, 0x05, 0x07, 0x01, 0x06, 0x0B, 0x3B, 0x01, 0x14, 0x18, 0x0A,
	0x03, 0x02, 0x14, 0x06, 0x0C, 0x03, 0x02, 0x02, 0x03, 0x0A, 0x03, 0x02,
	0x02, 0x01, 0x1D, 0x02, 0x02, 0x01, 0x03, 0x06, 0x07, 0x04, 0x02, 0x02,
	0x02, 0x04, 0x09, 0x02, 0x06, 0x00, 0x00, 0x0F, 0x00, 0x00, 0x00, 0x00,
	0x03, 0x42, 0x03, 0x20, 0x00, 0xC3, 0x00, 0xDE, 0x01, 0x00, 0x01, 0x18,
	0x01, 0x37, 0x01, 0x53, 0x01, 0x6D, 0x01, 0x7F, 0x01, 0x9A, 0x01, 0xB4,
	0x01, 0xD0, 0x01, 0xF4, 0x02, 0x10, 0x02, 0x29, 0x02, 0x42, 0x00, 0x00,
	0x01, 0x06, 0x07, 0x16, 0x17, 0x32, 0x27, 0x26, 0x07, 0x16, 0x17, 0x06,
	0x07, 0x06, 0x23, 0x22, 0x27, 0x06, 0x17, 0x16, 0x17, 0x26, 0x27, 0x06,
	0x1F, 0x01, 0x26, 0x27, 0x26, 0x27, 0x06, 0x15, 0x16, 0x07, 0x26, 0x27,
	0x0E, 0x01, 0x07, 0x34, 0x17, 0x26, 0x27, 0x06, 0x07, 0x34, 0x27, 0x06,
	0x07, 0x06, 0x07, 0x26, 0x2F, 0x01, 0x30, 0x27, 0x26, 0x37, 0x26, 0x07,
	0x06, 0x07, 0x30, 0x07, 0x36, 0x37, 0x26, 0x07, 0x06, 0x31, 0x06, 0x07,
	0x22, 0x26, 0x27, 0x26, 0x35, 0x34, 0x37, 0x26, 0x23, 0x22, 0x06, 0x23,
	0x36, 0x37, 0x26, 0x23, 0x22, 0x07, 0x36, 0x37, 0x36, 0x37, 0x26, 0x27,
	0x36, 0x37, 0x26, 0x07, 0x36, 0x37, 0x36, 0x37, 0x26, 0x27, 0x26, 0x27,
	0x36, 0x17, 0x16, 0x33, 0x16, 0x37, 0x26, 0x27, 0x36, 0x33, 0x32, 0x17,
	0x36, 0x35, 0x34, 0x26, 0x35, 0x16, 0x17, 0x3E, 0x01, 0x37, 0x36, 0x35,
	0x34, 0x27, 0x36, 0x17, 0x16, 0x33, 0x16, 0x17, 0x3E, 0x01, 0x37, 0x16,
	0x17, 0x36, 0x35, 0x34, 0x2F, 0x01, 0x16, 0x17, 0x16, 0x17, 0x36, 0x37,
	0x0E, 0x01, 0x07, 0x16, 0x33, 0x36, 0x37, 0x36, 0x37, 0x16, 0x17, 0x06,
	0x07, 0x16, 0x33, 0x32, 0x37, 0x06, 0x07, 0x06, 0x31, 0x16, 0x33, 0x32,
	0x37, 0x17, 0x16, 0x15, 0x14, 0x0F, 0x01, 0x16, 0x17, 0x16, 0x17, 0x06,
	0x07, 0x16, 0x33, 0x32, 0x27, 0x36, 0x35, 0x34, 0x27, 0x07, 0x06, 0x07,
	0x06, 0x07, 0x06, 0x15, 0x14, 0x37, 0x3E, 0x01, 0x37, 0x16, 0x15, 0x14,
	0x06, 0x07, 0x16, 0x17, 0x36, 0x37, 0x36, 0x17, 0x06, 0x07, 0x06, 0x23,
	0x22, 0x26, 0x23, 0x22, 0x07, 0x17, 0x36, 0x33, 0x32, 0x16, 0x33, 0x32,
	0x37, 0x36, 0x17, 0x06, 0x07, 0x06, 0x07, 0x06, 0x15, 0x14, 0x17, 0x3E,
	0x01, 0x37, 0x36, 0x35, 0x34, 0x25, 0x26, 0x27, 0x16, 0x15, 0x14, 0x06,
	0x07, 0x33, 0x3E, 0x01, 0x3F, 0x01, 0x16, 0x15, 0x14, 0x07, 0x1E, 0x01,
	0x17, 0x26, 0x36, 0x35, 0x34, 0x01, 0x06, 0x23, 0x22, 0x26, 0x23, 0x15,
	0x36, 0x17, 0x30, 0x17, 0x16, 0x17, 0x06, 0x23, 0x22, 0x27, 0x26, 0x27,
	0x06, 0x07, 0x06, 0x31, 0x36, 0x33, 0x32, 0x16, 0x33, 0x32, 0x37, 0x36,
	0x01, 0x2E, 0x01, 0x27, 0x26, 0x27, 0x16, 0x15, 0x14, 0x07, 0x06, 0x17,
	0x16, 0x33, 0x32, 0x36, 0x37, 0x26, 0x35, 0x34, 0x36, 0x35, 0x16, 0x17,
	0x16, 0x1F, 0x01, 0x16, 0x01, 0x26, 0x27, 0x26, 0x27, 0x07, 0x36, 0x17,
	0x1E, 0x01, 0x17, 0x22, 0x07, 0x06, 0x27, 0x26, 0x27, 0x26, 0x07, 0x16,
	0x17, 0x16, 0x17, 0x16, 0x33, 0x32, 0x27, 0x2E, 0x01, 0x27, 0x26, 0x23,
	0x22, 0x07, 0x0E, 0x01, 0x15, 0x14, 0x17, 0x16, 0x33, 0x32, 0x37, 0x36,
	0x01, 0x06, 0x27, 0x26, 0x27, 0x26, 0x23, 0x22, 0x07, 0x16, 0x17, 0x16,
	0x17, 0x16, 0x17, 0x16, 0x37, 0x26, 0x27, 0x26, 0x27, 0x37, 0x36, 0x17,
	0x16, 0x17, 0x16, 0x01, 0x26, 0x27, 0x26, 0x27, 0x26, 0x27, 0x07, 0x16,
	0x17, 0x16, 0x17, 0x14, 0x16, 0x07, 0x26, 0x27, 0x26, 0x27, 0x26, 0x07,
	0x16, 0x17, 0x16, 0x17, 0x16, 0x01, 0x06, 0x27, 0x26, 0x23, 0x22, 0x07,
	0x16, 0x17, 0x16, 0x17, 0x16, 0x37, 0x36, 0x35, 0x34, 0x27, 0x06, 0x23,
	0x22, 0x26, 0x27, 0x36, 0x33, 0x32, 0x16, 0x33, 0x36, 0x01, 0x26, 0x23,
	0x22, 0x07, 0x16, 0x15, 0x14, 0x06, 0x15, 0x16, 0x07, 0x26, 0x27, 0x26,
	0x35, 0x34, 0x36, 0x35, 0x34, 0x27, 0x23, 0x06, 0x07, 0x06, 0x15, 0x14,
	0x17, 0x16, 0x17, 0x26, 0x35, 0x34, 0x36, 0x35, 0x34, 0x25, 0x26, 0x27,
	0x06, 0x23, 0x22, 0x27, 0x06, 0x27, 0x36, 0x37, 0x36, 0x37, 0x36, 0x35,
	0x34, 0x27, 0x0E, 0x01, 0x07, 0x06, 0x07, 0x36, 0x33, 0x32, 0x16, 0x33,
	0x36, 0x17, 0x36, 0x35, 0x34, 0x27, 0x26, 0x27, 0x06, 0x07, 0x06, 0x07,
	0x27, 0x26, 0x36, 0x27, 0x2E, 0x01, 0x27, 0x0E, 0x01, 0x15, 0x14, 0x17,
	0x3E, 0x01, 0x2F, 0x01, 0x06, 0x07, 0x06, 0x07, 0x26, 0x37, 0x36, 0x37,
	0x36, 0x35, 0x34, 0x27, 0x07, 0x0E, 0x01, 0x07, 0x06, 0x15, 0x14, 0x17,
	0x36, 0x37, 0x36, 0x03, 0x42, 0x1E, 0x43, 0x0A, 0x1E, 0x05, 0x24, 0x16,
	0x0C, 0x15, 0x1F, 0x01, 0x10, 0x16, 0x1D, 0x15, 0x10, 0x01, 0x05, 0x04,
	0x0D, 0x17, 0x2E, 0x03, 0x09, 0x13, 0x2C, 0x14, 0x22, 0x10, 0x07, 0x01,
	0x02, 0x15, 0x18, 0x07, 0x05, 0x02, 0x04, 0x45, 0x18, 0x1C, 0x10, 0x0A,
	0x17, 0x09, 0x10, 0x01, 0x0D, 0x08, 0x13, 0x03, 0x02, 0x03, 0x0D, 0x17,
	0x06, 0x0D, 0x0C, 0x0B, 0x14, 0x05, 0x07, 0x0D, 0x21, 0x0D, 0x06, 0x03,
	0x02, 0x04, 0x11, 0x0A, 0x10, 0x07, 0x1F, 0x08, 0x14, 0x2D, 0x18, 0x1C,
	0x1E, 0x15, 0x0A, 0x0A, 0x0F, 0x18, 0x0B, 0x2E, 0x17, 0x2D, 0x27, 0x25,
	0x04, 0x13, 0x11, 0x3B, 0x04, 0x12, 0x0D, 0x0D, 0x03, 0x05, 0x06, 0x02,
	0x2A, 0x1E, 0x12, 0x1E, 0x1A, 0x27, 0x25, 0x1A, 0x04, 0x08, 0x14, 0x20,
	0x09, 0x07, 0x03, 0x03, 0x0F, 0x08, 0x0C, 0x11, 0x05, 0x2E, 0x0F, 0x0D,
	0x10, 0x07, 0x03, 0x09, 0x26, 0x02, 0x02, 0x24, 0x1B, 0x01, 0x0E, 0x09,
	0x2B, 0x05, 0x04, 0x03, 0x02, 0x0A, 0x05, 0x0A, 0x1A, 0x08, 0x23, 0x01,
	0x02, 0x09, 0x08, 0x09, 0x08, 0x28, 0x0E, 0x0F, 0x19, 0x10, 0x10, 0x2F,
	0x24, 0x05, 0x01, 0x27, 0x0D, 0x0C, 0x16, 0x12, 0x12, 0x1B, 0x31, 0x1B,
	0x24, 0x12, 0x97, 0x02, 0x1D, 0x08, 0x0A, 0x25, 0x29, 0x0B, 0x05, 0x13,
	0x06, 0x4D, 0x08, 0x06, 0x2F, 0x01, 0x06, 0x0D, 0x04, 0x1B, 0x16, 0x77,
	0x04, 0x1B, 0x0F, 0x16, 0x09, 0x27, 0x09, 0x19, 0x10, 0x0F, 0x0F, 0x1A,
	0x08, 0x24, 0x08, 0x09, 0x07, 0x06, 0x0B, 0x09, 0x1D, 0x19, 0x19, 0x10,
	0x03, 0x0D, 0x40, 0x0E, 0x24, 0xFE, 0xF6, 0x13, 0x26, 0x06, 0x46, 0x03,
	0x22, 0x02, 0x19, 0x0D, 0x12, 0x10, 0x0B, 0x01, 0x15, 0x03, 0x01, 0x0C,
	0x01, 0x24, 0x0A, 0x0A, 0x1B, 0x59, 0x1A, 0x07, 0x10, 0x2B, 0x18, 0x16,
	0x0F, 0x1F, 0x0D, 0x16, 0x1B, 0x06, 0x06, 0x02, 0x03, 0x09, 0x09, 0x0C,
	0x2E, 0x0C, 0x0D, 0x0B, 0x29, 0xFE, 0x5C, 0x07, 0x07, 0x07, 0x10, 0x3C,
	0x09, 0x11, 0x0B, 0x0D, 0x02, 0x05, 0x03, 0x10, 0x03, 0x0D, 0x16, 0x15,
	0x07, 0x05, 0x05, 0x06, 0x0F, 0x01, 0x7D, 0x13, 0x20, 0x1A, 0x23, 0x0C,
	0x06, 0x08, 0x0E, 0x25, 0x0F, 0x09, 0x11, 0x12, 0x14, 0x1B, 0x06, 0x15,
	0x0F, 0x10, 0x13, 0x1B, 0x07, 0x14, 0x1B, 0x25, 0x71, 0x02, 0x3F, 0x33,
	0x28, 0x2D, 0x21, 0x1D, 0x3B, 0x4C, 0x65, 0x2B, 0x39, 0x46, 0x2D, 0x56,
	0xFE, 0xA9, 0x11, 0x15, 0x13, 0x26, 0x0D, 0x0F, 0x1E, 0x1C, 0x16, 0x0E,
	0x0C, 0x0B, 0x19, 0x1E, 0x08, 0x04, 0x1F, 0x12, 0x19, 0x08, 0x04, 0x1C,
	0x1E, 0x26, 0x0C, 0x12, 0x01, 0x60, 0x07, 0x0A, 0x04, 0x04, 0x05, 0x18,
	0x18, 0x17, 0x05, 0x02, 0x02, 0x06, 0x02, 0x1D, 0x12, 0x1C, 0x05, 0x11,
	0x08, 0x0C, 0x0B, 0x10, 0x03, 0x19, 0xFE, 0xB6, 0x0E, 0x31, 0x11, 0x12,
	0x37, 0x34, 0x0B, 0x13, 0x1D, 0x1D, 0x22, 0x22, 0x15, 0x02, 0x0E, 0x0C,
	0x14, 0x3A, 0x12, 0x11, 0x1A, 0x0F, 0x40, 0x0F, 0x05, 0x01, 0x11, 0x05,
	0x0C, 0x04, 0x04, 0x04, 0x22, 0x03, 0x03, 0x0A, 0x0F, 0x05, 0x08, 0x05,
	0x11, 0x01, 0x06, 0x04, 0x02, 0x14, 0x3F, 0x05, 0x1F, 0xFE, 0xE9, 0x02,
	0x09, 0x0F, 0x17, 0x0C, 0x3B, 0x07, 0x0E, 0x0B, 0x21, 0x1C, 0x1D, 0x18,
	0x01, 0x0C, 0x29, 0x12, 0x43, 0x1E, 0x11, 0x15, 0x10, 0x41, 0x12, 0x23,
	0xB7, 0x04, 0x0A, 0x0F, 0x02, 0x02, 0x20, 0x31, 0x05, 0x04, 0x02, 0x2D,
	0x01, 0x02, 0x13, 0x02, 0x02, 0x2F, 0x24, 0x09, 0x59, 0x5C, 0x15, 0x0C,
	0x2A, 0x32, 0x0E, 0x02, 0x1F, 0x1B, 0x1B, 0x02, 0x0B, 0x15, 0x0F, 0x21,
	0x09, 0x13, 0x0B, 0x11, 0x3D, 0x3A, 0x01, 0x90, 0x52, 0x04, 0x17, 0x1C,
	0x04, 0x02, 0x06, 0x34, 0x11, 0x08, 0x05, 0x0D, 0x09, 0x06, 0x1A, 0x0D,
	0x19, 0x0C, 0x12, 0x1A, 0x1F, 0x26, 0x01, 0x05, 0x08, 0x1A, 0x0A, 0x15,
	0x19, 0x07, 0x20, 0x19, 0x01, 0x18, 0x03, 0x02, 0x32, 0x07, 0x38, 0x16,
	0x1C, 0x1B, 0x33, 0x12, 0x0A, 0x12, 0x12, 0x07, 0x0E, 0x22, 0x14, 0x0C,
	0x08, 0x03, 0x07, 0x03, 0x06, 0x06, 0x0F, 0x37, 0x03, 0x02, 0x03, 0x0F,
	0x15, 0x15, 0x02, 0x0F, 0x0F, 0x21, 0x15, 0x09, 0x05, 0x0A, 0x2D, 0x0C,
	0x0E, 0x1B, 0x1C, 0x1E, 0x0E, 0x0B, 0x0A, 0x0C, 0x18, 0x25, 0x02, 0x09,
	0x13, 0x10, 0x14, 0x0E, 0x0F, 0x0C, 0x0B, 0x03, 0x03, 0x04, 0x0A, 0x06,
	0x38, 0x0D, 0x17, 0x17, 0x09, 0x0C, 0x09, 0x23, 0x07, 0x22, 0x19, 0x07,
	0x1E, 0x0E, 0x07, 0x08, 0x15, 0x12, 0x03, 0x03, 0x04, 0x0C, 0x39, 0x08,
	0x24, 0x11, 0x25, 0x21, 0x1A, 0x2C, 0x08, 0x08, 0x0B, 0x05, 0x23, 0x01,
	0x2F, 0x02, 0x23, 0x0A, 0x2E, 0x09, 0x04, 0x03, 0x05, 0x1C, 0x17, 0x18,
	0x32, 0x11, 0x21, 0x03, 0x0B, 0x0B, 0x15, 0x23, 0x05, 0x22, 0x04, 0x0B,
	0x0B, 0x39, 0x1E, 0x07, 0x07, 0x04, 0x03, 0x03, 0x08, 0x1B, 0x11, 0xFF,
	0x08, 0x08, 0x1A, 0x28, 0x15, 0x18, 0x0F, 0x11, 0x10, 0x05, 0x06, 0x11,
	0x01, 0x19, 0x1B, 0x17, 0x0B, 0x0B, 0x12, 0x3B, 0x12, 0x07, 0x0A, 0x0D,
	0x21, 0x1C, 0x33, 0x05, 0x10, 0x09, 0x04, 0x0C, 0x17, 0x0D, 0x04, 0x01,
	0x05, 0x03, 0x17, 0x0E, 0x0B, 0x0B, 0x13, 0x02, 0x04, 0x04, 0x09, 0x0F,
	0x0A, 0x19, 0x39, 0x0A, 0xB7, 0x23, 0x0A, 0x0E, 0x0C, 0x19, 0x4A, 0x17,
	0x11, 0x1D, 0x0D, 0x2A, 0x11, 0x1B, 0x0F, 0x30, 0x08, 0x03, 0x06, 0x10,
	0x3D, 0x0D, 0x14, 0xFE, 0xAB, 0x02, 0x27, 0x13, 0x01, 0x03, 0x1B, 0x10,
	0x03, 0x11, 0x03, 0x05, 0x01, 0x04, 0x09, 0x0F, 0x02, 0x06, 0x02, 0x08,
	0x01, 0x3A, 0x0E, 0x41, 0x0E, 0x21, 0x09, 0x10, 0x14, 0x10, 0x3C, 0x26,
	0x14, 0x07, 0x0C, 0x01, 0x10, 0x13, 0x0E, 0x3D, 0x10, 0x0D, 0x1F, 0x1A,
	0x1B, 0x06, 0x02, 0xFE, 0x44, 0x0D, 0x36, 0x2E, 0x09, 0x1A, 0x01, 0x07,
	0x0B, 0x3C, 0x0B, 0x02, 0x03, 0x11, 0x17, 0x03, 0x09, 0x16, 0x05, 0x0E,
	0x13, 0x04, 0x0A, 0xF4, 0x38, 0x5B, 0x17, 0x13, 0x0A, 0x14, 0x6A, 0x3E,
	0x76, 0x38, 0x18, 0x22, 0x43, 0x01, 0x1F, 0x01, 0x21, 0x25, 0x0B, 0x04,
	0x0F, 0x0E, 0x21, 0x1D, 0x1D, 0x1D, 0x04, 0x01, 0x0F, 0x08, 0x27, 0x36,
	0x09, 0x04, 0x02, 0x1B, 0x24, 0x04, 0x08, 0xFD, 0xE6, 0x0C, 0x1A, 0x24,
	0x24, 0x2B, 0x14, 0x11, 0x0F, 0x21, 0x1C, 0x1D, 0x02, 0x0E, 0x03, 0x06,
	0x24, 0x33, 0x06, 0x01, 0x05, 0x0F, 0x19, 0x25, 0x05, 0x2F, 0x01, 0xE0,
	0x01, 0x12, 0x06, 0x34, 0x01, 0x08, 0x15, 0x15, 0x15, 0x04, 0x09, 0x08,
	0x03, 0x04, 0x08, 0x36, 0x02, 0x15, 0x13, 0x08, 0xFE, 0x9F, 0x0F, 0x02,
	0x0B, 0x0B, 0x10, 0x3C, 0x12, 0x03, 0x06, 0x09, 0x15, 0x09, 0x0C, 0x08,
	0x24, 0x09, 0x0B, 0x0A, 0x07, 0x20, 0x17, 0x0F, 0x0C, 0x0A, 0x39, 0x09,
	0x0D, 0x0C, 0x14, 0x47, 0x15, 0x07, 0xAA, 0x09, 0x10, 0x11, 0x13, 0x03,
	0x03, 0x1B, 0x08, 0x05, 0x05, 0x07, 0x18, 0x04, 0x05, 0x0A, 0x06, 0x03,
	0x04, 0x66, 0x0D, 0x13, 0x01, 0x90, 0x06, 0x03, 0x06, 0x03, 0x04, 0x01,
	0x1F, 0x15, 0x20, 0x06, 0x04, 0x15, 0x40, 0x14, 0x06, 0x0A, 0x03, 0x16,
	0x43, 0x15, 0x21, 0x26, 0x1E, 0x41, 0x5C, 0x13, 0x1B, 0x06, 0x06, 0x0D,
	0x1C, 0x18, 0x13, 0x13, 0x04, 0x04, 0x06, 0x10, 0x16, 0x09, 0x14, 0x0D,
	0x1A, 0x23, 0x18, 0x10, 0x1A, 0x09, 0x08, 0x00, 0x00, 0x82, 0x00, 0x00,
	0x00, 0x00, 0x02, 0xB1, 0x03, 0x20, 0x00, 0x06, 0x00, 0x0F, 0x01, 0xB5,
	0x01, 0xBC, 0x01, 0xC5, 0x01, 0xCD, 0x01, 0xD6, 0x01, 0xDD, 0x01, 0xE5,
	0x01, 0xEA, 0x01, 0xF7, 0x02, 0x00, 0x02, 0x06, 0x02, 0x12, 0x02, 0x1C,
	0x02, 0x28, 0x02, 0x2F, 0x02, 0x39, 0x02, 0x40, 0x02, 0x44, 0x02, 0x4E,
	0x02, 0x50, 0x02, 0x5A, 0x02, 0x66, 0x02, 0x6D, 0x02, 0x6F, 0x02, 0x78,
	0x02, 0x80, 0x02, 0x8A, 0x02, 0x96, 0x02, 0x9C, 0x02, 0xA4, 0x02, 0xAD,
	0x02, 0xB5, 0x02, 0xBF, 0x02, 0xC6, 0x02, 0xCA, 0x02, 0xD1, 0x02, 0xDA,
	0x02, 0xE1, 0x02, 0xF4, 0x03, 0x06, 0x03, 0x10, 0x03, 0x35, 0x03, 0x3D,
	0x03, 0x43, 0x03, 0x4C, 0x03, 0x4F, 0x03, 0x55, 0x03, 0x5F, 0x03, 0x6A,
	0x03, 0x7C, 0x03, 0x83, 0x03, 0x8D, 0x03, 0x91, 0x03, 0x99, 0x03, 0xA1,
	0x03, 0xA7, 0x03, 0xBB, 0x03, 0xC2, 0x03, 0xCE, 0x03, 0xD3, 0x04, 0x76,
	0x04, 0x7C, 0x04, 0x83, 0x04, 0x8D, 0x04, 0x96, 0x04, 0x9C, 0x04, 0xA3,
	0x04, 0xAB, 0x04, 0xB5, 0x04, 0xBF, 0x04, 0xC4, 0x04, 0xCB, 0x04, 0xD4,
	0x04, 0xE3, 0x04, 0xF4, 0x05, 0x01, 0x05, 0x0D, 0x05, 0x1D, 0x05, 0x24,
	0x05, 0x2A, 0x05, 0x2F, 0x05, 0x39, 0x05, 0x40, 0x05, 0x4A, 0x05, 0x5E,
	0x05, 0x67, 0x05, 0x73, 0x05, 0x82, 0x05, 0x90, 0x05, 0x96, 0x05, 0xA6,
	0x05, 0xAE, 0x05, 0xB5, 0x05, 0xBD, 0x05, 0xC3, 0x05, 0xCA, 0x05, 0xD5,
	0x05, 0xE6, 0x05, 0xED, 0x05, 0xF6, 0x05, 0xFB, 0x06, 0x09, 0x06, 0x14,
	0x06, 0x1C, 0x06, 0x21, 0x06, 0x29, 0x06, 0x33, 0x06, 0x39, 0x06, 0x47,
	0x06, 0x53, 0x06, 0x59, 0x06, 0x5F, 0x06, 0x68, 0x06, 0x74, 0x06, 0x88,
	0x06, 0x90, 0x06, 0x9F, 0x06, 0xB0, 0x06, 0xB6, 0x06, 0xC1, 0x06, 0xCD,
	0x06, 0xDD, 0x07, 0x07, 0x07, 0x1B, 0x07, 0x22, 0x07, 0x2E, 0x07, 0x3A,
	0x07, 0x42, 0x00, 0x00, 0x01, 0x07, 0x26, 0x37, 0x36, 0x37, 0x16, 0x27,
	0x06, 0x27, 0x26, 0x31, 0x37, 0x16, 0x07, 0x06, 0x17, 0x16, 0x06, 0x15,
	0x14, 0x17, 0x06, 0x07, 0x06, 0x31, 0x16, 0x15, 0x14, 0x06, 0x15, 0x06,
	0x07, 0x14, 0x16, 0x07, 0x22, 0x06, 0x23, 0x22, 0x27, 0x22, 0x06, 0x07,
	0x30, 0x27, 0x14, 0x07, 0x26, 0x07, 0x0E, 0x01, 0x27, 0x26, 0x27, 0x06,
	0x07, 0x2F, 0x01, 0x06, 0x07, 0x06, 0x26, 0x27, 0x06, 0x07, 0x27, 0x06,
	0x14, 0x07, 0x22, 0x27, 0x34, 0x27, 0x0E, 0x01, 0x27, 0x26, 0x27, 0x26,
	0x23, 0x22, 0x06, 0x23, 0x22, 0x2E, 0x01, 0x27, 0x30, 0x07, 0x06, 0x2F,
	0x01, 0x06, 0x23, 0x2E, 0x01, 0x23, 0x22, 0x07, 0x26, 0x27, 0x36, 0x27,
	0x06, 0x31, 0x26, 0x23, 0x22, 0x07, 0x22, 0x26, 0x23, 0x22, 0x07, 0x27,
	0x36, 0x27, 0x06, 0x27, 0x36, 0x37, 0x26, 0x27, 0x36, 0x37, 0x06, 0x27,
	0x26, 0x35, 0x36, 0x37, 0x26, 0x27, 0x37, 0x26, 0x27, 0x37, 0x26, 0x27,
	0x34, 0x36, 0x35, 0x34, 0x27, 0x26, 0x27, 0x37, 0x2E, 0x01, 0x27, 0x3E,
	0x01, 0x37, 0x26, 0x35, 0x34, 0x36, 0x27, 0x36, 0x37, 0x2E, 0x01, 0x35,
	0x34, 0x37, 0x36, 0x37, 0x36, 0x3F, 0x01, 0x36, 0x37, 0x36, 0x17, 0x16,
	0x17, 0x30, 0x35, 0x26, 0x37, 0x32, 0x37, 0x17, 0x36, 0x37, 0x36, 0x17,
	0x32, 0x37, 0x16, 0x37, 0x36, 0x17, 0x30, 0x17, 0x36, 0x37, 0x1E, 0x01,
	0x17, 0x36, 0x37, 0x36, 0x31, 0x16, 0x17, 0x36, 0x35, 0x30, 0x37, 0x36,
	0x33, 0x32, 0x17, 0x14, 0x17, 0x36, 0x37, 0x36, 0x16, 0x17, 0x14, 0x17,
	0x26, 0x37, 0x16, 0x17, 0x36, 0x37, 0x16, 0x17, 0x37, 0x17, 0x36, 0x37,
	0x32, 0x37, 0x16, 0x15, 0x14, 0x07, 0x16, 0x36, 0x15, 0x14, 0x07, 0x1E,
	0x01, 0x15, 0x14, 0x07, 0x17, 0x06, 0x17, 0x1E, 0x01, 0x17, 0x16, 0x33,
	0x07, 0x14, 0x16, 0x07, 0x06, 0x07, 0x16, 0x07, 0x06, 0x07, 0x22, 0x27,
	0x0F, 0x01, 0x1E, 0x01, 0x17, 0x14, 0x16, 0x15, 0x14, 0x07, 0x06, 0x07,
	0x26, 0x2F, 0x01, 0x34, 0x37, 0x36, 0x15, 0x06, 0x27, 0x06, 0x07, 0x36,
	0x17, 0x15, 0x06, 0x07, 0x34, 0x27, 0x26, 0x37, 0x26, 0x36, 0x33, 0x35,
	0x26, 0x27, 0x07, 0x15, 0x16, 0x17, 0x0E, 0x01, 0x07, 0x26, 0x06, 0x23,
	0x22, 0x27, 0x34, 0x26, 0x35, 0x34, 0x37, 0x30, 0x37, 0x36, 0x27, 0x07,
	0x1E, 0x01, 0x15, 0x30, 0x07, 0x06, 0x27, 0x1E, 0x01, 0x15, 0x14, 0x06,
	0x07, 0x16, 0x17, 0x16, 0x07, 0x16, 0x17, 0x16, 0x07, 0x17, 0x06, 0x07,
	0x17, 0x07, 0x16, 0x37, 0x16, 0x07, 0x06, 0x17, 0x16, 0x06, 0x15, 0x14,
	0x16, 0x17, 0x16, 0x06, 0x15, 0x14, 0x17, 0x06, 0x17, 0x33, 0x06, 0x07,
	0x16, 0x0F, 0x01, 0x16, 0x17, 0x16, 0x37, 0x36, 0x15, 0x06, 0x17, 0x3E,
	0x01, 0x17, 0x16, 0x14, 0x33, 0x32, 0x37, 0x16, 0x17, 0x37, 0x17, 0x3E,
	0x01, 0x17, 0x1E, 0x01, 0x31, 0x32, 0x36, 0x17, 0x16, 0x15, 0x14, 0x06,
	0x17, 0x3E, 0x01, 0x17, 0x14, 0x17, 0x36, 0x31, 0x32, 0x17, 0x36, 0x37,
	0x1E, 0x01, 0x17, 0x36, 0x37, 0x16, 0x07, 0x06, 0x17, 0x36, 0x03, 0x27,
	0x26, 0x27, 0x07, 0x16, 0x17, 0x37, 0x35, 0x26, 0x27, 0x26, 0x06, 0x07,
	0x17, 0x36, 0x27, 0x26, 0x23, 0x22, 0x07, 0x06, 0x07, 0x36, 0x17, 0x26,
	0x07, 0x06, 0x07, 0x15, 0x16, 0x31, 0x32, 0x27, 0x26, 0x07, 0x06, 0x31,
	0x17, 0x36, 0x27, 0x26, 0x07, 0x30, 0x17, 0x16, 0x37, 0x36, 0x07, 0x36,
	0x27, 0x06, 0x07, 0x17, 0x34, 0x27, 0x22, 0x26, 0x23, 0x22, 0x0F, 0x01,
	0x1E, 0x01, 0x33, 0x32, 0x27, 0x36, 0x27, 0x14, 0x07, 0x06, 0x15, 0x14,
	0x17, 0x23, 0x36, 0x27, 0x07, 0x06, 0x07, 0x17, 0x27, 0x22, 0x26, 0x23,
	0x22, 0x07, 0x16, 0x17, 0x16, 0x33, 0x32, 0x27, 0x26, 0x35, 0x36, 0x27,
	0x06, 0x15, 0x14, 0x17, 0x36, 0x17, 0x36, 0x27, 0x26, 0x27, 0x26, 0x07,
	0x16, 0x17, 0x16, 0x33, 0x32, 0x27, 0x36, 0x26, 0x37, 0x30, 0x07, 0x1F,
	0x01, 0x22, 0x26, 0x23, 0x22, 0x07, 0x17, 0x30, 0x17, 0x16, 0x27, 0x26,
	0x27, 0x06, 0x07, 0x3E, 0x01, 0x17, 0x27, 0x07, 0x33, 0x27, 0x30, 0x27,
	0x06, 0x27, 0x06, 0x15, 0x32, 0x17, 0x16, 0x17, 0x07, 0x27, 0x06, 0x27,
	0x26, 0x23, 0x22, 0x07, 0x06, 0x33, 0x32, 0x27, 0x26, 0x27, 0x26, 0x23,
	0x22, 0x07, 0x06, 0x31, 0x06, 0x17, 0x16, 0x17, 0x32, 0x27, 0x22, 0x07,
	0x3E, 0x01, 0x17, 0x2F, 0x01, 0x26, 0x27, 0x26, 0x23, 0x22, 0x06, 0x07,
	0x1F, 0x01, 0x26, 0x07, 0x06, 0x31, 0x06, 0x07, 0x37, 0x27, 0x06, 0x27,
	0x26, 0x07, 0x32, 0x33, 0x16, 0x17, 0x36, 0x17, 0x26, 0x27, 0x2E, 0x01,
	0x07, 0x06, 0x15, 0x14, 0x17, 0x16, 0x1F, 0x01, 0x26, 0x07, 0x14, 0x17,
	0x36, 0x17, 0x27, 0x06, 0x15, 0x14, 0x16, 0x07, 0x36, 0x03, 0x23, 0x26,
	0x06, 0x07, 0x17, 0x37, 0x16, 0x1F, 0x01, 0x26, 0x2F, 0x01, 0x07, 0x06,
	0x17, 0x36, 0x17, 0x26, 0x27, 0x06, 0x15, 0x14, 0x16, 0x15, 0x3E, 0x01,
	0x27, 0x07, 0x36, 0x17, 0x36, 0x37, 0x36, 0x17, 0x07, 0x33, 0x36, 0x17,
	0x27, 0x26, 0x07, 0x16, 0x17, 0x36, 0x17, 0x23, 0x26, 0x07, 0x06, 0x31,
	0x16, 0x17, 0x36, 0x17, 0x26, 0x23, 0x22, 0x07, 0x17, 0x36, 0x01, 0x26,
	0x2F, 0x01, 0x22, 0x26, 0x23, 0x22, 0x06, 0x17, 0x16, 0x31, 0x36, 0x37,
	0x32, 0x16, 0x17, 0x37, 0x36, 0x13, 0x26, 0x27, 0x26, 0x27, 0x07, 0x30,
	0x17, 0x16, 0x17, 0x06, 0x07, 0x06, 0x31, 0x17, 0x36, 0x37, 0x36, 0x2F,
	0x01, 0x26, 0x27, 0x06, 0x15, 0x14, 0x17, 0x16, 0x1F, 0x01, 0x2E, 0x01,
	0x2F, 0x01, 0x26, 0x07, 0x16, 0x17, 0x27, 0x36, 0x37, 0x36, 0x27, 0x26,
	0x37, 0x36, 0x17, 0x14, 0x07, 0x16, 0x17, 0x26, 0x37, 0x30, 0x27, 0x36,
	0x17, 0x32, 0x17, 0x06, 0x07, 0x06, 0x17, 0x22, 0x17, 0x36, 0x01, 0x27,
	0x06, 0x07, 0x16, 0x17, 0x37, 0x36, 0x37, 0x07, 0x06, 0x07, 0x37, 0x36,
	0x27, 0x23, 0x26, 0x07, 0x06, 0x31, 0x16, 0x17, 0x36, 0x17, 0x07, 0x36,
	0x27, 0x34, 0x27, 0x06, 0x07, 0x16, 0x17, 0x26, 0x23, 0x22, 0x06, 0x0F,
	0x01, 0x36, 0x37, 0x36, 0x01, 0x27, 0x30, 0x27, 0x26, 0x07, 0x06, 0x1F,
	0x01, 0x3E, 0x01, 0x17, 0x26, 0x27, 0x26, 0x27, 0x14, 0x06, 0x15, 0x36,
	0x37, 0x16, 0x15, 0x14, 0x0F, 0x01, 0x36, 0x37, 0x36, 0x17, 0x26, 0x07,
	0x15, 0x36, 0x37, 0x36, 0x17, 0x26, 0x23, 0x06, 0x07, 0x06, 0x07, 0x16,
	0x17, 0x36, 0x27, 0x07, 0x33, 0x36, 0x27, 0x23, 0x06, 0x07, 0x17, 0x16,
	0x37, 0x36, 0x27, 0x26, 0x07, 0x16, 0x33, 0x16, 0x37, 0x36, 0x17, 0x27,
	0x06, 0x07, 0x16, 0x17, 0x01, 0x27, 0x36, 0x31, 0x26, 0x27, 0x06, 0x07,
	0x30, 0x07, 0x17, 0x35, 0x36, 0x33, 0x32, 0x16, 0x17, 0x35, 0x26, 0x36,
	0x17, 0x2E, 0x01, 0x0F, 0x01, 0x17, 0x36, 0x01, 0x27, 0x06, 0x26, 0x23,
	0x22, 0x07, 0x30, 0x17, 0x16, 0x33, 0x32, 0x17, 0x06, 0x07, 0x3E, 0x01,
	0x17, 0x06, 0x27, 0x26, 0x27, 0x06, 0x07, 0x06, 0x23, 0x22, 0x27, 0x35,
	0x36, 0x37, 0x16, 0x33, 0x36, 0x37, 0x26, 0x27, 0x26, 0x37, 0x06, 0x23,
	0x22, 0x27, 0x2E, 0x01, 0x35, 0x34, 0x37, 0x36, 0x33, 0x32, 0x17, 0x07,
	0x36, 0x37, 0x26, 0x27, 0x26, 0x37, 0x36, 0x37, 0x36, 0x37, 0x26, 0x2F,
	0x01, 0x06, 0x07, 0x16, 0x17, 0x36, 0x35, 0x34, 0x26, 0x35, 0x26, 0x37,
	0x16, 0x17, 0x37, 0x26, 0x37, 0x36, 0x37, 0x16, 0x17, 0x37, 0x36, 0x17,
	0x16, 0x17, 0x37, 0x17, 0x14, 0x06, 0x07, 0x17, 0x37, 0x36, 0x17, 0x14,
	0x07, 0x15, 0x37, 0x17, 0x06, 0x07, 0x17, 0x1E, 0x01, 0x17, 0x0E, 0x01,
	0x07, 0x17, 0x16, 0x07, 0x2E, 0x01, 0x23, 0x22, 0x07, 0x16, 0x17, 0x16,
	0x07, 0x27, 0x26, 0x07, 0x16, 0x07, 0x26, 0x27, 0x07, 0x06, 0x27, 0x06,
	0x07, 0x14, 0x07, 0x26, 0x35, 0x34, 0x36, 0x35, 0x37, 0x27, 0x06, 0x07,
	0x22, 0x27, 0x3E, 0x01, 0x37, 0x27, 0x06, 0x07, 0x06, 0x31, 0x27, 0x36,
	0x37, 0x26, 0x27, 0x26, 0x27, 0x26, 0x36, 0x37, 0x26, 0x27, 0x06, 0x15,
	0x14, 0x17, 0x16, 0x33, 0x32, 0x37, 0x36, 0x2F, 0x01, 0x0E, 0x01, 0x07,
	0x1F, 0x01, 0x26, 0x27, 0x17, 0x16, 0x17, 0x36, 0x27, 0x06, 0x07, 0x16,
	0x17, 0x36, 0x37, 0x36, 0x35, 0x34, 0x17, 0x22, 0x06, 0x07, 0x06, 0x17,
	0x16, 0x17, 0x36, 0x27, 0x26, 0x07, 0x16, 0x17, 0x32, 0x27, 0x26, 0x27,
	0x07, 0x16, 0x17, 0x36, 0x05, 0x30, 0x07, 0x06, 0x17, 0x06, 0x17, 0x36,
	0x17, 0x36, 0x27, 0x26, 0x23, 0x22, 0x07, 0x16, 0x17, 0x36, 0x01, 0x26,
	0x27, 0x06, 0x15, 0x14, 0x17, 0x16, 0x17, 0x30, 0x17, 0x27, 0x07, 0x17,
	0x16, 0x01, 0x34, 0x26, 0x27, 0x07, 0x17, 0x30, 0x01, 0x2F, 0x01, 0x17,
	0x16, 0x17, 0x16, 0x17, 0x36, 0x17, 0x06, 0x27, 0x26, 0x37, 0x07, 0x27,
	0x06, 0x07, 0x17, 0x16, 0x37, 0x16, 0x17, 0x36, 0x27, 0x34, 0x27, 0x07,
	0x06, 0x07, 0x16, 0x17, 0x26, 0x37, 0x17, 0x26, 0x37, 0x36, 0x33, 0x32,
	0x16, 0x17, 0x27, 0x06, 0x27, 0x26, 0x27, 0x26, 0x07, 0x16, 0x17, 0x32,
	0x33, 0x36, 0x01, 0x36, 0x27, 0x26, 0x31, 0x06, 0x07, 0x17, 0x16, 0x33,
	0x32, 0x36, 0x01, 0x27, 0x35, 0x32, 0x37, 0x26, 0x27, 0x0E, 0x01, 0x15,
	0x14, 0x17, 0x32, 0x16, 0x33, 0x32, 0x27, 0x2E, 0x01, 0x27, 0x06, 0x17,
	0x36, 0x17, 0x0E, 0x01, 0x07, 0x17, 0x36, 0x17, 0x26, 0x07, 0x17, 0x30,
	0x01, 0x06, 0x2F, 0x01, 0x06, 0x15, 0x14, 0x16, 0x07, 0x16, 0x01, 0x26,
	0x27, 0x15, 0x14, 0x17, 0x36, 0x01, 0x36, 0x27, 0x26, 0x35, 0x06, 0x07,
	0x16, 0x17, 0x16, 0x01, 0x2F, 0x01, 0x26, 0x23, 0x22, 0x07, 0x06, 0x0F,
	0x01, 0x16, 0x17, 0x26, 0x37, 0x36, 0x17, 0x26, 0x27, 0x37, 0x36, 0x17,
	0x26, 0x27, 0x26, 0x07, 0x15, 0x1E, 0x01, 0x17, 0x01, 0x36, 0x35, 0x34,
	0x27, 0x36, 0x27, 0x26, 0x06, 0x27, 0x17, 0x16, 0x01, 0x36, 0x35, 0x34,
	0x27, 0x26, 0x27, 0x06, 0x15, 0x14, 0x16, 0x15, 0x16, 0x37, 0x36, 0x01,
	0x26, 0x27, 0x36, 0x23, 0x22, 0x06, 0x27, 0x06, 0x17, 0x16, 0x17, 0x3E,
	0x01, 0x01, 0x06, 0x07, 0x17, 0x37, 0x36, 0x27, 0x22, 0x07, 0x2E, 0x01,
	0x27, 0x36, 0x37, 0x2E, 0x01, 0x27, 0x07, 0x17, 0x16, 0x17, 0x36, 0x17,
	0x36, 0x27, 0x06, 0x07, 0x14, 0x17, 0x16, 0x17, 0x35, 0x06, 0x07, 0x16,
	0x37, 0x36, 0x17, 0x27, 0x26, 0x07, 0x06, 0x15, 0x14, 0x17, 0x01, 0x30,
	0x27, 0x23, 0x1E, 0x01, 0x01, 0x27, 0x23, 0x26, 0x06, 0x17, 0x36, 0x01,
	0x36, 0x27, 0x26, 0x31, 0x27, 0x06, 0x15, 0x14, 0x17, 0x16, 0x01, 0x27,
	0x06, 0x27, 0x26, 0x23, 0x22, 0x07, 0x14, 0x16, 0x17, 0x16, 0x33, 0x26,
	0x37, 0x36, 0x26, 0x17, 0x26, 0x27, 0x06, 0x07, 0x16, 0x17, 0x05, 0x27,
	0x14, 0x06, 0x15, 0x14, 0x16, 0x17, 0x36, 0x27, 0x26, 0x27, 0x06, 0x07,
	0x37, 0x06, 0x07, 0x06, 0x15, 0x14, 0x17, 0x16, 0x37, 0x36, 0x37, 0x36,
	0x35, 0x34, 0x27, 0x06, 0x26, 0x23, 0x22, 0x07, 0x16, 0x33, 0x36, 0x37,
	0x26, 0x17, 0x27, 0x06, 0x07, 0x1E, 0x01, 0x33, 0x36, 0x17, 0x22, 0x15,
	0x36, 0x32, 0x27, 0x26, 0x27, 0x06, 0x07, 0x06, 0x15, 0x36, 0x37, 0x26,
	0x27, 0x07, 0x14, 0x06, 0x07, 0x16, 0x37, 0x36, 0x17, 0x27, 0x07, 0x17,
	0x33, 0x36, 0x27, 0x22, 0x07, 0x26, 0x35, 0x06, 0x31, 0x07, 0x14, 0x17,
	0x16, 0x17, 0x33, 0x26, 0x17, 0x26, 0x27, 0x06, 0x07, 0x06, 0x07, 0x17,
	0x16, 0x33, 0x32, 0x36, 0x17, 0x26, 0x27, 0x07, 0x17, 0x36, 0x2F, 0x01,
	0x07, 0x30, 0x17, 0x30, 0x2F, 0x01, 0x0E, 0x01, 0x07, 0x16, 0x33, 0x32,
	0x36, 0x17, 0x26, 0x23, 0x22, 0x06, 0x27, 0x06, 0x17, 0x16, 0x15, 0x16,
	0x37, 0x27, 0x06, 0x27, 0x26, 0x37, 0x06, 0x07, 0x26, 0x37, 0x22, 0x07,
	0x06, 0x15, 0x14, 0x16, 0x17, 0x32, 0x37, 0x26, 0x36, 0x17, 0x26, 0x27,
	0x06, 0x07, 0x16, 0x17, 0x30, 0x37, 0x36, 0x27, 0x06, 0x07, 0x30, 0x27,
	0x06, 0x07, 0x06, 0x15, 0x14, 0x17, 0x16, 0x17, 0x27, 0x06, 0x07, 0x26,
	0x27, 0x30, 0x07, 0x26, 0x37, 0x0F, 0x01, 0x16, 0x33, 0x32, 0x37, 0x36,
	0x37, 0x17, 0x34, 0x27, 0x06, 0x07, 0x17, 0x37, 0x06, 0x31, 0x07, 0x1E,
	0x01, 0x33, 0x32, 0x37, 0x3E, 0x01, 0x27, 0x26, 0x27, 0x26, 0x37, 0x0E,
	0x01, 0x17, 0x16, 0x33, 0x32, 0x36, 0x17, 0x23, 0x26, 0x35, 0x34, 0x36,
	0x35, 0x27, 0x06, 0x07, 0x17, 0x16, 0x37, 0x36, 0x37, 0x36, 0x13, 0x27,
	0x06, 0x15, 0x16, 0x07, 0x14, 0x07, 0x17, 0x06, 0x07, 0x22, 0x27, 0x26,
	0x35, 0x26, 0x27, 0x26, 0x37, 0x16, 0x36, 0x33, 0x1E, 0x01, 0x06, 0x17,
	0x32, 0x17, 0x3E, 0x01, 0x37, 0x22, 0x27, 0x36, 0x17, 0x16, 0x17, 0x06,
	0x16, 0x15, 0x14, 0x06, 0x07, 0x16, 0x07, 0x06, 0x23, 0x22, 0x23, 0x06,
	0x17, 0x06, 0x27, 0x26, 0x37, 0x30, 0x37, 0x16, 0x33, 0x36, 0x37, 0x36,
	0x13, 0x06, 0x2B, 0x01, 0x27, 0x36, 0x37, 0x17, 0x14, 0x15, 0x06, 0x07,
	0x27, 0x36, 0x37, 0x36, 0x33, 0x32, 0x17, 0x07, 0x16, 0x06, 0x07, 0x26,
	0x35, 0x34, 0x36, 0x37, 0x16, 0x17, 0x14, 0x07, 0x14, 0x07, 0x26, 0x27,
	0x26, 0x37, 0x16, 0x02, 0x3B, 0x0E, 0x0C, 0x02, 0x05, 0x09, 0x05, 0x30,
	0x06, 0x05, 0x03, 0x0C, 0x03, 0x01, 0x01, 0xAA, 0x02, 0x11, 0x09, 0x02,
	0x08, 0x0E, 0x02, 0x11, 0x0E, 0x1B, 0x03, 0x01, 0x03, 0x16, 0x06, 0x07,
	0x05, 0x04, 0x01, 0x02, 0x10, 0x05, 0x05, 0x0B, 0x02, 0x05, 0x07, 0x03,
	0x06, 0x03, 0x09, 0x12, 0x09, 0x08, 0x10, 0x07, 0x10, 0x04, 0x03, 0x01,
	0x0B, 0x03, 0x01, 0x02, 0x1D, 0x04, 0x02, 0x08, 0x05, 0x04, 0x09, 0x07,
	0x06, 0x04, 0x06, 0x04, 0x03, 0x0A, 0x03, 0x06, 0x10, 0x0A, 0x05, 0x07,
	0x09, 0x02, 0x02, 0x08, 0x03, 0x03, 0x03, 0x0D, 0x07, 0x01, 0x04, 0x0E,
	0x08, 0x04, 0x03, 0x03, 0x02, 0x0D, 0x03, 0x03, 0x02, 0x1E, 0x01, 0x02,
	0x12, 0x09, 0x01, 0x05, 0x0A, 0x13, 0x03, 0x05, 0x0A, 0x07, 0x0E, 0x01,
	0x0F, 0x0D, 0x0B, 0x14, 0x08, 0x08, 0x09, 0x10, 0x04, 0x10, 0x05, 0x07,
	0x07, 0x11, 0x0C, 0x06, 0x03, 0x03, 0x12, 0x03, 0x0D, 0x04, 0x01, 0x07,
	0x1C, 0x01, 0x0F, 0x06, 0x07, 0x08, 0x09, 0x11, 0x05, 0x04, 0x0D, 0x0A,
	0x08, 0x05, 0x0A, 0x01, 0x0B, 0x04, 0x06, 0x0C, 0x07, 0x11, 0x04, 0x15,
	0x0F, 0x05, 0x0B, 0x16, 0x03, 0x11, 0x0B, 0x05, 0x10, 0x06, 0x06, 0x03,
	0x02, 0x09, 0x0D, 0x0D, 0x04, 0x03, 0x09, 0x06, 0x04, 0x05, 0x02, 0x02,
	0x05, 0x0B, 0x06, 0x02, 0x02, 0x03, 0x01, 0x1E, 0x01, 0x06, 0x07, 0x12,
	0x05, 0x06, 0x0A, 0x04, 0x08, 0x0C, 0x06, 0x0C, 0x02, 0x02, 0x02, 0x11,
	0x02, 0x02, 0x10, 0x02, 0x1A, 0x01, 0x01, 0x07, 0x17, 0x07, 0x02, 0x01,
	0x1A, 0x08, 0x01, 0x0C, 0x16, 0x03, 0x0B, 0x11, 0x01, 0x03, 0x04, 0x03,
	0x03, 0x01, 0x0E, 0x02, 0x07, 0x02, 0x05, 0x0E, 0x0D, 0x0E, 0x04, 0x11,
	0x03, 0x0D, 0x08, 0x01, 0x02, 0x09, 0x09, 0x09, 0x13, 0x06, 0x04, 0x02,
	0x01, 0x0A, 0x01, 0x03, 0x0A, 0x07, 0x0B, 0x11, 0x01, 0x04, 0x0C, 0x04,
	0x0F, 0x02, 0x06, 0x02, 0x09, 0x06, 0x0B, 0x03, 0x06, 0x0F, 0x01, 0x09,
	0x0F, 0x09, 0x0A, 0x02, 0x09, 0x0E, 0x01, 0x07, 0x0B, 0x01, 0x0C, 0x07,
	0x08, 0x01, 0x0A, 0x0F, 0x01, 0x05, 0x07, 0x04, 0x05, 0x06, 0x03, 0x02,
	0x02, 0x0A, 0x01, 0x05, 0x07, 0x04, 0x01, 0x07, 0x06, 0x01, 0x04, 0x01,
	0x07, 0x12, 0x05, 0x01, 0x0B, 0x05, 0x02, 0x02, 0x06, 0x04, 0x01, 0x01,
	0x02, 0x0B, 0x04, 0x04, 0x03, 0x02, 0x02, 0x02, 0x03, 0x05, 0x04, 0x03,
	0x05, 0x03, 0x05, 0x02, 0x01, 0x0A, 0x05, 0x05, 0x05, 0x01, 0x06, 0x0C,
	0x0A, 0x03, 0x12, 0x03, 0x03, 0x08, 0x12, 0x04, 0x01, 0x01, 0x05, 0x0A,
	0x08, 0x0B, 0x02, 0x05, 0x05, 0x2C, 0x07, 0x04, 0x0D, 0x20, 0x02, 0x04,
	0x20, 0x05, 0x0C, 0x09, 0x12, 0x08, 0x09, 0x14, 0x02, 0x06, 0x04, 0x07,
	0x05, 0x07, 0x03, 0x09, 0x56, 0x0C, 0x14, 0x10, 0x11, 0x27, 0x0F, 0x45,
	0x0E, 0x05, 0x08, 0x06, 0x0E, 0x0A, 0x1A, 0x0A, 0x0B, 0x07, 0x04, 0x07,
	0x23, 0x02, 0x02, 0x06, 0x01, 0x7F, 0x08, 0x08, 0x1F, 0x07, 0x09, 0x08,
	0x0C, 0x0A, 0x29, 0x0A, 0x0C, 0x7C, 0x03, 0x0A, 0x0E, 0x0A, 0x02, 0x05,
	0x01, 0x04, 0x04, 0x12, 0x05, 0xA6, 0x04, 0x08, 0x24, 0x08, 0x0F, 0x0A,
	0x07, 0x16, 0x12, 0x0A, 0x0E, 0xA1, 0x02, 0x01, 0x06, 0x10, 0x02, 0x15,
	0x86, 0x03, 0x03, 0x09, 0x12, 0x1D, 0x06, 0x04, 0x13, 0x0E, 0x09, 0x08,
	0x9A, 0x01, 0x06, 0x01, 0x13, 0x02, 0x92, 0x05, 0x16, 0x05, 0x07, 0x05,
	0x02, 0x16, 0x0C, 0x91, 0x03, 0x0E, 0x12, 0x01, 0x05, 0x19, 0xC4, 0x02,
	0x04, 0x03, 0x23, 0x06, 0x16, 0x14, 0x08, 0x05, 0x17, 0x11, 0x0E, 0x02,
	0x16, 0x06, 0x0B, 0x0E, 0x03, 0x0C, 0x03, 0x05, 0x24, 0x0C, 0xA7, 0x01,
	0x05, 0x02, 0x05, 0x03, 0x06, 0x07, 0x02, 0x09, 0x04, 0xAB, 0x01, 0x19,
	0x0E, 0x02, 0x0B, 0x18, 0x15, 0x02, 0xC0, 0x05, 0x0F, 0x05, 0x04, 0x07,
	0x08, 0x04, 0x0D, 0xD3, 0x08, 0x0D, 0x15, 0x02, 0x04, 0x1C, 0xC9, 0x03,
	0x10, 0x0B, 0x05, 0x08, 0x08, 0x09, 0x05, 0x02, 0x09, 0x05, 0x09, 0x03,
	0x07, 0x06, 0x04, 0x06, 0x09, 0x01, 0xD1, 0x08, 0x11, 0x01, 0x15, 0x09,
	0x17, 0x07, 0x06, 0x02, 0x14, 0xE2, 0x23, 0x09, 0x0C, 0x06, 0x0C, 0x0E,
	0x0A, 0x14, 0x12, 0x08, 0x0D, 0x1A, 0x0B, 0x06, 0x20, 0x0B, 0xF3, 0x03,
	0x0D, 0x0A, 0x04, 0x05, 0x0E, 0x5C, 0x1E, 0x02, 0x03, 0x02, 0x10, 0x0B,
	0x05, 0x12, 0x04, 0x0F, 0x5B, 0x02, 0x0C, 0x0D, 0x01, 0x05, 0x09, 0x0C,
	0x04, 0x04, 0x04, 0x08, 0x01, 0x02, 0x08, 0x14, 0x04, 0x04, 0x03, 0x0F,
	0x07, 0x16, 0xFE, 0xD0, 0x01, 0x01, 0x04, 0x04, 0x13, 0x05, 0x06, 0x09,
	0x02, 0x02, 0x02, 0x02, 0x07, 0x10, 0x04, 0x04, 0x01, 0xF2, 0x0A, 0x0F,
	0x02, 0x07, 0x05, 0x12, 0x07, 0x09, 0x03, 0x0B, 0x12, 0x0A, 0x03, 0x0D,
	0x0A, 0xCF, 0x06, 0x07, 0x12, 0x03, 0x09, 0x0C, 0x02, 0xAD, 0x02, 0x05,
	0x07, 0x07, 0x49, 0x40, 0x07, 0x0F, 0x01, 0x01, 0x01, 0x01, 0x05, 0x04,
	0x07, 0x05, 0x08, 0x04, 0x01, 0x06, 0x03, 0x0C, 0x04, 0x04, 0x09, 0x01,
	0x06, 0x02, 0x05, 0x03, 0x06, 0x01, 0x38, 0x10, 0x01, 0x36, 0x03, 0x19,
	0x06, 0x03, 0x03, 0x01, 0x0B, 0x22, 0x10, 0x01, 0x1B, 0x25, 0x05, 0xB2,
	0x05, 0x04, 0x05, 0x09, 0x01, 0x05, 0x08, 0xA5, 0x14, 0x10, 0x91, 0x03,
	0x06, 0x07, 0x04, 0xC2, 0x05, 0x05, 0x0A, 0x1C, 0x06, 0x04, 0x0D, 0x1B,
	0x12, 0xFE, 0x18, 0x14, 0x0C, 0x08, 0x07, 0x07, 0x09, 0x17, 0x04, 0x0E,
	0xD3, 0x16, 0x06, 0x13, 0x2E, 0x08, 0x08, 0x14, 0x13, 0x01, 0x07, 0x0B,
	0x13, 0x18, 0xE5, 0x05, 0x0D, 0x0B, 0x02, 0x04, 0x39, 0x08, 0x06, 0x04,
	0x16, 0x10, 0x05, 0x0C, 0x18, 0x0E, 0x44, 0x05, 0x02, 0x06, 0x03, 0x07,
	0x09, 0x0E, 0x09, 0x0B, 0x04, 0x03, 0xD8, 0x0A, 0x0E, 0x01, 0x03, 0x03,
	0x06, 0x0C, 0xC1, 0x05, 0x11, 0x0C, 0x05, 0x13, 0xFE, 0x5C, 0x09, 0x02,
	0x0E, 0x0D, 0x09, 0x0C, 0x05, 0x10, 0x03, 0x03, 0x03, 0x0D, 0x02, 0x01,
	0x14, 0x18, 0x08, 0x11, 0x0B, 0x01, 0x12, 0x06, 0x01, 0x4A, 0x04, 0x03,
	0x0E, 0x03, 0x04, 0x02, 0x04, 0x0F, 0x02, 0x06, 0x33, 0x05, 0x0B, 0x06,
	0x0B, 0x4E, 0x2A, 0x20, 0x0F, 0x1B, 0x16, 0x2D, 0x0D, 0x0D, 0x3A, 0x41,
	0x12, 0x27, 0x21, 0x21, 0x26, 0x02, 0x01, 0x03, 0x0A, 0x0E, 0x0F, 0x0D,
	0x05, 0x06, 0x01, 0x14, 0x02, 0x15, 0x1F, 0x11, 0x0F, 0x13, 0x08, 0x0D,
	0x07, 0x19, 0x11, 0x02, 0x03, 0x2E, 0x28, 0x37, 0x0C, 0x32, 0x5B, 0xBD,
	0x4E, 0x05, 0x15, 0x06, 0x0A, 0x02, 0x06, 0x03, 0x0F, 0x0A, 0x07, 0x01,
	0x01, 0x09, 0x01, 0x08, 0x19, 0x2D, 0x42, 0x17, 0x04, 0x11, 0x02, 0x0F,
	0x01, 0x04, 0x1A, 0x02, 0x02, 0x1A, 0x21, 0x02, 0x05, 0x1A, 0x04, 0x01,
	0x19, 0x02, 0x02, 0x15, 0x03, 0x0C, 0x09, 0x02, 0x05, 0x16, 0x07, 0x05,
	0x05, 0x07, 0x0F, 0x05, 0x04, 0x24, 0x07, 0x08, 0x12, 0x04, 0x09, 0x19,
	0x12, 0x35, 0x28, 0x08, 0x0B, 0x09, 0x06, 0x06, 0x0F, 0x06, 0x15, 0x13,
	0x01, 0x05, 0x06, 0x0D, 0x10, 0x05, 0x0D, 0x0E, 0x18, 0x02, 0x05, 0x29,
	0x04, 0x12, 0x0D, 0x04, 0x05, 0x11, 0x14, 0x13, 0x02, 0x22, 0x91, 0x4D,
	0x56, 0x2B, 0x27, 0x66, 0x33, 0x03, 0x0A, 0x10, 0x07, 0x15, 0x77, 0x0E,
	0x1C, 0x02, 0x0F, 0x0C, 0x0D, 0x90, 0x13, 0x06, 0x03, 0x08, 0x01, 0x09,
	0x07, 0x08, 0x05, 0x0B, 0x02, 0x05, 0x03, 0x03, 0x03, 0x06, 0xA6, 0x08,
	0x0B, 0x03, 0x07, 0x06, 0x78, 0x08, 0x0F, 0x08, 0x08, 0x12, 0x05, 0x01,
	0x0A, 0x0D, 0x09, 0x01, 0x01, 0x0B, 0x0B, 0x94, 0x01, 0x08, 0x11, 0x07,
	0x07, 0x02, 0x07, 0x0F, 0x07, 0xFE, 0x1C, 0x16, 0x11, 0x04, 0x0E, 0x12,
	0x02, 0x45, 0x14, 0x07, 0x06, 0x10, 0x01, 0xA0, 0x0E, 0x07, 0x0F, 0x14,
	0xFE, 0x2B, 0x2A, 0x0A, 0x04, 0x02, 0x0D, 0x13, 0x03, 0x04, 0x86, 0x10,
	0x20, 0x04, 0x0A, 0x12, 0x02, 0x0E, 0x17, 0x13, 0x09, 0x02, 0x0E, 0x18,
	0x0B, 0x8B, 0x14, 0x13, 0x07, 0x0E, 0x10, 0x14, 0x03, 0x03, 0x0D, 0x0E,
	0x01, 0x03, 0x04, 0x04, 0x0C, 0xE0, 0x04, 0x26, 0x0C, 0x0B, 0x11, 0x05,
	0x10, 0x0B, 0x2D, 0x0C, 0x0D, 0x0F, 0x01, 0x1D, 0x01, 0x09, 0x0F, 0x0A,
	0x16, 0x0D, 0x06, 0x08, 0x05, 0x13, 0xFE, 0x69, 0x2E, 0x01, 0x29, 0x04,
	0x0A, 0x02, 0x21, 0x0A, 0x06, 0x15, 0x06, 0x05, 0x43, 0x09, 0x12, 0x0B,
	0x04, 0x24, 0x03, 0x59, 0x02, 0x0C, 0x02, 0x04, 0x05, 0x13, 0x04, 0x09,
	0x03, 0x01, 0x5D, 0x01, 0x04, 0x08, 0x08, 0x05, 0x01, 0x07, 0xFE, 0x4E,
	0x0D, 0x1D, 0x27, 0x01, 0x01, 0xA7, 0x03, 0x02, 0x05, 0x09, 0x0C, 0x02,
	0x05, 0x04, 0xFE, 0x4A, 0x03, 0x0E, 0x04, 0x04, 0x08, 0x0A, 0x0E, 0x03,
	0x04, 0x0E, 0x19, 0x04, 0x04, 0x07, 0x0B, 0x07, 0x04, 0x03, 0x09, 0x21,
	0x04, 0x14, 0x0E, 0x0B, 0x02, 0x1D, 0x0D, 0x01, 0x95, 0x06, 0x09, 0x01,
	0x03, 0x02, 0x0A, 0x02, 0x07, 0x06, 0xFE, 0x70, 0x02, 0x02, 0x10, 0x13,
	0x07, 0x06, 0x04, 0x0D, 0x0A, 0x01, 0x8E, 0x01, 0x04, 0x01, 0x06, 0x02,
	0x11, 0x04, 0x02, 0x06, 0x05, 0x10, 0x01, 0x08, 0xFE, 0x79, 0x08, 0x0D,
	0x0B, 0x08, 0x02, 0x07, 0x08, 0x0D, 0x09, 0x06, 0x02, 0x04, 0x07, 0x05,
	0x14, 0x0A, 0x1A, 0x0A, 0x1D, 0x20, 0x06, 0x13, 0x01, 0x02, 0x09, 0x0E,
	0x05, 0x05, 0x0F, 0x05, 0x0F, 0x01, 0x07, 0x0B, 0x04, 0x03, 0x0D, 0x0A,
	0x02, 0x02, 0x01, 0x41, 0x03, 0x0B, 0x01, 0x01, 0xFE, 0xE8, 0x01, 0x10,
	0x08, 0x05, 0x01, 0x0A, 0x01, 0x26, 0x03, 0x03, 0x04, 0x15, 0x02, 0x02,
	0x0F, 0xFE, 0xDB, 0x04, 0x06, 0x0B, 0x0E, 0x05, 0x14, 0x07, 0x0C, 0x01,
	0x07, 0x2B, 0x06, 0x03, 0x05, 0x03, 0x24, 0x01, 0x02, 0x09, 0x0F, 0x01,
	0x04, 0x01, 0x06, 0x16, 0x08, 0x07, 0x0C, 0x0E, 0xE4, 0x02, 0x05, 0x07,
	0x0B, 0x0B, 0x01, 0x14, 0x0E, 0x02, 0x07, 0x0C, 0x01, 0x0B, 0x08, 0x2B,
	0x06, 0x17, 0x04, 0x0D, 0x05, 0x08, 0x0E, 0x0D, 0x0D, 0x01, 0xEF, 0x0E,
	0x06, 0x09, 0x01, 0x0A, 0x04, 0x09, 0x0B, 0x0A, 0x01, 0x0A, 0xAD, 0x03,
	0x04, 0x0C, 0x03, 0x08, 0x08, 0x0D, 0x01, 0x06, 0x1F, 0x05, 0x01, 0x0D,
	0x0C, 0x09, 0x98, 0x18, 0x0E, 0x03, 0x04, 0x18, 0xB4, 0x02, 0x02, 0x06,
	0x28, 0x14, 0x05, 0x05, 0x01, 0x2A, 0x02, 0x5E, 0x06, 0x0D, 0x0C, 0x06,
	0x09, 0x03, 0x05, 0x05, 0x06, 0x06, 0x16, 0x4C, 0x07, 0x0F, 0x12, 0x01,
	0x18, 0x0B, 0x08, 0x13, 0x02, 0x0B, 0x06, 0x0A, 0x16, 0x01, 0x03, 0x04,
	0x09, 0x10, 0x6F, 0x04, 0x05, 0x03, 0x12, 0x06, 0x04, 0x03, 0x04, 0x10,
	0x10, 0xA5, 0x0F, 0x01, 0x01, 0x02, 0x07, 0x0D, 0x07, 0x02, 0x21, 0x08,
	0x03, 0x0F, 0x01, 0x11, 0x1D, 0x01, 0x10, 0x85, 0x01, 0x03, 0x08, 0x08,
	0x01, 0x06, 0x0A, 0x01, 0x02, 0x04, 0x06, 0x03, 0x03, 0x11, 0x0D, 0x01,
	0x01, 0x11, 0x52, 0x05, 0x09, 0x01, 0x02, 0x15, 0x02, 0x01, 0x1B, 0x08,
	0x09, 0x0A, 0x09, 0x0F, 0x13, 0x05, 0x4A, 0x02, 0x09, 0x10, 0x07, 0x07,
	0x1D, 0x0B, 0x02, 0x08, 0x03, 0x02, 0x03, 0x08, 0x11, 0x3C, 0x03, 0x07,
	0x01, 0x05, 0x0E, 0x1E, 0x03, 0x06, 0x06, 0x09, 0x12, 0x23, 0x0E, 0x06,
	0x06, 0x02, 0x08, 0x18, 0x01, 0x16, 0x08, 0x0B, 0x02, 0x03, 0xB9, 0x07,
	0x02, 0x01, 0x02, 0x03, 0x02, 0x06, 0x0F, 0x06, 0x0D, 0x01, 0x05, 0x07,
	0x02, 0x0A, 0x08, 0x09, 0x03, 0x03, 0x05, 0x01, 0x02, 0x0B, 0x07, 0x02,
	0x03, 0x07, 0x04, 0x01, 0x0D, 0x01, 0x01, 0x04, 0x03, 0x0D, 0x14, 0x50,
	0x01, 0x05, 0x02, 0x05, 0x06, 0x01, 0x03, 0x02, 0x02, 0x0B, 0x02, 0x01,
	0x05, 0x01, 0x03, 0x03, 0x07, 0x03, 0x04, 0x05, 0x14, 0x04, 0x04, 0x06,
	0x10, 0x24, 0x02, 0x0E, 0x11, 0x02, 0x04, 0x03, 0x09, 0x05, 0x06, 0x19,
	0x01, 0x12, 0x01, 0x10, 0x10, 0x01, 0x0F, 0x01, 0x41, 0x07, 0x06, 0x03,
	0x02, 0x09, 0x03, 0x01, 0x81, 0x0E, 0x07, 0x0B, 0x04, 0x09, 0x05, 0x1D,
	0x04, 0x02, 0x09, 0x0B, 0x02, 0x06, 0x08, 0xDC, 0x08, 0x17, 0x04, 0x07,
	0x06, 0x06, 0x05, 0x09, 0x03, 0x02, 0x04, 0x10, 0x06, 0x09, 0x14, 0x03,
	0x0A, 0x03, 0x07, 0x04, 0x0B, 0x01, 0x04, 0x05, 0x09, 0x02, 0x01, 0x01,
	0x14, 0x02, 0x02, 0x05, 0x07, 0x0E, 0x08, 0x11, 0x08, 0x11, 0x01, 0x11,
	0x01, 0x02, 0x07, 0x0C, 0x04, 0x14, 0x03, 0x16, 0x04, 0x05, 0x01, 0x0C,
	0x02, 0x01, 0x0A, 0x07, 0x08, 0x05, 0x03, 0x04, 0x04, 0x02, 0x04, 0x09,
	0x06, 0x02, 0x0C, 0x04, 0x06, 0x0B, 0x05, 0x09, 0x03, 0x0D, 0x03, 0x0E,
	0x02, 0x0A, 0x09, 0x10, 0x02, 0x09, 0x08, 0x0D, 0x04, 0x0A, 0x08, 0x10,
	0x02, 0x0A, 0x0F, 0x01, 0x0A, 0x10, 0x02, 0x22, 0x14, 0x04, 0x0D, 0x08,
	0x0E, 0x13, 0x01, 0x0C, 0x04, 0x04, 0x03, 0x08, 0x13, 0x10, 0x01, 0x1A,
	0x0B, 0x07, 0x0E, 0x04, 0x04, 0x0E, 0x04, 0x17, 0x06, 0x09, 0x10, 0x05,
	0x11, 0x05, 0x05, 0x05, 0x0C, 0x19, 0x04, 0x0C, 0x1F, 0x01, 0x09, 0x06,
	0x02, 0x03, 0x05, 0x15, 0x0E, 0x02, 0x04, 0x07, 0x0A, 0x10, 0x01, 0x01,
	0x0C, 0x01, 0x01, 0x06, 0x03, 0x0D, 0x0A, 0x0E, 0x02, 0x0E, 0x06, 0x07,
	0x08, 0x0D, 0x08, 0x0D, 0x06, 0x04, 0x0A, 0x08, 0x09, 0x04, 0x07, 0x06,
	0x0C, 0x01, 0x0C, 0x01, 0x05, 0x09, 0x0F, 0x0D, 0x02, 0x15, 0x08, 0x08,
	0x04, 0x0D, 0x06, 0x10, 0x13, 0x02, 0x03, 0x03, 0x05, 0x04, 0x03, 0x03,
	0x04, 0x03, 0x03, 0x04, 0x02, 0x04, 0x04, 0x03, 0x02, 0x0A, 0x03, 0x08,
	0x03, 0x18, 0x02, 0x02, 0x0E, 0x01, 0x0A, 0x04, 0x03, 0x05, 0x0A, 0x04,
	0x04, 0x02, 0x01, 0x0B, 0x87, 0x05, 0x05, 0x03, 0x07, 0x1B, 0x07, 0x06,
	0x04, 0x0B, 0x14, 0x04, 0x0A, 0x2F, 0x01, 0x1B, 0x89, 0x03, 0x04, 0x06,
	0x15, 0x27, 0x05, 0x01, 0x1C, 0x06, 0x07, 0x01, 0x09, 0x05, 0x05, 0x04,
	0x0A, 0x27, 0x03, 0x01, 0x07, 0x5D, 0x02, 0x0A, 0x0B, 0x1A, 0x02, 0x01,
	0x08, 0x09, 0x04, 0x11, 0x03, 0x05, 0x04, 0x0D, 0x45, 0x16, 0x0D, 0x01,
	0x05, 0x04, 0x10, 0x08, 0x01, 0x02, 0x08, 0x02, 0x05, 0x0A, 0x01, 0x01,
	0x08, 0x0C, 0x0D, 0x01, 0x09, 0x05, 0x0A, 0x07, 0x05, 0x09, 0x07, 0x06,
	0x05, 0x01, 0x03, 0x0E, 0x0A, 0x01, 0x02, 0x09, 0x01, 0x03, 0x01, 0x02,
	0x03, 0x0A, 0x02, 0x03, 0x03, 0x03, 0x05, 0x0B, 0x15, 0x04, 0x07, 0x09,
	0x01, 0x07, 0x01, 0x02, 0x01, 0x05, 0x03, 0x07, 0x01, 0x07, 0x01, 0x01,
	0x0D, 0x02, 0x02, 0x05, 0x03, 0x0C, 0x03, 0x06, 0x02, 0x01, 0x0E, 0x09,
	0x02, 0x05, 0x07, 0x03, 0x12, 0x05, 0x09, 0x11, 0x02, 0x04, 0x06, 0x0C,
	0x02, 0x08, 0x0C, 0x03, 0x10, 0x02, 0x02, 0x07, 0x0B, 0x0F, 0x05, 0x06,
	0x01, 0x01, 0xF4, 0x0A, 0x02, 0x03, 0x0E, 0x02, 0x05, 0x1D, 0x03, 0x01,
	0x06, 0x02, 0x0E, 0x07, 0x09, 0x07, 0x20, 0x05, 0x0C, 0x0F, 0x03, 0x03,
	0x23, 0x07, 0x01, 0x02, 0x02, 0x05, 0x05, 0x4F, 0x04, 0x0D, 0x17, 0x03,
	0x12, 0x21, 0x03, 0x28, 0x04, 0x03, 0x03, 0x0D, 0x06, 0x09, 0x0F, 0x03,
	0x15, 0x4F, 0x04, 0x08, 0x08, 0x05, 0x08, 0x01, 0x0C, 0x55, 0x20, 0x06,
	0x01, 0x0A, 0x07, 0x07, 0x04, 0x05, 0x0D, 0x1A, 0x01, 0x06, 0x20, 0x64,
	0x08, 0x0B, 0x0C, 0x01, 0x08, 0x07, 0x6D, 0x04, 0x10, 0x0D, 0x04, 0x0F,
	0x0E, 0x05, 0x05, 0x02, 0x7C, 0x07, 0x06, 0x03, 0x05, 0x06, 0x0D, 0x01,
	0x0A, 0x08, 0x7D, 0x09, 0x1C, 0x06, 0x12, 0x1A, 0x7B, 0x0F, 0x0C, 0x03,
	0x02, 0x02, 0x7D, 0x1E, 0x09, 0x0B, 0x23, 0x03, 0x02, 0x7D, 0x03, 0x87,
	0x7B, 0x08, 0x01, 0x05, 0x04, 0x06, 0x03, 0x02, 0x03, 0x28, 0x28, 0x01,
	0x02, 0x03, 0x0C, 0x01, 0x8F, 0x0B, 0x15, 0x0A, 0x07, 0x0B, 0x08, 0x13,
	0x06, 0x8B, 0x01, 0x0C, 0x01, 0x02, 0x4A, 0x52, 0x8A, 0x0E, 0x1B, 0x03,
	0x13, 0x08, 0x20, 0x8E, 0x05, 0x02, 0x02, 0x09, 0x11, 0x05, 0xD7, 0x01,
	0x02, 0x02, 0x09, 0x01, 0x07, 0x05, 0x2F, 0x08, 0x1A, 0x04, 0x0B, 0x03,
	0x07, 0x07, 0x09, 0x0C, 0x10, 0x03, 0xA6, 0x0B, 0x08, 0x09, 0x11, 0x0B,
	0x10, 0x04, 0x03, 0x06, 0x02, 0x11, 0x04, 0x05, 0x01, 0x0E, 0x01, 0x10,
	0x08, 0x05, 0x18, 0x04, 0x08, 0x28, 0x14, 0x12, 0x08, 0x16, 0x19, 0x15,
	0x08, 0xD7, 0x09, 0x01, 0x01, 0x07, 0x03, 0x0D, 0x03, 0x01, 0x0F, 0x63,
	0x22, 0x01, 0x02, 0x03, 0x0D, 0x09, 0x0F, 0x12, 0x0D, 0x5A, 0x04, 0x05,
	0x0B, 0x06, 0x0A, 0x04, 0x03, 0x02, 0x03, 0x06, 0x04, 0x07, 0x05, 0x01,
	0x03, 0x0F, 0x11, 0x0F, 0x01, 0x2C, 0x06, 0x0C, 0x05, 0x08, 0x0A, 0x0A,
	0x10, 0x02, 0x06, 0x0E, 0x01, 0x0B, 0x0A, 0xFE, 0xFF, 0x0C, 0x19, 0x0A,
	0x11, 0x0B, 0x1E, 0x07, 0x12, 0x07, 0x03, 0x04, 0x07, 0x04, 0x06, 0x05,
	0xE3, 0x05, 0x09, 0x0B, 0x04, 0x04, 0x07, 0x08, 0x0C, 0x01, 0x51, 0x08,
	0x12, 0x04, 0x05, 0x06, 0x34, 0x12, 0x0D, 0x11, 0x03, 0x03, 0x04, 0x02,
	0x07, 0x04, 0x02, 0x04, 0x05, 0x08, 0x08, 0x0E, 0x0A, 0x17, 0x0A, 0x0A,
	0x03, 0x0B, 0x03, 0x03, 0x1B, 0x06, 0x03, 0x0B, 0xFE, 0xCE, 0x07, 0x0B,
	0x20, 0x02, 0x05, 0x02, 0x0D, 0x17, 0x08, 0x10, 0x1D, 0x19, 0x0C, 0xA8,
	0x01, 0x04, 0x07, 0x05, 0x06, 0x05, 0x9A, 0x1B, 0x0B, 0x90, 0x05, 0x02,
	0x01, 0x07, 0x01, 0x90, 0x02, 0x18, 0x02, 0x0D, 0x04, 0x03, 0x07, 0x01,
	0xDE, 0x17, 0x0B, 0x07, 0x01, 0x0B, 0x22, 0x13, 0x03, 0x11, 0xC7, 0x17,
	0x12, 0x19, 0x05, 0x04, 0x12, 0x01, 0x06, 0x08, 0x1B, 0x17, 0x05, 0x05,
	0x10, 0x07, 0x02, 0x03, 0xDC, 0x02, 0x0D, 0x18, 0x02, 0x0D, 0x12, 0x4C,
	0x0E, 0x02, 0x03, 0x02, 0x0A, 0x05, 0x09, 0x07, 0x43, 0x10, 0x09, 0x1B,
	0x0B, 0x17, 0x02, 0x01, 0x0E, 0x0B, 0xCB, 0x09, 0x05, 0x01, 0x07, 0x02,
	0x02, 0xB4, 0x04, 0x04, 0x20, 0x02, 0x08, 0x01, 0xC7, 0x18, 0x0A, 0x0A,
	0x02, 0x08, 0x04, 0x22, 0x18, 0x02, 0x03, 0x08, 0x01, 0x12, 0x08, 0x01,
	0x19, 0x07, 0x10, 0x02, 0x1C, 0x14, 0x09, 0xFE, 0xCE, 0x04, 0x01, 0x05,
	0x05, 0x03, 0x08, 0x28, 0x08, 0x12, 0x06, 0x0D, 0x41, 0x07, 0x13, 0x03,
	0x11, 0x2D, 0x0B, 0x03, 0x41, 0x04, 0x16, 0x01, 0x01, 0x0B, 0x19, 0x02,
	0x04, 0x13, 0x07, 0x0F, 0x01, 0x03, 0x0E, 0x06, 0x03, 0x04, 0x12, 0x07,
	0x14, 0x06, 0x0D, 0x0D, 0x4D, 0x37, 0x2C, 0x35, 0x31, 0x2B, 0x18, 0x0F,
	0x10, 0x01, 0x18, 0x8A, 0x0F, 0x18, 0x05, 0x06, 0x05, 0x13, 0x04, 0x1C,
	0x06, 0x13, 0x21, 0x0A, 0x0D, 0x11, 0x12, 0x0B, 0x11, 0x1F, 0x12, 0x22,
	0x06, 0x06, 0x1E, 0x15, 0x03, 0x07, 0x14, 0x05, 0x07, 0x1D, 0x01, 0x02,
	0x02, 0x29, 0x0A, 0x1F, 0x02, 0x10, 0x1B, 0x18, 0x0B, 0x20, 0x08, 0x07,
	0x0B, 0x05, 0x0C, 0x10, 0x05, 0x02, 0x17, 0x04, 0x0A, 0x12, 0x0E, 0x04,
	0x25, 0x04, 0x06, 0x24, 0x16, 0x12, 0x22, 0x07, 0x08, 0x19, 0x08, 0x14,
	0x0D, 0x15, 0x07, 0x09, 0x05, 0x16, 0x05, 0x19, 0x01, 0x14, 0x24, 0x05,
	0x11, 0x25, 0x0A, 0x04, 0x06, 0x10, 0x19, 0x02, 0x1E, 0x19, 0x03, 0x09,
	0x06, 0x0A, 0x0A, 0x13, 0x14, 0x19, 0x12, 0x3F, 0x5E, 0xC4, 0x61, 0x24,
	0x0A, 0x1B, 0x84, 0x03, 0x02, 0x15, 0x09, 0x06, 0x52, 0x05, 0x07, 0x05,
	0x09, 0x0E, 0x0A, 0x96, 0x0A, 0x09, 0x03, 0x0B, 0x02, 0x0A, 0x07, 0x06,
	0x04, 0x0C, 0x0E, 0x01, 0x05, 0x06, 0x05, 0x05, 0x0B, 0xB1, 0x06, 0x02,
	0x06, 0x01, 0x79, 0x09, 0x12, 0x09, 0x0A, 0x0B, 0x02, 0xF9, 0x02, 0x01,
	0x07, 0x03, 0x05, 0x06, 0xA0, 0x06, 0x07, 0x0F, 0x0B, 0x0A, 0x15, 0x04,
	0x01, 0xF3, 0x20, 0x01, 0x06, 0x05, 0x0A, 0x0A, 0x0E, 0x02, 0x3F, 0x12,
	0x0B, 0x04, 0x09, 0xFE, 0x58, 0x08, 0x11, 0x07, 0x0B, 0x1F, 0x01, 0xF4,
	0x24, 0x03, 0x1B, 0x0B, 0x0B, 0x0F, 0x05, 0x0A, 0x61, 0x03, 0x04, 0x13,
	0x17, 0x0A, 0x01, 0x07, 0x0B, 0x03, 0x05, 0x01, 0x06, 0x16, 0x04, 0xA5,
	0x0E, 0x1B, 0x0D, 0x10, 0x21, 0x19, 0x03, 0x0A, 0x07, 0x04, 0x14, 0x16,
	0x04, 0x0A, 0xD2, 0x04, 0x05, 0x01, 0x01, 0x0C, 0x04, 0x0B, 0x08, 0x07,
	0x01, 0xFE, 0xB3, 0x0B, 0x0C, 0x14, 0x06, 0x09, 0x1C, 0x07, 0x06, 0x01,
	0x8B, 0x13, 0x04, 0x1F, 0x04, 0x06, 0x07, 0x19, 0x07, 0x08, 0x08, 0x0F,
	0x60, 0x09, 0x12, 0x01, 0x1B, 0x17, 0x07, 0x57, 0x02, 0x03, 0x02, 0x02,
	0x02, 0x09, 0x01, 0x06, 0x02, 0xFE, 0x8B, 0x01, 0x19, 0x0F, 0x02, 0x06,
	0x02, 0x12, 0x04, 0x09, 0x01, 0xD7, 0x0C, 0x10, 0x0E, 0x14, 0x10, 0x07,
	0xFE, 0x30, 0x09, 0x0D, 0x15, 0x01, 0x01, 0x08, 0x02, 0x16, 0x0E, 0x01,
	0xFF, 0x0B, 0x06, 0x02, 0x08, 0x0B, 0x01, 0x29, 0x09, 0x02, 0x07, 0x0B,
	0x02, 0x04, 0x07, 0x1E, 0x03, 0x01, 0x3D, 0x01, 0x0A, 0x07, 0x01, 0x06,
	0x0E, 0x0B, 0x04, 0xFE, 0x3C, 0x08, 0x09, 0x05, 0x1B, 0x05, 0x01, 0x01,
	0x04, 0x01, 0x2A, 0x0A, 0x01, 0xAD, 0x03, 0x05, 0x06, 0x02, 0x08, 0x01,
	0x02, 0x04, 0x03, 0x0B, 0x03, 0x08, 0x01, 0x03, 0xFE, 0x62, 0x09, 0x11,
	0x0B, 0x05, 0x01, 0x10, 0x1B, 0x0A, 0x07, 0x04, 0x11, 0x01, 0x9D, 0x03,
	0x13, 0x0F, 0x04, 0x21, 0x02, 0x03, 0x04, 0x13, 0x09, 0x03, 0x05, 0x07,
	0x04, 0x02, 0x18, 0x1F, 0x09, 0x03, 0x09, 0x37, 0x08, 0x0E, 0x05, 0x0E,
	0x01, 0x06, 0x03, 0x07, 0x07, 0x01, 0x06, 0x05, 0x02, 0x03, 0x19, 0x10,
	0x02, 0x06, 0x03, 0x04, 0x05, 0x03, 0xFE, 0xC0, 0x30, 0x0D, 0x1E, 0x01,
	0x29, 0x0E, 0x02, 0x0C, 0x0A, 0x01, 0xFE, 0xC7, 0x0D, 0x14, 0x20, 0x02,
	0x0C, 0x0D, 0x0D, 0x0A, 0x10, 0x01, 0x6E, 0x05, 0x01, 0x01, 0x02, 0x0F,
	0x06, 0x11, 0x03, 0x03, 0x03, 0x12, 0x02, 0x0C, 0x3F, 0x06, 0x02, 0x01,
	0x06, 0x0C, 0x03, 0xDD, 0x05, 0x07, 0x17, 0x06, 0x06, 0x09, 0x05, 0x0A,
	0xE3, 0x06, 0x0C, 0x0A, 0x15, 0x38, 0x02, 0x11, 0x0C, 0x0B, 0x05, 0x04,
	0x01, 0x05, 0x02, 0x0E, 0x0B, 0x07, 0x07, 0x21, 0x01, 0x04, 0x0A, 0x0B,
	0x02, 0x02, 0x05, 0xEE, 0x03, 0x0F, 0x20, 0x03, 0x03, 0x0E, 0x02, 0x06,
	0x02, 0xB4, 0x04, 0x09, 0x0B, 0x04, 0x09, 0x09, 0x04, 0x22, 0x06, 0x09,
	0x1A, 0x04, 0x0B, 0x03, 0x04, 0x0C, 0x0B, 0x87, 0x0B, 0x11, 0x1D, 0x05,
	0xE3, 0x02, 0x06, 0x0F, 0x03, 0x13, 0x07, 0x08, 0x0B, 0x03, 0x10, 0x58,
	0x0A, 0x12, 0x03, 0x0E, 0x14, 0x03, 0x04, 0x06, 0x15, 0x46, 0x06, 0x0B,
	0x12, 0x18, 0x01, 0x2C, 0x08, 0x13, 0x0C, 0x3F, 0x06, 0x07, 0x0E, 0x0B,
	0x02, 0x14, 0x70, 0x07, 0x0B, 0x01, 0x02, 0x03, 0x05, 0x01, 0x06, 0x0D,
	0xC6, 0x05, 0x01, 0x03, 0x04, 0x01, 0x03, 0x02, 0x05, 0x0E, 0x04, 0x04,
	0x05, 0x0F, 0x03, 0x0C, 0x08, 0x0D, 0xB9, 0x05, 0x09, 0x09, 0x02, 0x03,
	0x0A, 0x1F, 0x02, 0x04, 0x02, 0x04, 0x0E, 0x02, 0x01, 0x01, 0x09, 0x03,
	0x03, 0x09, 0x07, 0x91, 0x01, 0x04, 0x04, 0x07, 0x03, 0x06, 0x01, 0x08,
	0x17, 0x08, 0x08, 0x0A, 0x02, 0x65, 0x07, 0x0B, 0x02, 0x0D, 0x0B, 0x27,
	0x06, 0x0B, 0x01, 0x0A, 0x01, 0x06, 0x0C, 0x34, 0x02, 0x04, 0x09, 0x06,
	0x08, 0x10, 0x12, 0x05, 0x12, 0x0D, 0x01, 0x03, 0x02, 0x09, 0x02, 0x01,
	0x01, 0x16, 0x18, 0x09, 0x02, 0x02, 0x0D, 0x14, 0x02, 0x0A, 0x07, 0x02,
	0x01, 0x06, 0x09, 0x03, 0x03, 0x01, 0x04, 0x05, 0x0B, 0x03, 0x06, 0x02,
	0x09, 0x02, 0x0D, 0x02, 0x0F, 0x01, 0x03, 0x0B, 0x02, 0x0A, 0x07, 0x0E,
	0x03, 0x0A, 0x05, 0x01, 0x02, 0x04, 0x05, 0x10, 0x03, 0x08, 0x08, 0x22,
	0x01, 0x0F, 0x03, 0x02, 0x06, 0x03, 0x03, 0x0B, 0x01, 0x04, 0x01, 0x10,
	0x02, 0x01, 0xFE, 0xFB, 0x1A, 0x19, 0x07, 0x07, 0x1C, 0x0F, 0x10, 0x11,
	0x05, 0x15, 0x02, 0x15, 0x0F, 0x03, 0x57, 0x07, 0x10, 0x03, 0x09, 0x0E,
	0x09, 0x23, 0x07, 0x01, 0x12, 0x0E, 0x1D, 0x04, 0x0A, 0x02, 0x08, 0x06,
	0x0C, 0x04, 0x00, 0x0F, 0x00, 0x00, 0x00, 0x00, 0x03, 0x0C, 0x03, 0x20,
	0x01, 0x44, 0x02, 0x53, 0x02, 0x58, 0x02, 0x6F, 0x02, 0x85, 0x02, 0x99,
	0x02, 0xA9, 0x02, 0xE1, 0x03, 0x08, 0x03, 0x15, 0x03, 0x22, 0x03, 0x35,
	0x03, 0x41, 0x03, 0x56, 0x03, 0x63, 0x00, 0x00, 0x01, 0x06, 0x07, 0x0E,
	0x01, 0x07, 0x16, 0x17, 0x06, 0x26, 0x23, 0x26, 0x15, 0x14, 0x17, 0x22,
	0x37, 0x06, 0x07, 0x16, 0x37, 0x32, 0x36, 0x37, 0x14, 0x07, 0x16, 0x17,
	0x06, 0x27, 0x26, 0x23, 0x22, 0x07, 0x26, 0x07, 0x16, 0x17, 0x37, 0x0E,
	0x01, 0x07, 0x06, 0x07, 0x16, 0x17, 0x16, 0x17, 0x06, 0x17, 0x26, 0x27,
	0x06, 0x17, 0x16, 0x17, 0x26, 0x27, 0x06, 0x07, 0x1E, 0x01, 0x07, 0x27,
	0x07, 0x26, 0x37, 0x36, 0x27, 0x26, 0x27, 0x14, 0x07, 0x30, 0x27, 0x06,
	0x15, 0x14, 0x17, 0x06, 0x23, 0x22, 0x27, 0x06, 0x07, 0x26, 0x27, 0x26,
	0x27, 0x26, 0x27, 0x26, 0x27, 0x26, 0x2F, 0x01, 0x06, 0x07, 0x16, 0x17,
	0x26, 0x27, 0x07, 0x22, 0x27, 0x26, 0x36, 0x35, 0x34, 0x27, 0x06, 0x07,
	0x36, 0x37, 0x36, 0x27, 0x06, 0x07, 0x06, 0x07, 0x26, 0x35, 0x34, 0x37,
	0x36, 0x37, 0x22, 0x27, 0x26, 0x23, 0x34, 0x36, 0x35, 0x36, 0x27, 0x06,
	0x27, 0x36, 0x27, 0x06, 0x07, 0x06, 0x07, 0x35, 0x36, 0x37, 0x36, 0x37,
	0x36, 0x27, 0x06, 0x07, 0x26, 0x35, 0x34, 0x37, 0x26, 0x07, 0x06, 0x07,
	0x30, 0x37, 0x36, 0x37, 0x26, 0x07, 0x06, 0x27, 0x26, 0x27, 0x36, 0x37,
	0x36, 0x37, 0x26, 0x27, 0x16, 0x17, 0x16, 0x37, 0x26, 0x27, 0x26, 0x23,
	0x34, 0x36, 0x37, 0x26, 0x27, 0x16, 0x23, 0x26, 0x27, 0x36, 0x37, 0x26,
	0x37, 0x1E, 0x01, 0x17, 0x36, 0x37, 0x26, 0x27, 0x37, 0x16, 0x17, 0x36,
	0x37, 0x16, 0x07, 0x06, 0x17, 0x06, 0x17, 0x36, 0x37, 0x26, 0x35, 0x16,
	0x17, 0x36, 0x35, 0x34, 0x2F, 0x01, 0x36, 0x17, 0x36, 0x27, 0x16, 0x1F,
	0x01, 0x36, 0x37, 0x06, 0x07, 0x06, 0x17, 0x30, 0x37, 0x16, 0x17, 0x16,
	0x31, 0x16, 0x17, 0x36, 0x37, 0x06, 0x23, 0x16, 0x31, 0x3E, 0x01, 0x37,
	0x26, 0x27, 0x36, 0x1F, 0x01, 0x36, 0x37, 0x17, 0x16, 0x06, 0x15, 0x14,
	0x17, 0x36, 0x27, 0x36, 0x17, 0x16, 0x33, 0x16, 0x17, 0x3E, 0x01, 0x37,
	0x06, 0x07, 0x36, 0x17, 0x06, 0x07, 0x36, 0x17, 0x16, 0x17, 0x26, 0x07,
	0x06, 0x17, 0x36, 0x37, 0x36, 0x37, 0x32, 0x37, 0x36, 0x17, 0x06, 0x07,
	0x16, 0x17, 0x26, 0x07, 0x1E, 0x01, 0x17, 0x37, 0x16, 0x17, 0x2E, 0x01,
	0x23, 0x22, 0x07, 0x1E, 0x01, 0x17, 0x26, 0x07, 0x16, 0x17, 0x26, 0x27,
	0x07, 0x22, 0x06, 0x23, 0x22, 0x27, 0x26, 0x37, 0x26, 0x35, 0x34, 0x37,
	0x36, 0x37, 0x06, 0x07, 0x06, 0x07, 0x06, 0x27, 0x26, 0x37, 0x26, 0x07,
	0x2E, 0x01, 0x37, 0x36, 0x37, 0x36, 0x37, 0x06, 0x07, 0x06, 0x07, 0x0E,
	0x01, 0x07, 0x26, 0x31, 0x07, 0x06, 0x27, 0x34, 0x27, 0x36, 0x37, 0x06,
	0x15, 0x06, 0x23, 0x22, 0x27, 0x26, 0x31, 0x06, 0x27, 0x26, 0x35, 0x34,
	0x36, 0x35, 0x34, 0x26, 0x27, 0x07, 0x06, 0x15, 0x14, 0x17, 0x06, 0x27,
	0x26, 0x23, 0x22, 0x06, 0x23, 0x06, 0x27, 0x26, 0x27, 0x26, 0x27, 0x16,
	0x17, 0x16, 0x17, 0x06, 0x07, 0x06, 0x27, 0x26, 0x07, 0x22, 0x07, 0x06,
	0x27, 0x26, 0x2F, 0x02, 0x16, 0x17, 0x16, 0x17, 0x16, 0x07, 0x06, 0x07,
	0x06, 0x27, 0x16, 0x07, 0x06, 0x27, 0x26, 0x27, 0x1E, 0x02, 0x17, 0x16,
	0x17, 0x06, 0x07, 0x16, 0x07, 0x06, 0x23, 0x22, 0x26, 0x23, 0x26, 0x07,
	0x16, 0x33, 0x32, 0x37, 0x36, 0x37, 0x32, 0x17, 0x16, 0x07, 0x32, 0x17,
	0x14, 0x06, 0x07, 0x06, 0x07, 0x36, 0x37, 0x36, 0x37, 0x36, 0x17, 0x16,
	0x15, 0x14, 0x07, 0x36, 0x17, 0x16, 0x0F, 0x01, 0x06, 0x15, 0x14, 0x17,
	0x3F, 0x01, 0x36, 0x37, 0x16, 0x17, 0x30, 0x37, 0x16, 0x07, 0x06, 0x35,
	0x06, 0x07, 0x36, 0x37, 0x3E, 0x01, 0x37, 0x36, 0x17, 0x36, 0x17, 0x16,
	0x17, 0x06, 0x15, 0x14, 0x17, 0x36, 0x37, 0x36, 0x35, 0x34, 0x26, 0x35,
	0x34, 0x37, 0x36, 0x17, 0x16, 0x17, 0x35, 0x36, 0x37, 0x16, 0x17, 0x16,
	0x17, 0x16, 0x17, 0x26, 0x27, 0x34, 0x27, 0x26, 0x37, 0x36, 0x17, 0x34,
	0x37, 0x36, 0x33, 0x32, 0x17, 0x16, 0x17, 0x26, 0x2F, 0x01, 0x2E, 0x01,
	0x37, 0x36, 0x37, 0x35, 0x36, 0x17, 0x16, 0x17, 0x26, 0x27, 0x26, 0x27,
	0x26, 0x27, 0x26, 0x35, 0x34, 0x37, 0x27, 0x26, 0x37, 0x36, 0x17, 0x16,
	0x33, 0x32, 0x03, 0x36, 0x27, 0x06, 0x16, 0x37, 0x0E, 0x01, 0x07, 0x06,
	0x23, 0x22, 0x27, 0x26, 0x35, 0x34, 0x37, 0x3E, 0x01, 0x37, 0x36, 0x33,
	0x32, 0x17, 0x37, 0x16, 0x15, 0x14, 0x07, 0x36, 0x27, 0x2E, 0x01, 0x23,
	0x22, 0x07, 0x06, 0x15, 0x14, 0x17, 0x16, 0x17, 0x16, 0x17, 0x37, 0x16,
	0x37, 0x36, 0x37, 0x36, 0x27, 0x22, 0x26, 0x27, 0x07, 0x26, 0x27, 0x26,
	0x31, 0x26, 0x27, 0x26, 0x37, 0x16, 0x33, 0x32, 0x36, 0x33, 0x32, 0x16,
	0x27, 0x06, 0x07, 0x16, 0x17, 0x06, 0x07, 0x06, 0x07, 0x23, 0x26, 0x37,
	0x36, 0x17, 0x36, 0x37, 0x17, 0x07, 0x26, 0x27, 0x06, 0x07, 0x17, 0x06,
	0x23, 0x22, 0x27, 0x06, 0x17, 0x16, 0x15, 0x16, 0x17, 0x15, 0x32, 0x27,
	0x16, 0x07, 0x06, 0x07, 0x27, 0x26, 0x27, 0x26, 0x37, 0x06, 0x27, 0x36,
	0x3F, 0x01, 0x26, 0x27, 0x26, 0x37, 0x06, 0x07, 0x23, 0x3E, 0x02, 0x3F,
	0x01, 0x16, 0x33, 0x32, 0x36, 0x33, 0x32, 0x17, 0x16, 0x17, 0x16, 0x17,
	0x06, 0x15, 0x26, 0x27, 0x06, 0x07, 0x06, 0x27, 0x26, 0x27, 0x2E, 0x01,
	0x27, 0x26, 0x27, 0x06, 0x27, 0x36, 0x37, 0x36, 0x37, 0x06, 0x15, 0x14,
	0x17, 0x16, 0x17, 0x16, 0x33, 0x32, 0x37, 0x36, 0x37, 0x26, 0x37, 0x33,
	0x1E, 0x01, 0x07, 0x06, 0x27, 0x06, 0x27, 0x07, 0x26, 0x27, 0x14, 0x16,
	0x17, 0x16, 0x37, 0x27, 0x22, 0x07, 0x26, 0x35, 0x16, 0x07, 0x36, 0x15,
	0x36, 0x17, 0x27, 0x26, 0x17, 0x26, 0x27, 0x17, 0x16, 0x07, 0x06, 0x27,
	0x26, 0x37, 0x26, 0x27, 0x06, 0x15, 0x14, 0x17, 0x16, 0x37, 0x36, 0x27,
	0x07, 0x26, 0x31, 0x06, 0x17, 0x22, 0x15, 0x37, 0x34, 0x17, 0x26, 0x37,
	0x26, 0x07, 0x06, 0x17, 0x16, 0x07, 0x16, 0x07, 0x06, 0x27, 0x26, 0x37,
	0x06, 0x07, 0x1E, 0x01, 0x17, 0x16, 0x37, 0x36, 0x17, 0x06, 0x23, 0x22,
	0x27, 0x07, 0x16, 0x17, 0x16, 0x37, 0x36, 0x37, 0x36, 0x03, 0x0C, 0x05,
	0x09, 0x0C, 0x24, 0x10, 0x04, 0x07, 0x03, 0x0A, 0x03, 0x13, 0x08, 0x01,
	0x13, 0x03, 0x19, 0x03, 0x0A, 0x04, 0x0A, 0x02, 0x08, 0x11, 0x20, 0x0C,
	0x15, 0x19, 0x07, 0x13, 0x0C, 0x02, 0x03, 0x07, 0x0B, 0x0B, 0x01, 0x11,
	0x01, 0x07, 0x0A, 0x20, 0x1F, 0x23, 0x0A, 0x02, 0x01, 0x1B, 0x5E, 0x06,
	0x04, 0x05, 0x02, 0x1B, 0x0D, 0x02, 0x11, 0x02, 0x06, 0x02, 0x2C, 0x10,
	0x03, 0x02, 0x02, 0x01, 0x02, 0x13, 0x05, 0x12, 0x01, 0x10, 0x05, 0x04,
	0x0D, 0x18, 0x07, 0x13, 0x07, 0x05, 0x09, 0x01, 0x09, 0x0F, 0x12, 0x07,
	0x0D, 0x04, 0x05, 0x04, 0x01, 0x02, 0x03, 0x09, 0x11, 0x1C, 0x04, 0x01,
	0x02, 0x08, 0x06, 0x10, 0x0F, 0x03, 0x05, 0x03, 0x0D, 0x0C, 0x1C, 0x19,
	0x14, 0x03, 0x14, 0x12, 0x12, 0x15, 0x07, 0x02, 0x01, 0x10, 0x01, 0x04,
	0x15, 0x1E, 0x20, 0x01, 0x0E, 0x0A, 0x14, 0x48, 0x0C, 0x1D, 0x20, 0x0A,
	0x08, 0x08, 0x0E, 0x0F, 0x01, 0x13, 0x05, 0x0D, 0x08, 0x0D, 0x03, 0x02,
	0x06, 0x04, 0x07, 0x08, 0x04, 0x2B, 0x16, 0x0E, 0x19, 0x15, 0x16, 0x19,
	0x05, 0x04, 0x08, 0x21, 0x0B, 0x05, 0x0D, 0x03, 0x07, 0x0E, 0x01, 0x18,
	0x0E, 0x2A, 0x01, 0x08, 0x0A, 0x0E, 0x19, 0x11, 0x04, 0x04, 0x0A, 0x07,
	0x01, 0x01, 0x1C, 0x1D, 0x01, 0x19, 0x2E, 0x0B, 0x12, 0x04, 0x01, 0x03,
	0x02, 0x01, 0x0E, 0x03, 0x0B, 0x0D, 0x12, 0x21, 0x02, 0x02, 0x0D, 0x21,
	0x12, 0x08, 0x0F, 0x1C, 0x08, 0x03, 0x04, 0x23, 0x01, 0x03, 0x02, 0x08,
	0x21, 0x09, 0x06, 0x09, 0x05, 0x0A, 0x07, 0x11, 0x04, 0x01, 0x11, 0x06,
	0x01, 0x01, 0x01, 0x04, 0x06, 0x09, 0x0E, 0x09, 0x15, 0x01, 0x02, 0x07,
	0x0C, 0x07, 0x04, 0x02, 0x03, 0x04, 0x01, 0x0B, 0x0C, 0x16, 0x3F, 0x17,
	0x07, 0x44, 0x0A, 0x13, 0x1A, 0x08, 0x06, 0x0F, 0x1F, 0x08, 0x12, 0x0B,
	0x01, 0x02, 0x11, 0x21, 0x29, 0x0B, 0x01, 0x07, 0x06, 0x02, 0x1A, 0x39,
	0x17, 0x0D, 0x1A, 0x06, 0x0A, 0x14, 0x05, 0x01, 0x05, 0x07, 0x03, 0x12,
	0x05, 0x05, 0x05, 0x09, 0x14, 0x04, 0x0A, 0x07, 0x2E, 0x1F, 0x2B, 0x2D,
	0x02, 0x05, 0x19, 0x06, 0x13, 0x07, 0x04, 0x07, 0x16, 0x13, 0x2E, 0x41,
	0x23, 0x23, 0x27, 0x17, 0x0C, 0x0B, 0x01, 0x03, 0x01, 0x03, 0x0D, 0x08,
	0x02, 0x0A, 0x38, 0x2D, 0x03, 0x28, 0x1F, 0x18, 0x18, 0x06, 0x0E, 0x08,
	0x0B, 0x02, 0x03, 0x0D, 0x03, 0x1A, 0x03, 0x38, 0x07, 0x07, 0x02, 0x03,
	0x05, 0x0D, 0x08, 0x04, 0x09, 0x15, 0x0C, 0x14, 0x0D, 0x08, 0x15, 0x0D,
	0x02, 0x02, 0x03, 0x09, 0x03, 0x0F, 0x08, 0x05, 0x1F, 0x1B, 0x1B, 0x0A,
	0x1A, 0x10, 0x14, 0x01, 0x06, 0x02, 0x05, 0x05, 0x02, 0x01, 0x01, 0x05,
	0x06, 0x06, 0x06, 0x6F, 0x1F, 0x0B, 0x25, 0x0B, 0x39, 0x18, 0x01, 0x02,
	0x03, 0x0B, 0x04, 0x06, 0x04, 0x05, 0x10, 0x35, 0x3E, 0x0F, 0x1F, 0x21,
	0x12, 0x16, 0x04, 0x01, 0x11, 0x0A, 0x02, 0x06, 0x0C, 0x05, 0x1A, 0x07,
	0x27, 0x4C, 0x1C, 0x28, 0x25, 0x20, 0x0B, 0x0B, 0x0D, 0x06, 0x08, 0x0F,
	0x0A, 0x0A, 0x01, 0x06, 0x38, 0x4F, 0x27, 0x27, 0x2D, 0x1C, 0x0B, 0x09,
	0x02, 0x02, 0x0B, 0x05, 0x03, 0x09, 0x43, 0x17, 0x02, 0x1F, 0x43, 0x05,
	0x11, 0x08, 0x02, 0x0D, 0x08, 0x02, 0x02, 0x12, 0x07, 0x0B, 0x16, 0x04,
	0x09, 0x0A, 0x05, 0x04, 0x08, 0x0E, 0x10, 0x02, 0x03, 0x28, 0x11, 0x04,
	0x02, 0x0A, 0x02, 0x0D, 0x06, 0x0C, 0x03, 0x07, 0x0D, 0x0D, 0x0B, 0x0E,
	0x0A, 0x10, 0x19, 0x02, 0x22, 0x06, 0x02, 0x0C, 0x05, 0x08, 0x0B, 0x04,
	0x04, 0x05, 0x04, 0x51, 0x4B, 0x0F, 0x0C, 0x64, 0x04, 0x09, 0x02, 0x05,
	0x0B, 0x07, 0x06, 0x16, 0x51, 0x11, 0x25, 0x05, 0x14, 0x10, 0x06, 0x02,
	0x0D, 0x0B, 0x07, 0x05, 0x07, 0x10, 0x09, 0x0A, 0x27, 0x8C, 0x01, 0x06,
	0x02, 0x05, 0x1B, 0x0B, 0x52, 0x31, 0x18, 0x1A, 0x39, 0x2F, 0x66, 0x03,
	0x08, 0x5D, 0x39, 0x17, 0x17, 0x56, 0x39, 0x02, 0x35, 0x07, 0x07, 0x21,
	0x1C, 0x57, 0x2F, 0x46, 0x3E, 0x4B, 0x06, 0x07, 0x2F, 0x2C, 0x36, 0x02,
	0x26, 0x3A, 0x32, 0x28, 0x24, 0x54, 0x03, 0x03, 0x02, 0x06, 0x05, 0x01,
	0x03, 0x04, 0x17, 0x13, 0x02, 0x06, 0x0A, 0x03, 0x0E, 0x04, 0x13, 0x10,
	0x5E, 0x0E, 0x1D, 0x01, 0x06, 0x07, 0x0D, 0x05, 0x06, 0x04, 0x03, 0x0F,
	0x19, 0x19, 0x03, 0x06, 0x4C, 0x03, 0x03, 0x07, 0x01, 0x0A, 0x01, 0x15,
	0x01, 0x04, 0x05, 0x02, 0x02, 0x02, 0x04, 0x07, 0x01, 0x0A, 0x01, 0x06,
	0x07, 0x10, 0x1D, 0x07, 0x0D, 0x01, 0x07, 0x06, 0x0B, 0x07, 0x0E, 0x01,
	0x08, 0x0D, 0x09, 0x03, 0x01, 0x04, 0x04, 0x04, 0x0C, 0x0D, 0x0B, 0x22,
	0x03, 0x04, 0x03, 0x0D, 0x03, 0x05, 0x03, 0x0F, 0x0B, 0x04, 0x4B, 0x02,
	0x03, 0x0A, 0x17, 0x29, 0x15, 0x33, 0x20, 0x14, 0x1E, 0x0C, 0x07, 0x05,
	0x09, 0x0A, 0x11, 0x10, 0x19, 0x05, 0x0D, 0x13, 0x01, 0x20, 0x2F, 0x11,
	0x10, 0x2E, 0x1B, 0x20, 0x07, 0x08, 0x03, 0x03, 0x01, 0x1C, 0x60, 0x19,
	0x18, 0x14, 0x09, 0x02, 0x04, 0x01, 0x0E, 0x15, 0x1C, 0x15, 0x0A, 0x04,
	0x01, 0x02, 0x01, 0x09, 0x05, 0x03, 0x05, 0x01, 0x01, 0x21, 0x03, 0x10,
	0x01, 0x01, 0x0A, 0x13, 0x09, 0x06, 0x0B, 0x01, 0x06, 0x03, 0x0A, 0x0F,
	0x10, 0x0D, 0x4F, 0x01, 0x05, 0x01, 0x01, 0x02, 0x04, 0x03, 0x04, 0x1B,
	0x03, 0x01, 0x06, 0x01, 0x01, 0x01, 0x02, 0x0F, 0x0E, 0x08, 0x03, 0x03,
	0x0C, 0x01, 0x01, 0x02, 0x06, 0x07, 0x0B, 0x20, 0x35, 0x1D, 0x1F, 0x22,
	0x17, 0x02, 0x06, 0x09, 0x2C, 0x0D, 0x1A, 0x03, 0x11, 0x01, 0x9D, 0x02,
	0x04, 0x08, 0x0A, 0x05, 0x09, 0x11, 0x02, 0x08, 0x04, 0x0F, 0x04, 0x08,
	0x05, 0x0F, 0x15, 0x07, 0x06, 0x0C, 0x01, 0x06, 0x10, 0x0B, 0x19, 0x02,
	0x04, 0x04, 0x0E, 0x01, 0x02, 0x09, 0x01, 0x05, 0x06, 0x0D, 0x02, 0x03,
	0x0A, 0x19, 0x19, 0x1F, 0x20, 0x02, 0x01, 0x0D, 0x49, 0x0A, 0x17, 0x02,
	0x09, 0x01, 0x0F, 0x1D, 0x12, 0x0D, 0x1E, 0x0B, 0x2E, 0x1A, 0x01, 0x03,
	0x04, 0x02, 0x16, 0x0C, 0x0B, 0x0F, 0x13, 0x03, 0x03, 0x08, 0x17, 0x01,
	0x13, 0x3D, 0x22, 0x01, 0x09, 0x0E, 0x01, 0x0C, 0x2E, 0x03, 0x03, 0x05,
	0x0C, 0x0D, 0x02, 0x0D, 0x07, 0x0F, 0x03, 0x10, 0x2C, 0x02, 0x0A, 0x22,
	0x06, 0x0C, 0x08, 0x16, 0x03, 0x05, 0x09, 0x14, 0x0B, 0x10, 0x30, 0x29,
	0x15, 0x0B, 0x0B, 0x1B, 0x1F, 0x1B, 0x1B, 0x03, 0x02, 0x03, 0x0C, 0x06,
	0x07, 0x0B, 0x1C, 0x03, 0x13, 0x1D, 0x02, 0x08, 0x06, 0x19, 0x05, 0x10,
	0x14, 0x18, 0x0A, 0x14, 0x0E, 0x01, 0x11, 0x04, 0x04, 0x0F, 0x14, 0x06,
	0x05, 0x06, 0x0C, 0x1E, 0x05, 0x08, 0x03, 0x02, 0x02, 0x01, 0x05, 0x0E,
	0x0E, 0x0B, 0x08, 0x08, 0x12, 0x1A, 0x03, 0x06, 0x05, 0x0E, 0x15, 0x07,
	0x02, 0x04, 0x05, 0x01, 0x13, 0x17, 0x03, 0x09, 0x02, 0x01, 0x01, 0x1E,
	0x21, 0x06, 0x0E, 0x01, 0x07, 0x0D, 0x14, 0x41, 0x01, 0x0F, 0x27, 0x1C,
	0x19, 0x02, 0x05, 0x07, 0x03, 0x0E, 0x12, 0x0E, 0x1B, 0x23, 0x14, 0x11,
	0x20, 0x05, 0x07, 0x07, 0x06, 0x0E, 0x01, 0x1C, 0x10, 0x1C, 0x05, 0x1F,
	0x04, 0x13, 0x23, 0x08, 0x10, 0x08, 0x07, 0x55, 0x02, 0x0C, 0x14, 0x0F,
	0x1C, 0x05, 0x05, 0x1C, 0x08, 0x03, 0x0D, 0x05, 0x05, 0x08, 0x03, 0x07,
	0x12, 0x0A, 0x15, 0x02, 0x09, 0x22, 0x06, 0x0F, 0x08, 0x19, 0x0E, 0x03,
	0x02, 0x04, 0x0E, 0x20, 0x32, 0x43, 0x07, 0x46, 0x43, 0x01, 0x06, 0x0B,
	0x0F, 0x01, 0x01, 0x03, 0x10, 0x04, 0x15, 0x02, 0x04, 0x0D, 0x0B, 0x0D,
	0x05, 0x03, 0x02, 0x03, 0x1B, 0x32, 0x04, 0x14, 0x04, 0x04, 0x04, 0x08,
	0x08, 0x02, 0x08, 0x0F, 0x01, 0x09, 0x04, 0x07, 0x10, 0x09, 0x03, 0x07,
	0x0B, 0x12, 0x10, 0x09, 0x02, 0x05, 0x10, 0x15, 0x04, 0x0D, 0x0D, 0x05,
	0x12, 0x12, 0x44, 0x0C, 0x0D, 0x12, 0x1D, 0x06, 0x0F, 0x05, 0x09, 0x01,
	0x02, 0x01, 0x15, 0x06, 0x16, 0x44, 0x35, 0x2C, 0x19, 0x31, 0x2D, 0x2C,
	0x07, 0x0F, 0x01, 0x0F, 0x02, 0x02, 0x04, 0x04, 0x06, 0x3B, 0x3A, 0x40,
	0x28, 0x0C, 0x02, 0x08, 0x08, 0x08, 0x0A, 0x0B, 0x0A, 0x27, 0x0B, 0x13,
	0x37, 0x0F, 0x2E, 0x15, 0x20, 0x0D, 0x38, 0x12, 0x03, 0x02, 0x0D, 0x06,
	0x0A, 0x1F, 0x21, 0x1C, 0x1C, 0x3B, 0x2B, 0x0D, 0x1F, 0x05, 0x08, 0x02,
	0x01, 0x02, 0x01, 0x08, 0x06, 0x03, 0x02, 0x03, 0x63, 0x16, 0x23, 0x22,
	0x09, 0x2B, 0x17, 0x08, 0x03, 0x05, 0x07, 0x03, 0x0D, 0x0A, 0x07, 0x01,
	0x1E, 0x09, 0x0E, 0x1E, 0x0C, 0x06, 0x07, 0x11, 0x07, 0x08, 0x05, 0x0B,
	0x0C, 0x07, 0x01, 0x27, 0x10, 0x0D, 0x01, 0x01, 0x09, 0x0E, 0x16, 0x0B,
	0x06, 0x0D, 0x02, 0x1A, 0x43, 0x0E, 0x0F, 0x12, 0x15, 0x06, 0x0C, 0x04,
	0x04, 0x05, 0x04, 0x02, 0x08, 0x07, 0x17, 0x5E, 0x20, 0x1D, 0x06, 0x05,
	0x2F, 0x6C, 0x0A, 0x0B, 0x05, 0x0D, 0x05, 0x03, 0x09, 0x0D, 0x01, 0x19,
	0x4E, 0x16, 0x2B, 0x0C, 0x1B, 0x05, 0x01, 0x0C, 0x08, 0x02, 0x07, 0x1E,
	0x0F, 0x0F, 0x35, 0x30, 0x1A, 0x30, 0x07, 0x07, 0x0A, 0x26, 0x0A, 0x06,
	0x07, 0x0F, 0x01, 0x04, 0x07, 0x05, 0x0E, 0x02, 0x01, 0x11, 0x26, 0x11,
	0x1D, 0x13, 0x2A, 0x40, 0x06, 0x09, 0x13, 0x07, 0x01, 0x02, 0x05, 0x0C,
	0x02, 0x02, 0x4D, 0x2D, 0x1C, 0x0D, 0x50, 0x06, 0x0E, 0x08, 0x0A, 0x01,
	0x10, 0x0C, 0x02, 0x11, 0x09, 0x0D, 0x14, 0x03, 0x03, 0x03, 0x09, 0x02,
	0x03, 0x01, 0x11, 0x0B, 0x09, 0x0B, 0x0F, 0x02, 0x02, 0xFE, 0xF4, 0x0E,
	0x09, 0x05, 0x0C, 0xD3, 0x2F, 0x4D, 0x0D, 0x06, 0x1B, 0x3C, 0x78, 0x11,
	0x11, 0x3A, 0x5B, 0x0D, 0x05, 0x3D, 0x02, 0x33, 0x59, 0x20, 0x10, 0x6B,
	0x30, 0x28, 0x2F, 0x2C, 0x44, 0x55, 0x16, 0x17, 0x35, 0x2D, 0x2B, 0x0C,
	0x01, 0x0B, 0x0D, 0x0B, 0x2D, 0x2A, 0xCC, 0x0A, 0x02, 0x0F, 0x04, 0x09,
	0x10, 0x07, 0x05, 0x05, 0x0E, 0x05, 0x02, 0x23, 0x21, 0x0D, 0x05, 0x01,
	0x02, 0x04, 0x07, 0x04, 0x0B, 0x10, 0x1A, 0x13, 0x0C, 0x01, 0x02, 0x53,
	0x03, 0x02, 0x04, 0x0A, 0x0E, 0x02, 0x0B, 0x03, 0x02, 0x02, 0x03, 0x01,
	0x02, 0x05, 0x03, 0x03, 0x14, 0x11, 0x09, 0x0C, 0x01, 0x08, 0x0F, 0x1B,
	0x0B, 0x03, 0x03, 0x01, 0x07, 0x01, 0x01, 0x08, 0x0B, 0x14, 0x03, 0x04,
	0x05, 0x15, 0x13, 0x04, 0x02, 0x02, 0x04, 0x02, 0x04, 0x15, 0x0A, 0x53,
	0x01, 0x04, 0x08, 0x0C, 0x1B, 0x34, 0x34, 0x02, 0x01, 0x22, 0x31, 0x0B,
	0x12, 0x0F, 0x06, 0x08, 0x01, 0x07, 0x17, 0x03, 0x01, 0x10, 0x10, 0x04,
	0x04, 0x3D, 0x08, 0x03, 0x18, 0x1D, 0x17, 0x19, 0x08, 0x0A, 0x17, 0x7D,
	0x23, 0x02, 0x01, 0x11, 0x01, 0x04, 0x0B, 0x01, 0x14, 0x06, 0x02, 0x21,
	0xC6, 0x02, 0x03, 0x01, 0x04, 0x05, 0x03, 0x07, 0x05, 0x04, 0x02, 0x05,
	0x08, 0x08, 0x08, 0x02, 0x09, 0x0E, 0x0C, 0x13, 0x10, 0x0C, 0x01, 0x02,
	0x06, 0x08, 0x0B, 0x15, 0x15, 0x03, 0x07, 0x24, 0x02, 0x03, 0x07, 0x01,
	0x03, 0x03, 0x01, 0x02, 0x05, 0x15, 0x02, 0x01, 0x01, 0x04, 0x08, 0x01,
	0x13, 0x08, 0x07, 0x11, 0x03, 0x0A, 0x01, 0x11, 0x06, 0x0F, 0x03, 0x01,
	0x03, 0x18, 0x7E, 0x0B, 0x0F, 0x09, 0x0F, 0x04, 0x08, 0x03, 0x07, 0x01,
	0x07, 0x00, 0x00, 0x16, 0x00, 0x00, 0xFF, 0xFF, 0x03, 0x25, 0x03, 0x20,
	0x00, 0x11, 0x00, 0x35, 0x00, 0x41, 0x00, 0x4F, 0x00, 0x57, 0x00, 0x6C,
	0x00, 0x7F, 0x00, 0x87, 0x00, 0x91, 0x00, 0xA5, 0x00, 0xC1, 0x00, 0xCA,
	0x00, 0xE4, 0x01, 0x06, 0x01, 0x26, 0x01, 0x2F, 0x01, 0x44, 0x01, 0x5D,
	0x01, 0x68, 0x01, 0xAB, 0x01, 0xBF, 0x01, 0xD8, 0x00, 0x00, 0x01, 0x06,
	0x07, 0x06, 0x07, 0x27, 0x06, 0x07, 0x26, 0x27, 0x36, 0x37, 0x16, 0x33,
	0x32, 0x36, 0x17, 0x36, 0x27, 0x06, 0x07, 0x27, 0x06, 0x07, 0x06, 0x07,
	0x22, 0x27, 0x36, 0x37, 0x36, 0x27, 0x06, 0x23, 0x36, 0x37, 0x36, 0x3F,
	0x01, 0x33, 0x17, 0x06, 0x15, 0x14, 0x17, 0x36, 0x37, 0x16, 0x17, 0x36,
	0x37, 0x16, 0x15, 0x14, 0x17, 0x06, 0x07, 0x06, 0x07, 0x06, 0x17, 0x22,
	0x26, 0x27, 0x35, 0x36, 0x05, 0x22, 0x07, 0x26, 0x27, 0x06, 0x07, 0x26,
	0x27, 0x36, 0x37, 0x17, 0x3E, 0x01, 0x27, 0x06, 0x07, 0x06, 0x07, 0x36,
	0x37, 0x36, 0x27, 0x0E, 0x01, 0x07, 0x27, 0x30, 0x27, 0x26, 0x37, 0x36,
	0x27, 0x26, 0x27, 0x26, 0x27, 0x17, 0x06, 0x17, 0x16, 0x17, 0x16, 0x27,
	0x0E, 0x01, 0x07, 0x26, 0x35, 0x34, 0x37, 0x26, 0x27, 0x16, 0x17, 0x16,
	0x17, 0x06, 0x15, 0x14, 0x17, 0x16, 0x05, 0x06, 0x07, 0x06, 0x07, 0x26,
	0x37, 0x36, 0x01, 0x07, 0x26, 0x27, 0x37, 0x16, 0x17, 0x30, 0x17, 0x16,
	0x01, 0x06, 0x23, 0x22, 0x26, 0x07, 0x26, 0x2F, 0x01, 0x34, 0x36, 0x33,
	0x32, 0x17, 0x16, 0x17, 0x16, 0x07, 0x17, 0x16, 0x01, 0x14, 0x07, 0x17,
	0x0E, 0x01, 0x2F, 0x01, 0x36, 0x35, 0x1E, 0x01, 0x17, 0x37, 0x26, 0x27,
	0x37, 0x26, 0x27, 0x33, 0x16, 0x17, 0x06, 0x26, 0x07, 0x16, 0x17, 0x16,
	0x01, 0x26, 0x27, 0x3E, 0x01, 0x33, 0x32, 0x17, 0x16, 0x17, 0x30, 0x07,
	0x27, 0x07, 0x26, 0x27, 0x06, 0x17, 0x16, 0x31, 0x16, 0x17, 0x23, 0x27,
	0x34, 0x36, 0x27, 0x36, 0x33, 0x32, 0x16, 0x17, 0x16, 0x37, 0x16, 0x27,
	0x06, 0x07, 0x06, 0x07, 0x06, 0x07, 0x06, 0x07, 0x26, 0x27, 0x26, 0x2F,
	0x01, 0x30, 0x37, 0x36, 0x37, 0x36, 0x37, 0x36, 0x37, 0x36, 0x17, 0x16,
	0x17, 0x16, 0x17, 0x16, 0x17, 0x1E, 0x01, 0x15, 0x14, 0x25, 0x16, 0x06,
	0x15, 0x26, 0x27, 0x26, 0x27, 0x16, 0x17, 0x27, 0x06, 0x15, 0x14, 0x16,
	0x15, 0x14, 0x07, 0x26, 0x2F, 0x01, 0x16, 0x17, 0x16, 0x17, 0x36, 0x35,
	0x34, 0x26, 0x35, 0x34, 0x33, 0x01, 0x27, 0x26, 0x27, 0x36, 0x37, 0x17,
	0x1E, 0x01, 0x07, 0x26, 0x27, 0x26, 0x2F, 0x01, 0x26, 0x27, 0x26, 0x27,
	0x36, 0x26, 0x35, 0x34, 0x37, 0x17, 0x14, 0x15, 0x16, 0x17, 0x16, 0x27,
	0x06, 0x15, 0x14, 0x16, 0x07, 0x16, 0x17, 0x06, 0x26, 0x27, 0x26, 0x35,
	0x34, 0x37, 0x26, 0x35, 0x34, 0x37, 0x36, 0x37, 0x32, 0x17, 0x07, 0x06,
	0x07, 0x06, 0x07, 0x26, 0x35, 0x34, 0x37, 0x36, 0x37, 0x26, 0x37, 0x27,
	0x06, 0x07, 0x27, 0x07, 0x26, 0x06, 0x23, 0x22, 0x27, 0x3E, 0x01, 0x37,
	0x27, 0x06, 0x07, 0x06, 0x07, 0x14, 0x07, 0x06, 0x31, 0x06, 0x07, 0x36,
	0x37, 0x36, 0x3F, 0x01, 0x26, 0x07, 0x06, 0x2F, 0x01, 0x36, 0x37, 0x36,
	0x37, 0x36, 0x37, 0x26, 0x27, 0x07, 0x26, 0x27, 0x35, 0x17, 0x16, 0x17,
	0x36, 0x37, 0x16, 0x17, 0x16, 0x31, 0x16, 0x07, 0x1E, 0x01, 0x15, 0x14,
	0x07, 0x16, 0x17, 0x14, 0x07, 0x16, 0x17, 0x06, 0x07, 0x06, 0x27, 0x06,
	0x07, 0x06, 0x07, 0x3E, 0x01, 0x37, 0x36, 0x37, 0x36, 0x37, 0x36, 0x37,
	0x1E, 0x01, 0x37, 0x26, 0x27, 0x26, 0x27, 0x26, 0x23, 0x22, 0x07, 0x06,
	0x07, 0x06, 0x15, 0x06, 0x17, 0x16, 0x17, 0x16, 0x33, 0x32, 0x37, 0x36,
	0x37, 0x36, 0x37, 0x02, 0xFA, 0x08, 0x13, 0x16, 0x07, 0x3B, 0x18, 0x30,
	0x1E, 0x0C, 0x21, 0x6E, 0x05, 0x0D, 0x07, 0x26, 0x09, 0x07, 0xC2, 0x09,
	0x18, 0x11, 0x07, 0x05, 0x06, 0x03, 0x0A, 0x14, 0x02, 0x02, 0x02, 0x04,
	0x1B, 0x01, 0x03, 0x02, 0x01, 0x18, 0x05, 0x05, 0x05, 0x17, 0x08, 0x0E,
	0x21, 0x02, 0x08, 0x0C, 0x1C, 0x02, 0x1A, 0x06, 0x11, 0x13, 0x05, 0x0C,
	0x03, 0x07, 0x11, 0x05, 0x1C, 0x01, 0x11, 0x01, 0x4F, 0x10, 0x36, 0x11,
	0x2F, 0x06, 0x06, 0x22, 0x46, 0x2A, 0x0C, 0x36, 0x73, 0x15, 0x20, 0x1C,
	0x1B, 0x02, 0x02, 0x21, 0xB2, 0x06, 0x22, 0x07, 0x09, 0x01, 0x01, 0x10,
	0x02, 0x04, 0x07, 0x01, 0x05, 0x06, 0x23, 0x03, 0x01, 0x09, 0x09, 0x0A,
	0x47, 0x04, 0x10, 0x08, 0x11, 0x03, 0x08, 0x0B, 0x0B, 0x08, 0x09, 0x05,
	0x02, 0x0A, 0x0A, 0x01, 0x42, 0x0B, 0x19, 0x1F, 0x08, 0x0A, 0x08, 0x19,
	0xFE, 0xBF, 0x12, 0x0A, 0x17, 0x02, 0x12, 0x11, 0x0A, 0x06, 0x01, 0xD8,
	0x0C, 0x0E, 0x0D, 0x39, 0x10, 0x0E, 0x1F, 0x31, 0x0C, 0x06, 0x06, 0x04,
	0x13, 0x14, 0x18, 0x02, 0x09, 0x23, 0xFE, 0x9A, 0x1D, 0x0C, 0x04, 0x18,
	0x0A, 0x2A, 0x03, 0x0B, 0x28, 0x0C, 0x02, 0x19, 0x2F, 0x07, 0x12, 0x20,
	0x05, 0x21, 0x36, 0x02, 0x0D, 0x02, 0x0C, 0x15, 0x23, 0x01, 0x21, 0x01,
	0x56, 0x04, 0x0C, 0x04, 0x04, 0x04, 0x15, 0x73, 0x09, 0x52, 0x10, 0x15,
	0x2B, 0x04, 0x03, 0x04, 0x1C, 0x10, 0x05, 0x48, 0x13, 0x01, 0x08, 0x09,
	0x08, 0x1D, 0x07, 0x15, 0x1A, 0x1A, 0x5E, 0x02, 0x18, 0x15, 0x15, 0x21,
	0x20, 0x28, 0x18, 0x07, 0x25, 0x1D, 0x07, 0x17, 0x03, 0x01, 0x0F, 0x05,
	0x1E, 0x2C, 0x05, 0x18, 0x38, 0x16, 0x2E, 0x0F, 0x0F, 0x10, 0x03, 0x01,
	0x0D, 0xFE, 0xCF, 0x04, 0x19, 0x1C, 0x3A, 0x07, 0x08, 0x25, 0x47, 0x31,
	0x03, 0x05, 0x02, 0x1A, 0x10, 0x3B, 0x11, 0x15, 0x11, 0x12, 0x02, 0x03,
	0x08, 0x01, 0x9D, 0x0A, 0x16, 0x1F, 0x07, 0x10, 0x09, 0x07, 0x10, 0x48,
	0x06, 0x03, 0x04, 0x01, 0x05, 0x17, 0x08, 0x0C, 0x04, 0x01, 0x09, 0x01,
	0x28, 0x02, 0x13, 0x03, 0x49, 0x13, 0x0B, 0x01, 0x02, 0x02, 0x06, 0x05,
	0x03, 0x10, 0x09, 0x19, 0x02, 0x0C, 0x17, 0x03, 0x06, 0x04, 0x02, 0x2B,
	0x11, 0x1B, 0x02, 0x06, 0x08, 0x02, 0x02, 0x09, 0x2F, 0x19, 0x2B, 0x03,
	0x04, 0x04, 0x0E, 0x04, 0x02, 0x02, 0x09, 0x36, 0x09, 0x02, 0x26, 0x26,
	0x2C, 0x09, 0x19, 0x2B, 0x0D, 0x1B, 0x2E, 0x2E, 0x01, 0x06, 0x62, 0x25,
	0x49, 0x03, 0x02, 0x02, 0x0A, 0x15, 0x1C, 0x07, 0x0E, 0x17, 0x1E, 0x3D,
	0x26, 0x20, 0x40, 0x15, 0x12, 0x37, 0x10, 0x0E, 0x16, 0x23, 0x3A, 0x02,
	0x09, 0x01, 0x09, 0x03, 0x0E, 0x1F, 0x03, 0x13, 0x42, 0x0C, 0x24, 0x1B,
	0x1F, 0x0B, 0x21, 0x06, 0x16, 0x01, 0x12, 0x02, 0x10, 0x16, 0x22, 0x03,
	0x1A, 0x10, 0x07, 0x1A, 0xAE, 0x05, 0x15, 0x13, 0x13, 0x13, 0x13, 0x47,
	0x3C, 0x06, 0x04, 0x06, 0x03, 0x14, 0x15, 0x14, 0x11, 0x15, 0x0E, 0x17,
	0x1D, 0x07, 0x1C, 0x2F, 0x02, 0x2E, 0x0B, 0x0E, 0x10, 0x08, 0x15, 0x10,
	0x21, 0x07, 0x1C, 0x10, 0x1A, 0x12, 0x12, 0x02, 0x06, 0x7B, 0x1E, 0x39,
	0x11, 0x0C, 0x16, 0x1B, 0x07, 0x04, 0x03, 0x03, 0x04, 0x02, 0x05, 0x0A,
	0x48, 0x33, 0x16, 0x36, 0x3B, 0x18, 0x2B, 0x06, 0x48, 0x1E, 0x36, 0x05,
	0x09, 0x18, 0x2C, 0x01, 0x06, 0x06, 0x37, 0x11, 0x1C, 0x1F, 0x0D, 0x0A,
	0x0B, 0x0D, 0x01, 0x07, 0x1F, 0x9D, 0x21, 0x0B, 0x16, 0x02, 0x13, 0x09,
	0x15, 0x06, 0x06, 0x24, 0x01, 0x0E, 0x44, 0x0F, 0x0F, 0x0C, 0x0C, 0x05,
	0x19, 0x0C, 0x5E, 0x04, 0x04, 0x06, 0x02, 0x3A, 0x23, 0x11, 0x08, 0x09,
	0x0D, 0x01, 0x0E, 0x1E, 0x38, 0x16, 0x2E, 0x0C, 0x0B, 0x0E, 0x15, 0x07,
	0x03, 0x02, 0x5C, 0x0F, 0x11, 0x0E, 0x19, 0x30, 0x09, 0x14, 0x17, 0x07,
	0x0C, 0x0D, 0x1B, 0x21, 0x1B, 0xF7, 0x09, 0x05, 0x06, 0x03, 0x05, 0x10,
	0x03, 0x01, 0x27, 0x0C, 0x1D, 0x38, 0x04, 0x10, 0x28, 0x09, 0x06, 0xFE,
	0x58, 0x02, 0x08, 0x01, 0x13, 0x21, 0x0B, 0x08, 0x10, 0x07, 0x06, 0x07,
	0x08, 0x15, 0x0E, 0x0B, 0x01, 0x1B, 0x10, 0x0A, 0x07, 0x02, 0x19, 0x01,
	0x4D, 0x04, 0x01, 0x05, 0x24, 0x06, 0x03, 0x1F, 0x41, 0x04, 0x1C, 0x37,
	0x1F, 0x42, 0x05, 0x01, 0x03, 0x0E, 0x10, 0x1C, 0xFE, 0xDA, 0x01, 0x20,
	0x02, 0x12, 0x06, 0x0F, 0x74, 0x02, 0x31, 0x05, 0x0F, 0x14, 0x02, 0x05,
	0x07, 0x1F, 0x1B, 0x3A, 0x06, 0x0F, 0x08, 0x0E, 0x20, 0x01, 0x0F, 0x08,
	0x18, 0x7F, 0x17, 0x17, 0x13, 0x14, 0x02, 0x03, 0x03, 0x08, 0x08, 0x1A,
	0x14, 0x15, 0x2D, 0x30, 0x1E, 0x0D, 0x19, 0x13, 0x1C, 0x06, 0x0A, 0x01,
	0x0A, 0x10, 0x0F, 0x0F, 0x12, 0x11, 0x0B, 0x30, 0x0D, 0x14, 0x88, 0x0F,
	0x28, 0x0B, 0x13, 0x1F, 0x03, 0x0B, 0x0B, 0x0F, 0x2F, 0x03, 0x03, 0x03,
	0x0A, 0x02, 0x03, 0x02, 0x0C, 0x17, 0x3B, 0x06, 0x11, 0x0E, 0x0F, 0x02,
	0x03, 0x02, 0x07, 0x01, 0x04, 0xFE, 0x28, 0x03, 0x13, 0x2F, 0x06, 0x08,
	0x1D, 0x07, 0x26, 0x14, 0x02, 0x0A, 0x0E, 0x02, 0x1E, 0x08, 0x21, 0x2F,
	0x06, 0x05, 0x0D, 0x03, 0x03, 0x02, 0x02, 0x1B, 0x1B, 0x1E, 0x0F, 0x1A,
	0x0A, 0x0F, 0x1A, 0x0B, 0x35, 0x0C, 0x04, 0x0D, 0x01, 0x10, 0x02, 0x3A,
	0x1F, 0x1C, 0x17, 0x2C, 0x1C, 0x07, 0x08, 0x01, 0x08, 0x02, 0x09, 0x26,
	0x07, 0x26, 0x4F, 0x08, 0x09, 0x11, 0x1A, 0x22, 0x09, 0x11, 0x06, 0x36,
	0x05, 0x19, 0x02, 0x04, 0x02, 0x0A, 0x01, 0x0E, 0x2E, 0x0F, 0x02, 0x07,
	0x08, 0x0D, 0x26, 0x16, 0x0C, 0x14, 0x06, 0x0A, 0x28, 0x1E, 0x0C, 0x15,
	0x4E, 0x01, 0x04, 0x03, 0x01, 0x02, 0x09, 0x05, 0x07, 0x03, 0x03, 0x0D,
	0x11, 0x23, 0x15, 0x11, 0x24, 0x05, 0x09, 0x02, 0x11, 0x05, 0x10, 0x0B,
	0x0C, 0x13, 0x14, 0x0F, 0x05, 0x16, 0x06, 0x05, 0x04, 0x0F, 0x15, 0x05,
	0x02, 0x10, 0x3D, 0x06, 0x2C, 0x21, 0x03, 0x02, 0x11, 0x11, 0x1E, 0x0D,
	0x29, 0x0A, 0x02, 0x0A, 0x0F, 0x01, 0x27, 0x2B, 0x03, 0x16, 0xD9, 0x14,
	0x11, 0x0C, 0x0C, 0x04, 0x2C, 0x0D, 0x17, 0x26, 0x01, 0x1C, 0x1D, 0x18,
	0x18, 0x0D, 0x06, 0x08, 0x01, 0x1D, 0x3F, 0x00, 0x00, 0x0B, 0x00, 0x00,
	0x00, 0x00, 0x01, 0x9C, 0x03, 0x20, 0x00, 0x29, 0x00, 0x59, 0x00, 0x82,
	0x00, 0xB0, 0x00, 0xD2, 0x01, 0x07, 0x01, 0x2C, 0x01, 0x52, 0x01, 0x81,
	0x01, 0xAA, 0x01, 0xB1, 0x00, 0x00, 0x01, 0x06, 0x07, 0x17, 0x30, 0x37,
	0x16, 0x17, 0x06, 0x07, 0x16, 0x17, 0x06, 0x23, 0x22, 0x26, 0x23, 0x26,
	0x27, 0x07, 0x36, 0x35, 0x06, 0x07, 0x36, 0x37, 0x36, 0x37, 0x22, 0x27,
	0x35, 0x36, 0x37, 0x36, 0x37, 0x33, 0x16, 0x06, 0x15, 0x14, 0x17, 0x36,
	0x27, 0x06, 0x07, 0x16, 0x17, 0x26, 0x27, 0x06, 0x15, 0x14, 0x07, 0x26,
	0x37, 0x36, 0x37, 0x36, 0x31, 0x06, 0x07, 0x3E, 0x01, 0x37, 0x26, 0x27,
	0x36, 0x17, 0x36, 0x35, 0x34, 0x27, 0x2E, 0x01, 0x27, 0x30, 0x17, 0x36,
	0x37, 0x16, 0x06, 0x17, 0x36, 0x37, 0x06, 0x07, 0x06, 0x07, 0x1E, 0x01,
	0x17, 0x06, 0x07, 0x16, 0x17, 0x15, 0x26, 0x27, 0x16, 0x17, 0x26, 0x27,
	0x26, 0x27, 0x06, 0x14, 0x07, 0x26, 0x27, 0x0E, 0x01, 0x27, 0x26, 0x36,
	0x35, 0x34, 0x27, 0x2E, 0x01, 0x27, 0x16, 0x17, 0x36, 0x37, 0x16, 0x07,
	0x06, 0x17, 0x36, 0x37, 0x36, 0x27, 0x07, 0x22, 0x27, 0x26, 0x07, 0x16,
	0x17, 0x06, 0x2F, 0x01, 0x07, 0x2E, 0x01, 0x27, 0x06, 0x07, 0x26, 0x35,
	0x14, 0x37, 0x22, 0x27, 0x34, 0x32, 0x37, 0x26, 0x27, 0x32, 0x16, 0x17,
	0x26, 0x35, 0x1E, 0x01, 0x17, 0x32, 0x37, 0x36, 0x17, 0x16, 0x15, 0x14,
	0x06, 0x17, 0x16, 0x17, 0x30, 0x07, 0x16, 0x17, 0x06, 0x26, 0x23, 0x06,
	0x07, 0x26, 0x35, 0x36, 0x31, 0x26, 0x23, 0x06, 0x31, 0x26, 0x27, 0x34,
	0x36, 0x37, 0x26, 0x27, 0x16, 0x17, 0x37, 0x36, 0x16, 0x07, 0x06, 0x17,
	0x36, 0x17, 0x06, 0x26, 0x23, 0x22, 0x07, 0x16, 0x07, 0x23, 0x34, 0x27,
	0x07, 0x34, 0x37, 0x36, 0x35, 0x26, 0x23, 0x06, 0x31, 0x34, 0x37, 0x30,
	0x27, 0x26, 0x37, 0x30, 0x17, 0x30, 0x27, 0x16, 0x17, 0x16, 0x33, 0x17,
	0x36, 0x37, 0x17, 0x16, 0x07, 0x06, 0x17, 0x32, 0x36, 0x17, 0x14, 0x07,
	0x32, 0x17, 0x14, 0x06, 0x07, 0x16, 0x17, 0x07, 0x06, 0x07, 0x2E, 0x01,
	0x27, 0x2E, 0x01, 0x27, 0x26, 0x27, 0x26, 0x37, 0x27, 0x36, 0x37, 0x3E,
	0x01, 0x37, 0x17, 0x37, 0x17, 0x06, 0x07, 0x06, 0x15, 0x14, 0x16, 0x17,
	0x06, 0x23, 0x22, 0x26, 0x07, 0x17, 0x16, 0x17, 0x06, 0x23, 0x22, 0x26,
	0x23, 0x22, 0x17, 0x16, 0x17, 0x23, 0x27, 0x07, 0x14, 0x07, 0x06, 0x07,
	0x27, 0x0E, 0x01, 0x23, 0x36, 0x37, 0x06, 0x27, 0x36, 0x37, 0x27, 0x33,
	0x16, 0x17, 0x36, 0x37, 0x36, 0x17, 0x06, 0x07, 0x16, 0x27, 0x06, 0x26,
	0x07, 0x16, 0x17, 0x2E, 0x01, 0x27, 0x06, 0x15, 0x14, 0x16, 0x0F, 0x01,
	0x26, 0x27, 0x07, 0x36, 0x37, 0x2E, 0x01, 0x35, 0x34, 0x37, 0x26, 0x27,
	0x36, 0x16, 0x33, 0x30, 0x37, 0x26, 0x37, 0x36, 0x33, 0x14, 0x17, 0x36,
	0x37, 0x14, 0x07, 0x06, 0x31, 0x16, 0x17, 0x16, 0x37, 0x27, 0x26, 0x27,
	0x14, 0x07, 0x22, 0x27, 0x37, 0x26, 0x27, 0x26, 0x27, 0x36, 0x17, 0x16,
	0x31, 0x27, 0x26, 0x27, 0x26, 0x27, 0x36, 0x3F, 0x01, 0x30, 0x07, 0x06,
	0x07, 0x06, 0x07, 0x06, 0x15, 0x14, 0x17, 0x06, 0x17, 0x16, 0x1F, 0x01,
	0x16, 0x27, 0x07, 0x30, 0x07, 0x06, 0x27, 0x36, 0x01, 0x9C, 0x0C, 0x12,
	0x01, 0x07, 0x01, 0x01, 0x06, 0x09, 0x04, 0x0B, 0x03, 0x02, 0x03, 0x05,
	0x02, 0x04, 0x0A, 0x0D, 0x02, 0x08, 0x15, 0x05, 0x0A, 0x03, 0x04, 0x05,
	0x08, 0x14, 0x0D, 0x09, 0x09, 0x04, 0x01, 0x09, 0x01, 0x0A, 0xA3, 0x10,
	0x1C, 0x07, 0x0A, 0x0A, 0x16, 0x0A, 0x0B, 0x03, 0x02, 0x01, 0x01, 0x04,
	0x08, 0x10, 0x02, 0x11, 0x03, 0x08, 0x11, 0x0F, 0x0D, 0x01, 0x05, 0x08,
	0x02, 0x01, 0x19, 0x07, 0x12, 0x03, 0x0D, 0x02, 0x08, 0x13, 0x01, 0x07,
	0x0B, 0x01, 0x06, 0x1B, 0x75, 0x10, 0x22, 0x15, 0x16, 0x10, 0x1D, 0x08,
	0x0E, 0x09, 0x07, 0x0A, 0x04, 0x05, 0x05, 0x01, 0x01, 0x03, 0x06, 0x04,
	0x01, 0x0A, 0x01, 0x09, 0x05, 0x01, 0x05, 0x0F, 0x03, 0x0E, 0x02, 0x02,
	0x01, 0x02, 0x09, 0x11, 0x0E, 0xEE, 0x03, 0x01, 0x0E, 0x08, 0x06, 0x0F,
	0x0A, 0x06, 0x09, 0x12, 0x05, 0x04, 0x03, 0x05, 0x04, 0x0B, 0x01, 0x0A,
	0x01, 0x13, 0x0C, 0x01, 0x06, 0x09, 0x07, 0x0E, 0x02, 0x01, 0x07, 0x06,
	0x07, 0x03, 0x02, 0x01, 0x05, 0x03, 0x0C, 0x01, 0x0D, 0x59, 0x16, 0x06,
	0x0C, 0x05, 0x11, 0x04, 0x03, 0x07, 0x06, 0x01, 0x01, 0x04, 0x09, 0x01,
	0x01, 0x0D, 0x01, 0x02, 0x08, 0x08, 0x05, 0x0C, 0x03, 0x03, 0x01, 0x03,
	0x05, 0x12, 0x73, 0x03, 0x0B, 0x02, 0x03, 0x01, 0x04, 0x0B, 0x03, 0x03,
	0x0C, 0x04, 0x06, 0x01, 0x05, 0x07, 0x0B, 0x06, 0x03, 0x01, 0x05, 0x03,
	0x04, 0x02, 0x03, 0x01, 0x01, 0x02, 0x0A, 0x02, 0x01, 0x01, 0x02, 0x03,
	0x04, 0x04, 0x06, 0x0E, 0x06, 0x0B, 0x0D, 0x02, 0x07, 0x2B, 0x05, 0x3E,
	0x41, 0x08, 0x26, 0x07, 0x07, 0x26, 0x07, 0x01, 0x0D, 0x09, 0x02, 0x07,
	0x01, 0x1F, 0x10, 0x45, 0x10, 0x07, 0x49, 0x05, 0x22, 0x3B, 0x02, 0x14,
	0x09, 0x02, 0x05, 0x02, 0x0C, 0x03, 0x0A, 0x2D, 0x4F, 0x02, 0x04, 0x04,
	0x0F, 0x02, 0x05, 0x03, 0x05, 0x05, 0x05, 0x14, 0x03, 0x02, 0x02, 0x06,
	0x05, 0x06, 0x09, 0x08, 0x08, 0x08, 0x0E, 0x0B, 0x10, 0x10, 0x02, 0x04,
	0x04, 0x0B, 0x02, 0x09, 0x07, 0x07, 0x08, 0x07, 0x0D, 0x75, 0x06, 0x16,
	0x07, 0x09, 0x0D, 0x07, 0x10, 0x04, 0x02, 0x07, 0x01, 0x05, 0x07, 0x11,
	0x1A, 0x09, 0x10, 0x02, 0x0B, 0x03, 0x01, 0x01, 0x03, 0x09, 0x01, 0x02,
	0x03, 0x05, 0x02, 0x04, 0x05, 0x05, 0x0F, 0x08, 0x0C, 0x09, 0x0F, 0x1A,
	0x64, 0x3D, 0x06, 0x10, 0x07, 0x04, 0x01, 0x05, 0x0A, 0x08, 0x06, 0x06,
	0x04, 0x05, 0x0A, 0x02, 0x0D, 0x03, 0x01, 0x01, 0x05, 0x10, 0x43, 0x28,
	0x18, 0x0B, 0x1C, 0x1C, 0x20, 0x03, 0x03, 0x0C, 0x0C, 0x0C, 0x36, 0x3D,
	0x58, 0x0A, 0x12, 0x0B, 0x08, 0x0F, 0x02, 0x55, 0x0C, 0x1B, 0x01, 0x01,
	0x02, 0x04, 0x02, 0x05, 0x18, 0x15, 0x02, 0x0A, 0x06, 0x0B, 0x20, 0x0F,
	0x1B, 0x0A, 0x0F, 0x08, 0x0F, 0x04, 0x08, 0x03, 0x04, 0x03, 0x18, 0x15,
	0x14, 0x08, 0x19, 0x05, 0x04, 0x03, 0x09, 0x8D, 0x02, 0x03, 0x0E, 0x1D,
	0x0D, 0x17, 0x17, 0x0D, 0x01, 0x12, 0x04, 0x05, 0x05, 0x05, 0x23, 0x03,
	0x02, 0x06, 0x07, 0x05, 0x06, 0x0C, 0x02, 0x0A, 0x02, 0x03, 0x05, 0x07,
	0x09, 0x06, 0x08, 0x1B, 0x12, 0x22, 0x09, 0x1E, 0x08, 0x05, 0x02, 0x07,
	0x05, 0x08, 0x02, 0x03, 0x06, 0x3D, 0x10, 0x1D, 0x11, 0x0B, 0x03, 0x04,
	0x04, 0x0E, 0x1D, 0x02, 0x0C, 0x0F, 0x04, 0x09, 0x27, 0x09, 0x1A, 0x30,
	0x01, 0x0A, 0x01, 0x04, 0x0C, 0x03, 0x02, 0x02, 0x07, 0x1D, 0x0E, 0x0C,
	0x15, 0x10, 0x1E, 0x06, 0x0D, 0x0E, 0x07, 0x0A, 0x06, 0x04, 0x02, 0x03,
	0x02, 0x02, 0x03, 0x12, 0x0A, 0x02, 0x07, 0x0F, 0x28, 0x06, 0x21, 0x06,
	0x06, 0x0B, 0x03, 0x03, 0x02, 0x17, 0x07, 0x03, 0x02, 0x08, 0x12, 0x10,
	0x02, 0x16, 0x29, 0x07, 0x26, 0x06, 0x07, 0x04, 0x01, 0x03, 0x03, 0x03,
	0x0F, 0x05, 0x07, 0x38, 0x17, 0x07, 0x0D, 0x02, 0x0D, 0x0A, 0x14, 0x03,
	0x0A, 0x10, 0x01, 0x05, 0x03, 0x02, 0x03, 0x08, 0x03, 0x07, 0x0D, 0x02,
	0x07, 0x1D, 0x01, 0x05, 0x03, 0x08, 0x0E, 0x08, 0xF8, 0x01, 0x06, 0x05,
	0x0A, 0x1A, 0x0C, 0x17, 0x0F, 0x06, 0x08, 0x0D, 0x01, 0x04, 0x01, 0x02,
	0x0A, 0x0D, 0x08, 0x06, 0x04, 0x27, 0x02, 0x07, 0x0B, 0x02, 0x0A, 0x11,
	0x02, 0x05, 0x0C, 0x14, 0x03, 0x0C, 0x02, 0x0A, 0x16, 0x01, 0x04, 0x07,
	0x03, 0x03, 0x70, 0x05, 0x10, 0x09, 0x07, 0x0A, 0x03, 0x0A, 0x1B, 0x0A,
	0x06, 0x1D, 0x16, 0x10, 0x23, 0x02, 0x4E, 0x0E, 0x29, 0x0E, 0x02, 0x11,
	0x02, 0x20, 0x47, 0x08, 0x07, 0x11, 0x27, 0x12, 0x06, 0x06, 0x01, 0x23,
	0x44, 0xB5, 0x02, 0x07, 0x0B, 0x08, 0x11, 0x19, 0x05, 0x01, 0x2E, 0x1D,
	0x10, 0x58, 0x02, 0x15, 0x0E, 0x1C, 0x04, 0x04, 0x07, 0x0E, 0x34, 0x16,
	0x10, 0x01, 0x0D, 0x0A, 0x01, 0x0C, 0x1A, 0x07, 0x25, 0x01, 0x0E, 0x02,
	0x0B, 0x18, 0x03, 0x14, 0x02, 0x04, 0x04, 0x05, 0x13, 0x06, 0x02, 0x14,
	0x25, 0x1B, 0x13, 0x10, 0x02, 0x06, 0x03, 0x03, 0x03, 0x02, 0x05, 0x02,
	0x09, 0x0C, 0x05, 0x05, 0x01, 0x07, 0x0D, 0x09, 0x0A, 0x08, 0x08, 0x0E,
	0x0A, 0x0A, 0x0F, 0x73, 0x1F, 0x0B, 0x13, 0x0C, 0x15, 0x02, 0x24, 0x0B,
	0x15, 0x12, 0x11, 0x04, 0x03, 0x04, 0x01, 0x07, 0x13, 0x10, 0x11, 0x12,
	0x23, 0x37, 0x07, 0x04, 0x0E, 0x16, 0x17, 0x1C, 0x1C, 0x09, 0x0A, 0x1D,
	0x20, 0x1C, 0x1C, 0x29, 0x02, 0xB2, 0x26, 0x08, 0x04, 0x02, 0x11, 0x00,
	0x00, 0x10, 0x00, 0x00, 0x00, 0x00, 0x03, 0x23, 0x03, 0x20, 0x00, 0x9B,
	0x00, 0xC6, 0x00, 0xEC, 0x01, 0x0E, 0x01, 0x30, 0x01, 0x53, 0x01, 0x73,
	0x01, 0x86, 0x01, 0xAF, 0x01, 0xD5, 0x01, 0xFB, 0x02, 0x1B, 0x02, 0x36,
	0x02, 0x5F, 0x02, 0x83, 0x02, 0x96, 0x00, 0x00, 0x01, 0x26, 0x27, 0x06,
	0x07, 0x16, 0x17, 0x16, 0x07, 0x26, 0x27, 0x06, 0x07, 0x16, 0x15, 0x14,
	0x07, 0x0E, 0x01, 0x07, 0x27, 0x30, 0x07, 0x22, 0x27, 0x16, 0x07, 0x06,
	0x0F, 0x01, 0x36, 0x37, 0x36, 0x27, 0x26, 0x27, 0x06, 0x07, 0x06, 0x27,
	0x3E, 0x01, 0x37, 0x26, 0x27, 0x26, 0x27, 0x06, 0x23, 0x22, 0x27, 0x26,
	0x27, 0x3E, 0x01, 0x37, 0x26, 0x27, 0x26, 0x35, 0x34, 0x37, 0x06, 0x23,
	0x22, 0x27, 0x26, 0x27, 0x36, 0x16, 0x33, 0x32, 0x37, 0x34, 0x37, 0x26,
	0x2F, 0x01, 0x1E, 0x01, 0x33, 0x32, 0x3F, 0x01, 0x26, 0x35, 0x34, 0x37,
	0x16, 0x17, 0x30, 0x37, 0x36, 0x17, 0x26, 0x37, 0x36, 0x37, 0x16, 0x15,
	0x14, 0x06, 0x15, 0x14, 0x37, 0x36, 0x17, 0x26, 0x36, 0x37, 0x36, 0x37,
	0x0E, 0x01, 0x15, 0x16, 0x17, 0x16, 0x17, 0x36, 0x33, 0x32, 0x17, 0x16,
	0x17, 0x0E, 0x01, 0x15, 0x14, 0x17, 0x16, 0x15, 0x14, 0x07, 0x06, 0x31,
	0x32, 0x37, 0x36, 0x35, 0x36, 0x33, 0x32, 0x17, 0x06, 0x23, 0x22, 0x26,
	0x23, 0x22, 0x07, 0x16, 0x07, 0x16, 0x17, 0x16, 0x27, 0x36, 0x35, 0x34,
	0x27, 0x26, 0x27, 0x36, 0x37, 0x22, 0x26, 0x23, 0x22, 0x07, 0x06, 0x07,
	0x06, 0x07, 0x16, 0x37, 0x36, 0x35, 0x34, 0x35, 0x26, 0x35, 0x34, 0x37,
	0x1E, 0x01, 0x15, 0x14, 0x07, 0x06, 0x07, 0x06, 0x07, 0x17, 0x16, 0x33,
	0x32, 0x37, 0x36, 0x17, 0x27, 0x26, 0x23, 0x22, 0x06, 0x27, 0x1E, 0x01,
	0x33, 0x32, 0x37, 0x3E, 0x01, 0x35, 0x36, 0x33, 0x32, 0x17, 0x06, 0x15,
	0x14, 0x16, 0x15, 0x14, 0x07, 0x06, 0x27, 0x15, 0x16, 0x37, 0x36, 0x31,
	0x36, 0x35, 0x34, 0x27, 0x36, 0x27, 0x26, 0x27, 0x2E, 0x01, 0x37, 0x36,
	0x37, 0x07, 0x06, 0x17, 0x16, 0x07, 0x16, 0x33, 0x32, 0x36, 0x35, 0x34,
	0x27, 0x26, 0x37, 0x17, 0x16, 0x17, 0x16, 0x07, 0x06, 0x15, 0x14, 0x17,
	0x36, 0x35, 0x34, 0x01, 0x27, 0x26, 0x23, 0x22, 0x07, 0x06, 0x27, 0x30,
	0x07, 0x14, 0x16, 0x33, 0x32, 0x37, 0x36, 0x17, 0x07, 0x06, 0x07, 0x06,
	0x27, 0x26, 0x23, 0x22, 0x07, 0x16, 0x17, 0x16, 0x33, 0x32, 0x37, 0x36,
	0x37, 0x01, 0x34, 0x35, 0x34, 0x27, 0x26, 0x27, 0x26, 0x37, 0x06, 0x17,
	0x16, 0x17, 0x16, 0x17, 0x37, 0x36, 0x27, 0x2E, 0x01, 0x23, 0x26, 0x27,
	0x26, 0x35, 0x34, 0x37, 0x17, 0x32, 0x33, 0x32, 0x17, 0x16, 0x07, 0x16,
	0x01, 0x36, 0x27, 0x26, 0x27, 0x26, 0x27, 0x07, 0x16, 0x17, 0x30, 0x17,
	0x16, 0x31, 0x30, 0x07, 0x06, 0x23, 0x26, 0x27, 0x07, 0x16, 0x17, 0x16,
	0x17, 0x16, 0x33, 0x32, 0x37, 0x36, 0x33, 0x32, 0x27, 0x36, 0x35, 0x34,
	0x27, 0x26, 0x27, 0x26, 0x23, 0x22, 0x07, 0x06, 0x15, 0x14, 0x17, 0x16,
	0x37, 0x3E, 0x01, 0x01, 0x36, 0x27, 0x26, 0x23, 0x22, 0x07, 0x06, 0x23,
	0x22, 0x27, 0x16, 0x07, 0x14, 0x06, 0x15, 0x14, 0x17, 0x36, 0x33, 0x32,
	0x17, 0x37, 0x36, 0x35, 0x34, 0x26, 0x27, 0x26, 0x27, 0x26, 0x27, 0x17,
	0x36, 0x37, 0x36, 0x33, 0x32, 0x17, 0x16, 0x17, 0x01, 0x26, 0x27, 0x06,
	0x15, 0x14, 0x17, 0x1E, 0x01, 0x17, 0x16, 0x07, 0x27, 0x06, 0x07, 0x06,
	0x27, 0x26, 0x27, 0x06, 0x07, 0x06, 0x15, 0x14, 0x17, 0x16, 0x17, 0x16,
	0x33, 0x22, 0x37, 0x16, 0x07, 0x36, 0x37, 0x36, 0x35, 0x34, 0x01, 0x26,
	0x23, 0x22, 0x07, 0x06, 0x07, 0x06, 0x23, 0x22, 0x26, 0x31, 0x06, 0x17,
	0x36, 0x37, 0x36, 0x17, 0x34, 0x37, 0x26, 0x27, 0x26, 0x07, 0x06, 0x27,
	0x36, 0x17, 0x16, 0x33, 0x36, 0x37, 0x36, 0x37, 0x36, 0x33, 0x32, 0x17,
	0x01, 0x26, 0x27, 0x07, 0x06, 0x17, 0x16, 0x17, 0x30, 0x15, 0x14, 0x07,
	0x26, 0x27, 0x06, 0x27, 0x26, 0x37, 0x36, 0x27, 0x23, 0x06, 0x17, 0x16,
	0x17, 0x16, 0x15, 0x14, 0x07, 0x36, 0x37, 0x36, 0x01, 0x34, 0x27, 0x26,
	0x07, 0x06, 0x23, 0x22, 0x27, 0x36, 0x37, 0x36, 0x37, 0x36, 0x17, 0x35,
	0x26, 0x07, 0x06, 0x07, 0x06, 0x27, 0x16, 0x37, 0x36, 0x37, 0x36, 0x17,
	0x22, 0x26, 0x23, 0x22, 0x07, 0x06, 0x15, 0x14, 0x17, 0x16, 0x07, 0x26,
	0x27, 0x34, 0x37, 0x36, 0x27, 0x2E, 0x01, 0x27, 0x26, 0x35, 0x34, 0x37,
	0x27, 0x06, 0x17, 0x16, 0x17, 0x16, 0x15, 0x14, 0x07, 0x36, 0x37, 0x36,
	0x27, 0x26, 0x35, 0x34, 0x27, 0x26, 0x27, 0x06, 0x07, 0x06, 0x07, 0x06,
	0x07, 0x06, 0x27, 0x36, 0x37, 0x26, 0x37, 0x36, 0x37, 0x26, 0x27, 0x06,
	0x07, 0x06, 0x15, 0x14, 0x16, 0x15, 0x06, 0x27, 0x17, 0x32, 0x17, 0x16,
	0x33, 0x32, 0x37, 0x36, 0x25, 0x0E, 0x01, 0x23, 0x22, 0x2F, 0x01, 0x16,
	0x33, 0x32, 0x37, 0x36, 0x35, 0x34, 0x2F, 0x01, 0x16, 0x15, 0x14, 0x03,
	0x23, 0x10, 0x21, 0x0E, 0x22, 0x09, 0x14, 0x09, 0x11, 0x07, 0x19, 0x16,
	0x30, 0x06, 0x10, 0x04, 0x1E, 0x04, 0x08, 0x28, 0x1A, 0x0F, 0x04, 0x20,
	0x02, 0x37, 0x10, 0x01, 0x08, 0x08, 0x01, 0x15, 0x24, 0x14, 0x28, 0x16,
	0x31, 0x0A, 0x18, 0x01, 0x01, 0x19, 0x11, 0x03, 0x09, 0x1C, 0x08, 0x16,
	0x27, 0x1F, 0x0E, 0x1D, 0x08, 0x01, 0x06, 0x05, 0x01, 0x07, 0x09, 0x08,
	0x20, 0x13, 0x20, 0x06, 0x1E, 0x06, 0x0D, 0x04, 0x18, 0x27, 0x0E, 0x03,
	0x06, 0x19, 0x08, 0x05, 0x04, 0x28, 0x10, 0x19, 0x04, 0x14, 0x29, 0x18,
	0x12, 0x11, 0x0B, 0x0B, 0x36, 0x01, 0x02, 0x14, 0x1A, 0x23, 0x03, 0x15,
	0x09, 0x32, 0x24, 0x02, 0x16, 0x22, 0x02, 0x14, 0x0B, 0x0D, 0x2D, 0x0F,
	0x17, 0x1C, 0x0A, 0x01, 0x27, 0x05, 0x16, 0x03, 0x08, 0x09, 0x0A, 0x10,
	0x0B, 0x0B, 0x2A, 0x36, 0x04, 0x05, 0x05, 0x15, 0x04, 0x0C, 0x05, 0x02,
	0x12, 0x26, 0x1A, 0x09, 0xA2, 0x03, 0x0C, 0x10, 0x02, 0x02, 0x14, 0x06,
	0x1D, 0x08, 0x18, 0x0B, 0x02, 0x0D, 0x0A, 0x0A, 0x14, 0x07, 0x16, 0x01,
	0x11, 0x01, 0x1F, 0x03, 0x0E, 0x02, 0x09, 0x0A, 0x03, 0x06, 0x06, 0x0B,
	0x0D, 0x0A, 0x83, 0x20, 0x0B, 0x0B, 0x12, 0x3D, 0x14, 0x04, 0x08, 0x08,
	0x04, 0x05, 0x0D, 0x1C, 0x0A, 0x14, 0x04, 0x03, 0x08, 0x02, 0x04, 0x13,
	0x2E, 0x0B, 0x10, 0x1B, 0x24, 0x01, 0x02, 0xD4, 0x0A, 0x14, 0x19, 0x0B,
	0x03, 0x02, 0x02, 0x1D, 0x1F, 0x01, 0x11, 0x03, 0x09, 0x09, 0x0B, 0x03,
	0x16, 0x08, 0x0B, 0x0B, 0x2A, 0x11, 0x08, 0x0D, 0x03, 0x0A, 0x16, 0x01,
	0x0A, 0x08, 0x1D, 0x0E, 0x04, 0x04, 0x21, 0x35, 0x01, 0x12, 0x09, 0x17,
	0x1D, 0x15, 0x0B, 0x13, 0x0E, 0x1D, 0x12, 0x21, 0x02, 0x02, 0x05, 0x02,
	0x01, 0x28, 0x08, 0x08, 0x16, 0x13, 0x1E, 0x01, 0xFE, 0x96, 0x06, 0x10,
	0x48, 0x16, 0x06, 0x27, 0x04, 0x10, 0x12, 0x0E, 0x0E, 0x08, 0x11, 0x09,
	0x06, 0x0E, 0x0D, 0x01, 0x0E, 0x0A, 0x04, 0x05, 0x01, 0x22, 0x17, 0x0C,
	0x21, 0x03, 0x06, 0x01, 0x59, 0x09, 0x16, 0x1A, 0x19, 0x1D, 0x13, 0x08,
	0x0D, 0x1A, 0x34, 0x08, 0x0B, 0x2A, 0x1C, 0x16, 0x1D, 0x0A, 0x11, 0x03,
	0x0C, 0x0D, 0x07, 0x08, 0x11, 0x1E, 0x16, 0x0C, 0x0E, 0x78, 0x15, 0x20,
	0x35, 0x4C, 0x17, 0x16, 0x6E, 0x41, 0x22, 0x1A, 0x40, 0x7E, 0x38, 0x61,
	0xFE, 0xE1, 0x01, 0x06, 0x0D, 0x2A, 0x1E, 0x17, 0x05, 0x06, 0x10, 0x0F,
	0x01, 0x04, 0x04, 0x0F, 0x09, 0x09, 0x18, 0x31, 0x02, 0x05, 0x14, 0x09,
	0x13, 0x13, 0x17, 0x01, 0x06, 0x07, 0x1B, 0x14, 0x10, 0x08, 0x08, 0x18,
	0x0D, 0x01, 0x55, 0x29, 0x1C, 0x11, 0x06, 0x05, 0x34, 0x07, 0x01, 0x03,
	0x06, 0x13, 0x12, 0x17, 0x0F, 0x22, 0x01, 0x05, 0x08, 0x01, 0x04, 0x06,
	0x01, 0x0D, 0x29, 0x0A, 0x35, 0x17, 0x01, 0x08, 0x07, 0x0A, 0xFE, 0x69,
	0x1D, 0x1B, 0x13, 0x16, 0x11, 0x11, 0x04, 0x05, 0x06, 0x11, 0x03, 0x20,
	0x1B, 0x1A, 0x1E, 0x16, 0x05, 0x05, 0x18, 0x22, 0x09, 0x18, 0x10, 0x01,
	0x03, 0x05, 0x01, 0x06, 0x12, 0x0F, 0x0F, 0x08, 0x09, 0x0B, 0x27, 0x01,
	0x0A, 0x1C, 0x02, 0x12, 0x0A, 0x01, 0x02, 0x1F, 0x06, 0x01, 0x0A, 0x1E,
	0x22, 0x04, 0x03, 0x03, 0x02, 0x0B, 0x13, 0x08, 0x18, 0x11, 0x25, 0x05,
	0x1D, 0x07, 0x13, 0xFE, 0xE5, 0x08, 0x30, 0x0B, 0x11, 0x11, 0x06, 0x06,
	0x05, 0x09, 0x03, 0x1A, 0x25, 0x16, 0x29, 0x1D, 0x1A, 0x08, 0x0D, 0x19,
	0x1C, 0x22, 0x02, 0x2A, 0x1B, 0xA5, 0x03, 0x0A, 0x02, 0x04, 0x03, 0x0D,
	0x05, 0x0C, 0x14, 0x02, 0x01, 0x03, 0x02, 0x02, 0x0D, 0x1C, 0x07, 0x04,
	0x1C, 0x08, 0x2D, 0x02, 0x0C, 0x1C, 0x07, 0x0C, 0x0C, 0x27, 0x1A, 0x04,
	0x06, 0x4B, 0x05, 0x0B, 0x1B, 0x0D, 0x08, 0x09, 0x04, 0x04, 0x04, 0x04,
	0x01, 0x02, 0x14, 0x09, 0x0F, 0x27, 0x04, 0x04, 0x11, 0x1F, 0x16, 0x08,
	0x07, 0x11, 0x05, 0x06, 0x14, 0x10, 0x0A, 0x10, 0x0A, 0x0F, 0x01, 0x76,
	0x0D, 0x6A, 0x3D, 0x43, 0x3D, 0x20, 0x31, 0x49, 0x32, 0x28, 0x62, 0x04,
	0x16, 0x3D, 0x01, 0x55, 0x09, 0x0D, 0x19, 0x2B, 0x02, 0x1B, 0x37, 0x32,
	0x10, 0x18, 0x0D, 0x13, 0x0F, 0x13, 0x21, 0x13, 0x09, 0x1D, 0x07, 0x33,
	0x01, 0x06, 0x21, 0x18, 0x01, 0x1F, 0x05, 0x07, 0x12, 0x0F, 0x0B, 0x09,
	0x17, 0x1B, 0x08, 0x04, 0x02, 0x0A, 0x17, 0x0C, 0x01, 0x1C, 0x13, 0x11,
	0x13, 0x03, 0x10, 0x15, 0x03, 0x07, 0x09, 0x07, 0x1B, 0x14, 0x0D, 0x07,
	0x07, 0x06, 0x10, 0x14, 0x32, 0x02, 0x0A, 0x0E, 0x20, 0x1D, 0x06, 0x3D,
	0x39, 0x01, 0x1B, 0x03, 0x29, 0x12, 0x1A, 0x17, 0x3E, 0x11, 0x1D, 0x11,
	0x0A, 0x03, 0x15, 0x1E, 0x16, 0x30, 0x03, 0x04, 0x04, 0x14, 0x05, 0x16,
	0x01, 0x04, 0x11, 0x0D, 0x18, 0x0B, 0x1C, 0x02, 0x08, 0x1E, 0x0A, 0x17,
	0x02, 0x0F, 0x11, 0x21, 0x07, 0x08, 0x02, 0x03, 0x13, 0x0A, 0x06, 0x07,
	0x20, 0x1E, 0x0B, 0x0B, 0x0A, 0x0A, 0x10, 0x01, 0x03, 0x44, 0x01, 0x04,
	0x0B, 0x34, 0x17, 0x01, 0x2D, 0x15, 0xCC, 0x08, 0x08, 0x11, 0x17, 0x21,
	0x05, 0x0B, 0x0D, 0x04, 0x0F, 0x14, 0x1B, 0x15, 0x14, 0x0E, 0x03, 0x09,
	0x1C, 0x03, 0x07, 0x07, 0x04, 0x19, 0x0B, 0x0D, 0x34, 0x10, 0x09, 0x09,
	0x12, 0x01, 0x0A, 0x04, 0x02, 0x06, 0x0F, 0x0B, 0x14, 0x18, 0x06, 0x3A,
	0x01, 0x09, 0x14, 0x02, 0x06, 0x0E, 0x0F, 0x1A, 0x02, 0x07, 0x0F, 0x05,
	0x15, 0x06, 0x0D, 0x08, 0x21, 0x01, 0x0E, 0x04, 0x03, 0x04, 0x11, 0x35,
	0x09, 0x0A, 0x0D, 0x94, 0x0D, 0x0E, 0x12, 0x0C, 0x0C, 0x07, 0x07, 0x0B,
	0x17, 0x14, 0x29, 0x2F, 0x01, 0x14, 0x09, 0x1B, 0x11, 0x17, 0x09, 0x10,
	0x08, 0x23, 0x20, 0x10, 0x03, 0x03, 0x04, 0x06, 0x17, 0x20, 0x0C, 0xFE,
	0xCE, 0x15, 0x22, 0x02, 0x13, 0x09, 0x14, 0x0C, 0x06, 0x18, 0x09, 0x0E,
	0x05, 0x35, 0x0C, 0x07, 0x0D, 0x02, 0x0D, 0x01, 0x12, 0x03, 0x1D, 0x2D,
	0x01, 0x01, 0x00, 0x01, 0x1B, 0x10, 0x09, 0x1F, 0x04, 0x0A, 0x16, 0x22,
	0x21, 0x0F, 0x19, 0x14, 0x14, 0x02, 0x03, 0x1B, 0x0A, 0x16, 0x01, 0x0B,
	0x08, 0x07, 0x05, 0x06, 0x08, 0x06, 0x11, 0x2F, 0x01, 0xFE, 0x53, 0x38,
	0x14, 0x05, 0x06, 0x07, 0x0B, 0x13, 0x16, 0x04, 0x01, 0x0A, 0x03, 0x26,
	0x01, 0x25, 0x0B, 0x17, 0x04, 0x0F, 0x06, 0x03, 0x13, 0x0E, 0x5D, 0x2B,
	0x34, 0x42, 0x2E, 0x4D, 0x0E, 0x05, 0x5D, 0x30, 0x44, 0x3A, 0x2C, 0x6B,
	0x03, 0x01, 0x3D, 0x01, 0x4F, 0x02, 0x11, 0x24, 0x11, 0x04, 0x14, 0x05,
	0x06, 0x05, 0x1A, 0x07, 0x15, 0x08, 0x03, 0x23, 0x02, 0x05, 0x05, 0x07,
	0x10, 0x07, 0x02, 0x01, 0x02, 0x14, 0x06, 0x03, 0x0F, 0x0C, 0x03, 0x0A,
	0x21, 0xFE, 0x53, 0x1D, 0x28, 0x07, 0x0E, 0x07, 0x0E, 0x13, 0x0C, 0x0F,
	0x05, 0x06, 0x06, 0x03, 0x02, 0x02, 0x04, 0x0E, 0x30, 0x02, 0x04, 0x05,
	0x05, 0x09, 0x0D, 0x11, 0x04, 0x1B, 0x02, 0x0F, 0x0E, 0x0E, 0x0E, 0x12,
	0x0C, 0x0B, 0x01, 0x78, 0x21, 0x12, 0x11, 0x10, 0x04, 0x09, 0x25, 0x1E,
	0x02, 0x01, 0x01, 0x09, 0x07, 0x0E, 0x07, 0x0C, 0x04, 0x0F, 0x09, 0x11,
	0x04, 0x02, 0x02, 0x05, 0x19, 0x13, 0x05, 0x03, 0x16, 0xFE, 0x5B, 0x39,
	0x22, 0x03, 0x0B, 0x12, 0x17, 0x1C, 0x10, 0x0A, 0x04, 0x07, 0x0C, 0x01,
	0x27, 0x0A, 0x14, 0x15, 0x08, 0x19, 0x30, 0x19, 0x05, 0x15, 0x0F, 0x07,
	0x07, 0x0F, 0x07, 0x0F, 0x01, 0x0A, 0x09, 0x0F, 0x02, 0x17, 0x19, 0x03,
	0x02, 0x06, 0x3B, 0x13, 0x0C, 0x07, 0x0E, 0x10, 0x0D, 0x11, 0x35, 0x19,
	0x06, 0x2E, 0x03, 0x01, 0x18, 0x0E, 0x8A, 0x05, 0x05, 0x0F, 0x16, 0x0E,
	0x0B, 0x18, 0x10, 0x01, 0x02, 0x01, 0x03, 0x03, 0x03, 0x0C, 0x19, 0x0E,
	0x09, 0x08, 0x0C, 0x29, 0x08, 0x21, 0x25, 0x1F, 0x19, 0x09, 0x0B, 0x0E,
	0x09, 0x02, 0x06, 0x11, 0x12, 0x0C, 0x13, 0x1E, 0x4E, 0x06, 0x08, 0x02,
	0x1B, 0x19, 0x18, 0x02, 0x02, 0x03, 0x04, 0x01, 0x12, 0x19, 0x2D, 0x19,
	0x0C, 0x04, 0x0A, 0x05, 0x0E, 0x0F, 0x1B, 0x0B, 0x2E, 0x0B, 0x11, 0x01,
	0x06, 0x07, 0x06, 0x0D, 0x2E, 0x97, 0x3C, 0x56, 0x31, 0x25, 0x2D, 0x18,
	0x3A, 0x6C, 0x16, 0x15, 0x33, 0x3F, 0x4A, 0x15, 0x00, 0x12, 0x00, 0x00,
	0x00, 0x00, 0x03, 0x2D, 0x03, 0x20, 0x00, 0x7A, 0x00, 0x92, 0x00, 0x9D,
	0x01, 0x16, 0x01, 0x1C, 0x01, 0x56, 0x01, 0x60, 0x01, 0x87, 0x01, 0x8A,
	0x01, 0x92, 0x01, 0xA1, 0x01, 0xA7, 0x01, 0xE1, 0x01, 0xE9, 0x02, 0x35,
	0x02, 0x43, 0x02, 0x46, 0x02, 0x52, 0x00, 0x00, 0x25, 0x06, 0x07, 0x06,
	0x07, 0x06, 0x07, 0x06, 0x07, 0x0E, 0x01, 0x07, 0x06, 0x23, 0x22, 0x27,
	0x26, 0x27, 0x26, 0x27, 0x26, 0x27, 0x26, 0x27, 0x26, 0x35, 0x34, 0x37,
	0x36, 0x37, 0x36, 0x37, 0x36, 0x37, 0x36, 0x37, 0x30, 0x33, 0x32, 0x17,
	0x14, 0x06, 0x07, 0x0E, 0x01, 0x07, 0x06, 0x15, 0x14, 0x17, 0x36, 0x33,
	0x16, 0x31, 0x15, 0x26, 0x07, 0x1E, 0x01, 0x17, 0x16, 0x33, 0x32, 0x36,
	0x33, 0x32, 0x1F, 0x01, 0x36, 0x23, 0x22, 0x06, 0x23, 0x22, 0x35, 0x27,
	0x07, 0x30, 0x17, 0x16, 0x37, 0x16, 0x07, 0x06, 0x15, 0x14, 0x16, 0x15,
	0x14, 0x06, 0x15, 0x14, 0x16, 0x1F, 0x01, 0x16, 0x36, 0x33, 0x32, 0x17,
	0x16, 0x07, 0x17, 0x07, 0x1E, 0x01, 0x17, 0x36, 0x17, 0x16, 0x17, 0x16,
	0x17, 0x32, 0x33, 0x32, 0x37, 0x16, 0x37, 0x36, 0x37, 0x36, 0x17, 0x01,
	0x06, 0x27, 0x06, 0x07, 0x0E, 0x01, 0x07, 0x3E, 0x01, 0x37, 0x36, 0x37,
	0x36, 0x37, 0x16, 0x36, 0x37, 0x36, 0x37, 0x35, 0x34, 0x37, 0x36, 0x13,
	0x26, 0x31, 0x26, 0x06, 0x23, 0x15, 0x16, 0x33, 0x32, 0x36, 0x01, 0x26,
	0x07, 0x06, 0x07, 0x06, 0x23, 0x22, 0x27, 0x17, 0x16, 0x07, 0x06, 0x23,
	0x22, 0x27, 0x22, 0x07, 0x06, 0x23, 0x22, 0x27, 0x35, 0x06, 0x26, 0x27,
	0x2E, 0x01, 0x27, 0x36, 0x26, 0x27, 0x37, 0x16, 0x17, 0x16, 0x17, 0x16,
	0x33, 0x32, 0x36, 0x33, 0x1E, 0x01, 0x37, 0x2E, 0x01, 0x27, 0x26, 0x23,
	0x22, 0x07, 0x26, 0x27, 0x06, 0x26, 0x07, 0x26, 0x27, 0x26, 0x27, 0x06,
	0x27, 0x16, 0x06, 0x15, 0x06, 0x07, 0x16, 0x33, 0x22, 0x37, 0x3E, 0x01,
	0x33, 0x16, 0x07, 0x06, 0x07, 0x06, 0x23, 0x22, 0x27, 0x35, 0x06, 0x23,
	0x22, 0x26, 0x23, 0x26, 0x35, 0x34, 0x36, 0x37, 0x22, 0x27, 0x06, 0x07,
	0x26, 0x37, 0x23, 0x26, 0x37, 0x26, 0x27, 0x34, 0x26, 0x27, 0x06, 0x15,
	0x14, 0x17, 0x16, 0x37, 0x36, 0x37, 0x36, 0x33, 0x36, 0x37, 0x36, 0x01,
	0x30, 0x27, 0x06, 0x17, 0x16, 0x37, 0x35, 0x23, 0x26, 0x37, 0x23, 0x15,
	0x06, 0x23, 0x22, 0x26, 0x07, 0x0E, 0x01, 0x17, 0x30, 0x07, 0x0E, 0x01,
	0x07, 0x15, 0x1E, 0x01, 0x17, 0x16, 0x33, 0x32, 0x36, 0x37, 0x22, 0x26,
	0x27, 0x26, 0x33, 0x30, 0x17, 0x16, 0x37, 0x23, 0x26, 0x27, 0x16, 0x07,
	0x27, 0x26, 0x37, 0x3E, 0x01, 0x37, 0x36, 0x27, 0x37, 0x16, 0x37, 0x16,
	0x32, 0x17, 0x16, 0x07, 0x23, 0x16, 0x06, 0x07, 0x17, 0x37, 0x36, 0x17,
	0x26, 0x33, 0x16, 0x07, 0x16, 0x07, 0x22, 0x23, 0x22, 0x07, 0x17, 0x36,
	0x35, 0x26, 0x31, 0x26, 0x07, 0x22, 0x27, 0x16, 0x06, 0x15, 0x14, 0x17,
	0x26, 0x37, 0x23, 0x30, 0x27, 0x3E, 0x01, 0x33, 0x32, 0x17, 0x27, 0x37,
	0x36, 0x33, 0x32, 0x16, 0x07, 0x35, 0x2B, 0x01, 0x26, 0x27, 0x16, 0x07,
	0x06, 0x33, 0x36, 0x17, 0x26, 0x27, 0x26, 0x23, 0x22, 0x06, 0x23, 0x22,
	0x27, 0x17, 0x36, 0x33, 0x32, 0x16, 0x27, 0x35, 0x26, 0x27, 0x14, 0x16,
	0x27, 0x26, 0x22, 0x27, 0x26, 0x37, 0x06, 0x27, 0x15, 0x06, 0x17, 0x36,
	0x37, 0x36, 0x17, 0x14, 0x07, 0x26, 0x23, 0x22, 0x07, 0x06, 0x07, 0x26,
	0x07, 0x06, 0x23, 0x22, 0x27, 0x26, 0x27, 0x14, 0x17, 0x16, 0x33, 0x32,
	0x37, 0x16, 0x33, 0x32, 0x36, 0x33, 0x32, 0x17, 0x36, 0x37, 0x36, 0x37,
	0x36, 0x31, 0x34, 0x27, 0x26, 0x27, 0x37, 0x36, 0x17, 0x36, 0x07, 0x23,
	0x26, 0x35, 0x07, 0x16, 0x07, 0x16, 0x37, 0x35, 0x23, 0x2E, 0x01, 0x35,
	0x34, 0x37, 0x0E, 0x01, 0x23, 0x17, 0x07, 0x26, 0x23, 0x22, 0x06, 0x07,
	0x06, 0x07, 0x06, 0x07, 0x26, 0x07, 0x06, 0x23, 0x06, 0x31, 0x33, 0x32,
	0x17, 0x16, 0x17, 0x16, 0x17, 0x16, 0x36, 0x15, 0x14, 0x23, 0x30, 0x37,
	0x36, 0x27, 0x36, 0x31, 0x34, 0x26, 0x35, 0x06, 0x35, 0x34, 0x35, 0x36,
	0x35, 0x34, 0x27, 0x26, 0x37, 0x36, 0x17, 0x26, 0x37, 0x3E, 0x01, 0x17,
	0x35, 0x3E, 0x01, 0x37, 0x32, 0x17, 0x16, 0x17, 0x1E, 0x01, 0x07, 0x23,
	0x26, 0x23, 0x22, 0x06, 0x23, 0x26, 0x27, 0x17, 0x16, 0x37, 0x3E, 0x01,
	0x27, 0x35, 0x2F, 0x01, 0x26, 0x27, 0x16, 0x17, 0x14, 0x17, 0x33, 0x16,
	0x37, 0x36, 0x26, 0x03, 0x2D, 0x1C, 0x23, 0x09, 0x15, 0x18, 0x09, 0x31,
	0x65, 0x07, 0x21, 0x07, 0x56, 0x4E, 0x59, 0x44, 0x07, 0x1E, 0x17, 0x0B,
	0x0E, 0x18, 0x35, 0x05, 0x02, 0x20, 0x0B, 0x1F, 0x1B, 0x1B, 0x23, 0x23,
	0x2A, 0x2C, 0x0D, 0x07, 0x02, 0x09, 0x04, 0x0D, 0x12, 0x08, 0x37, 0x03,
	0x03, 0x08, 0x0E, 0x02, 0x04, 0x03, 0x19, 0x03, 0x07, 0x07, 0x06, 0x13,
	0x05, 0x08, 0x08, 0x03, 0x02, 0x0A, 0x0A, 0x0A, 0x08, 0x0B, 0x03, 0x05,
	0x08, 0x05, 0x0B, 0x0F, 0x09, 0x08, 0x04, 0x06, 0x14, 0x01, 0x08, 0x08,
	0x14, 0x06, 0x03, 0x04, 0x14, 0x01, 0x14, 0x0B, 0x03, 0x15, 0x03, 0x05,
	0x11, 0x07, 0x1B, 0x18, 0x18, 0x02, 0x3E, 0x26, 0x15, 0x13, 0x1B, 0x1F,
	0x0E, 0x3C, 0x16, 0xFE, 0x00, 0x05, 0x09, 0x83, 0x42, 0x05, 0x1B, 0x12,
	0x0C, 0x1A, 0x01, 0x07, 0x12, 0x19, 0x07, 0x07, 0x0C, 0x06, 0x0A, 0x17,
	0x34, 0x0F, 0x33, 0x06, 0x06, 0x0C, 0x04, 0x03, 0x03, 0x04, 0x0C, 0x01,
	0xF0, 0x0F, 0x12, 0x16, 0x0B, 0x6B, 0x64, 0x1F, 0x1E, 0x03, 0x01, 0x04,
	0x07, 0x06, 0x13, 0x1A, 0x0F, 0x1A, 0x1D, 0x0D, 0x10, 0x0D, 0x05, 0x0A,
	0x04, 0x09, 0x0C, 0x04, 0x02, 0x16, 0x02, 0x06, 0x0B, 0x0A, 0x0C, 0x05,
	0x0F, 0x26, 0x0E, 0x3C, 0x0D, 0x09, 0x13, 0x10, 0x08, 0x0C, 0x02, 0x02,
	0x0A, 0x08, 0x02, 0x08, 0x0B, 0x0B, 0x22, 0x0A, 0x1C, 0x09, 0x0B, 0x0A,
	0x23, 0x35, 0x02, 0x12, 0x0A, 0x01, 0x09, 0x1E, 0x01, 0x24, 0x04, 0x10,
	0x07, 0x02, 0x10, 0x16, 0x02, 0x09, 0x0B, 0x0C, 0x09, 0x04, 0x02, 0x06,
	0x0C, 0x06, 0x05, 0x1E, 0x02, 0x26, 0x0E, 0x04, 0x0F, 0x14, 0x04, 0x09,
	0x03, 0x01, 0x19, 0x03, 0x18, 0x03, 0x0E, 0x2F, 0x5D, 0xBD, 0x2A, 0x3D,
	0x5F, 0x05, 0x01, 0x7F, 0x4D, 0xFD, 0xE2, 0x06, 0x08, 0x05, 0x04, 0x39,
	0x06, 0x03, 0x01, 0x06, 0x05, 0x04, 0x0A, 0x2B, 0x0F, 0x01, 0x05, 0x01,
	0x13, 0x07, 0x0A, 0x03, 0x09, 0x0B, 0x0B, 0x04, 0x03, 0x03, 0x0A, 0x04,
	0x04, 0x0D, 0x02, 0x01, 0x04, 0x0D, 0x0A, 0x04, 0x08, 0x0C, 0x15, 0x0A,
	0x02, 0x0B, 0x0A, 0x08, 0x05, 0x04, 0x04, 0x01, 0x03, 0x02, 0x10, 0x1C,
	0x03, 0x12, 0x01, 0x11, 0x2C, 0x06, 0x01, 0x16, 0x01, 0x03, 0x03, 0x09,
	0x04, 0x02, 0x1E, 0x01, 0x09, 0x02, 0x06, 0x06, 0x06, 0x08, 0x01, 0x13,
	0x0F, 0x01, 0x04, 0x12, 0x17, 0x04, 0x02, 0x11, 0x09, 0x01, 0x04, 0x03,
	0x03, 0x02, 0x0A, 0x05, 0x02, 0x03, 0x03, 0x09, 0x04, 0x04, 0x06, 0x0A,
	0x0D, 0x03, 0x08, 0x04, 0x07, 0x01, 0x03, 0x02, 0x06, 0x0A, 0xC1, 0x07,
	0x14, 0x06, 0x04, 0x06, 0x0E, 0x07, 0x03, 0x04, 0x06, 0x07, 0x08, 0x07,
	0x21, 0x14, 0x08, 0x0B, 0x0D, 0x39, 0x03, 0x15, 0x03, 0x05, 0x02, 0x0C,
	0x18, 0x0B, 0x06, 0x02, 0x14, 0x04, 0x1A, 0x03, 0x07, 0x06, 0x16, 0x06,
	0x07, 0x12, 0x05, 0x07, 0x0A, 0x02, 0x03, 0x03, 0x1C, 0x12, 0x0D, 0x12,
	0x1B, 0x05, 0x05, 0x04, 0x04, 0x03, 0x0C, 0x04, 0x03, 0x03, 0x0E, 0x10,
	0x0D, 0x04, 0x08, 0x02, 0x01, 0x0B, 0x03, 0x03, 0x08, 0x01, 0x4B, 0x03,
	0x03, 0x0B, 0x04, 0x01, 0x0A, 0x2A, 0x02, 0x01, 0x1D, 0x05, 0x04, 0x06,
	0x04, 0x03, 0x08, 0x06, 0x05, 0x0A, 0x1B, 0x07, 0x15, 0x15, 0x17, 0x04,
	0x07, 0x08, 0x0B, 0x04, 0x05, 0x08, 0x04, 0x04, 0x0D, 0x03, 0x02, 0x04,
	0x08, 0x17, 0x01, 0x05, 0x02, 0x04, 0x0E, 0x0B, 0x14, 0x01, 0x0B, 0x01,
	0x03, 0x17, 0x0D, 0x0A, 0x07, 0x08, 0x13, 0x0E, 0x03, 0x11, 0x02, 0x01,
	0x0F, 0x0A, 0x02, 0x07, 0x12, 0x1C, 0x0E, 0x03, 0x04, 0x04, 0x0E, 0x02,
	0x0B, 0x11, 0x0B, 0x1B, 0x0E, 0x01, 0x11, 0x4E, 0x03, 0x08, 0x05, 0x11,
	0x08, 0x01, 0x02, 0x03, 0x07, 0x01, 0x01, 0x02, 0x93, 0x1A, 0x0F, 0x07,
	0x08, 0x09, 0x06, 0x13, 0x1C, 0x04, 0x05, 0x04, 0x10, 0x15, 0x06, 0x0D,
	0x0A, 0x0F, 0x0D, 0x17, 0x4F, 0x31, 0x16, 0x15, 0x56, 0x3F, 0x2C, 0x36,
	0x2E, 0x2E, 0x31, 0x31, 0x39, 0x22, 0x06, 0x08, 0x0D, 0x06, 0x03, 0x27,
	0x05, 0x67, 0x5D, 0x15, 0x15, 0x06, 0x01, 0x0E, 0x01, 0x03, 0x0A, 0x1F,
	0x0B, 0x07, 0x0A, 0x0C, 0x13, 0x03, 0x06, 0x09, 0x02, 0x05, 0x11, 0x0B,
	0x03, 0x0A, 0x09, 0x01, 0x07, 0x03, 0x0E, 0x04, 0x03, 0x0E, 0x06, 0x0A,
	0x25, 0x0B, 0x23, 0x02, 0x0F, 0x02, 0x0F, 0x0A, 0x1B, 0x09, 0x03, 0x06,
	0x07, 0x0B, 0x03, 0x18, 0x04, 0x03, 0x02, 0x09, 0x02, 0x08, 0x09, 0x01,
	0x12, 0x02, 0x02, 0x7A, 0x07, 0x01, 0x92, 0x80, 0x0E, 0x38, 0x3D, 0x01,
	0x05, 0x0D, 0x11, 0x0B, 0x0D, 0x08, 0x02, 0x0D, 0x06, 0x05, 0x03, 0x44,
	0x48, 0x68, 0x1E, 0xFE, 0xAC, 0x08, 0x02, 0x07, 0x0B, 0x01, 0x0A, 0xFE,
	0xFB, 0x01, 0x08, 0x09, 0x01, 0x1B, 0x03, 0x03, 0x05, 0x06, 0x02, 0x20,
	0x03, 0x03, 0x03, 0x03, 0x01, 0x0A, 0x05, 0x01, 0x12, 0x02, 0x0A, 0x09,
	0x06, 0x06, 0x04, 0x0D, 0x10, 0x03, 0x1C, 0x09, 0x0B, 0x16, 0x03, 0x03,
	0x16, 0x02, 0x0A, 0x07, 0x03, 0x0B, 0x01, 0x0C, 0x01, 0x0A, 0x2B, 0x36,
	0x0C, 0x3D, 0x08, 0x08, 0x17, 0x07, 0x07, 0x22, 0x14, 0x03, 0x02, 0x0C,
	0x0D, 0x05, 0x07, 0x02, 0x03, 0x03, 0x02, 0x01, 0x0C, 0x0B, 0x0B, 0x10,
	0x32, 0x0B, 0x24, 0x0D, 0x17, 0x12, 0x15, 0x03, 0x02, 0x0C, 0x38, 0x08,
	0x06, 0x06, 0x25, 0x2A, 0x52, 0x4E, 0x70, 0x08, 0x02, 0x09, 0x10, 0x01,
	0x2C, 0x1A, 0x01, 0x02, 0x09, 0x08, 0x03, 0x01, 0x24, 0x06, 0x03, 0x02,
	0x03, 0x01, 0x1B, 0x04, 0x01, 0x03, 0x04, 0x03, 0x03, 0x16, 0x02, 0x19,
	0x08, 0x2F, 0x08, 0x03, 0x0A, 0x01, 0x08, 0x01, 0x08, 0x06, 0x05, 0x08,
	0x06, 0x10, 0x11, 0x05, 0x0B, 0x0B, 0x16, 0x03, 0x19, 0x02, 0x06, 0x08,
	0x03, 0x12, 0x04, 0x02, 0x06, 0x09, 0x02, 0x08, 0x05, 0x01, 0x03, 0x03,
	0x01, 0x06, 0x0B, 0x11, 0x05, 0x0A, 0x01, 0x06, 0x03, 0x04, 0x11, 0x1D,
	0x0C, 0x01, 0x02, 0x07, 0x1A, 0x04, 0x07, 0x05, 0x06, 0x08, 0x0B, 0x01,
	0x0B, 0x01, 0x03, 0x08, 0x01, 0x12, 0x1E, 0x0B, 0x01, 0x02, 0x02, 0x07,
	0x05, 0x05, 0xBF, 0x10, 0x1E, 0x03, 0x12, 0x02, 0x11, 0x0D, 0x20, 0x03,
	0x02, 0x04, 0x0D, 0x07, 0x08, 0xBE, 0x06, 0x03, 0x13, 0x03, 0x04, 0x04,
	0x2C, 0x0D, 0x12, 0x24, 0x11, 0x01, 0x04, 0x01, 0x05, 0x02, 0x22, 0x27,
	0x08, 0x02, 0x02, 0x03, 0x03, 0x01, 0x28, 0x0B, 0x2E, 0x1D, 0x01, 0x06,
	0x08, 0x02, 0x06, 0x13, 0x08, 0x13, 0x1E, 0x01, 0x17, 0x0E, 0x03, 0x03,
	0x01, 0x06, 0x02, 0x29, 0x04, 0x02, 0x06, 0x03, 0x02, 0x01, 0x6C, 0x05,
	0x08, 0x19, 0x09, 0x06, 0x07, 0x01, 0x07, 0x03, 0x08, 0x02, 0x14, 0x01,
	0x0E, 0x0E, 0x11, 0x18, 0x05, 0x03, 0x05, 0x08, 0x05, 0x08, 0x18, 0x21,
	0x07, 0x0A, 0x02, 0x0F, 0x12, 0x08, 0x05, 0x04, 0x05, 0x0A, 0x19, 0x09,
	0x04, 0x14, 0x02, 0x05, 0x04, 0x03, 0x10, 0x03, 0x06, 0x08, 0x03, 0x0E,
	0x0C, 0x1D, 0x0B, 0x16, 0x03, 0x06, 0x06, 0x03, 0x02, 0x03, 0x02, 0x09,
	0x06, 0x0D, 0x73, 0x04, 0x0C, 0x02, 0x0E, 0x0B, 0x0E, 0x03, 0x04, 0x05,
	0x1D, 0x0B, 0x03, 0x03, 0x11, 0x05, 0x06, 0x0F, 0x12, 0x05, 0x01, 0x04,
	0x02, 0x0E, 0x00, 0x04, 0x00, 0x00, 0x00, 0x00, 0x03, 0x10, 0x03, 0x20,
	0x00, 0xA3, 0x04, 0xD1, 0x04, 0xEB, 0x05, 0xD8, 0x0B, 0xAC, 0x40, 0x7D,
	0x01, 0xFD, 0xFB, 0xF4, 0xF2, 0xEB, 0xE9, 0xE6, 0xE4, 0xE2, 0xDF, 0xD8,
	0xD6, 0xD1, 0xCF, 0xC9, 0xC6, 0xC1, 0xB9, 0xB7, 0xB5, 0xAE, 0xAC, 0xA8,
	0xA6, 0x9F, 0x92, 0x8C, 0x89, 0x83, 0x73, 0x6D, 0x57, 0x56, 0x53, 0x4D,
	0x4B, 0x4A, 0x46, 0x43, 0x42, 0x3A, 0x30, 0x29, 0x21, 0x1C, 0x1A, 0x17,
	0x16, 0x12, 0xFF, 0xF9, 0xF6, 0xF0, 0xEE, 0xE8, 0xE6, 0xE4, 0xE3, 0xDE,
	0xDB, 0xD6, 0xD4, 0xCF, 0xCD, 0xCB, 0xC4, 0xC3, 0xBE, 0xBB, 0xB5, 0xB3,
	0xB1, 0xAF, 0xAE, 0xA4, 0xA3, 0x9D, 0x92, 0x85, 0x84, 0x79, 0x6D, 0x69,
	0x5F, 0x5B, 0x54, 0x53, 0x4D, 0x4B, 0x43, 0x29, 0x21, 0x1C, 0x10, 0x0F,
	0x09, 0x03, 0x02, 0x00, 0x2F, 0x2D, 0x03, 0x40, 0x30, 0x03, 0x3D, 0x75,
	0x46, 0x44, 0x40, 0xA1, 0xC0, 0x0F, 0x79, 0x04, 0x7A, 0x7A, 0x01, 0x3D,
	0x3C, 0x00, 0x01, 0x53, 0x46, 0x76, 0x2F, 0x37, 0x18, 0x00, 0x3F, 0x3C,
	0x3F, 0x10, 0xFD, 0x2F, 0xB9, 0x04, 0xBE, 0x00, 0x05, 0xFD, 0xB8, 0x04,
	0xC6, 0x3C, 0xB8, 0x04, 0xE3, 0x2F, 0x3C, 0xB9, 0x04, 0xD4, 0x00, 0x05,
	0xFD, 0xB8, 0x02, 0x42, 0x2F, 0xB8, 0x02, 0x35, 0xB8, 0x02, 0x36, 0xB8,
	0x02, 0x3C, 0xB8, 0x02, 0x3D, 0xB8, 0x02, 0x44, 0xB8, 0x02, 0x46, 0xB8,
	0x05, 0x00, 0xB8, 0x05, 0x1B, 0xB8, 0x05, 0x23, 0xB8, 0x05, 0x28, 0xB8,
	0x05, 0x2F, 0xB8, 0x05, 0x37, 0xB8, 0x05, 0x47, 0x3C, 0x3C, 0x3C, 0x3C,
	0x3C, 0x3C, 0x3C, 0x3C, 0x3C, 0x3C, 0x3C, 0x3C, 0x3C, 0x3C, 0xB9, 0x02,
	0xAF, 0x00, 0x05, 0xFD, 0x01, 0x2F, 0xB8, 0x01, 0xC3, 0xB8, 0x01, 0xC8,
	0x3C, 0x3C, 0x3C, 0x3C, 0x3C, 0xB9, 0x03, 0xB9, 0x00, 0x03, 0xFD, 0xB8,
	0x03, 0xC1, 0xB8, 0x05, 0x07, 0xB8, 0x05, 0x0A, 0x3C, 0x3C, 0x3C, 0x2F,
	0xFD, 0xB8, 0x01, 0x1C, 0xB8, 0x01, 0x37, 0xB8, 0x01, 0x3E, 0xB8, 0x01,
	0x3F, 0xB8, 0x01, 0x45, 0xB8, 0x01, 0x4C, 0xB8, 0x01, 0x51, 0xB8, 0x01,
	0x53, 0xB8, 0x01, 0x57, 0xB8, 0x01, 0x5C, 0xB8, 0x01, 0x5F, 0xB8, 0x03,
	0xE7, 0xB8, 0x04, 0xEA, 0x3C, 0x3C, 0x3C, 0x3C, 0x3C, 0x3C, 0x3C, 0x3C,
	0x3C, 0x3C, 0x3C, 0x3C, 0x3C, 0x10, 0xFD, 0x3C, 0xB9, 0x02, 0xF0, 0x02,
	0xF1, 0x87, 0xB8, 0x02, 0xF0, 0x2E, 0x0E, 0xB8, 0x02, 0xF1, 0xC4, 0x0E,
	0xB9, 0x02, 0xE0, 0x00, 0x06, 0xFC, 0x0E, 0xB8, 0x02, 0xDF, 0xC4, 0xB9,
	0x02, 0xF8, 0x02, 0xF9, 0x87, 0xB8, 0x02, 0xF8, 0x2E, 0x0E, 0xB8, 0x02,
	0xF9, 0xC4, 0x0E, 0xB9, 0x02, 0xE0, 0x00, 0x07, 0xFC, 0x0E, 0xB8, 0x02,
	0xDF, 0xC4, 0xB9, 0x03, 0x0D, 0x03, 0x0E, 0x87, 0xB8, 0x03, 0x0D, 0x2E,
	0x0E, 0xB8, 0x03, 0x0E, 0xC4, 0x0E, 0xB9, 0x02, 0xE0, 0x00, 0x08, 0xFC,
	0x0E, 0xB8, 0x02, 0xDF, 0xC4, 0x01, 0x2E, 0x2E, 0x2E, 0x2E, 0x2E, 0x2E,
	0x2E, 0x2E, 0x2E, 0x2E, 0x2E, 0x2E, 0x2E, 0x2E, 0x2E, 0x2E, 0x2E, 0x2E,
	0x2E, 0x2E, 0x2E, 0x2E, 0x2E, 0x2E, 0x2E, 0x2E, 0x2E, 0x2E, 0x2E, 0x2E,
	0x2E, 0x2E, 0x2E, 0x2E, 0x2E, 0x2E, 0x2E, 0x2E, 0x2E, 0x2E, 0x2E, 0x2E,
	0x2E, 0x2E, 0x2E, 0x2E, 0x2E, 0x2E, 0x2E, 0x2E, 0xB8, 0x01, 0x02, 0x2E,
	0xB8, 0x01, 0x06, 0x2E, 0xB8, 0x01, 0x08, 0x2E, 0xB8, 0x01, 0x0E, 0x2E,
	0xB8, 0x01, 0x10, 0x2E, 0xB8, 0x01, 0x11, 0x2E, 0xB8, 0x01, 0x13, 0x2E,
	0xB8, 0x01, 0x15, 0x2E, 0xB8, 0x01, 0x1E, 0x2E, 0xB8, 0x01, 0x21, 0x2E,
	0xB8, 0x01, 0x25, 0x2E, 0xB8, 0x01, 0x28, 0x2E, 0xB8, 0x01, 0x2D, 0x2E,
	0xB8, 0x01, 0x31, 0x2E, 0xB8, 0x01, 0x3A, 0x2E, 0xB8, 0x01, 0x41, 0x2E,
	0xB8, 0x01, 0x48, 0x2E, 0xB8, 0x01, 0x4F, 0x2E, 0xB8, 0x01, 0x55, 0x2E,
	0xB8, 0x01, 0x5A, 0x2E, 0xB8, 0x01, 0x5E, 0x2E, 0xB8, 0x01, 0x6E, 0x2E,
	0xB8, 0x01, 0x71, 0x2E, 0xB8, 0x01, 0x78, 0x2E, 0xB8, 0x01, 0x79, 0x2E,
	0xB8, 0x01, 0x7F, 0x2E, 0xB8, 0x01, 0x82, 0x2E, 0xB8, 0x01, 0x87, 0x2E,
	0xB8, 0x01, 0x88, 0x2E, 0xB8, 0x01, 0x8E, 0x2E, 0xB8, 0x01, 0x92, 0x2E,
	0xB8, 0x01, 0x97, 0x2E, 0xB8, 0x01, 0x9A, 0x2E, 0xB8, 0x01, 0x9E, 0x2E,
	0xB8, 0x01, 0x9F, 0x2E, 0xB8, 0x01, 0xA4, 0x2E, 0xB8, 0x01, 0xA7, 0x2E,
	0xB8, 0x01, 0xAD, 0x2E, 0xB8, 0x01, 0xAE, 0x2E, 0xB8, 0x01, 0xB4, 0x2E,
	0xB8, 0x01, 0xB6, 0x2E, 0xB8, 0x01, 0xBC, 0x2E, 0xB8, 0x01, 0xBF, 0x2E,
	0xB8, 0x01, 0xC6, 0x2E, 0xB8, 0x01, 0xCA, 0x2E, 0xB8, 0x01, 0xD0, 0x2E,
	0xB8, 0x01, 0xD2, 0x2E, 0xB8, 0x01, 0xD4, 0x2E, 0xB8, 0x01, 0xDA, 0x2E,
	0xB8, 0x01, 0xDC, 0x2E, 0xB8, 0x01, 0xE0, 0x2E, 0xB8, 0x01, 0xE2, 0x2E,
	0xB8, 0x01, 0xE8, 0x2E, 0xB8, 0x01, 0xEB, 0x2E, 0xB8, 0x01, 0xEF, 0x2E,
	0xB8, 0x01, 0xF1, 0x2E, 0xB8, 0x01, 0xF3, 0x2E, 0xB8, 0x01, 0xF8, 0x2E,
	0xB8, 0x01, 0xFA, 0x2E, 0xB8, 0x02, 0x01, 0x2E, 0xB8, 0x02, 0x03, 0x2E,
	0xB8, 0x02, 0x05, 0x2E, 0xB8, 0x02, 0x06, 0x2E, 0xB8, 0x02, 0x0D, 0x2E,
	0xB8, 0x02, 0x0F, 0x2E, 0xB8, 0x02, 0x14, 0x2E, 0xB8, 0x02, 0x16, 0x2E,
	0xB8, 0x02, 0x1A, 0x2E, 0xB8, 0x02, 0x1B, 0x2E, 0xB8, 0x02, 0x1F, 0x2E,
	0xB8, 0x02, 0x21, 0x2E, 0xB8, 0x02, 0x22, 0x2E, 0xB8, 0x02, 0x28, 0x2E,
	0xB8, 0x02, 0x3A, 0x2E, 0xB8, 0x02, 0x3C, 0x2E, 0xB8, 0x02, 0x40, 0x2E,
	0xB8, 0x02, 0x42, 0x2E, 0xB8, 0x02, 0x5E, 0x2E, 0xB8, 0x02, 0x60, 0x2E,
	0xB8, 0x02, 0x66, 0x2E, 0xB8, 0x02, 0x68, 0x2E, 0xB8, 0x02, 0x6E, 0x2E,
	0xB8, 0x02, 0x72, 0x2E, 0xB8, 0x02, 0x73, 0x2E, 0xB8, 0x02, 0x76, 0x2E,
	0xB8, 0x02, 0x7B, 0x2E, 0xB8, 0x02, 0x7D, 0x2E, 0xB8, 0x02, 0x85, 0x2E,
	0xB8, 0x02, 0x88, 0x2E, 0xB8, 0x02, 0x8E, 0x2E, 0xB8, 0x02, 0x92, 0x2E,
	0xB8, 0x02, 0x99, 0x2E, 0xB8, 0x02, 0x9B, 0x2E, 0xB8, 0x02, 0x9D, 0x2E,
	0xB8, 0x02, 0xA1, 0x2E, 0xB8, 0x02, 0xA3, 0x2E, 0xB8, 0x02, 0xA9, 0x2E,
	0xB8, 0x02, 0xAB, 0x2E, 0xB8, 0x02, 0xB8, 0x2E, 0xB8, 0x02, 0xBA, 0x2E,
	0xB8, 0x02, 0xBF, 0x2E, 0xB8, 0x02, 0xC0, 0x2E, 0xB8, 0x02, 0xC5, 0x2E,
	0xB8, 0x02, 0xC6, 0x2E, 0xB8, 0x02, 0xC9, 0x2E, 0xB8, 0x02, 0xCB, 0x2E,
	0xB8, 0x02, 0xD7, 0x2E, 0xB8, 0x02, 0xDD, 0x2E, 0xB8, 0x02, 0xDF, 0x2E,
	0xB8, 0x02, 0xE0, 0x2E, 0xB8, 0x02, 0xE4, 0x2E, 0xB8, 0x02, 0xE7, 0x2E,
	0xB8, 0x02, 0xED, 0x2E, 0xB8, 0x02, 0xF0, 0x2E, 0xB8, 0x02, 0xF3, 0x2E,
	0xB8, 0x02, 0xF6, 0x2E, 0xB8, 0x02, 0xFA, 0x2E, 0xB8, 0x02, 0xFC, 0x2E,
	0xB8, 0x03, 0x00, 0x2E, 0xB8, 0x03, 0x02, 0x2E, 0xB8, 0x03, 0x09, 0x2E,
	0xB8, 0x03, 0x0B, 0x2E, 0xB8, 0x03, 0x0D, 0x2E, 0xB8, 0x03, 0x0F, 0x2E,
	0xB8, 0x03, 0x11, 0x2E, 0xB8, 0x03, 0x15, 0x2E, 0xB8, 0x03, 0x17, 0x2E,
	0xB8, 0x03, 0x19, 0x2E, 0xB8, 0x03, 0x24, 0x2E, 0xB8, 0x03, 0x26, 0x2E,
	0xB8, 0x03, 0x2C, 0x2E, 0xB8, 0x03, 0x2E, 0x2E, 0xB8, 0x03, 0x30, 0x2E,
	0xB8, 0x03, 0x37, 0x2E, 0xB8, 0x03, 0x39, 0x2E, 0xB8, 0x03, 0x3C, 0x2E,
	0xB8, 0x03, 0x3E, 0x2E, 0xB8, 0x03, 0x3F, 0x2E, 0xB8, 0x03, 0x42, 0x2E,
	0xB8, 0x03, 0x46, 0x2E, 0xB8, 0x03, 0x48, 0x2E, 0xB8, 0x03, 0x4B, 0x2E,
	0xB8, 0x03, 0x4D, 0x2E, 0xB8, 0x03, 0x4E, 0x2E, 0xB8, 0x03, 0x50, 0x2E,
	0xB8, 0x03, 0x55, 0x2E, 0xB8, 0x03, 0x58, 0x2E, 0xB8, 0x03, 0x5E, 0x2E,
	0xB8, 0x03, 0x60, 0x2E, 0xB8, 0x03, 0x64, 0x2E, 0xB8, 0x03, 0x67, 0x2E,
	0xB8, 0x03, 0x68, 0x2E, 0xB8, 0x03, 0x6A, 0x2E, 0xB8, 0x03, 0x6E, 0x2E,
	0xB8, 0x03, 0x70, 0x2E, 0xB8, 0x03, 0x73, 0x2E, 0xB8, 0x03, 0x78, 0x2E,
	0xB8, 0x03, 0x7A, 0x2E, 0xB8, 0x03, 0x7D, 0x2E, 0xB8, 0x03, 0x7F, 0x2E,
	0xB8, 0x03, 0x80, 0x2E, 0xB8, 0x03, 0x82, 0x2E, 0xB8, 0x03, 0x85, 0x2E,
	0xB8, 0x03, 0x8D, 0x2E, 0xB8, 0x03, 0x91, 0x2E, 0xB8, 0x03, 0x95, 0x2E,
	0xB8, 0x03, 0x98, 0x2E, 0xB8, 0x03, 0x9B, 0x2E, 0xB8, 0x03, 0x9D, 0x2E,
	0xB8, 0x03, 0xA3, 0x2E, 0xB8, 0x03, 0xA7, 0x2E, 0xB8, 0x03, 0xAB, 0x2E,
	0xB8, 0x03, 0xAE, 0x2E, 0xB8, 0x03, 0xB0, 0x2E, 0xB8, 0x03, 0xB2, 0x2E,
	0xB8, 0x03, 0xBB, 0x2E, 0xB8, 0x03, 0xBE, 0x2E, 0xB8, 0x03, 0xC4, 0x2E,
	0xB8, 0x03, 0xC6, 0x2E, 0xB8, 0x03, 0xCB, 0x2E, 0xB8, 0x03, 0xCD, 0x2E,
	0xB8, 0x03, 0xCE, 0x2E, 0xB8, 0x03, 0xD1, 0x2E, 0xB8, 0x03, 0xD3, 0x2E,
	0xB8, 0x03, 0xD5, 0x2E, 0xB8, 0x03, 0xD7, 0x2E, 0xB8, 0x03, 0xD8, 0x2E,
	0xB8, 0x03, 0xDA, 0x2E, 0xB8, 0x03, 0xDC, 0x2E, 0xB8, 0x03, 0xDE, 0x2E,
	0xB8, 0x03, 0xE6, 0x2E, 0xB8, 0x03, 0xEE, 0x2E, 0xB8, 0x03, 0xF0, 0x2E,
	0xB8, 0x03, 0xF5, 0x2E, 0xB8, 0x03, 0xF8, 0x2E, 0xB8, 0x03, 0xFE, 0x2E,
	0xB8, 0x04, 0x01, 0x2E, 0xB8, 0x04, 0x08, 0x2E, 0xB8, 0x04, 0x0A, 0x2E,
	0xB8, 0x04, 0x0F, 0x2E, 0xB8, 0x04, 0x10, 0x2E, 0xB8, 0x04, 0x14, 0x2E,
	0xB8, 0x04, 0x16, 0x2E, 0xB8, 0x04, 0x19, 0x2E, 0xB8, 0x04, 0x1B, 0x2E,
	0xB8, 0x04, 0x1E, 0x2E, 0xB8, 0x04, 0x1F, 0x2E, 0xB8, 0x04, 0x26, 0x2E,
	0xB8, 0x04, 0x27, 0x2E, 0xB8, 0x04, 0x29, 0x2E, 0xB8, 0x04, 0x2C, 0x2E,
	0xB8, 0x04, 0x32, 0x2E, 0xB8, 0x04, 0x34, 0x2E, 0xB8, 0x04, 0x39, 0x2E,
	0xB8, 0x04, 0x3B, 0x2E, 0xB8, 0x04, 0x3F, 0x2E, 0xB8, 0x04, 0x41, 0x2E,
	0xB8, 0x04, 0x43, 0x2E, 0xB8, 0x04, 0x49, 0x2E, 0xB8, 0x04, 0x4B, 0x2E,
	0xB8, 0x04, 0x50, 0x2E, 0xB8, 0x04, 0x52, 0x2E, 0xB8, 0x04, 0x58, 0x2E,
	0xB8, 0x04, 0x5A, 0x2E, 0xB8, 0x04, 0x5F, 0x2E, 0xB8, 0x04, 0x61, 0x2E,
	0xB8, 0x04, 0x65, 0x2E, 0xB8, 0x04, 0x67, 0x2E, 0xB8, 0x04, 0x6B, 0x2E,
	0xB8, 0x04, 0x6D, 0x2E, 0xB8, 0x04, 0x74, 0x2E, 0xB8, 0x04, 0x76, 0x2E,
	0xB8, 0x04, 0x80, 0x2E, 0xB8, 0x04, 0x86, 0x2E, 0xB8, 0x04, 0x8E, 0x2E,
	0xB8, 0x04, 0x90, 0x2E, 0xB8, 0x04, 0x97, 0x2E, 0xB8, 0x04, 0x99, 0x2E,
	0xB8, 0x04, 0x9F, 0x2E, 0xB8, 0x04, 0xA1, 0x2E, 0xB8, 0x04, 0xB3, 0x2E,
	0xB8, 0x04, 0xB6, 0x2E, 0xB8, 0x04, 0xDC, 0x2E, 0xB8, 0x04, 0xDE, 0x2E,
	0xB8, 0x04, 0xDF, 0x2E, 0xB8, 0x04, 0xEE, 0x2E, 0xB8, 0x05, 0x03, 0x2E,
	0xB8, 0x05, 0x05, 0x2E, 0xB8, 0x05, 0x0E, 0x2E, 0xB8, 0x05, 0x10, 0x2E,
	0xB8, 0x05, 0x1D, 0x2E, 0xB8, 0x05, 0x1F, 0x2E, 0xB8, 0x05, 0x2A, 0x2E,
	0xB8, 0x05, 0x2C, 0x2E, 0xB8, 0x05, 0x31, 0x2E, 0xB8, 0x05, 0x33, 0x2E,
	0xB8, 0x05, 0x3E, 0x2E, 0xB8, 0x05, 0x40, 0x2E, 0xB8, 0x05, 0x45, 0x2E,
	0xB8, 0x05, 0x47, 0x2E, 0xB8, 0x05, 0x49, 0x2E, 0xB8, 0x05, 0x4A, 0x2E,
	0xB8, 0x05, 0x4E, 0x2E, 0xB8, 0x05, 0x50, 0x2E, 0xB8, 0x05, 0x52, 0x2E,
	0xB8, 0x05, 0x54, 0x2E, 0xB8, 0x05, 0x57, 0x2E, 0xB8, 0x05, 0x59, 0x2E,
	0xB8, 0x05, 0x60, 0x2E, 0xB8, 0x05, 0x6F, 0x2E, 0xB8, 0x05, 0x72, 0x2E,
	0xB8, 0x05, 0x87, 0x2E, 0xB8, 0x05, 0x89, 0x2E, 0xB8, 0x05, 0x8E, 0x2E,
	0xB8, 0x05, 0x90, 0x2E, 0xB8, 0x05, 0x95, 0x2E, 0xB8, 0x05, 0x97, 0x2E,
	0xB8, 0x05, 0x99, 0x2E, 0xB8, 0x05, 0x9B, 0x2E, 0xB8, 0x05, 0xA9, 0x2E,
	0xB8, 0x05, 0xAB, 0x2E, 0xB8, 0x05, 0xAD, 0x2E, 0xB8, 0x05, 0xAF, 0x2E,
	0xB8, 0x05, 0xBE, 0x2E, 0xB8, 0x05, 0xC0, 0x2E, 0xB8, 0x05, 0xC5, 0x2E,
	0xB8, 0x05, 0xC7, 0x2E, 0xB8, 0x05, 0xC9, 0x2E, 0x00, 0x2E, 0x2E, 0x2E,
	0x2E, 0x2E, 0x2E, 0x2E, 0x2E, 0x2E, 0x2E, 0x2E, 0x2E, 0x2E, 0x2E, 0x2E,
	0x2E, 0x2E, 0x2E, 0x2E, 0x2E, 0x2E, 0x2E, 0x2E, 0x2E, 0x2E, 0x2E, 0x2E,
	0x2E, 0x2E, 0x2E, 0x2E, 0x2E, 0x2E, 0x2E, 0x2E, 0x2E, 0x2E, 0x2E, 0x2E,
	0x2E, 0x2E, 0x2E, 0x2E, 0x2E, 0x2E, 0x2E, 0x2E, 0x2E, 0x2E, 0xB8, 0x01,
	0x04, 0x2E, 0xB8, 0x01, 0x06, 0x2E, 0xB8, 0x01, 0x09, 0x2E, 0xB8, 0x01,
	0x0B, 0x2E, 0xB8, 0x01, 0x15, 0x2E, 0xB8, 0x01, 0x16, 0x2E, 0xB8, 0x01,
	0x1A, 0x2E, 0xB8, 0x01, 0x21, 0x2E, 0xB8, 0x01, 0x23, 0x2E, 0xB8, 0x01,
	0x25, 0x2E, 0xB8, 0x01, 0x2A, 0x2E, 0xB8, 0x01, 0x2D, 0x2E, 0xB8, 0x01,
	0x33, 0x2E, 0xB8, 0x01, 0x35, 0x2E, 0xB8, 0x01, 0x3A, 0x2E, 0xB8, 0x01,
	0x3C, 0x2E, 0xB8, 0x01, 0x3E, 0x2E, 0xB8, 0x01, 0x42, 0x2E, 0xB8, 0x01,
	0x43, 0x2E, 0xB8, 0x01, 0x48, 0x2E, 0xB8, 0x01, 0x4A, 0x2E, 0xB8, 0x01,
	0x4C, 0x2E, 0xB8, 0x01, 0x4F, 0x2E, 0xB8, 0x01, 0x51, 0x2E, 0xB8, 0x01,
	0x5A, 0x2E, 0xB8, 0x01, 0x5C, 0x2E, 0xB8, 0x01, 0x61, 0x2E, 0xB8, 0x01,
	0x67, 0x2E, 0xB8, 0x01, 0x69, 0x2E, 0xB8, 0x01, 0x6C, 0x2E, 0xB8, 0x01,
	0x73, 0x2E, 0xB8, 0x01, 0x76, 0x2E, 0xB8, 0x01, 0x7B, 0x2E, 0xB8, 0x01,
	0x7D, 0x2E, 0xB8, 0x01, 0x84, 0x2E, 0xB8, 0x01, 0x87, 0x2E, 0xB8, 0x01,
	0x8A, 0x2E, 0xB8, 0x01, 0x8C, 0x2E, 0xB8, 0x01, 0x94, 0x2E, 0xB8, 0x01,
	0x97, 0x2E, 0xB8, 0x01, 0x9A, 0x2E, 0xB8, 0x01, 0x9C, 0x2E, 0xB8, 0x01,
	0xA1, 0x2E, 0xB8, 0x01, 0xA2, 0x2E, 0xB8, 0x01, 0xA9, 0x2E, 0xB8, 0x01,
	0xAB, 0x2E, 0xB8, 0x01, 0xAD, 0x2E, 0xB8, 0x01, 0xB0, 0x2E, 0xB8, 0x01,
	0xB2, 0x2E, 0xB8, 0x01, 0xB8, 0x2E, 0xB8, 0x01, 0xBA, 0x2E, 0xB8, 0x01,
	0xC1, 0x2E, 0xB8, 0x01, 0xC3, 0x2E, 0xB8, 0x01, 0xC8, 0x2E, 0xB8, 0x01,
	0xCB, 0x2E, 0xB8, 0x01, 0xCD, 0x2E, 0xB8, 0x01, 0xCE, 0x2E, 0xB8, 0x01,
	0xD6, 0x2E, 0xB8, 0x01, 0xD8, 0x2E, 0xB8, 0x01, 0xDD, 0x2E, 0xB8, 0x01,
	0xDE, 0x2E, 0xB8, 0x01, 0xE4, 0x2E, 0xB8, 0x01, 0xE7, 0x2E, 0xB8, 0x01,
	0xED, 0x2E, 0xB8, 0x01, 0xEF, 0x2E, 0xB8, 0x01, 0xF5, 0x2E, 0xB8, 0x01,
	0xF8, 0x2E, 0xB8, 0x01, 0xFC, 0x2E, 0xB8, 0x01, 0xFF, 0x2E, 0xB8, 0x02,
	0x05, 0x2E, 0xB8, 0x02, 0x08, 0x2E, 0xB8, 0x02, 0x0A, 0x2E, 0xB8, 0x02,
	0x0C, 0x2E, 0xB8, 0x02, 0x11, 0x2E, 0xB8, 0x02, 0x12, 0x2E, 0xB8, 0x02,
	0x18, 0x2E, 0xB8, 0x02, 0x1A, 0x2E, 0xB8, 0x02, 0x1B, 0x2E, 0xB8, 0x02,
	0x1D, 0x2E, 0xB8, 0x02, 0x22, 0x2E, 0xB8, 0x02, 0x2C, 0x2E, 0xB8, 0x02,
	0x30, 0x2E, 0xB8, 0x02, 0x33, 0x2E, 0xB8, 0x02, 0x38, 0x2E, 0xB8, 0x02,
	0x3F, 0x2E, 0xB8, 0x02, 0x49, 0x2E, 0xB8, 0x02, 0x4B, 0x2E, 0xB8, 0x02,
	0x4E, 0x2E, 0xB8, 0x02, 0x50, 0x2E, 0xB8, 0x02, 0x53, 0x2E, 0xB8, 0x02,
	0x56, 0x2E, 0xB8, 0x02, 0x5C, 0x2E, 0xB8, 0x02, 0x60, 0x2E, 0xB8, 0x02,
	0x64, 0x2E, 0xB8, 0x02, 0x68, 0x2E, 0xB8, 0x02, 0x6B, 0x2E, 0xB8, 0x02,
	0x6D, 0x2E, 0xB8, 0x02, 0x76, 0x2E, 0xB8, 0x02, 0x79, 0x2E, 0xB8, 0x02,
	0x7F, 0x2E, 0xB8, 0x02, 0x83, 0x2E, 0xB8, 0x02, 0x8A, 0x2E, 0xB8, 0x02,
	0x8C, 0x2E, 0xB8, 0x02, 0x94, 0x2E, 0xB8, 0x02, 0x97, 0x2E, 0xB8, 0x02,
	0x9D, 0x2E, 0xB8, 0x02, 0x9F, 0x2E, 0xB8, 0x02, 0xA5, 0x2E, 0xB8, 0x02,
	0xA7, 0x2E, 0xB8, 0x02, 0xAD, 0x2E, 0xB8, 0x02, 0xB3, 0x2E, 0xB8, 0x02,
	0xB6, 0x2E, 0xB8, 0x02, 0xBA, 0x2E, 0xB8, 0x02, 0xBC, 0x2E, 0xB8, 0x02,
	0xBE, 0x2E, 0xB8, 0x02, 0xC2, 0x2E, 0xB8, 0x02, 0xC3, 0x2E, 0xB8, 0x02,
	0xCB, 0x2E, 0xB8, 0x02, 0xCD, 0x2E, 0xB8, 0x02, 0xCF, 0x2E, 0xB8, 0x02,
	0xD1, 0x2E, 0xB8, 0x02, 0xD3, 0x2E, 0xB8, 0x02, 0xD4, 0x2E, 0xB8, 0x02,
	0xD7, 0x2E, 0xB8, 0x02, 0xDC, 0x2E, 0xB8, 0x02, 0xE0, 0x2E, 0xB8, 0x02,
	0xE2, 0x2E, 0xB8, 0x02, 0xE9, 0x2E, 0xB8, 0x02, 0xEB, 0x2E, 0xB8, 0x02,
	0xF0, 0x2E, 0xB8, 0x02, 0xF1, 0x2E, 0xB8, 0x02, 0xF8, 0x2E, 0xB8, 0x02,
	0xF9, 0x2E, 0xB8, 0x02, 0xFD, 0x2E, 0xB8, 0x02, 0xFF, 0x2E, 0xB8, 0x03,
	0x04, 0x2E, 0xB8, 0x03, 0x07, 0x2E, 0xB8, 0x03, 0x0D, 0x2E, 0xB8, 0x03,
	0x0E, 0x2E, 0xB8, 0x03, 0x13, 0x2E, 0xB8, 0x03, 0x14, 0x2E, 0xB8, 0x03,
	0x1A, 0x2E, 0xB8, 0x03, 0x1C, 0x2E, 0xB8, 0x03, 0x1E, 0x2E, 0xB8, 0x03,
	0x20, 0x2E, 0xB8, 0x03, 0x22, 0x2E, 0xB8, 0x03, 0x28, 0x2E, 0xB8, 0x03,
	0x2A, 0x2E, 0xB8, 0x03, 0x2E, 0x2E, 0xB8, 0x03, 0x2F, 0x2E, 0xB8, 0x03,
	0x30, 0x2E, 0xB8, 0x03, 0x35, 0x2E, 0xB8, 0x03, 0x3C, 0x2E, 0xB8, 0x03,
	0x3E, 0x2E, 0xB8, 0x03, 0x3F, 0x2E, 0xB8, 0x03, 0x40, 0x2E, 0xB8, 0x03,
	0x42, 0x2E, 0xB8, 0x03, 0x44, 0x2E, 0xB8, 0x03, 0x48, 0x2E, 0xB8, 0x03,
	0x49, 0x2E, 0xB8, 0x03, 0x51, 0x2E, 0xB8, 0x03, 0x53, 0x2E, 0xB8, 0x03,
	0x5A, 0x2E, 0xB8, 0x03, 0x5C, 0x2E, 0xB8, 0x03, 0x61, 0x2E, 0xB8, 0x03,
	0x63, 0x2E, 0xB8, 0x03, 0x6C, 0x2E, 0xB8, 0x03, 0x6E, 0x2E, 0xB8, 0x03,
	0x70, 0x2E, 0xB8, 0x03, 0x71, 0x2E, 0xB8, 0x03, 0x85, 0x2E, 0xB8, 0x03,
	0x89, 0x2E, 0xB8, 0x03, 0x93, 0x2E, 0xB8, 0x03, 0x95, 0x2E, 0xB8, 0x03,
	0x9F, 0x2E, 0xB8, 0x03, 0xA1, 0x2E, 0xB8, 0x03, 0xA5, 0x2E, 0xB8, 0x03,
	0xA7, 0x2E, 0xB8, 0x03, 0xA9, 0x2E, 0xB8, 0x03, 0xAB, 0x2E, 0xB8, 0x03,
	0xAE, 0x2E, 0xB8, 0x03, 0xB0, 0x2E, 0xB8, 0x03, 0xB4, 0x2E, 0xB8, 0x03,
	0xB7, 0x2E, 0xB8, 0x03, 0xBC, 0x2E, 0xB8, 0x03, 0xBE, 0x2E, 0xB8, 0x03,
	0xC7, 0x2E, 0xB8, 0x03, 0xC9, 0x2E, 0xB8, 0x03, 0xD8, 0x2E, 0xB8, 0x03,
	0xDF, 0x2E, 0xB8, 0x03, 0xE1, 0x2E, 0xB8, 0x03, 0xE4, 0x2E, 0xB8, 0x03,
	0xE9, 0x2E, 0xB8, 0x03, 0xEC, 0x2E, 0xB8, 0x03, 0xF2, 0x2E, 0xB8, 0x03,
	0xF5, 0x2E, 0xB8, 0x03, 0xFA, 0x2E, 0xB8, 0x03, 0xFC, 0x2E, 0xB8, 0x04,
	0x03, 0x2E, 0xB8, 0x04, 0x06, 0x2E, 0xB8, 0x04, 0x0C, 0x2E, 0xB8, 0x04,
	0x0F, 0x2E, 0xB8, 0x04, 0x11, 0x2E, 0xB8, 0x04, 0x13, 0x2E, 0xB8, 0x04,
	0x16, 0x2E, 0xB8, 0x04, 0x18, 0x2E, 0xB8, 0x04, 0x1B, 0x2E, 0xB8, 0x04,
	0x1D, 0x2E, 0xB8, 0x04, 0x22, 0x2E, 0xB8, 0x04, 0x24, 0x2E, 0xB8, 0x04,
	0x29, 0x2E, 0xB8, 0x04, 0x30, 0x2E, 0xB8, 0x04, 0x36, 0x2E, 0xB8, 0x04,
	0x37, 0x2E, 0xB8, 0x04, 0x3D, 0x2E, 0xB8, 0x04, 0x3F, 0x2E, 0xB8, 0x04,
	0x45, 0x2E, 0xB8, 0x04, 0x47, 0x2E, 0xB8, 0x04, 0x4D, 0x2E, 0xB8, 0x04,
	0x50, 0x2E, 0xB8, 0x04, 0x54, 0x2E, 0xB8, 0x04, 0x57, 0x2E, 0xB8, 0x04,
	0x5C, 0x2E, 0xB8, 0x04, 0x5E, 0x2E, 0xB8, 0x04, 0x63, 0x2E, 0xB8, 0x04,
	0x65, 0x2E, 0xB8, 0x04, 0x67, 0x2E, 0xB8, 0x04, 0x69, 0x2E, 0xB8, 0x04,
	0x6F, 0x2E, 0xB8, 0x04, 0x72, 0x2E, 0xB8, 0x04, 0x76, 0x2E, 0xB8, 0x04,
	0x78, 0x2E, 0xB8, 0x04, 0x79, 0x2E, 0xB8, 0x04, 0x7C, 0x2E, 0xB8, 0x04,
	0x7E, 0x2E, 0xB8, 0x04, 0x8A, 0x2E, 0xB8, 0x04, 0x8C, 0x2E, 0xB8, 0x04,
	0x92, 0x2E, 0xB8, 0x04, 0x95, 0x2E, 0xB8, 0x04, 0x9B, 0x2E, 0xB8, 0x04,
	0x9D, 0x2E, 0xB8, 0x04, 0xA3, 0x2E, 0xB8, 0x04, 0xA7, 0x2E, 0xB8, 0x04,
	0xAA, 0x2E, 0xB8, 0x04, 0xAB, 0x2E, 0xB8, 0x04, 0xAF, 0x2E, 0xB8, 0x04,
	0xB1, 0x2E, 0xB8, 0x04, 0xB8, 0x2E, 0xB8, 0x04, 0xBB, 0x2E, 0xB8, 0x04,
	0xC0, 0x2E, 0xB8, 0x04, 0xC3, 0x2E, 0xB8, 0x04, 0xC9, 0x2E, 0xB8, 0x04,
	0xCB, 0x2E, 0xB8, 0x04, 0xCD, 0x2E, 0xB8, 0x04, 0xCE, 0x2E, 0xB8, 0x04,
	0xEC, 0x2E, 0xB8, 0x04, 0xF0, 0x2E, 0xB8, 0x04, 0xF1, 0x2E, 0xB8, 0x04,
	0xF4, 0x2E, 0xB8, 0x04, 0xF5, 0x2E, 0xB8, 0x04, 0xF8, 0x2E, 0xB8, 0x04,
	0xF9, 0x2E, 0xB8, 0x04, 0xFC, 0x2E, 0xB8, 0x04, 0xFE, 0x2E, 0xB8, 0x05,
	0x02, 0x2E, 0xB8, 0x05, 0x05, 0x2E, 0xB8, 0x05, 0x0C, 0x2E, 0xB8, 0x05,
	0x13, 0x2E, 0xB8, 0x05, 0x15, 0x2E, 0xB8, 0x05, 0x19, 0x2E, 0xB8, 0x05,
	0x1F, 0x2E, 0xB8, 0x05, 0x25, 0x2E, 0xB8, 0x05, 0x2C, 0x2E, 0xB8, 0x05,
	0x2D, 0x2E, 0xB8, 0x05, 0x33, 0x2E, 0xB8, 0x05, 0x39, 0x2E, 0xB8, 0x05,
	0x3A, 0x2E, 0xB8, 0x05, 0x3C, 0x2E, 0xB8, 0x05, 0x40, 0x2E, 0xB8, 0x05,
	0x41, 0x2E, 0xB8, 0x05, 0x43, 0x2E, 0xB8, 0x05, 0x4C, 0x2E, 0xB8, 0x05,
	0x50, 0x2E, 0xB8, 0x05, 0x56, 0x2E, 0xB8, 0x05, 0x59, 0x2E, 0xB8, 0x05,
	0x5C, 0x2E, 0xB8, 0x05, 0x5E, 0x2E, 0xB8, 0x05, 0x62, 0x2E, 0xB8, 0x05,
	0x64, 0x2E, 0xB8, 0x05, 0x67, 0x2E, 0xB8, 0x05, 0x69, 0x2E, 0xB8, 0x05,
	0x6C, 0x2E, 0xB8, 0x05, 0x6E, 0x2E, 0xB8, 0x05, 0x74, 0x2E, 0xB8, 0x05,
	0x76, 0x2E, 0xB8, 0x05, 0x79, 0x2E, 0xB8, 0x05, 0x7B, 0x2E, 0xB8, 0x05,
	0x7E, 0x2E, 0xB8, 0x05, 0x80, 0x2E, 0xB8, 0x05, 0x83, 0x2E, 0xB8, 0x05,
	0x85, 0x2E, 0xB8, 0x05, 0x8B, 0x2E, 0xB8, 0x05, 0x8C, 0x2E, 0xB8, 0x05,
	0x92, 0x2E, 0xB8, 0x05, 0x93, 0x2E, 0xB8, 0x05, 0x99, 0x2E, 0xB8, 0x05,
	0x9D, 0x2E, 0xB8, 0x05, 0x9F, 0x2E, 0xB8, 0x05, 0xA0, 0x2E, 0xB8, 0x05,
	0xA2, 0x2E, 0xB8, 0x05, 0xA4, 0x2E, 0xB8, 0x05, 0xA5, 0x2E, 0xB8, 0x05,
	0xA7, 0x2E, 0xB8, 0x05, 0xAB, 0x2E, 0xB8, 0x05, 0xB1, 0x2E, 0xB8, 0x05,
	0xB4, 0x2E, 0xB8, 0x05, 0xB7, 0x2E, 0xB8, 0x05, 0xB8, 0x2E, 0xB8, 0x05,
	0xBC, 0x2E, 0xB8, 0x05, 0xC2, 0x2E, 0xB8, 0x05, 0xC3, 0x2E, 0xB8, 0x05,
	0xCB, 0x2E, 0xB8, 0x05, 0xCF, 0x2E, 0xB8, 0x05, 0xD2, 0x2E, 0xB8, 0x05,
	0xD4, 0x2E, 0xB8, 0x05, 0xD8, 0x2E, 0x31, 0x30, 0x01, 0xB9, 0x05, 0xDA,
	0x00, 0x00, 0x49, 0x68, 0xB9, 0x00, 0x53, 0x05, 0xD9, 0x49, 0x68, 0x61,
	0xB0, 0x40, 0x52, 0x58, 0xB9, 0x05, 0xD9, 0x00, 0x40, 0x38, 0xB8, 0x05,
	0xD9, 0x11, 0x37, 0xB9, 0x05, 0xD9, 0xFF, 0xC0, 0x38, 0x59, 0x01, 0x30,
	0x07, 0x15, 0x26, 0x06, 0x23, 0x0E, 0x01, 0x07, 0x16, 0x17, 0x16, 0x17,
	0x16, 0x17, 0x15, 0x06, 0x27, 0x26, 0x27, 0x36, 0x27, 0x07, 0x27, 0x22,
	0x27, 0x26, 0x07, 0x16, 0x17, 0x1E, 0x01, 0x17, 0x06, 0x26, 0x27, 0x2E,
	0x01, 0x27, 0x26, 0x27, 0x06, 0x17, 0x16, 0x15, 0x14, 0x07, 0x17, 0x22,
	0x26, 0x27, 0x2E, 0x01, 0x27, 0x26, 0x2F, 0x02, 0x06, 0x07, 0x23, 0x3E,
	0x01, 0x35, 0x34, 0x27, 0x23, 0x37, 0x36, 0x27, 0x06, 0x07, 0x06, 0x07,
	0x23, 0x36, 0x37, 0x26, 0x07, 0x06, 0x07, 0x06, 0x07, 0x35, 0x36, 0x37,
	0x33, 0x36, 0x37, 0x36, 0x37, 0x26, 0x27, 0x06, 0x27, 0x36, 0x33, 0x32,
	0x37, 0x36, 0x17, 0x36, 0x37, 0x16, 0x37, 0x26, 0x27, 0x26, 0x27, 0x16,
	0x17, 0x16, 0x17, 0x16, 0x17, 0x36, 0x35, 0x34, 0x27, 0x26, 0x27, 0x37,
	0x32, 0x16, 0x17, 0x16, 0x17, 0x16, 0x17, 0x16, 0x17, 0x37, 0x27, 0x36,
	0x37, 0x36, 0x37, 0x17, 0x06, 0x17, 0x36, 0x37, 0x36, 0x37, 0x36, 0x37,
	0x16, 0x06, 0x07, 0x06, 0x07, 0x06, 0x07, 0x06, 0x07, 0x06, 0x07, 0x16,
	0x37, 0x36, 0x33, 0x36, 0x17, 0x07, 0x22, 0x27, 0x26, 0x07, 0x26, 0x27,
	0x26, 0x27, 0x06, 0x23, 0x35, 0x36, 0x31, 0x36, 0x27, 0x26, 0x31, 0x36,
	0x17, 0x16, 0x33, 0x36, 0x35, 0x34, 0x26, 0x35, 0x36, 0x37, 0x17, 0x30,
	0x37, 0x27, 0x36, 0x33, 0x32, 0x16, 0x37, 0x36, 0x37, 0x26, 0x27, 0x26,
	0x37, 0x16, 0x17, 0x16, 0x36, 0x37, 0x26, 0x35, 0x36, 0x17, 0x16, 0x36,
	0x35, 0x34, 0x26, 0x35, 0x37, 0x36, 0x16, 0x33, 0x37, 0x27, 0x30, 0x17,
	0x36, 0x27, 0x37, 0x16, 0x33, 0x32, 0x36, 0x33, 0x34, 0x27, 0x36, 0x17,
	0x16, 0x33, 0x36, 0x37, 0x34, 0x26, 0x35, 0x26, 0x37, 0x16, 0x17, 0x36,
	0x35, 0x34, 0x26, 0x35, 0x36, 0x17, 0x16, 0x31, 0x36, 0x27, 0x37, 0x30,
	0x17, 0x37, 0x36, 0x27, 0x30, 0x27, 0x37, 0x36, 0x27, 0x36, 0x37, 0x23,
	0x06, 0x07, 0x06, 0x07, 0x26, 0x35, 0x36, 0x33, 0x2E, 0x01, 0x27, 0x36,
	0x17, 0x16, 0x33, 0x36, 0x26, 0x27, 0x36, 0x33, 0x32, 0x16, 0x33, 0x36,
	0x27, 0x26, 0x27, 0x36, 0x17, 0x16, 0x37, 0x36, 0x35, 0x34, 0x26, 0x35,
	0x36, 0x17, 0x16, 0x33, 0x35, 0x22, 0x27, 0x37, 0x17, 0x36, 0x35, 0x34,
	0x26, 0x27, 0x36, 0x17, 0x16, 0x33, 0x36, 0x26, 0x37, 0x30, 0x17, 0x34,
	0x35, 0x26, 0x27, 0x30, 0x37, 0x36, 0x26, 0x37, 0x30, 0x17, 0x36, 0x27,
	0x37, 0x34, 0x27, 0x06, 0x07, 0x06, 0x07, 0x06, 0x07, 0x26, 0x23, 0x22,
	0x06, 0x23, 0x22, 0x27, 0x3E, 0x01, 0x27, 0x36, 0x23, 0x22, 0x06, 0x23,
	0x22, 0x27, 0x37, 0x36, 0x27, 0x06, 0x07, 0x06, 0x27, 0x3E, 0x01, 0x35,
	0x26, 0x23, 0x22, 0x06, 0x27, 0x37, 0x26, 0x23, 0x22, 0x07, 0x06, 0x27,
	0x36, 0x33, 0x36, 0x27, 0x26, 0x23, 0x22, 0x06, 0x23, 0x26, 0x36, 0x27,
	0x26, 0x07, 0x06, 0x27, 0x37, 0x36, 0x27, 0x07, 0x26, 0x35, 0x34, 0x36,
	0x37, 0x36, 0x27, 0x22, 0x07, 0x06, 0x27, 0x37, 0x26, 0x27, 0x30, 0x07,
	0x06, 0x27, 0x36, 0x37, 0x36, 0x23, 0x30, 0x07, 0x06, 0x27, 0x3E, 0x01,
	0x27, 0x26, 0x07, 0x22, 0x23, 0x34, 0x36, 0x37, 0x26, 0x27, 0x16, 0x17,
	0x07, 0x22, 0x27, 0x07, 0x26, 0x35, 0x34, 0x37, 0x36, 0x27, 0x26, 0x31,
	0x06, 0x07, 0x26, 0x37, 0x36, 0x37, 0x27, 0x07, 0x22, 0x27, 0x36, 0x37,
	0x26, 0x23, 0x22, 0x06, 0x07, 0x27, 0x37, 0x36, 0x27, 0x26, 0x07, 0x06,
	0x07, 0x26, 0x37, 0x36, 0x35, 0x26, 0x23, 0x22, 0x06, 0x07, 0x26, 0x37,
	0x26, 0x27, 0x22, 0x06, 0x23, 0x26, 0x37, 0x36, 0x35, 0x26, 0x31, 0x15,
	0x06, 0x07, 0x26, 0x27, 0x26, 0x07, 0x27, 0x36, 0x35, 0x22, 0x27, 0x07,
	0x06, 0x27, 0x34, 0x37, 0x26, 0x07, 0x06, 0x27, 0x37, 0x26, 0x07, 0x26,
	0x37, 0x36, 0x2F, 0x01, 0x16, 0x17, 0x16, 0x17, 0x16, 0x17, 0x14, 0x07,
	0x14, 0x07, 0x26, 0x31, 0x22, 0x27, 0x22, 0x16, 0x07, 0x26, 0x31, 0x23,
	0x14, 0x07, 0x26, 0x37, 0x36, 0x27, 0x23, 0x22, 0x07, 0x27, 0x30, 0x37,
	0x26, 0x07, 0x26, 0x23, 0x22, 0x06, 0x07, 0x26, 0x27, 0x07, 0x16, 0x07,
	0x34, 0x27, 0x26, 0x06, 0x07, 0x26, 0x34, 0x27, 0x06, 0x23, 0x06, 0x17,
	0x06, 0x33, 0x26, 0x37, 0x36, 0x35, 0x06, 0x23, 0x16, 0x07, 0x26, 0x37,
	0x36, 0x15, 0x26, 0x06, 0x07, 0x34, 0x27, 0x07, 0x16, 0x1F, 0x02, 0x07,
	0x30, 0x16, 0x07, 0x06, 0x26, 0x27, 0x06, 0x15, 0x14, 0x17, 0x16, 0x07,
	0x22, 0x27, 0x26, 0x23, 0x06, 0x15, 0x14, 0x16, 0x15, 0x14, 0x07, 0x30,
	0x27, 0x32, 0x07, 0x06, 0x17, 0x16, 0x07, 0x06, 0x07, 0x22, 0x26, 0x27,
	0x06, 0x15, 0x14, 0x17, 0x16, 0x07, 0x30, 0x27, 0x06, 0x27, 0x14, 0x17,
	0x16, 0x07, 0x30, 0x27, 0x06, 0x07, 0x14, 0x17, 0x14, 0x07, 0x26, 0x27,
	0x06, 0x17, 0x06, 0x23, 0x22, 0x26, 0x23, 0x06, 0x07, 0x06, 0x17, 0x06,
	0x27, 0x26, 0x23, 0x07, 0x17, 0x30, 0x07, 0x27, 0x22, 0x07, 0x17, 0x06,
	0x26, 0x07, 0x16, 0x31, 0x06, 0x27, 0x26, 0x07, 0x16, 0x07, 0x26, 0x35,
	0x23, 0x14, 0x06, 0x07, 0x37, 0x16, 0x37, 0x36, 0x37, 0x17, 0x06, 0x07,
	0x17, 0x06, 0x27, 0x26, 0x15, 0x14, 0x16, 0x15, 0x14, 0x07, 0x26, 0x27,
	0x06, 0x15, 0x14, 0x16, 0x07, 0x27, 0x06, 0x15, 0x14, 0x16, 0x15, 0x14,
	0x07, 0x27, 0x07, 0x06, 0x17, 0x07, 0x30, 0x27, 0x07, 0x06, 0x17, 0x16,
	0x07, 0x2E, 0x01, 0x07, 0x30, 0x07, 0x14, 0x17, 0x16, 0x07, 0x27, 0x07,
	0x06, 0x17, 0x16, 0x07, 0x27, 0x07, 0x06, 0x17, 0x16, 0x17, 0x07, 0x30,
	0x27, 0x06, 0x17, 0x06, 0x27, 0x26, 0x23, 0x06, 0x15, 0x30, 0x17, 0x16,
	0x07, 0x26, 0x27, 0x06, 0x15, 0x14, 0x15, 0x27, 0x07, 0x36, 0x3F, 0x03,
	0x16, 0x15, 0x06, 0x15, 0x14, 0x16, 0x17, 0x26, 0x07, 0x15, 0x37, 0x16,
	0x17, 0x26, 0x07, 0x22, 0x15, 0x14, 0x35, 0x33, 0x32, 0x15, 0x06, 0x07,
	0x15, 0x36, 0x17, 0x07, 0x22, 0x27, 0x06, 0x15, 0x14, 0x16, 0x17, 0x06,
	0x27, 0x26, 0x31, 0x30, 0x07, 0x36, 0x17, 0x07, 0x22, 0x27, 0x07, 0x06,
	0x16, 0x17, 0x07, 0x14, 0x17, 0x06, 0x23, 0x26, 0x33, 0x06, 0x17, 0x37,
	0x32, 0x17, 0x30, 0x07, 0x26, 0x06, 0x07, 0x32, 0x17, 0x16, 0x06, 0x15,
	0x06, 0x17, 0x07, 0x06, 0x17, 0x0E, 0x01, 0x07, 0x36, 0x3F, 0x02, 0x14,
	0x33, 0x32, 0x17, 0x06, 0x27, 0x06, 0x17, 0x16, 0x37, 0x36, 0x31, 0x16,
	0x06, 0x07, 0x16, 0x32, 0x17, 0x22, 0x07, 0x14, 0x17, 0x32, 0x37, 0x32,
	0x17, 0x30, 0x07, 0x06, 0x27, 0x16, 0x17, 0x30, 0x37, 0x16, 0x06, 0x15,
	0x36, 0x17, 0x06, 0x07, 0x06, 0x33, 0x32, 0x36, 0x33, 0x32, 0x17, 0x06,
	0x07, 0x17, 0x36, 0x17, 0x16, 0x06, 0x07, 0x1E, 0x01, 0x33, 0x06, 0x07,
	0x17, 0x16, 0x37, 0x36, 0x17, 0x06, 0x31, 0x15, 0x16, 0x36, 0x17, 0x30,
	0x07, 0x16, 0x17, 0x06, 0x31, 0x17, 0x26, 0x35, 0x34, 0x37, 0x26, 0x27,
	0x37, 0x16, 0x33, 0x32, 0x36, 0x33, 0x32, 0x17, 0x07, 0x16, 0x33, 0x32,
	0x36, 0x33, 0x32, 0x17, 0x06, 0x07, 0x16, 0x33, 0x32, 0x36, 0x17, 0x0E,
	0x01, 0x17, 0x16, 0x33, 0x30, 0x37, 0x16, 0x15, 0x14, 0x06, 0x17, 0x32,
	0x17, 0x32, 0x36, 0x33, 0x16, 0x17, 0x06, 0x07, 0x16, 0x23, 0x32, 0x36,
	0x17, 0x07, 0x17, 0x36, 0x37, 0x17, 0x06, 0x07, 0x16, 0x37, 0x17, 0x16,
	0x07, 0x16, 0x37, 0x17, 0x07, 0x32, 0x16, 0x33, 0x32, 0x37, 0x36, 0x17,
	0x07, 0x16, 0x17, 0x2E, 0x01, 0x27, 0x37, 0x16, 0x36, 0x37, 0x16, 0x07,
	0x06, 0x31, 0x16, 0x17, 0x37, 0x16, 0x07, 0x06, 0x17, 0x36, 0x17, 0x34,
	0x37, 0x16, 0x07, 0x06, 0x15, 0x16, 0x31, 0x34, 0x37, 0x16, 0x07, 0x06,
	0x31, 0x16, 0x33, 0x32, 0x36, 0x37, 0x14, 0x15, 0x16, 0x33, 0x32, 0x36,
	0x33, 0x17, 0x06, 0x07, 0x16, 0x37, 0x36, 0x37, 0x17, 0x06, 0x31, 0x32,
	0x17, 0x36, 0x37, 0x06, 0x17, 0x16, 0x37, 0x16, 0x07, 0x06, 0x17, 0x16,
	0x33, 0x32, 0x36, 0x37, 0x16, 0x07, 0x06, 0x15, 0x16, 0x37, 0x17, 0x16,
	0x36, 0x37, 0x16, 0x31, 0x16, 0x37, 0x2F, 0x01, 0x26, 0x27, 0x26, 0x27,
	0x36, 0x33, 0x26, 0x37, 0x16, 0x31, 0x16, 0x37, 0x34, 0x35, 0x26, 0x37,
	0x32, 0x16, 0x17, 0x36, 0x37, 0x26, 0x27, 0x26, 0x37, 0x16, 0x17, 0x32,
	0x35, 0x34, 0x27, 0x26, 0x37, 0x16, 0x07, 0x16, 0x37, 0x36, 0x26, 0x37,
	0x17, 0x16, 0x37, 0x36, 0x37, 0x16, 0x15, 0x32, 0x35, 0x34, 0x26, 0x35,
	0x34, 0x37, 0x1E, 0x01, 0x17, 0x32, 0x34, 0x37, 0x16, 0x37, 0x36, 0x26,
	0x37, 0x36, 0x16, 0x33, 0x32, 0x36, 0x33, 0x16, 0x15, 0x32, 0x37, 0x17,
	0x30, 0x37, 0x32, 0x05, 0x06, 0x07, 0x22, 0x27, 0x26, 0x27, 0x26, 0x27,
	0x26, 0x27, 0x36, 0x37, 0x27, 0x36, 0x37, 0x36, 0x33, 0x32, 0x17, 0x1E,
	0x01, 0x17, 0x16, 0x15, 0x14, 0x07, 0x36, 0x35, 0x34, 0x27, 0x07, 0x26,
	0x36, 0x27, 0x07, 0x26, 0x34, 0x27, 0x07, 0x26, 0x36, 0x27, 0x14, 0x07,
	0x36, 0x27, 0x14, 0x07, 0x27, 0x36, 0x35, 0x26, 0x15, 0x14, 0x16, 0x15,
	0x14, 0x07, 0x26, 0x35, 0x34, 0x37, 0x2E, 0x01, 0x23, 0x14, 0x07, 0x26,
	0x37, 0x26, 0x31, 0x06, 0x07, 0x26, 0x35, 0x34, 0x31, 0x26, 0x07, 0x06,
	0x07, 0x34, 0x27, 0x26, 0x06, 0x07, 0x26, 0x35, 0x34, 0x31, 0x23, 0x14,
	0x07, 0x26, 0x35, 0x34, 0x31, 0x22, 0x07, 0x06, 0x07, 0x34, 0x27, 0x23,
	0x14, 0x07, 0x26, 0x35, 0x34, 0x15, 0x23, 0x16, 0x07, 0x30, 0x27, 0x26,
	0x37, 0x30, 0x07, 0x17, 0x14, 0x07, 0x26, 0x37, 0x36, 0x31, 0x26, 0x07,
	0x30, 0x15, 0x14, 0x07, 0x27, 0x30, 0x37, 0x0E, 0x01, 0x07, 0x26, 0x35,
	0x06, 0x15, 0x14, 0x17, 0x26, 0x37, 0x16, 0x06, 0x17, 0x26, 0x37, 0x16,
	0x06, 0x17, 0x34, 0x37, 0x17, 0x07, 0x34, 0x07, 0x06, 0x17, 0x34, 0x37,
	0x16, 0x06, 0x17, 0x26, 0x37, 0x16, 0x06, 0x17, 0x14, 0x37, 0x16, 0x14,
	0x17, 0x36, 0x37, 0x16, 0x07, 0x06, 0x07, 0x30, 0x17, 0x37, 0x16, 0x15,
	0x14, 0x15, 0x16, 0x17, 0x37, 0x16, 0x15, 0x14, 0x31, 0x36, 0x17, 0x30,
	0x35, 0x34, 0x37, 0x16, 0x17, 0x33, 0x26, 0x37, 0x30, 0x17, 0x33, 0x34,
	0x37, 0x16, 0x07, 0x14, 0x31, 0x16, 0x37, 0x36, 0x27, 0x34, 0x37, 0x16,
	0x14, 0x17, 0x36, 0x26, 0x37, 0x33, 0x16, 0x07, 0x16, 0x33, 0x32, 0x35,
	0x34, 0x35, 0x36, 0x37, 0x17, 0x36, 0x35, 0x34, 0x35, 0x26, 0x35, 0x34,
	0x37, 0x30, 0x17, 0x06, 0x17, 0x36, 0x34, 0x37, 0x32, 0x17, 0x36, 0x37,
	0x36, 0x33, 0x03, 0x10, 0x46, 0x06, 0x13, 0x05, 0x0F, 0x42, 0x0F, 0x09,
	0x0E, 0x15, 0x2E, 0x33, 0x23, 0x03, 0x04, 0x04, 0x04, 0x02, 0x32, 0x02,
	0x74, 0x01, 0x0B, 0x07, 0x05, 0x09, 0x1B, 0x22, 0x11, 0x0E, 0x05, 0x0C,
	0x04, 0x11, 0x55, 0x13, 0x09, 0x11, 0x02, 0x03, 0x03, 0x02, 0x05, 0x04,
	0x03, 0x02, 0x08, 0x29, 0x08, 0x0D, 0x1D, 0x10, 0x02, 0x36, 0x37, 0x05,
	0x01, 0x0F, 0x01, 0x02, 0x03, 0x04, 0x04, 0x1D, 0x3B, 0x26, 0x48, 0x02,
	0x32, 0x64, 0x16, 0x14, 0x1F, 0x3B, 0x49, 0x14, 0x31, 0x2A, 0x05, 0x0F,
	0x22, 0x09, 0x14, 0x33, 0x63, 0x0C, 0x0A, 0x01, 0x0C, 0x10, 0x25, 0x20,
	0x15, 0x07, 0x0E, 0x16, 0x29, 0x23, 0x3E, 0x0D, 0x14, 0x4E, 0x34, 0x04,
	0x1A, 0x0C, 0x1C, 0x02, 0x04, 0x05, 0x01, 0x02, 0x05, 0x06, 0x04, 0x08,
	0x10, 0x04, 0x07, 0x14, 0x2A, 0x2F, 0x01, 0x0D, 0x17, 0x15, 0x10, 0x05,
	0x08, 0x0B, 0x0F, 0x1C, 0x20, 0x0C, 0x1C, 0x3C, 0x01, 0x04, 0x01, 0x07,
	0x16, 0x18, 0x07, 0x08, 0x08, 0x0F, 0x0A, 0x03, 0x04, 0x05, 0x01, 0x73,
	0x4E, 0x08, 0x01, 0x14, 0x0C, 0x08, 0x10, 0x1A, 0x16, 0x17, 0x1B, 0x36,
	0x05, 0x03, 0x03, 0x05, 0x02, 0x04, 0x04, 0x01, 0x03, 0x06, 0x01, 0x01,
	0x06, 0x05, 0x0A, 0x02, 0x01, 0x01, 0x07, 0x02, 0x03, 0x02, 0x01, 0x04,
	0x02, 0x02, 0x02, 0x03, 0x04, 0x04, 0x02, 0x06, 0x02, 0x04, 0x04, 0x06,
	0x08, 0x01, 0x03, 0x06, 0x01, 0x05, 0x08, 0x0B, 0x01, 0x06, 0x04, 0x02,
	0x01, 0x01, 0x04, 0x03, 0x07, 0x03, 0x03, 0x05, 0x01, 0x02, 0x01, 0x06,
	0x01, 0x02, 0x03, 0x05, 0x04, 0x07, 0x02, 0x03, 0x05, 0x03, 0x05, 0x02,
	0x05, 0x01, 0x05, 0x01, 0x05, 0x08, 0x04, 0x06, 0x04, 0x05, 0x04, 0x1F,
	0x36, 0x46, 0x10, 0x01, 0x02, 0x01, 0x01, 0x0A, 0x01, 0x03, 0x03, 0x04,
	0x02, 0x01, 0x0B, 0x05, 0x02, 0x02, 0x02, 0x07, 0x02, 0x01, 0x05, 0x08,
	0x01, 0x02, 0x03, 0x04, 0x02, 0x01, 0x0C, 0x02, 0x03, 0x04, 0x02, 0x06,
	0x05, 0x03, 0x07, 0x01, 0x0C, 0x01, 0x02, 0x04, 0x04, 0x02, 0x01, 0x0B,
	0x01, 0x07, 0x01, 0x06, 0x07, 0x02, 0x09, 0x02, 0x05, 0x02, 0x05, 0x05,
	0x02, 0x08, 0x0C, 0x27, 0x2C, 0x03, 0x0A, 0x01, 0x03, 0x02, 0x07, 0x02,
	0x02, 0x01, 0x01, 0x08, 0x01, 0x02, 0x03, 0x01, 0x08, 0x02, 0x02, 0x02,
	0x0A, 0x01, 0x06, 0x03, 0x03, 0x04, 0x03, 0x01, 0x09, 0x01, 0x03, 0x02,
	0x0B, 0x03, 0x0C, 0x02, 0x02, 0x01, 0x07, 0x04, 0x02, 0x04, 0x02, 0x06,
	0x01, 0x01, 0x03, 0x02, 0x08, 0x02, 0x02, 0x0C, 0x02, 0x04, 0x07, 0x04,
	0x05, 0x0A, 0x01, 0x02, 0x0D, 0x02, 0x09, 0x01, 0x01, 0x04, 0x01, 0x06,
	0x05, 0x02, 0x07, 0x02, 0x02, 0x06, 0x04, 0x02, 0x02, 0x06, 0x01, 0x03,
	0x06, 0x05, 0x02, 0x01, 0x07, 0x01, 0x02, 0x06, 0x06, 0x01, 0x06, 0x01,
	0x04, 0x06, 0x03, 0x08, 0x01, 0x06, 0x04, 0x08, 0x02, 0x03, 0x02, 0x02,
	0x08, 0x02, 0x06, 0x03, 0x02, 0x02, 0x02, 0x0D, 0x08, 0x02, 0x03, 0x06,
	0x01, 0x03, 0x02, 0x02, 0x05, 0x03, 0x03, 0x03, 0x03, 0x01, 0x04, 0x05,
	0x04, 0x04, 0x03, 0x03, 0x04, 0x02, 0x02, 0x02, 0x06, 0x01, 0x01, 0x02,
	0x02, 0x02, 0x01, 0x07, 0x02, 0x04, 0x03, 0x04, 0x0A, 0x01, 0x02, 0x01,
	0x01, 0x08, 0x05, 0x03, 0x01, 0x04, 0x07, 0x03, 0x01, 0x03, 0x02, 0x03,
	0x05, 0x06, 0x02, 0x05, 0x0E, 0x03, 0x02, 0x01, 0x03, 0x02, 0x18, 0x0C,
	0x16, 0x0C, 0x21, 0x23, 0x0B, 0x10, 0x01, 0x05, 0x04, 0x01, 0x06, 0x01,
	0x02, 0x03, 0x08, 0x03, 0x05, 0x02, 0x02, 0x01, 0x0B, 0x01, 0x03, 0x03,
	0x02, 0x03, 0x04, 0x03, 0x02, 0x02, 0x02, 0x02, 0x03, 0x01, 0x10, 0x06,
	0x07, 0x04, 0x07, 0x05, 0x02, 0x04, 0x01, 0x03, 0x01, 0x05, 0x01, 0x06,
	0x01, 0x03, 0x02, 0x01, 0x0B, 0x04, 0x01, 0x04, 0x04, 0x01, 0x01, 0x06,
	0x06, 0x03, 0x01, 0x15, 0x0A, 0x13, 0x86, 0x05, 0x07, 0x07, 0x02, 0x04,
	0x04, 0x02, 0x05, 0x04, 0x03, 0x04, 0x01, 0x02, 0x05, 0x01, 0x07, 0x05,
	0x02, 0x08, 0x01, 0x09, 0x01, 0x04, 0x04, 0x02, 0x02, 0x02, 0x02, 0x04,
	0x01, 0x05, 0x03, 0x02, 0x02, 0x0A, 0x02, 0x01, 0x03, 0x01, 0x02, 0x09,
	0x04, 0x09, 0x04, 0x02, 0x01, 0x07, 0x0E, 0x0B, 0x01, 0x02, 0x01, 0x06,
	0x01, 0x01, 0x01, 0x01, 0x04, 0x03, 0x04, 0x04, 0x01, 0x06, 0x05, 0x03,
	0x05, 0x07, 0x03, 0x03, 0x01, 0x0A, 0x04, 0x04, 0x03, 0x02, 0x04, 0x01,
	0x01, 0x06, 0x02, 0x03, 0x0C, 0x01, 0x26, 0x29, 0x35, 0x2D, 0x2D, 0x03,
	0x01, 0x06, 0x0A, 0x03, 0x08, 0x05, 0x06, 0x01, 0x04, 0x08, 0x05, 0x09,
	0x02, 0x08, 0x08, 0x06, 0x01, 0x0A, 0x02, 0x04, 0x09, 0x03, 0x08, 0x05,
	0x01, 0x04, 0x01, 0x02, 0x02, 0x03, 0x04, 0x05, 0x04, 0x03, 0x03, 0x07,
	0x06, 0x01, 0x04, 0x01, 0x03, 0x06, 0x05, 0x03, 0x03, 0x02, 0x03, 0x03,
	0x07, 0x07, 0x05, 0x02, 0x03, 0x03, 0x01, 0x04, 0x03, 0x01, 0x02, 0x05,
	0x02, 0x04, 0x05, 0x17, 0x0A, 0x18, 0x6D, 0x14, 0x18, 0x02, 0x02, 0x11,
	0x01, 0x06, 0x0C, 0x02, 0x05, 0x08, 0x03, 0x08, 0x04, 0x05, 0x07, 0x01,
	0x0B, 0x07, 0x05, 0x04, 0x02, 0x06, 0x01, 0x0C, 0x01, 0x02, 0x03, 0x05,
	0x02, 0x04, 0x08, 0x04, 0x02, 0x04, 0x02, 0x02, 0x08, 0x04, 0x0B, 0x0B,
	0x01, 0x04, 0x07, 0x01, 0x03, 0x03, 0x01, 0x02, 0x03, 0x03, 0x05, 0x01,
	0x01, 0x04, 0x01, 0x01, 0x07, 0x02, 0x05, 0x07, 0x02, 0x06, 0x07, 0x02,
	0x01, 0x01, 0x02, 0x64, 0x08, 0x09, 0x0D, 0x02, 0x08, 0x03, 0x04, 0x01,
	0x03, 0x06, 0x0A, 0x03, 0x0F, 0x01, 0x02, 0x0F, 0x03, 0x04, 0x06, 0x05,
	0x02, 0x06, 0x02, 0x03, 0x05, 0x03, 0x02, 0x02, 0x03, 0x08, 0x03, 0x08,
	0x05, 0x0A, 0x03, 0x05, 0x01, 0x04, 0x01, 0x08, 0x02, 0x02, 0x01, 0x04,
	0x07, 0x08, 0x0A, 0x03, 0x01, 0x0A, 0x01, 0x02, 0x0C, 0x06, 0x03, 0x07,
	0x05, 0x06, 0x02, 0x03, 0x04, 0x08, 0x02, 0x0D, 0x03, 0x07, 0x05, 0x08,
	0x05, 0x0A, 0x02, 0x02, 0x01, 0x09, 0x04, 0x02, 0x02, 0x02, 0x08, 0x02,
	0x02, 0x01, 0x08, 0x02, 0x02, 0x02, 0x08, 0x02, 0x02, 0x01, 0x03, 0x05,
	0x03, 0x03, 0x03, 0x0B, 0x03, 0x01, 0x08, 0x01, 0x04, 0x06, 0x0A, 0x01,
	0x08, 0x02, 0x01, 0x02, 0x02, 0x06, 0x02, 0x02, 0x03, 0x04, 0x05, 0x0E,
	0x01, 0x03, 0x05, 0x06, 0x09, 0x05, 0x08, 0x05, 0x04, 0x03, 0x04, 0x0E,
	0x07, 0x02, 0x01, 0x06, 0x0E, 0x04, 0x03, 0x05, 0x02, 0x09, 0x02, 0x03,
	0x02, 0x02, 0x03, 0x05, 0x05, 0x0D, 0x0C, 0x4A, 0x0C, 0x04, 0x05, 0x04,
	0x02, 0x04, 0x01, 0x03, 0x02, 0x05, 0x09, 0x04, 0x03, 0x04, 0x02, 0x03,
	0x05, 0x08, 0x02, 0x02, 0x02, 0x0C, 0x06, 0x03, 0x02, 0x02, 0x02, 0x05,
	0x04, 0x04, 0x04, 0x02, 0x02, 0x02, 0x05, 0x02, 0x02, 0x01, 0x01, 0x06,
	0x03, 0x04, 0x03, 0x02, 0x03, 0x04, 0x07, 0x02, 0x06, 0x01, 0x01, 0x04,
	0x0D, 0x02, 0x01, 0x02, 0x01, 0x02, 0x02, 0x03, 0x04, 0x03, 0x03, 0x02,
	0x01, 0x0D, 0x02, 0x03, 0x05, 0x03, 0x02, 0x03, 0x04, 0x04, 0x09, 0x6A,
	0x17, 0x07, 0x11, 0x09, 0x02, 0x08, 0x01, 0x06, 0x03, 0x06, 0x01, 0x01,
	0x02, 0x05, 0x01, 0x01, 0x04, 0x04, 0x02, 0x01, 0x02, 0x05, 0x01, 0x04,
	0x08, 0x01, 0x02, 0x03, 0x04, 0x01, 0x04, 0x06, 0x03, 0x04, 0x03, 0x06,
	0x09, 0x01, 0x01, 0x02, 0x04, 0x06, 0x02, 0x05, 0x02, 0x02, 0x01, 0x07,
	0x03, 0x05, 0x03, 0x04, 0x01, 0x02, 0x03, 0x03, 0x01, 0x04, 0x03, 0x02,
	0x02, 0x05, 0x05, 0x03, 0x0B, 0x01, 0xFE, 0xF9, 0x18, 0x48, 0x1D, 0x1B,
	0x02, 0x2B, 0x08, 0x04, 0x06, 0x03, 0x06, 0x1A, 0x01, 0x05, 0x0B, 0x31,
	0x23, 0x0C, 0x0C, 0x05, 0x20, 0x05, 0x22, 0x0A, 0x05, 0x0E, 0x02, 0x02,
	0x02, 0x02, 0x03, 0x03, 0x02, 0x03, 0x04, 0x01, 0x02, 0x03, 0x01, 0x06,
	0x03, 0x05, 0x01, 0x06, 0x02, 0x05, 0x02, 0x02, 0x01, 0x02, 0x04, 0x03,
	0x03, 0x01, 0x06, 0x01, 0x03, 0x03, 0x07, 0x02, 0x02, 0x02, 0x01, 0x05,
	0x03, 0x01, 0x03, 0x06, 0x04, 0x03, 0x07, 0x02, 0x03, 0x01, 0x02, 0x06,
	0x03, 0x04, 0x05, 0x01, 0x05, 0x03, 0x02, 0x03, 0x0A, 0x02, 0x05, 0x04,
	0x01, 0x03, 0x06, 0x01, 0x03, 0x05, 0x02, 0x04, 0x03, 0x04, 0x02, 0x14,
	0x02, 0x01, 0x04, 0x05, 0x04, 0x03, 0x02, 0x06, 0x03, 0x04, 0x03, 0x08,
	0x02, 0x02, 0x03, 0x02, 0x08, 0x04, 0x03, 0x01, 0x06, 0x02, 0x05, 0x02,
	0x01, 0x07, 0x03, 0x04, 0x01, 0x01, 0x07, 0x03, 0x01, 0x02, 0x01, 0x0B,
	0x02, 0x03, 0x01, 0x06, 0x01, 0x04, 0x03, 0x06, 0x05, 0x01, 0x01, 0x06,
	0x01, 0x05, 0x01, 0x08, 0x02, 0x04, 0x01, 0x07, 0x01, 0x01, 0x01, 0x04,
	0x03, 0x02, 0x07, 0x01, 0x02, 0x01, 0x03, 0x01, 0x03, 0x03, 0x04, 0x01,
	0x02, 0x05, 0x06, 0x01, 0x03, 0x02, 0x01, 0x02, 0x07, 0x03, 0x01, 0x02,
	0x05, 0x01, 0x02, 0x01, 0x01, 0xE6, 0x26, 0x03, 0x01, 0x0B, 0x0A, 0x15,
	0x08, 0x0C, 0x0B, 0x07, 0x25, 0x21, 0x23, 0x05, 0x03, 0x02, 0x01, 0x01,
	0x01, 0x03, 0x02, 0x12, 0x05, 0x03, 0x03, 0x1D, 0x2A, 0x34, 0x21, 0x1F,
	0x01, 0x0D, 0x01, 0x0D, 0x23, 0x12, 0x05, 0x0A, 0x14, 0x20, 0x28, 0x0C,
	0x10, 0x0E, 0x34, 0x0A, 0x02, 0x0E, 0x2C, 0x0C, 0x18, 0x2E, 0x1F, 0x01,
	0x56, 0x65, 0x11, 0x46, 0x13, 0x0B, 0x0A, 0x07, 0x2C, 0x22, 0x0E, 0x1E,
	0x12, 0x2E, 0x41, 0x80, 0x01, 0x06, 0x0E, 0x03, 0x04, 0x04, 0x07, 0x26,
	0x26, 0x10, 0x17, 0x0A, 0x14, 0x13, 0x2C, 0x01, 0x09, 0x04, 0x09, 0x08,
	0x03, 0x01, 0x06, 0x02, 0x05, 0x29, 0x56, 0x0C, 0x1B, 0x28, 0x0E, 0x02,
	0x09, 0x09, 0x0C, 0x12, 0x15, 0x1B, 0x2D, 0x35, 0x12, 0x14, 0x10, 0x02,
	0x0B, 0x17, 0x05, 0x0A, 0x1F, 0x3E, 0x33, 0x01, 0x0C, 0x22, 0x1F, 0x0D,
	0x02, 0x44, 0x65, 0x0A, 0x0B, 0x0C, 0x06, 0x11, 0x1E, 0x01, 0x07, 0x01,
	0x17, 0x23, 0x28, 0x10, 0x08, 0x13, 0x11, 0x19, 0x03, 0x02, 0x03, 0x03,
	0x14, 0x01, 0x03, 0x02, 0x02, 0x06, 0x02, 0x01, 0x01, 0x02, 0x02, 0x03,
	0x04, 0x05, 0x07, 0x03, 0x03, 0x05, 0x02, 0x02, 0x02, 0x07, 0x02, 0x02,
	0x01, 0x06, 0x03, 0x0C, 0x01, 0x07, 0x01, 0x04, 0x07, 0x02, 0x01, 0x07,
	0x01, 0x02, 0x04, 0x01, 0x08, 0x01, 0x05, 0x07, 0x02, 0x03, 0x03, 0x06,
	0x02, 0x02, 0x06, 0x02, 0x02, 0x01, 0x04, 0x06, 0x08, 0x01, 0x07, 0x04,
	0x03, 0x03, 0x06, 0x01, 0x09, 0x03, 0x02, 0x03, 0x01, 0x03, 0x02, 0x03,
	0x01, 0x03, 0x04, 0x03, 0x04, 0x02, 0x02, 0x01, 0x07, 0x01, 0x03, 0x02,
	0x02, 0x06, 0x07, 0x01, 0x03, 0x02, 0x03, 0x03, 0x04, 0x03, 0x05, 0x03,
	0x01, 0x06, 0x14, 0x19, 0x21, 0x09, 0x01, 0x04, 0x02, 0x03, 0x09, 0x02,
	0x03, 0x03, 0x05, 0x07, 0x08, 0x03, 0x04, 0x09, 0x07, 0x04, 0x04, 0x03,
	0x03, 0x02, 0x03, 0x01, 0x02, 0x03, 0x03, 0x05, 0x03, 0x02, 0x02, 0x02,
	0x07, 0x0A, 0x03, 0x06, 0x02, 0x02, 0x04, 0x09, 0x02, 0x02, 0x02, 0x02,
	0x05, 0x0C, 0x03, 0x05, 0x06, 0x05, 0x06, 0x03, 0x01, 0x05, 0x0A, 0x03,
	0x03, 0x06, 0x09, 0x04, 0x08, 0x02, 0x08, 0x12, 0x32, 0x30, 0x08, 0x0D,
	0x06, 0x04, 0x01, 0x03, 0x03, 0x03, 0x06, 0x03, 0x02, 0x06, 0x03, 0x07,
	0x02, 0x02, 0x02, 0x03, 0x01, 0x07, 0x05, 0x05, 0x07, 0x02, 0x0B, 0x05,
	0x04, 0x02, 0x04, 0x04, 0x03, 0x01, 0x05, 0x06, 0x04, 0x08, 0x04, 0x08,
	0x08, 0x01, 0x03, 0x06, 0x02, 0x06, 0x06, 0x01, 0x02, 0x01, 0x05, 0x02,
	0x06, 0x01, 0x02, 0x01, 0x01, 0x08, 0x03, 0x01, 0x03, 0x02, 0x03, 0x03,
	0x03, 0x07, 0x02, 0x01, 0x03, 0x02, 0x03, 0x03, 0x04, 0x01, 0x03, 0x01,
	0x01, 0x05, 0x0A, 0x42, 0x83, 0x02, 0x05, 0x0A, 0x02, 0x01, 0x01, 0x04,
	0x02, 0x03, 0x05, 0x04, 0x07, 0x03, 0x03, 0x04, 0x03, 0x08, 0x0A, 0x02,
	0x01, 0x0C, 0x02, 0x0B, 0x01, 0x03, 0x04, 0x05, 0x01, 0x03, 0x02, 0x03,
	0x03, 0x02, 0x03, 0x03, 0x02, 0x02, 0x08, 0x01, 0x01, 0x09, 0x03, 0x01,
	0x09, 0x03, 0x02, 0x04, 0x01, 0x03, 0x05, 0x01, 0x02, 0x03, 0x07, 0x05,
	0x08, 0x03, 0x01, 0x04, 0x03, 0x06, 0x01, 0x02, 0x02, 0x06, 0x04, 0x03,
	0x04, 0x02, 0x06, 0x05, 0x05, 0x02, 0x02, 0x03, 0x01, 0x0C, 0x0D, 0x1C,
	0x17, 0x25, 0x28, 0x14, 0x01, 0x01, 0x02, 0x03, 0x07, 0x01, 0x0E, 0x02,
	0x0D, 0x06, 0x09, 0x02, 0x05, 0x06, 0x02, 0x0B, 0x03, 0x06, 0x01, 0x02,
	0x02, 0x0D, 0x01, 0x02, 0x08, 0x02, 0x0B, 0x03, 0x05, 0x0B, 0x01, 0x0A,
	0x06, 0x01, 0x0A, 0x01, 0x02, 0x02, 0x06, 0x03, 0x01, 0x03, 0x04, 0x02,
	0x04, 0x03, 0x08, 0x01, 0x04, 0x07, 0x01, 0x01, 0x0B, 0x01, 0x03, 0x05,
	0x02, 0x04, 0x0C, 0x32, 0x05, 0x07, 0x0A, 0x03, 0x01, 0x0A, 0x01, 0x02,
	0x02, 0x01, 0x07, 0x04, 0x04, 0x02, 0x07, 0x02, 0x04, 0x01, 0x09, 0x02,
	0x02, 0x02, 0x0A, 0x03, 0x06, 0x02, 0x06, 0x01, 0x01, 0x01, 0x0B, 0x01,
	0x02, 0x02, 0x01, 0x05, 0x04, 0x02, 0x06, 0x02, 0x01, 0x01, 0x07, 0x04,
	0x03, 0x0A, 0x05, 0x07, 0x02, 0x04, 0x04, 0x06, 0x04, 0x07, 0x04, 0x0C,
	0x01, 0x06, 0x01, 0x01, 0x08, 0x05, 0x03, 0x03, 0x05, 0x06, 0x05, 0x05,
	0x05, 0x05, 0x03, 0x0A, 0x0C, 0x09, 0x08, 0x03, 0x03, 0x04, 0x01, 0x04,
	0x07, 0x02, 0x01, 0x05, 0x04, 0x04, 0x05, 0x02, 0x0A, 0x0A, 0x0A, 0x04,
	0x03, 0x06, 0x0A, 0x04, 0x07, 0x01, 0x02, 0x02, 0x08, 0x03, 0x01, 0x01,
	0x04, 0x04, 0x02, 0x03, 0x02, 0x0A, 0x03, 0x09, 0x01, 0x04, 0x02, 0x0A,
	0x03, 0x02, 0x01, 0x0A, 0x02, 0x05, 0x0A, 0x03, 0x06, 0x04, 0x03, 0x04,
	0x03, 0x05, 0x01, 0x07, 0x02, 0x06, 0x01, 0x05, 0x03, 0x02, 0x06, 0x06,
	0x06, 0x03, 0x02, 0x04, 0x06, 0x04, 0x04, 0x03, 0x02, 0x03, 0x03, 0x05,
	0x02, 0x0F, 0x03, 0x03, 0x04, 0x02, 0x03, 0x05, 0x04, 0x03, 0x04, 0x01,
	0x02, 0x06, 0x09, 0x01, 0x05, 0x1D, 0x09, 0x0C, 0x3B, 0x06, 0x0F, 0x01,
	0x04, 0x04, 0x02, 0x03, 0x01, 0x05, 0x01, 0x01, 0x06, 0x02, 0x01, 0x06,
	0x01, 0x01, 0x04, 0x08, 0x01, 0x04, 0x01, 0x02, 0x08, 0x01, 0x06, 0x03,
	0x01, 0x02, 0x02, 0x04, 0x05, 0x03, 0x02, 0x01, 0x03, 0x0A, 0x01, 0x04,
	0x04, 0x02, 0x02, 0x05, 0x05, 0x03, 0x03, 0x05, 0x09, 0x04, 0x02, 0x04,
	0x07, 0x01, 0x01, 0x05, 0x02, 0x07, 0x04, 0x01, 0x03, 0x01, 0x01, 0x05,
	0x08, 0x03, 0x05, 0x07, 0x03, 0x11, 0x08, 0x02, 0x05, 0xAE, 0x0A, 0x0A,
	0x01, 0x04, 0x01, 0x03, 0x06, 0x04, 0x02, 0x02, 0x05, 0x02, 0x02, 0x07,
	0x02, 0x04, 0x06, 0x04, 0x01, 0x03, 0x03, 0x01, 0x02, 0x04, 0x09, 0x04,
	0x03, 0x07, 0x02, 0x03, 0x03, 0x02, 0x04, 0x07, 0x03, 0x01, 0x01, 0x07,
	0x0A, 0x06, 0x01, 0x04, 0x04, 0x02, 0x06, 0x02, 0x02, 0x05, 0x06, 0x01,
	0x04, 0x01, 0x02, 0x05, 0x05, 0x06, 0x01, 0x02, 0x05, 0x06, 0x02, 0x03,
	0x0F, 0x17, 0x18, 0x18, 0x16, 0x1E, 0x39, 0x03, 0x02, 0x04, 0x01, 0x08,
	0x02, 0x05, 0x01, 0x02, 0x08, 0x03, 0x06, 0x01, 0x02, 0x05, 0x03, 0x05,
	0x08, 0x01, 0x01, 0x02, 0x07, 0x03, 0x02, 0x09, 0x01, 0x02, 0x02, 0x07,
	0x08, 0x08, 0x02, 0x08, 0x05, 0x02, 0x06, 0x03, 0x03, 0x05, 0x09, 0x0E,
	0x02, 0x03, 0x07, 0x07, 0x09, 0x03, 0x07, 0x06, 0x04, 0x01, 0x02, 0x07,
	0x02, 0x09, 0x1F, 0x73, 0x21, 0x03, 0x01, 0x0C, 0x01, 0x02, 0x04, 0x07,
	0x01, 0x02, 0x0D, 0x03, 0x05, 0x04, 0x03, 0x01, 0x03, 0x03, 0x09, 0x02,
	0x04, 0x04, 0x02, 0x03, 0x07, 0x04, 0x02, 0x03, 0x06, 0x02, 0x04, 0x06,
	0x04, 0x07, 0x02, 0x08, 0x01, 0x02, 0x05, 0x04, 0x03, 0x04, 0x04, 0x02,
	0x08, 0x02, 0x05, 0x07, 0x05, 0x08, 0x02, 0x0A, 0x02, 0x03, 0x03, 0x02,
	0x02, 0x0B, 0x01, 0x02, 0x03, 0x04, 0x01, 0x01, 0x07, 0x08, 0x01, 0x07,
	0x01, 0x05, 0x01, 0x03, 0x09, 0x53, 0x0C, 0x05, 0x0A, 0x0E, 0x03, 0x0A,
	0x03, 0x08, 0x01, 0x04, 0x01, 0x07, 0x05, 0x02, 0x0C, 0x01, 0x02, 0x01,
	0x05, 0x04, 0x06, 0x03, 0x06, 0x0C, 0x04, 0x01, 0x08, 0x07, 0x03, 0x02,
	0x06, 0x0B, 0x01, 0x03, 0x0C, 0x03, 0x0B, 0x02, 0x07, 0x0B, 0x02, 0x05,
	0x08, 0x03, 0x02, 0x05, 0x02, 0x03, 0x01, 0x01, 0x07, 0x02, 0x0D, 0x02,
	0x08, 0x01, 0x02, 0x09, 0x01, 0x01, 0x06, 0x0B, 0x02, 0x01, 0x08, 0x03,
	0x0A, 0x7C, 0x29, 0x08, 0x14, 0x02, 0x26, 0x09, 0x12, 0x16, 0x07, 0x33,
	0x16, 0x02, 0x04, 0x09, 0x19, 0x03, 0x05, 0x0E, 0x08, 0x3A, 0x2B, 0x1B,
	0x04, 0x10, 0x13, 0x22, 0x18, 0x02, 0x02, 0x08, 0x01, 0x03, 0x03, 0x0E,
	0x03, 0x0A, 0x01, 0x0F, 0x02, 0x03, 0x07, 0x08, 0x0C, 0x04, 0x0B, 0x05,
	0x04, 0x0B, 0x02, 0x04, 0x01, 0x07, 0x02, 0x05, 0x01, 0x04, 0x02, 0x03,
	0x04, 0x01, 0x0C, 0x01, 0x14, 0x01, 0x14, 0x05, 0x07, 0x0B, 0x02, 0x07,
	0x0A, 0x03, 0x08, 0x0B, 0x02, 0x06, 0x0C, 0x01, 0x10, 0x01, 0x01, 0x06,
	0x09, 0x07, 0x0C, 0x01, 0x06, 0x0B, 0x07, 0x0A, 0x01, 0x03, 0x08, 0x06,
	0x0C, 0x01, 0x06, 0x0A, 0x01, 0x08, 0x0D, 0x06, 0x03, 0x03, 0x02, 0x02,
	0x07, 0x09, 0x02, 0x04, 0x07, 0x01, 0x05, 0x09, 0x06, 0x02, 0x05, 0x08,
	0x01, 0x10, 0x01, 0x01, 0x04, 0x25, 0x14, 0x08, 0x07, 0x06, 0x02, 0x03,
	0x12, 0x01, 0x0C, 0x09, 0x07, 0x1B, 0x07, 0x08, 0x0C, 0x02, 0x02, 0x01,
	0x12, 0x0A, 0x04, 0x0B, 0x07, 0x03, 0x16, 0x04, 0x08, 0x0C, 0x03, 0x17,
	0x02, 0x01, 0x13, 0x04, 0x13, 0x03, 0x06, 0x0A, 0x04, 0x05, 0x04, 0x05,
	0x0A, 0x17, 0x02, 0x08, 0x0B, 0x01, 0x05, 0x02, 0x17, 0x03, 0x08, 0x0E,
	0x01, 0x02, 0x0C, 0x07, 0x02, 0x08, 0x0F, 0x07, 0x0C, 0x13, 0x07, 0x0C,
	0x01, 0x07, 0x0B, 0x02, 0x05, 0x01, 0x09, 0x06, 0x02, 0x02, 0x0E, 0x02,
	0x01, 0x17, 0x02, 0x0F, 0x03, 0x01, 0x08, 0x06, 0x05, 0x04, 0x01, 0x13,
	0x02, 0x06, 0x02, 0x04, 0x05, 0x02, 0x05, 0x03, 0x0C, 0x02, 0x06, 0x02,
	0x16, 0x02, 0x0B, 0x04, 0x09, 0x0F, 0x00, 0x1C, 0x00, 0x00, 0x00, 0x00,
	0x01, 0xD1, 0x03, 0x20, 0x00, 0x2C, 0x00, 0x43, 0x00, 0x59, 0x00, 0x5F,
	0x00, 0x73, 0x00, 0x8A, 0x00, 0x90, 0x00, 0x98, 0x00, 0x9F, 0x00, 0xA7,
	0x00, 0xAC, 0x00, 0xBF, 0x00, 0xC4, 0x00, 0xD0, 0x00, 0xE4, 0x00, 0xFB,
	0x01, 0x16, 0x01, 0x27, 0x01, 0x39, 0x01, 0xA2, 0x01, 0xA8, 0x01, 0xBE,
	0x01, 0xC2, 0x01, 0xD5, 0x01, 0xDA, 0x01, 0xEB, 0x01, 0xF2, 0x01, 0xF9,
	0x00, 0x00, 0x25, 0x05, 0x06, 0x14, 0x07, 0x34, 0x37, 0x30, 0x27, 0x06,
	0x31, 0x23, 0x36, 0x35, 0x30, 0x27, 0x06, 0x07, 0x36, 0x27, 0x26, 0x07,
	0x16, 0x07, 0x35, 0x27, 0x11, 0x33, 0x37, 0x16, 0x3F, 0x01, 0x16, 0x33,
	0x32, 0x23, 0x36, 0x27, 0x14, 0x17, 0x16, 0x36, 0x35, 0x1F, 0x01, 0x07,
	0x26, 0x37, 0x07, 0x06, 0x26, 0x27, 0x15, 0x06, 0x27, 0x26, 0x07, 0x16,
	0x15, 0x14, 0x07, 0x36, 0x37, 0x1E, 0x01, 0x17, 0x34, 0x37, 0x07, 0x26,
	0x37, 0x36, 0x31, 0x06, 0x07, 0x27, 0x16, 0x15, 0x14, 0x07, 0x17, 0x06,
	0x07, 0x37, 0x36, 0x17, 0x16, 0x17, 0x34, 0x2F, 0x02, 0x23, 0x14, 0x15,
	0x30, 0x17, 0x30, 0x26, 0x37, 0x36, 0x15, 0x07, 0x06, 0x26, 0x07, 0x17,
	0x06, 0x07, 0x17, 0x07, 0x36, 0x37, 0x36, 0x17, 0x27, 0x17, 0x23, 0x26,
	0x35, 0x34, 0x37, 0x07, 0x22, 0x27, 0x14, 0x17, 0x16, 0x07, 0x16, 0x31,
	0x37, 0x30, 0x37, 0x36, 0x17, 0x26, 0x27, 0x30, 0x27, 0x26, 0x35, 0x06,
	0x27, 0x15, 0x17, 0x26, 0x2F, 0x02, 0x23, 0x1F, 0x01, 0x2F, 0x01, 0x30,
	0x07, 0x14, 0x17, 0x16, 0x17, 0x2F, 0x01, 0x23, 0x16, 0x1F, 0x01, 0x16,
	0x37, 0x35, 0x22, 0x07, 0x15, 0x17, 0x27, 0x26, 0x37, 0x06, 0x27, 0x16,
	0x07, 0x06, 0x23, 0x16, 0x15, 0x06, 0x35, 0x14, 0x37, 0x36, 0x17, 0x36,
	0x27, 0x22, 0x27, 0x17, 0x16, 0x27, 0x36, 0x27, 0x06, 0x27, 0x26, 0x23,
	0x16, 0x07, 0x27, 0x16, 0x15, 0x17, 0x07, 0x22, 0x27, 0x26, 0x37, 0x07,
	0x27, 0x17, 0x06, 0x22, 0x07, 0x16, 0x07, 0x34, 0x36, 0x37, 0x26, 0x37,
	0x36, 0x27, 0x23, 0x26, 0x37, 0x36, 0x15, 0x30, 0x07, 0x14, 0x23, 0x22,
	0x23, 0x17, 0x16, 0x06, 0x15, 0x16, 0x15, 0x37, 0x16, 0x33, 0x26, 0x27,
	0x01, 0x23, 0x26, 0x35, 0x34, 0x36, 0x27, 0x07, 0x26, 0x31, 0x17, 0x16,
	0x17, 0x16, 0x07, 0x30, 0x27, 0x17, 0x16, 0x06, 0x07, 0x37, 0x36, 0x17,
	0x34, 0x27, 0x36, 0x27, 0x23, 0x26, 0x37, 0x36, 0x27, 0x06, 0x27, 0x17,
	0x06, 0x31, 0x37, 0x16, 0x17, 0x36, 0x27, 0x36, 0x25, 0x22, 0x27, 0x37,
	0x07, 0x22, 0x27, 0x16, 0x17, 0x06, 0x07, 0x1E, 0x01, 0x07, 0x36, 0x17,
	0x27, 0x36, 0x05, 0x23, 0x26, 0x27, 0x26, 0x27, 0x26, 0x35, 0x34, 0x37,
	0x36, 0x37, 0x36, 0x33, 0x32, 0x17, 0x16, 0x37, 0x26, 0x27, 0x26, 0x27,
	0x1E, 0x01, 0x33, 0x06, 0x23, 0x22, 0x27, 0x34, 0x26, 0x27, 0x32, 0x37,
	0x26, 0x23, 0x06, 0x31, 0x17, 0x06, 0x27, 0x36, 0x31, 0x36, 0x27, 0x26,
	0x27, 0x32, 0x35, 0x36, 0x27, 0x26, 0x37, 0x06, 0x07, 0x06, 0x15, 0x14,
	0x17, 0x16, 0x17, 0x15, 0x0F, 0x01, 0x16, 0x37, 0x36, 0x3F, 0x01, 0x23,
	0x06, 0x07, 0x26, 0x36, 0x27, 0x36, 0x17, 0x16, 0x15, 0x14, 0x06, 0x17,
	0x16, 0x17, 0x36, 0x37, 0x16, 0x07, 0x06, 0x15, 0x07, 0x33, 0x3F, 0x01,
	0x26, 0x23, 0x07, 0x26, 0x3F, 0x01, 0x32, 0x17, 0x06, 0x07, 0x36, 0x07,
	0x26, 0x27, 0x07, 0x17, 0x32, 0x17, 0x23, 0x26, 0x37, 0x36, 0x31, 0x0E,
	0x01, 0x23, 0x22, 0x27, 0x16, 0x17, 0x30, 0x07, 0x33, 0x32, 0x07, 0x37,
	0x36, 0x17, 0x26, 0x27, 0x35, 0x27, 0x07, 0x27, 0x26, 0x37, 0x07, 0x27,
	0x14, 0x17, 0x06, 0x27, 0x26, 0x07, 0x17, 0x06, 0x07, 0x37, 0x16, 0x17,
	0x35, 0x34, 0x17, 0x35, 0x26, 0x27, 0x07, 0x2F, 0x01, 0x26, 0x37, 0x23,
	0x26, 0x35, 0x07, 0x06, 0x27, 0x17, 0x16, 0x07, 0x16, 0x31, 0x3E, 0x01,
	0x17, 0x35, 0x26, 0x27, 0x07, 0x1E, 0x01, 0x17, 0x26, 0x27, 0x15, 0x16,
	0x37, 0x34, 0x01, 0xD1, 0xFF, 0x00, 0x04, 0x02, 0x02, 0x0F, 0x04, 0x01,
	0x01, 0x2E, 0x02, 0x05, 0x03, 0x03, 0x04, 0x06, 0x01, 0x03, 0x79, 0x96,
	0x04, 0x09, 0x06, 0x02, 0x08, 0x0D, 0x18, 0x01, 0x04, 0x02, 0x06, 0x05,
	0x06, 0x05, 0xE2, 0x2E, 0x0D, 0x09, 0x01, 0x06, 0x09, 0x04, 0x02, 0x04,
	0x06, 0x02, 0x0A, 0x05, 0x05, 0x07, 0x03, 0x06, 0x03, 0x02, 0x7B, 0x07,
	0x02, 0x03, 0x02, 0x08, 0x05, 0x02, 0x09, 0x07, 0x03, 0x01, 0x02, 0x03,
	0x04, 0x03, 0x04, 0x02, 0x3D, 0x02, 0x29, 0xD2, 0x0E, 0x01, 0x03, 0x0E,
	0x04, 0x07, 0x03, 0x06, 0x05, 0x07, 0x0F, 0x03, 0x01, 0x04, 0x03, 0x11,
	0x03, 0x42, 0x05, 0x02, 0x02, 0x08, 0x03, 0x08, 0x02, 0x06, 0x09, 0x05,
	0x03, 0x05, 0x04, 0x02, 0x01, 0x01, 0xCF, 0x02, 0x0D, 0x1C, 0x54, 0x02,
	0x03, 0x18, 0x09, 0x0A, 0x0C, 0x1D, 0x19, 0x02, 0x2C, 0x01, 0x10, 0x06,
	0x08, 0x26, 0x0A, 0x01, 0x0D, 0x20, 0x05, 0x21, 0x0E, 0x1B, 0xF6, 0x02,
	0x05, 0x05, 0x02, 0x0D, 0x02, 0x01, 0x01, 0x04, 0x04, 0x02, 0x05, 0x03,
	0x04, 0x01, 0xC0, 0x01, 0x27, 0x02, 0x0E, 0x52, 0x03, 0x05, 0x02, 0x02,
	0x04, 0x01, 0x04, 0x05, 0x02, 0x03, 0x1D, 0x01, 0x02, 0x05, 0x02, 0x02,
	0x07, 0x11, 0x0C, 0x01, 0x0B, 0x02, 0x13, 0x02, 0x09, 0x03, 0x03, 0x03,
	0x03, 0x57, 0x08, 0x04, 0x01, 0x01, 0x07, 0x05, 0x06, 0x01, 0x06, 0x01,
	0x08, 0x0C, 0x03, 0x04, 0x08, 0x01, 0x06, 0x01, 0x73, 0x07, 0x05, 0x06,
	0x01, 0x0C, 0x0A, 0x02, 0x01, 0x02, 0x01, 0x04, 0x0C, 0x0F, 0x01, 0x07,
	0x01, 0x07, 0x09, 0x07, 0x02, 0x01, 0x57, 0x0A, 0x03, 0x02, 0x03, 0x02,
	0x10, 0x0B, 0x0C, 0x05, 0x08, 0x04, 0x08, 0x01, 0x02, 0x05, 0xFE, 0xF5,
	0x05, 0x07, 0x02, 0x05, 0x06, 0x0A, 0x07, 0x07, 0x03, 0x07, 0x04, 0x08,
	0x02, 0x04, 0x0A, 0x06, 0x04, 0x01, 0x29, 0x18, 0x35, 0x16, 0x29, 0x18,
	0x0A, 0x07, 0x15, 0x36, 0x0C, 0x12, 0x06, 0x15, 0x11, 0x0A, 0x19, 0x0C,
	0x15, 0x13, 0x01, 0x03, 0x08, 0x05, 0x07, 0x07, 0x05, 0x09, 0x05, 0x06,
	0x06, 0x01, 0x0F, 0x1B, 0x06, 0x1A, 0x0E, 0x13, 0x01, 0x02, 0x05, 0x01,
	0x05, 0x01, 0x01, 0x02, 0x01, 0x1C, 0x19, 0x23, 0x09, 0x18, 0x25, 0x2C,
	0x09, 0x04, 0x07, 0x06, 0x10, 0x27, 0x0D, 0x01, 0x05, 0x02, 0x04, 0x02,
	0x05, 0x09, 0x09, 0x08, 0x01, 0x0C, 0x19, 0x03, 0x04, 0x02, 0x02, 0x03,
	0x2C, 0x0B, 0x17, 0x23, 0x03, 0x08, 0x09, 0x01, 0x06, 0x05, 0x06, 0x08,
	0x01, 0x06, 0x29, 0x44, 0x0E, 0x1D, 0x02, 0x2B, 0x01, 0x3E, 0x07, 0x06,
	0x02, 0x03, 0x05, 0x06, 0x04, 0x03, 0x05, 0x04, 0x03, 0x0C, 0x02, 0x10,
	0x04, 0x09, 0x03, 0x05, 0x08, 0x3E, 0x2B, 0x01, 0x3A, 0x12, 0x0C, 0x0F,
	0x07, 0x02, 0x03, 0x04, 0x05, 0x02, 0x0B, 0x02, 0x07, 0x0E, 0x03, 0x09,
	0x6A, 0x0C, 0x21, 0x02, 0x29, 0x01, 0x01, 0x02, 0x05, 0x03, 0x02, 0x07,
	0x03, 0x05, 0x01, 0x03, 0x05, 0x02, 0x06, 0x51, 0x01, 0x2B, 0x02, 0x0B,
	0x19, 0x02, 0x10, 0x1E, 0x14, 0x18, 0x11, 0x02, 0x01, 0x09, 0x01, 0x03,
	0x07, 0x01, 0x0B, 0x01, 0x09, 0x01, 0x05, 0x0A, 0x05, 0x0A, 0x01, 0x04,
	0x03, 0x05, 0x0A, 0x01, 0x03, 0x0A, 0x05, 0x08, 0x05, 0x02, 0x04, 0x03,
	0x04, 0x04, 0x02, 0x02, 0x04, 0x04, 0x05, 0x02, 0x33, 0x0A, 0x05, 0x01,
	0x03, 0x0D, 0x05, 0x15, 0x04, 0x02, 0x02, 0x01, 0x0F, 0x02, 0x04, 0x03,
	0x01, 0x04, 0x02, 0x0A, 0x02, 0x09, 0x11, 0x32, 0x04, 0x08, 0x0E, 0x06,
	0x09, 0x05, 0x02, 0x02, 0x02, 0x05, 0x05, 0x03, 0x09, 0x02, 0x03, 0x02,
	0x02, 0x02, 0x04, 0x06, 0x52, 0x05, 0x02, 0x05, 0xA7, 0x03, 0x06, 0x0F,
	0x04, 0x0F, 0x02, 0x08, 0x01, 0x0C, 0x01, 0x04, 0x09, 0x11, 0x03, 0x06,
	0x08, 0x08, 0x14, 0x5E, 0x04, 0x05, 0x05, 0x03, 0x0C, 0x04, 0x01, 0x03,
	0x03, 0x0A, 0x09, 0x04, 0x02, 0x02, 0x03, 0x02, 0x05, 0xDB, 0x02, 0x01,
	0x02, 0x01, 0x06, 0xD2, 0x0A, 0x13, 0xCF, 0x33, 0x44, 0xDB, 0x9C, 0x0A,
	0x03, 0x03, 0x06, 0x01, 0x9A, 0x2A, 0xF6, 0x0D, 0x4F, 0xC6, 0x01, 0x69,
	0x05, 0x01, 0x04, 0xD6, 0x02, 0x06, 0x04, 0x02, 0x02, 0x02, 0x05, 0x05,
	0x01, 0x04, 0x07, 0x01, 0x01, 0x04, 0x01, 0x03, 0x05, 0xB0, 0x02, 0x03,
	0x08, 0x53, 0x06, 0x09, 0x03, 0x02, 0x03, 0x02, 0x05, 0x02, 0x04, 0x0A,
	0x46, 0x02, 0x04, 0x0B, 0x02, 0x0D, 0x05, 0x0E, 0x03, 0x02, 0x04, 0x08,
	0x05, 0x05, 0x02, 0x03, 0x04, 0x02, 0x49, 0x04, 0x07, 0x0C, 0x01, 0x0D,
	0x05, 0x06, 0x03, 0x02, 0x01, 0x0A, 0x06, 0x05, 0x01, 0x03, 0x07, 0xFE,
	0x97, 0x03, 0x03, 0x02, 0x0B, 0x03, 0x0B, 0x06, 0x01, 0x04, 0x04, 0x05,
	0x03, 0x02, 0x0A, 0x03, 0x07, 0x02, 0x05, 0x06, 0x08, 0x04, 0x06, 0x0A,
	0x5A, 0x02, 0x08, 0x07, 0x03, 0x14, 0x03, 0x0C, 0x0C, 0x07, 0x01, 0x01,
	0x03, 0x04, 0x02, 0x7C, 0x02, 0x10, 0x0B, 0x02, 0x03, 0x0B, 0x01, 0x04,
	0x02, 0x0A, 0x01, 0x09, 0x01, 0x05, 0x03, 0x99, 0x06, 0x06, 0x0B, 0x19,
	0x0F, 0x14, 0x10, 0x0A, 0x2B, 0x03, 0x08, 0x02, 0x02, 0x01, 0x14, 0x08,
	0x0F, 0x05, 0x06, 0x0E, 0x02, 0x02, 0x06, 0x03, 0x01, 0x05, 0x0D, 0x01,
	0x1D, 0x08, 0x05, 0x03, 0x05, 0x01, 0x02, 0x02, 0x03, 0x02, 0x04, 0x06,
	0x01, 0x03, 0x12, 0x19, 0x38, 0x19, 0x31, 0x34, 0x11, 0x03, 0xCA, 0x38,
	0x01, 0x03, 0x27, 0x4F, 0xAA, 0x0A, 0x13, 0x06, 0x13, 0x04, 0x07, 0x01,
	0x03, 0x07, 0x04, 0x15, 0x05, 0x02, 0x05, 0x01, 0x05, 0x07, 0x0A, 0x0E,
	0x04, 0xDC, 0x7B, 0xA6, 0x01, 0x25, 0x15, 0x12, 0x04, 0x06, 0x0A, 0x1D,
	0x04, 0x26, 0x02, 0x05, 0x07, 0x05, 0x62, 0x04, 0x08, 0x0C, 0x02, 0x13,
	0x03, 0x03, 0x06, 0x07, 0x13, 0x0C, 0x01, 0x02, 0x11, 0x29, 0x06, 0x07,
	0x07, 0x4F, 0x06, 0x12, 0x0E, 0x07, 0x02, 0x06, 0x03, 0x02, 0x03, 0x01,
	0x0F, 0x04, 0x06, 0x03, 0x05, 0x09, 0x17, 0x01, 0x87, 0x07, 0x01, 0x06,
	0x07, 0x1D, 0x02, 0x03, 0x06, 0x01, 0x09, 0x05, 0x07, 0x02, 0x06, 0x02,
	0x04, 0x09, 0x01, 0x0A, 0x53, 0x05, 0x01, 0x06, 0x05, 0x03, 0x05, 0x2B,
	0x02, 0x08, 0x0A, 0x07, 0x02, 0x02, 0x00, 0x15, 0x00, 0x00, 0x00, 0x00,
	0x03, 0x28, 0x03, 0x20, 0x00, 0x1A, 0x00, 0x26, 0x00, 0x34, 0x00, 0x48,
	0x00, 0x58, 0x00, 0x5C, 0x00, 0x85, 0x00, 0x98, 0x00, 0xAD, 0x00, 0xE6,
	0x00, 0xF8, 0x01, 0x0F, 0x01, 0x23, 0x01, 0x3A, 0x01, 0x52, 0x01, 0x5E,
	0x01, 0x63, 0x01, 0x7E, 0x01, 0x8F, 0x01, 0xC4, 0x01, 0xE3, 0x00, 0x00,
	0x00, 0x15, 0x14, 0x07, 0x06, 0x07, 0x06, 0x07, 0x06, 0x07, 0x06, 0x07,
	0x06, 0x27, 0x26, 0x36, 0x37, 0x36, 0x37, 0x36, 0x37, 0x36, 0x37, 0x16,
	0x36, 0x33, 0x32, 0x27, 0x0E, 0x01, 0x07, 0x23, 0x26, 0x37, 0x36, 0x37,
	0x36, 0x37, 0x33, 0x17, 0x06, 0x07, 0x06, 0x07, 0x23, 0x35, 0x16, 0x36,
	0x33, 0x36, 0x37, 0x36, 0x37, 0x01, 0x0E, 0x01, 0x15, 0x06, 0x07, 0x06,
	0x07, 0x06, 0x07, 0x26, 0x36, 0x27, 0x3E, 0x01, 0x37, 0x36, 0x37, 0x36,
	0x37, 0x07, 0x23, 0x36, 0x35, 0x34, 0x26, 0x35, 0x34, 0x37, 0x33, 0x06,
	0x15, 0x14, 0x16, 0x15, 0x14, 0x05, 0x21, 0x35, 0x21, 0x07, 0x22, 0x26,
	0x23, 0x26, 0x27, 0x26, 0x27, 0x2E, 0x01, 0x27, 0x36, 0x27, 0x06, 0x23,
	0x22, 0x26, 0x23, 0x35, 0x1E, 0x01, 0x33, 0x32, 0x37, 0x16, 0x17, 0x16,
	0x17, 0x16, 0x33, 0x16, 0x37, 0x06, 0x17, 0x33, 0x1E, 0x01, 0x17, 0x30,
	0x17, 0x16, 0x01, 0x23, 0x36, 0x26, 0x35, 0x26, 0x27, 0x26, 0x27, 0x33,
	0x16, 0x17, 0x16, 0x17, 0x16, 0x17, 0x16, 0x15, 0x14, 0x07, 0x06, 0x27,
	0x26, 0x27, 0x26, 0x27, 0x26, 0x27, 0x2E, 0x01, 0x27, 0x35, 0x36, 0x17,
	0x16, 0x17, 0x16, 0x17, 0x16, 0x17, 0x01, 0x06, 0x23, 0x22, 0x26, 0x23,
	0x26, 0x27, 0x23, 0x2E, 0x01, 0x27, 0x26, 0x27, 0x36, 0x27, 0x26, 0x2F,
	0x01, 0x34, 0x27, 0x23, 0x36, 0x35, 0x34, 0x26, 0x27, 0x23, 0x35, 0x33,
	0x14, 0x17, 0x33, 0x06, 0x17, 0x33, 0x14, 0x17, 0x36, 0x33, 0x32, 0x16,
	0x33, 0x16, 0x17, 0x14, 0x17, 0x1E, 0x01, 0x17, 0x16, 0x17, 0x1E, 0x01,
	0x17, 0x16, 0x17, 0x03, 0x16, 0x15, 0x14, 0x07, 0x06, 0x23, 0x22, 0x26,
	0x27, 0x26, 0x35, 0x34, 0x36, 0x33, 0x32, 0x17, 0x16, 0x27, 0x06, 0x26,
	0x27, 0x2E, 0x01, 0x23, 0x26, 0x27, 0x26, 0x27, 0x35, 0x16, 0x17, 0x16,
	0x17, 0x16, 0x17, 0x16, 0x17, 0x30, 0x17, 0x16, 0x01, 0x23, 0x26, 0x27,
	0x06, 0x26, 0x27, 0x26, 0x27, 0x34, 0x26, 0x27, 0x32, 0x16, 0x17, 0x15,
	0x16, 0x17, 0x16, 0x17, 0x07, 0x23, 0x2E, 0x01, 0x27, 0x2E, 0x01, 0x27,
	0x30, 0x27, 0x26, 0x35, 0x34, 0x37, 0x33, 0x1E, 0x01, 0x17, 0x16, 0x17,
	0x16, 0x17, 0x16, 0x01, 0x06, 0x26, 0x23, 0x26, 0x27, 0x2E, 0x01, 0x27,
	0x06, 0x26, 0x23, 0x27, 0x35, 0x36, 0x33, 0x32, 0x16, 0x33, 0x16, 0x17,
	0x16, 0x1F, 0x01, 0x07, 0x06, 0x23, 0x22, 0x27, 0x35, 0x16, 0x33, 0x32,
	0x37, 0x36, 0x17, 0x13, 0x23, 0x34, 0x27, 0x33, 0x23, 0x26, 0x07, 0x15,
	0x23, 0x0E, 0x01, 0x07, 0x06, 0x07, 0x36, 0x37, 0x36, 0x35, 0x36, 0x37,
	0x36, 0x37, 0x36, 0x37, 0x30, 0x37, 0x3E, 0x01, 0x33, 0x32, 0x17, 0x27,
	0x06, 0x07, 0x06, 0x07, 0x06, 0x07, 0x23, 0x26, 0x37, 0x36, 0x37, 0x36,
	0x37, 0x36, 0x37, 0x33, 0x17, 0x22, 0x07, 0x15, 0x22, 0x07, 0x15, 0x22,
	0x07, 0x15, 0x22, 0x07, 0x15, 0x22, 0x07, 0x15, 0x22, 0x07, 0x15, 0x0E,
	0x01, 0x07, 0x06, 0x07, 0x06, 0x07, 0x23, 0x3F, 0x01, 0x35, 0x16, 0x37,
	0x35, 0x16, 0x37, 0x35, 0x32, 0x37, 0x35, 0x32, 0x37, 0x35, 0x32, 0x37,
	0x35, 0x32, 0x37, 0x35, 0x16, 0x36, 0x33, 0x32, 0x17, 0x27, 0x22, 0x07,
	0x15, 0x26, 0x07, 0x15, 0x06, 0x07, 0x06, 0x07, 0x0E, 0x01, 0x07, 0x23,
	0x35, 0x36, 0x37, 0x36, 0x37, 0x32, 0x36, 0x37, 0x36, 0x37, 0x35, 0x16,
	0x36, 0x33, 0x32, 0x17, 0x02, 0xDD, 0x06, 0x09, 0x02, 0x11, 0x2A, 0x2E,
	0x10, 0x0B, 0x17, 0x13, 0x12, 0x02, 0x21, 0x02, 0x06, 0x18, 0x0E, 0x2F,
	0x28, 0x13, 0x04, 0x0C, 0x04, 0x02, 0x56, 0x1A, 0x5C, 0x1A, 0x0B, 0x02,
	0x0D, 0x10, 0x02, 0x24, 0x4E, 0x0C, 0x93, 0x2A, 0x4A, 0x51, 0x22, 0x09,
	0x0A, 0x1E, 0x0A, 0x36, 0x32, 0x1A, 0x3C, 0xFE, 0xFE, 0x02, 0x15, 0x0A,
	0x0A, 0x0D, 0x0F, 0x05, 0x0A, 0x01, 0x14, 0x01, 0x09, 0x04, 0x04, 0x07,
	0x0B, 0x09, 0x0E, 0x73, 0x0A, 0x02, 0x04, 0x02, 0x0A, 0x01, 0x04, 0x01,
	0x8E, 0xFF, 0x00, 0x01, 0x00, 0x14, 0x16, 0x41, 0x14, 0x03, 0x11, 0x0B,
	0x16, 0x0A, 0x2B, 0x0B, 0x01, 0x03, 0x02, 0x02, 0x03, 0x05, 0x03, 0x06,
	0x11, 0x07, 0x04, 0x04, 0x07, 0x1F, 0x0E, 0x18, 0x02, 0x12, 0x0A, 0x15,
	0x01, 0x03, 0x07, 0x04, 0x19, 0x05, 0x16, 0x0D, 0xFE, 0x4F, 0x0A, 0x02,
	0x11, 0x09, 0x18, 0x0B, 0x0F, 0x0D, 0x04, 0x16, 0x19, 0x05, 0x01, 0x08,
	0x07, 0x29, 0x0D, 0x07, 0x06, 0x05, 0x07, 0x1A, 0x18, 0x06, 0x0F, 0x1D,
	0x14, 0x0B, 0x0A, 0x0C, 0x05, 0x08, 0x23, 0x1C, 0x31, 0x01, 0x99, 0x03,
	0x03, 0x06, 0x0E, 0x06, 0x0B, 0x11, 0x05, 0x02, 0x1E, 0x01, 0x0F, 0x1F,
	0x02, 0x04, 0x07, 0x01, 0x14, 0x02, 0x08, 0x01, 0x0D, 0x01, 0x05, 0x0A,
	0x03, 0x08, 0x02, 0x04, 0x05, 0x03, 0x02, 0x02, 0x03, 0x06, 0x04, 0x06,
	0x0E, 0x03, 0x0A, 0x1A, 0x09, 0x06, 0x11, 0x04, 0x17, 0x0C, 0x0A, 0x0E,
	0xE8, 0x0F, 0x12, 0x20, 0x2E, 0x20, 0x3C, 0x07, 0x03, 0x3C, 0x2A, 0x0D,
	0x0C, 0x22, 0xC1, 0x0D, 0x17, 0x05, 0x0E, 0x2B, 0x11, 0x0B, 0x1F, 0x24,
	0x0A, 0x15, 0x1A, 0x15, 0x14, 0x32, 0x1A, 0x09, 0x0E, 0x0C, 0x06, 0x01,
	0x6C, 0x0A, 0x1E, 0x3A, 0x04, 0x03, 0x01, 0x08, 0x19, 0x11, 0x01, 0x0D,
	0x0E, 0x09, 0x0A, 0x10, 0x39, 0x26, 0x74, 0x0A, 0x0E, 0x0F, 0x0C, 0x01,
	0x0F, 0x01, 0x09, 0x05, 0x01, 0x0A, 0x03, 0x1B, 0x03, 0x0A, 0x07, 0x08,
	0x06, 0x09, 0xFE, 0xE7, 0x0A, 0x19, 0x0A, 0x08, 0x21, 0x0C, 0x40, 0x0E,
	0x07, 0x10, 0x03, 0x21, 0x05, 0x04, 0x07, 0x17, 0x07, 0x30, 0x60, 0x0B,
	0x14, 0x0E, 0x02, 0x38, 0x42, 0x41, 0x3D, 0x22, 0x2D, 0x13, 0x43, 0x35,
	0x1E, 0x9D, 0x08, 0x02, 0x0A, 0x30, 0x02, 0x03, 0x03, 0x04, 0x38, 0x05,
	0x05, 0x08, 0x01, 0x08, 0x06, 0x09, 0x04, 0x05, 0x03, 0x0A, 0x16, 0x03,
	0x04, 0x03, 0x03, 0x02, 0x03, 0x68, 0x1A, 0x16, 0x1F, 0x41, 0x1A, 0x35,
	0x0F, 0x02, 0x0D, 0x11, 0x03, 0x55, 0x5C, 0x08, 0x0C, 0x0A, 0x40, 0x07,
	0x01, 0x06, 0x02, 0x06, 0x01, 0x07, 0x01, 0x03, 0x04, 0x07, 0x01, 0x09,
	0x08, 0x04, 0x0C, 0x1D, 0x20, 0x0A, 0x08, 0x05, 0x56, 0x05, 0x06, 0x03,
	0x04, 0x07, 0x01, 0x06, 0x02, 0x03, 0x04, 0x06, 0x02, 0x05, 0x05, 0x03,
	0x02, 0x03, 0x26, 0x07, 0x01, 0x04, 0x06, 0x08, 0x16, 0x09, 0x0C, 0x16,
	0x54, 0x19, 0x08, 0x1C, 0x35, 0x10, 0x23, 0x06, 0x05, 0x0E, 0x01, 0x20,
	0x06, 0x04, 0x03, 0x02, 0x03, 0x02, 0x7B, 0x03, 0x05, 0x03, 0x05, 0x01,
	0x17, 0x19, 0x1C, 0x0F, 0x03, 0x14, 0x10, 0x01, 0x0B, 0x0A, 0x0C, 0x0D,
	0x04, 0x0D, 0x1F, 0x1B, 0x15, 0x01, 0x09, 0x50, 0x1F, 0x85, 0x1F, 0x0D,
	0x0E, 0x12, 0x06, 0x34, 0x66, 0xD2, 0x12, 0x15, 0x18, 0x0D, 0x0D, 0x01,
	0x0B, 0x17, 0x0C, 0x0F, 0x0D, 0x01, 0x00, 0x0D, 0x36, 0x10, 0x27, 0x27,
	0x2E, 0x1C, 0x01, 0x02, 0x0A, 0x20, 0x0B, 0x07, 0x28, 0x06, 0x10, 0x33,
	0x2B, 0x16, 0xE6, 0x15, 0x19, 0x18, 0x60, 0x17, 0x1F, 0x19, 0x13, 0x17,
	0x17, 0x60, 0x19, 0x21, 0xBC, 0x09, 0x83, 0x1E, 0x07, 0x01, 0x04, 0x08,
	0x02, 0x0F, 0x01, 0x03, 0x02, 0x01, 0x09, 0x08, 0x01, 0x0B, 0x01, 0x09,
	0x03, 0x0A, 0x03, 0x07, 0x0A, 0x02, 0x02, 0x03, 0x05, 0x02, 0x03, 0x07,
	0x05, 0x01, 0x07, 0x0B, 0x23, 0x09, 0x1E, 0x38, 0x20, 0x43, 0x22, 0x37,
	0x3C, 0x1C, 0x07, 0x13, 0x0F, 0x0B, 0x06, 0x1A, 0x04, 0x0D, 0x09, 0x0A,
	0x0E, 0x1C, 0x19, 0x13, 0x08, 0x3F, 0x07, 0x0D, 0x01, 0x0A, 0x0E, 0x02,
	0x15, 0x30, 0x20, 0x47, 0xFE, 0x8E, 0x01, 0x10, 0x08, 0x12, 0x09, 0x0B,
	0x0A, 0x0A, 0x0F, 0x05, 0x02, 0x02, 0x01, 0x0B, 0x06, 0x01, 0x03, 0x02,
	0x04, 0x03, 0x03, 0x0B, 0x02, 0x03, 0x05, 0x06, 0x06, 0x01, 0x01, 0x09,
	0x05, 0x08, 0x03, 0x04, 0x01, 0x15, 0x01, 0x0F, 0x03, 0x0A, 0x0A, 0x05,
	0x08, 0x11, 0x01, 0x1B, 0x17, 0x1F, 0x22, 0x17, 0x2A, 0x2A, 0x1E, 0x0D,
	0x0E, 0x29, 0x3C, 0x04, 0x0A, 0x03, 0x01, 0x1B, 0x02, 0x01, 0x2C, 0x12,
	0x13, 0x15, 0x0B, 0x09, 0x03, 0x13, 0x11, 0x10, 0x1F, 0x19, 0x06, 0x0E,
	0x07, 0x05, 0xFE, 0x56, 0x28, 0x51, 0x01, 0x06, 0x03, 0x0F, 0x17, 0x07,
	0x15, 0x07, 0x1C, 0x02, 0x07, 0x0B, 0x14, 0x3E, 0x40, 0x40, 0x13, 0x57,
	0x12, 0x0E, 0x31, 0x0D, 0x0F, 0x09, 0x08, 0x04, 0x05, 0x14, 0x47, 0x14,
	0x11, 0x20, 0x25, 0x0D, 0x15, 0x01, 0xA2, 0x01, 0x0E, 0x07, 0x06, 0x06,
	0x12, 0x08, 0x02, 0x0A, 0x0A, 0x0A, 0x02, 0x0E, 0x11, 0x1D, 0x04, 0x0B,
	0x03, 0x38, 0x02, 0x02, 0x0D, 0x05, 0x03, 0x02, 0x02, 0xFE, 0x68, 0x02,
	0xF3, 0x01, 0x03, 0x07, 0x29, 0x8C, 0x25, 0x01, 0x02, 0x0A, 0x18, 0x15,
	0x0D, 0x09, 0x11, 0x17, 0x05, 0x21, 0x3F, 0x0C, 0x01, 0x0B, 0x01, 0x5B,
	0x06, 0x11, 0x0C, 0x10, 0x09, 0x10, 0x0B, 0x03, 0x03, 0x06, 0x13, 0x22,
	0x01, 0x09, 0x5B, 0x03, 0x05, 0x02, 0x08, 0x03, 0x07, 0x02, 0x08, 0x02,
	0x08, 0x03, 0x07, 0x03, 0x13, 0x09, 0x15, 0x22, 0x24, 0x0F, 0x14, 0x6D,
	0x08, 0x01, 0x03, 0x08, 0x01, 0x03, 0x08, 0x03, 0x07, 0x02, 0x08, 0x03,
	0x07, 0x03, 0x07, 0x01, 0x0A, 0x01, 0x19, 0x02, 0x05, 0x01, 0x04, 0x05,
	0x07, 0x08, 0x04, 0x0E, 0x0A, 0x46, 0x0E, 0x0D, 0x14, 0x29, 0x0B, 0x13,
	0x09, 0x07, 0x01, 0x13, 0x05, 0x01, 0x0A, 0x01, 0x00, 0x1C, 0x00, 0x00,
	0x00, 0x00, 0x02, 0x0F, 0x03, 0x1F, 0x00, 0x0B, 0x00, 0x10, 0x00, 0x17,
	0x00, 0x1E, 0x00, 0x25, 0x00, 0x2B, 0x00, 0x2F, 0x00, 0x91, 0x00, 0x97,
	0x00, 0xA0, 0x00, 0xB4, 0x00, 0xBA, 0x00, 0xBF, 0x00, 0xCE, 0x00, 0xD8,
	0x00, 0xE0, 0x00, 0xF4, 0x01, 0x2F, 0x01, 0x44, 0x01, 0x76, 0x01, 0x8E,
	0x01, 0xA6, 0x01, 0xAE, 0x01, 0xB6, 0x01, 0xBF, 0x01, 0xC1, 0x01, 0xC5,
	0x01, 0xCE, 0x00, 0x00, 0x29, 0x01, 0x13, 0x3E, 0x01, 0x37, 0x36, 0x33,
	0x32, 0x17, 0x16, 0x15, 0x27, 0x06, 0x27, 0x07, 0x37, 0x27, 0x36, 0x23,
	0x22, 0x0F, 0x01, 0x36, 0x17, 0x27, 0x07, 0x36, 0x16, 0x33, 0x32, 0x2F,
	0x01, 0x06, 0x15, 0x14, 0x16, 0x15, 0x17, 0x26, 0x27, 0x26, 0x31, 0x17,
	0x2F, 0x02, 0x07, 0x16, 0x26, 0x27, 0x06, 0x15, 0x06, 0x07, 0x27, 0x36,
	0x27, 0x26, 0x35, 0x34, 0x36, 0x37, 0x2E, 0x01, 0x27, 0x26, 0x23, 0x22,
	0x07, 0x16, 0x15, 0x37, 0x36, 0x33, 0x32, 0x17, 0x07, 0x27, 0x26, 0x07,
	0x06, 0x17, 0x16, 0x17, 0x26, 0x35, 0x36, 0x15, 0x06, 0x17, 0x1E, 0x01,
	0x17, 0x26, 0x37, 0x06, 0x07, 0x06, 0x23, 0x22, 0x27, 0x26, 0x35, 0x34,
	0x36, 0x27, 0x16, 0x17, 0x16, 0x15, 0x14, 0x07, 0x06, 0x07, 0x06, 0x17,
	0x16, 0x33, 0x32, 0x37, 0x36, 0x35, 0x34, 0x26, 0x35, 0x34, 0x37, 0x36,
	0x17, 0x15, 0x16, 0x15, 0x14, 0x07, 0x06, 0x27, 0x1E, 0x01, 0x17, 0x16,
	0x07, 0x37, 0x36, 0x35, 0x34, 0x17, 0x35, 0x2E, 0x01, 0x27, 0x17, 0x2F,
	0x01, 0x22, 0x27, 0x26, 0x07, 0x16, 0x17, 0x16, 0x01, 0x23, 0x30, 0x27,
	0x06, 0x23, 0x22, 0x27, 0x17, 0x06, 0x07, 0x36, 0x33, 0x32, 0x17, 0x27,
	0x26, 0x35, 0x34, 0x36, 0x27, 0x26, 0x27, 0x07, 0x17, 0x36, 0x2F, 0x01,
	0x07, 0x16, 0x17, 0x01, 0x06, 0x27, 0x26, 0x27, 0x06, 0x23, 0x22, 0x27,
	0x16, 0x07, 0x37, 0x17, 0x27, 0x30, 0x03, 0x06, 0x07, 0x06, 0x15, 0x14,
	0x17, 0x36, 0x37, 0x36, 0x27, 0x0F, 0x01, 0x16, 0x33, 0x32, 0x37, 0x36,
	0x01, 0x06, 0x23, 0x22, 0x27, 0x16, 0x23, 0x22, 0x27, 0x17, 0x06, 0x07,
	0x14, 0x15, 0x37, 0x36, 0x33, 0x32, 0x17, 0x2F, 0x01, 0x16, 0x15, 0x14,
	0x07, 0x06, 0x23, 0x22, 0x27, 0x07, 0x26, 0x35, 0x34, 0x36, 0x35, 0x06,
	0x27, 0x06, 0x07, 0x06, 0x23, 0x22, 0x26, 0x27, 0x32, 0x37, 0x06, 0x17,
	0x34, 0x37, 0x26, 0x27, 0x26, 0x27, 0x26, 0x35, 0x34, 0x37, 0x36, 0x33,
	0x26, 0x07, 0x0E, 0x01, 0x07, 0x06, 0x15, 0x14, 0x17, 0x37, 0x16, 0x17,
	0x16, 0x33, 0x32, 0x37, 0x36, 0x35, 0x34, 0x03, 0x26, 0x23, 0x22, 0x06,
	0x23, 0x22, 0x27, 0x26, 0x23, 0x22, 0x06, 0x23, 0x22, 0x27, 0x36, 0x16,
	0x37, 0x36, 0x33, 0x32, 0x07, 0x0E, 0x01, 0x07, 0x15, 0x30, 0x07, 0x16,
	0x17, 0x26, 0x07, 0x16, 0x37, 0x06, 0x07, 0x15, 0x26, 0x35, 0x34, 0x36,
	0x35, 0x34, 0x2F, 0x01, 0x37, 0x26, 0x36, 0x27, 0x26, 0x31, 0x26, 0x27,
	0x35, 0x16, 0x37, 0x26, 0x37, 0x36, 0x17, 0x16, 0x37, 0x17, 0x36, 0x33,
	0x32, 0x17, 0x16, 0x0F, 0x01, 0x16, 0x07, 0x06, 0x1F, 0x01, 0x36, 0x17,
	0x16, 0x17, 0x06, 0x26, 0x23, 0x22, 0x07, 0x06, 0x23, 0x22, 0x26, 0x27,
	0x34, 0x26, 0x35, 0x34, 0x37, 0x36, 0x17, 0x06, 0x07, 0x2E, 0x01, 0x23,
	0x22, 0x07, 0x06, 0x15, 0x14, 0x17, 0x33, 0x15, 0x23, 0x26, 0x35, 0x34,
	0x37, 0x36, 0x33, 0x32, 0x17, 0x36, 0x13, 0x26, 0x06, 0x17, 0x34, 0x36,
	0x35, 0x34, 0x07, 0x26, 0x27, 0x06, 0x15, 0x14, 0x16, 0x1F, 0x01, 0x34,
	0x27, 0x26, 0x37, 0x16, 0x07, 0x06, 0x15, 0x2F, 0x01, 0x17, 0x35, 0x23,
	0x15, 0x03, 0x26, 0x07, 0x30, 0x06, 0x17, 0x16, 0x37, 0x36, 0x02, 0x0F,
	0xFD, 0xF1, 0x02, 0x0D, 0x77, 0x48, 0x1E, 0x1C, 0x81, 0x53, 0x33, 0x49,
	0x08, 0x0E, 0x3A, 0x49, 0x49, 0x05, 0x09, 0x08, 0x08, 0x1D, 0x13, 0x8D,
	0x13, 0x4E, 0x0C, 0x2E, 0x0A, 0x11, 0xC7, 0x0C, 0x0A, 0x0A, 0xC2, 0x09,
	0x1B, 0x2E, 0x3C, 0xE9, 0x1D, 0x13, 0x02, 0xD0, 0x0A, 0x09, 0x01, 0x01,
	0x0D, 0x02, 0x0A, 0x01, 0x05, 0x09, 0x01, 0x08, 0x1A, 0x0C, 0x0C, 0x0C,
	0x2C, 0x1D, 0x05, 0x0A, 0x04, 0x04, 0x05, 0x12, 0x05, 0x09, 0x0E, 0x0D,
	0x04, 0x03, 0x02, 0x01, 0x0A, 0x01, 0x21, 0x03, 0x06, 0x1F, 0x0E, 0x04,
	0x18, 0x03, 0x07, 0x05, 0x05, 0x07, 0x16, 0x03, 0x19, 0x02, 0x1B, 0x09,
	0x02, 0x08, 0x0B, 0x02, 0x02, 0x04, 0x12, 0x16, 0x1E, 0x0F, 0x05, 0x19,
	0x06, 0x18, 0x07, 0x17, 0x10, 0x12, 0x0F, 0x03, 0x05, 0x04, 0x07, 0x05,
	0x22, 0x16, 0x07, 0x09, 0x1E, 0x09, 0x1D, 0xCA, 0x04, 0x01, 0x23, 0x16,
	0x14, 0x07, 0x1C, 0x18, 0x01, 0x27, 0x16, 0x09, 0x02, 0x15, 0x05, 0x04,
	0x13, 0x02, 0x05, 0x0A, 0x0A, 0x09, 0x0A, 0x05, 0x03, 0x13, 0x93, 0x06,
	0x06, 0x0C, 0x0C, 0x03, 0x84, 0x4D, 0x0F, 0x06, 0x09, 0x01, 0x7D, 0x09,
	0x10, 0x02, 0x05, 0x02, 0x12, 0x04, 0x05, 0x13, 0x07, 0x11, 0x14, 0x08,
	0xD8, 0x03, 0x1B, 0x14, 0x02, 0x13, 0x0A, 0x0F, 0x2A, 0x4B, 0x0A, 0x05,
	0x05, 0x12, 0x15, 0x1E, 0x01, 0x2E, 0x04, 0x04, 0x10, 0x07, 0x01, 0x17,
	0x03, 0x02, 0x11, 0x04, 0x01, 0x03, 0x05, 0x06, 0x06, 0x0E, 0x07, 0x7A,
	0x03, 0x1B, 0x1F, 0x19, 0x12, 0x0D, 0x0F, 0x01, 0x09, 0x12, 0x09, 0x02,
	0x06, 0x05, 0x03, 0x08, 0x05, 0x03, 0x04, 0x09, 0x06, 0x14, 0x0F, 0x05,
	0x11, 0x0D, 0x07, 0x08, 0x08, 0x13, 0x53, 0x23, 0x39, 0x26, 0x40, 0x0A,
	0x05, 0x27, 0x03, 0x0C, 0x3D, 0x10, 0x11, 0x51, 0x2B, 0x19, 0x03, 0x06,
	0x07, 0x06, 0x13, 0x06, 0x06, 0x05, 0x03, 0x03, 0x04, 0x0C, 0x03, 0x04,
	0x03, 0x06, 0x2D, 0x07, 0x07, 0x08, 0x07, 0x03, 0x02, 0x12, 0x0D, 0x08,
	0x02, 0x01, 0x04, 0x06, 0x02, 0x14, 0x05, 0x11, 0x07, 0x04, 0x0C, 0x09,
	0x13, 0x0A, 0x01, 0x08, 0x13, 0x0A, 0x03, 0x04, 0x06, 0x08, 0x01, 0x08,
	0x18, 0x0D, 0x03, 0x06, 0x10, 0x0C, 0x05, 0x05, 0x0C, 0x09, 0x03, 0x01,
	0x9E, 0x4B, 0x02, 0x07, 0x13, 0x0D, 0x09, 0x0C, 0x04, 0x0A, 0x03, 0x03,
	0x04, 0x03, 0x04, 0x06, 0x0D, 0x06, 0x04, 0x04, 0x14, 0x55, 0x09, 0x0A,
	0x0B, 0x2A, 0x0C, 0x09, 0x09, 0x10, 0x01, 0x03, 0x03, 0x02, 0x0E, 0x0B,
	0x0C, 0x1F, 0x16, 0x17, 0x73, 0x08, 0x09, 0x03, 0x10, 0x30, 0x02, 0x0F,
	0x02, 0x10, 0x01, 0x18, 0x06, 0x04, 0x02, 0x03, 0x05, 0x05, 0x24, 0x02,
	0x30, 0x03, 0x91, 0x03, 0x13, 0x0B, 0x01, 0x07, 0x14, 0x06, 0x02, 0x44,
	0x4A, 0x7D, 0x0F, 0x05, 0x6B, 0x43, 0x7D, 0x92, 0x01, 0x03, 0x30, 0x1D,
	0x52, 0x0D, 0x06, 0x4B, 0x16, 0x81, 0x0D, 0x0D, 0x01, 0x0C, 0xD5, 0x11,
	0x0C, 0x12, 0x0A, 0x2A, 0x0A, 0xEC, 0x12, 0x0B, 0x11, 0x33, 0xDB, 0x4B,
	0x07, 0x15, 0x7E, 0x17, 0x03, 0x12, 0x12, 0x17, 0x09, 0x02, 0x0D, 0x22,
	0x05, 0x04, 0x04, 0x0B, 0x02, 0x09, 0x0C, 0x06, 0x03, 0x1E, 0x0B, 0x03,
	0x09, 0x03, 0x0C, 0x05, 0x0A, 0x03, 0x10, 0x0A, 0x10, 0x0C, 0x0D, 0x0A,
	0x15, 0x26, 0x03, 0x12, 0x48, 0x15, 0x2C, 0x03, 0x20, 0x16, 0x02, 0x06,
	0x02, 0x0C, 0x05, 0x04, 0x07, 0x12, 0x05, 0x08, 0x0E, 0x05, 0x04, 0x08,
	0x0A, 0x0D, 0x04, 0x13, 0x11, 0x08, 0x0D, 0x08, 0x07, 0x0A, 0x20, 0x09,
	0x08, 0x08, 0x0C, 0x02, 0x05, 0x05, 0x0F, 0x0B, 0x08, 0x08, 0x0D, 0x02,
	0x0A, 0x02, 0x0C, 0x1B, 0x1B, 0x24, 0x20, 0x0F, 0xCF, 0x18, 0x09, 0x28,
	0x09, 0x4B, 0xF3, 0x05, 0x1D, 0x12, 0x04, 0x15, 0x0A, 0x09, 0xFE, 0xAE,
	0x15, 0x16, 0x01, 0x0F, 0x07, 0x0F, 0x09, 0x09, 0x0A, 0x04, 0x04, 0x05,
	0x0B, 0x44, 0x18, 0x33, 0x4B, 0x0E, 0x05, 0xD3, 0x0C, 0x0C, 0x03, 0x09,
	0xFE, 0xAC, 0x01, 0x03, 0x07, 0x0C, 0x17, 0x02, 0x08, 0x1D, 0x0F, 0x0F,
	0x16, 0x01, 0x06, 0x05, 0x1F, 0x15, 0x12, 0x05, 0x05, 0x09, 0x1D, 0x29,
	0x32, 0x1D, 0x14, 0x01, 0x14, 0x1B, 0xFE, 0x8B, 0x02, 0x18, 0x17, 0x01,
	0x0F, 0x03, 0x08, 0x04, 0x04, 0x02, 0x08, 0x0A, 0x15, 0x90, 0x12, 0x0E,
	0x2C, 0x15, 0x11, 0x09, 0x18, 0x02, 0x02, 0x03, 0x0F, 0x05, 0x09, 0x10,
	0x03, 0x07, 0x02, 0x1E, 0x02, 0x02, 0x0F, 0x05, 0x10, 0x06, 0x05, 0x01,
	0x01, 0x0A, 0x13, 0x15, 0x16, 0x15, 0x2E, 0x13, 0x09, 0x06, 0x3D, 0x26,
	0x14, 0x14, 0x3B, 0x2E, 0x02, 0x17, 0x17, 0x03, 0x40, 0x24, 0x33, 0x22,
	0x01, 0x8E, 0x07, 0x13, 0x05, 0x01, 0x07, 0x03, 0x07, 0x08, 0x0B, 0x06,
	0x34, 0x0F, 0x01, 0x03, 0x08, 0x04, 0x06, 0x0C, 0x01, 0x03, 0x0B, 0x01,
	0x08, 0x10, 0x20, 0x04, 0x07, 0x04, 0x0E, 0x03, 0x08, 0x02, 0x0C, 0x0A,
	0x02, 0x1E, 0x04, 0x01, 0x02, 0x09, 0x05, 0x01, 0x03, 0x04, 0x12, 0x0F,
	0x0C, 0x10, 0x0D, 0x07, 0x0F, 0x03, 0x0B, 0x0D, 0x03, 0x02, 0xF3, 0x39,
	0x2F, 0x16, 0x0C, 0x07, 0x19, 0x09, 0x01, 0x10, 0x05, 0x01, 0x09, 0x04,
	0x05, 0x1A, 0x08, 0x0B, 0x08, 0x30, 0xB8, 0x10, 0x01, 0x01, 0x11, 0x03,
	0x08, 0x0C, 0x02, 0x03, 0x07, 0x05, 0x05, 0x0F, 0x07, 0x02, 0x11, 0x02,
	0x01, 0xE1, 0x01, 0x0F, 0x08, 0x06, 0x08, 0x03, 0x02, 0x09, 0x09, 0x03,
	0x03, 0x02, 0x03, 0x08, 0x06, 0x22, 0x05, 0x0E, 0x0B, 0x09, 0x09, 0x0B,
	0x0E, 0x05, 0x22, 0x08, 0x6B, 0x13, 0x13, 0xFE, 0xF5, 0x0B, 0x02, 0x05,
	0x04, 0x0B, 0x01, 0x06, 0x00, 0x0D, 0x00, 0x00, 0x00, 0x00, 0x03, 0x06,
	0x03, 0x20, 0x00, 0x4A, 0x01, 0xC4, 0x02, 0x30, 0x02, 0x67, 0x02, 0xA2,
	0x02, 0xCA, 0x03, 0x18, 0x03, 0x25, 0x03, 0xB8, 0x03, 0xBB, 0x03, 0xE4,
	0x04, 0x09, 0x04, 0x32, 0x00, 0x00, 0x01, 0x06, 0x07, 0x06, 0x0F, 0x01,
	0x34, 0x23, 0x06, 0x27, 0x35, 0x26, 0x27, 0x26, 0x07, 0x30, 0x27, 0x23,
	0x3E, 0x01, 0x37, 0x1E, 0x01, 0x17, 0x16, 0x37, 0x36, 0x37, 0x30, 0x07,
	0x06, 0x17, 0x16, 0x33, 0x32, 0x36, 0x37, 0x15, 0x16, 0x17, 0x36, 0x37,
	0x07, 0x16, 0x17, 0x36, 0x37, 0x14, 0x07, 0x16, 0x17, 0x36, 0x37, 0x16,
	0x07, 0x06, 0x15, 0x06, 0x07, 0x16, 0x37, 0x36, 0x37, 0x36, 0x37, 0x36,
	0x33, 0x06, 0x0F, 0x01, 0x16, 0x17, 0x36, 0x37, 0x36, 0x17, 0x06, 0x07,
	0x26, 0x27, 0x26, 0x23, 0x2F, 0x01, 0x26, 0x23, 0x30, 0x17, 0x16, 0x17,
	0x16, 0x1F, 0x01, 0x33, 0x16, 0x15, 0x14, 0x06, 0x07, 0x26, 0x27, 0x07,
	0x17, 0x06, 0x07, 0x16, 0x17, 0x30, 0x07, 0x26, 0x07, 0x06, 0x15, 0x32,
	0x17, 0x22, 0x07, 0x16, 0x17, 0x22, 0x07, 0x26, 0x27, 0x2E, 0x01, 0x27,
	0x36, 0x37, 0x36, 0x17, 0x16, 0x37, 0x35, 0x26, 0x2F, 0x01, 0x06, 0x07,
	0x06, 0x07, 0x06, 0x07, 0x06, 0x23, 0x22, 0x27, 0x26, 0x2F, 0x01, 0x06,
	0x31, 0x0F, 0x01, 0x06, 0x0F, 0x01, 0x27, 0x3F, 0x01, 0x36, 0x37, 0x32,
	0x37, 0x27, 0x07, 0x06, 0x07, 0x06, 0x07, 0x30, 0x35, 0x36, 0x3F, 0x03,
	0x36, 0x37, 0x27, 0x06, 0x07, 0x06, 0x07, 0x06, 0x07, 0x06, 0x27, 0x07,
	0x30, 0x27, 0x36, 0x37, 0x36, 0x37, 0x27, 0x0F, 0x01, 0x06, 0x07, 0x06,
	0x27, 0x26, 0x37, 0x36, 0x37, 0x32, 0x36, 0x37, 0x36, 0x37, 0x27, 0x06,
	0x0F, 0x01, 0x06, 0x07, 0x22, 0x07, 0x34, 0x27, 0x3E, 0x01, 0x33, 0x36,
	0x37, 0x16, 0x36, 0x33, 0x3F, 0x01, 0x36, 0x37, 0x26, 0x35, 0x34, 0x37,
	0x3E, 0x01, 0x35, 0x34, 0x2F, 0x01, 0x06, 0x07, 0x06, 0x0F, 0x01, 0x26,
	0x27, 0x23, 0x36, 0x26, 0x35, 0x36, 0x17, 0x16, 0x33, 0x26, 0x27, 0x26,
	0x27, 0x26, 0x37, 0x32, 0x17, 0x16, 0x17, 0x37, 0x26, 0x27, 0x2E, 0x01,
	0x37, 0x33, 0x30, 0x17, 0x36, 0x33, 0x32, 0x1E, 0x01, 0x17, 0x16, 0x33,
	0x16, 0x17, 0x16, 0x17, 0x37, 0x26, 0x27, 0x26, 0x27, 0x06, 0x34, 0x27,
	0x36, 0x33, 0x32, 0x16, 0x33, 0x16, 0x17, 0x16, 0x17, 0x30, 0x27, 0x26,
	0x27, 0x26, 0x27, 0x37, 0x36, 0x16, 0x37, 0x17, 0x32, 0x36, 0x33, 0x26,
	0x37, 0x16, 0x17, 0x16, 0x17, 0x36, 0x37, 0x26, 0x34, 0x27, 0x26, 0x27,
	0x26, 0x27, 0x16, 0x1F, 0x01, 0x16, 0x31, 0x37, 0x34, 0x27, 0x26, 0x35,
	0x34, 0x37, 0x33, 0x16, 0x17, 0x33, 0x36, 0x26, 0x37, 0x36, 0x27, 0x17,
	0x16, 0x17, 0x14, 0x17, 0x32, 0x37, 0x34, 0x27, 0x37, 0x14, 0x17, 0x16,
	0x17, 0x16, 0x37, 0x16, 0x1F, 0x01, 0x16, 0x17, 0x36, 0x3F, 0x01, 0x16,
	0x23, 0x07, 0x06, 0x07, 0x14, 0x17, 0x37, 0x36, 0x37, 0x17, 0x07, 0x0E,
	0x01, 0x07, 0x06, 0x17, 0x14, 0x17, 0x36, 0x37, 0x36, 0x37, 0x32, 0x37,
	0x16, 0x37, 0x36, 0x37, 0x36, 0x37, 0x16, 0x36, 0x33, 0x32, 0x17, 0x06,
	0x17, 0x22, 0x0F, 0x02, 0x06, 0x07, 0x14, 0x17, 0x36, 0x33, 0x37, 0x36,
	0x37, 0x16, 0x31, 0x0F, 0x02, 0x06, 0x07, 0x15, 0x17, 0x37, 0x17, 0x36,
	0x31, 0x16, 0x23, 0x0F, 0x01, 0x06, 0x31, 0x1F, 0x02, 0x16, 0x13, 0x27,
	0x26, 0x27, 0x07, 0x17, 0x16, 0x17, 0x16, 0x17, 0x07, 0x16, 0x17, 0x15,
	0x27, 0x26, 0x2F, 0x01, 0x2E, 0x01, 0x27, 0x06, 0x17, 0x16, 0x15, 0x1F,
	0x01, 0x16, 0x17, 0x2E, 0x01, 0x27, 0x26, 0x27, 0x26, 0x2F, 0x01, 0x07,
	0x17, 0x2F, 0x01, 0x26, 0x2F, 0x02, 0x07, 0x17, 0x16, 0x07, 0x16, 0x15,
	0x26, 0x2F, 0x01, 0x26, 0x27, 0x34, 0x27, 0x06, 0x07, 0x0E, 0x01, 0x07,
	0x26, 0x37, 0x36, 0x37, 0x36, 0x3F, 0x01, 0x16, 0x17, 0x16, 0x17, 0x36,
	0x37, 0x36, 0x37, 0x36, 0x37, 0x1E, 0x01, 0x17, 0x16, 0x17, 0x16, 0x17,
	0x16, 0x0F, 0x01, 0x30, 0x1F, 0x01, 0x16, 0x17, 0x06, 0x07, 0x26, 0x27,
	0x26, 0x27, 0x26, 0x27, 0x07, 0x17, 0x16, 0x17, 0x16, 0x01, 0x07, 0x27,
	0x07, 0x35, 0x3E, 0x01, 0x37, 0x26, 0x23, 0x06, 0x15, 0x26, 0x27, 0x26,
	0x36, 0x37, 0x34, 0x35, 0x2E, 0x01, 0x35, 0x36, 0x37, 0x36, 0x37, 0x26,
	0x27, 0x26, 0x27, 0x36, 0x32, 0x37, 0x36, 0x27, 0x26, 0x27, 0x37, 0x26,
	0x27, 0x35, 0x2F, 0x01, 0x26, 0x31, 0x34, 0x37, 0x27, 0x1F, 0x01, 0x16,
	0x07, 0x06, 0x15, 0x06, 0x17, 0x06, 0x07, 0x06, 0x07, 0x06, 0x27, 0x36,
	0x37, 0x36, 0x27, 0x06, 0x07, 0x26, 0x37, 0x36, 0x27, 0x06, 0x07, 0x06,
	0x31, 0x26, 0x37, 0x34, 0x36, 0x35, 0x34, 0x27, 0x23, 0x06, 0x07, 0x30,
	0x37, 0x36, 0x37, 0x34, 0x27, 0x23, 0x06, 0x07, 0x26, 0x06, 0x07, 0x06,
	0x07, 0x26, 0x35, 0x36, 0x37, 0x36, 0x17, 0x16, 0x17, 0x1E, 0x01, 0x17,
	0x16, 0x15, 0x14, 0x13, 0x26, 0x27, 0x34, 0x26, 0x37, 0x26, 0x27, 0x26,
	0x27, 0x26, 0x27, 0x26, 0x23, 0x22, 0x07, 0x06, 0x07, 0x0E, 0x01, 0x07,
	0x27, 0x15, 0x0E, 0x01, 0x07, 0x14, 0x17, 0x16, 0x17, 0x16, 0x37, 0x36,
	0x37, 0x36, 0x37, 0x36, 0x37, 0x3E, 0x01, 0x2F, 0x01, 0x26, 0x35, 0x27,
	0x16, 0x17, 0x22, 0x07, 0x26, 0x31, 0x26, 0x27, 0x16, 0x17, 0x16, 0x14,
	0x17, 0x14, 0x07, 0x2E, 0x01, 0x27, 0x22, 0x26, 0x23, 0x16, 0x1F, 0x01,
	0x16, 0x07, 0x26, 0x31, 0x26, 0x27, 0x26, 0x27, 0x1F, 0x01, 0x16, 0x17,
	0x06, 0x23, 0x30, 0x27, 0x26, 0x07, 0x26, 0x27, 0x17, 0x16, 0x17, 0x27,
	0x36, 0x37, 0x16, 0x37, 0x27, 0x26, 0x27, 0x36, 0x37, 0x16, 0x17, 0x36,
	0x37, 0x26, 0x27, 0x37, 0x32, 0x17, 0x30, 0x27, 0x26, 0x37, 0x36, 0x17,
	0x30, 0x07, 0x26, 0x27, 0x17, 0x06, 0x27, 0x14, 0x07, 0x26, 0x33, 0x22,
	0x1F, 0x01, 0x05, 0x2E, 0x01, 0x27, 0x07, 0x16, 0x17, 0x06, 0x23, 0x2E,
	0x01, 0x27, 0x07, 0x06, 0x17, 0x16, 0x17, 0x06, 0x27, 0x26, 0x31, 0x06,
	0x07, 0x06, 0x17, 0x16, 0x31, 0x26, 0x27, 0x26, 0x07, 0x16, 0x07, 0x26,
	0x27, 0x07, 0x22, 0x15, 0x14, 0x15, 0x16, 0x15, 0x14, 0x07, 0x26, 0x27,
	0x26, 0x07, 0x16, 0x07, 0x26, 0x27, 0x22, 0x06, 0x23, 0x06, 0x07, 0x23,
	0x26, 0x27, 0x22, 0x27, 0x06, 0x07, 0x26, 0x27, 0x26, 0x31, 0x34, 0x26,
	0x35, 0x06, 0x07, 0x2E, 0x01, 0x35, 0x06, 0x07, 0x06, 0x07, 0x37, 0x36,
	0x37, 0x3E, 0x01, 0x33, 0x16, 0x1F, 0x01, 0x16, 0x17, 0x26, 0x35, 0x3F,
	0x01, 0x16, 0x17, 0x16, 0x17, 0x35, 0x3F, 0x01, 0x1E, 0x01, 0x17, 0x16,
	0x17, 0x16, 0x17, 0x26, 0x2F, 0x01, 0x30, 0x27, 0x26, 0x37, 0x16, 0x33,
	0x17, 0x16, 0x17, 0x27, 0x26, 0x27, 0x36, 0x23, 0x16, 0x17, 0x26, 0x2F,
	0x01, 0x34, 0x17, 0x32, 0x31, 0x16, 0x17, 0x16, 0x17, 0x2F, 0x01, 0x30,
	0x2F, 0x01, 0x34, 0x37, 0x36, 0x25, 0x2F, 0x01, 0x05, 0x23, 0x06, 0x16,
	0x15, 0x14, 0x07, 0x26, 0x27, 0x26, 0x27, 0x26, 0x31, 0x0E, 0x01, 0x07,
	0x22, 0x07, 0x26, 0x35, 0x34, 0x37, 0x26, 0x27, 0x34, 0x37, 0x16, 0x17,
	0x3E, 0x01, 0x33, 0x32, 0x17, 0x30, 0x17, 0x06, 0x07, 0x1E, 0x01, 0x17,
	0x33, 0x07, 0x06, 0x27, 0x26, 0x07, 0x22, 0x06, 0x07, 0x15, 0x06, 0x27,
	0x34, 0x27, 0x06, 0x07, 0x26, 0x37, 0x36, 0x37, 0x26, 0x07, 0x06, 0x07,
	0x26, 0x36, 0x37, 0x36, 0x37, 0x36, 0x37, 0x26, 0x37, 0x16, 0x15, 0x16,
	0x17, 0x16, 0x27, 0x06, 0x35, 0x34, 0x27, 0x22, 0x06, 0x07, 0x06, 0x27,
	0x36, 0x35, 0x06, 0x31, 0x0E, 0x01, 0x27, 0x3E, 0x01, 0x37, 0x3E, 0x01,
	0x35, 0x26, 0x27, 0x26, 0x07, 0x06, 0x23, 0x30, 0x27, 0x36, 0x33, 0x32,
	0x17, 0x36, 0x37, 0x06, 0x0F, 0x01, 0x16, 0x02, 0x5D, 0x05, 0x0E, 0x13,
	0x04, 0x02, 0x01, 0x04, 0x08, 0x32, 0x34, 0x26, 0x12, 0x02, 0x03, 0x02,
	0x02, 0x01, 0x03, 0x02, 0x07, 0x04, 0x08, 0x03, 0x0A, 0x01, 0x02, 0x03,
	0x04, 0x03, 0x07, 0x09, 0x03, 0x05, 0x0B, 0x0A, 0x0E, 0x0A, 0x03, 0x09,
	0x04, 0x18, 0x12, 0x05, 0x07, 0x1C, 0x06, 0x03, 0x03, 0x04, 0x08, 0x09,
	0x09, 0x02, 0x03, 0x04, 0x15, 0x08, 0x02, 0x04, 0x06, 0x0C, 0x0E, 0x01,
	0x02, 0x10, 0x1C, 0x05, 0xAB, 0x05, 0x03, 0x06, 0x0C, 0x13, 0x01, 0x18,
	0x4F, 0x1A, 0x34, 0x08, 0x1D, 0x38, 0x19, 0x34, 0x24, 0x06, 0x01, 0x0A,
	0x01, 0x1E, 0x44, 0x01, 0x06, 0x0A, 0x13, 0x07, 0x0B, 0x05, 0x03, 0x06,
	0x06, 0x07, 0x07, 0x05, 0x0A, 0x0E, 0x17, 0x02, 0x03, 0x07, 0x0C, 0x03,
	0x11, 0x01, 0x02, 0x04, 0x05, 0x07, 0x09, 0x03, 0x1E, 0x39, 0x0B, 0x01,
	0x06, 0x01, 0x0C, 0x0B, 0x48, 0x16, 0x1B, 0x0C, 0x0E, 0x2D, 0x1C, 0x04,
	0x09, 0x12, 0x40, 0x19, 0x2D, 0x06, 0x01, 0x1B, 0x3F, 0x14, 0x22, 0x01,
	0x0A, 0x02, 0x49, 0x16, 0x2D, 0x17, 0x2E, 0x10, 0x05, 0x0E, 0x79, 0x04,
	0x01, 0x2A, 0x06, 0x25, 0x33, 0x08, 0x0F, 0x24, 0x48, 0x04, 0x01, 0x02,
	0x01, 0x2B, 0x44, 0x56, 0x17, 0x02, 0x31, 0x48, 0x38, 0x37, 0x06, 0x02,
	0x03, 0x01, 0x2F, 0x5C, 0x02, 0x07, 0x01, 0x1C, 0x33, 0x01, 0x10, 0x21,
	0x49, 0x24, 0x4A, 0x03, 0x06, 0x01, 0x0A, 0x25, 0x0B, 0x0E, 0x1B, 0x05,
	0x10, 0x03, 0x21, 0x53, 0x04, 0x06, 0x01, 0x28, 0x02, 0x10, 0x04, 0x01,
	0x14, 0x10, 0x03, 0x13, 0x09, 0x43, 0x87, 0x04, 0x01, 0x0A, 0x09, 0x10,
	0x41, 0x21, 0x18, 0x2E, 0x13, 0x24, 0x05, 0x03, 0x07, 0x0E, 0x27, 0x4F,
	0x01, 0x23, 0x44, 0x01, 0x10, 0x02, 0x05, 0x02, 0x03, 0x03, 0x05, 0x11,
	0x08, 0x09, 0x03, 0x06, 0x11, 0x20, 0x1A, 0x1E, 0x01, 0x09, 0x1A, 0x0A,
	0x12, 0x03, 0x01, 0x01, 0x02, 0x02, 0x0A, 0x03, 0x14, 0x2A, 0x01, 0x05,
	0x04, 0x02, 0x09, 0x06, 0x0D, 0x01, 0x03, 0x04, 0x03, 0x37, 0x01, 0x01,
	0x01, 0x04, 0x01, 0x0C, 0x20, 0x06, 0x0C, 0x05, 0x06, 0x03, 0x01, 0x06,
	0x0F, 0x01, 0x02, 0x01, 0x07, 0x1E, 0x03, 0x02, 0x0C, 0x07, 0x01, 0x01,
	0x07, 0x13, 0x03, 0x01, 0x0B, 0x02, 0x03, 0x01, 0x03, 0x04, 0x0D, 0x01,
	0x04, 0x02, 0x06, 0x05, 0x09, 0x02, 0x02, 0x01, 0x0D, 0x13, 0x25, 0x08,
	0x14, 0x21, 0x1D, 0x10, 0x6A, 0x14, 0x04, 0x4B, 0x1C, 0x39, 0x01, 0x07,
	0x38, 0x71, 0x07, 0x4C, 0x0A, 0x29, 0x2B, 0x09, 0x06, 0x01, 0x09, 0x12,
	0x0D, 0x29, 0x06, 0x0A, 0x04, 0x07, 0x18, 0x2E, 0x06, 0x0B, 0x05, 0x14,
	0x04, 0x07, 0x05, 0x03, 0x03, 0x07, 0x0D, 0x20, 0x67, 0x31, 0x1D, 0x02,
	0x17, 0x18, 0x51, 0x21, 0x42, 0x03, 0x34, 0x4C, 0x60, 0x01, 0x03, 0x1A,
	0xA4, 0x1D, 0x05, 0x03, 0x01, 0xAB, 0x34, 0x02, 0x08, 0x44, 0x60, 0x12,
	0x17, 0x7E, 0x1A, 0x32, 0x01, 0x48, 0x07, 0x0F, 0x04, 0x0E, 0x02, 0x0A,
	0x1B, 0x46, 0x02, 0x05, 0x4D, 0x06, 0x22, 0x07, 0x02, 0x03, 0x04, 0x0E,
	0x17, 0x03, 0x1D, 0x04, 0x1E, 0x04, 0x04, 0x08, 0x14, 0x21, 0x24, 0x01,
	0x21, 0x04, 0x19, 0x02, 0x03, 0x27, 0x0D, 0x01, 0x06, 0x03, 0x02, 0x01,
	0x05, 0x04, 0x10, 0x08, 0x11, 0x01, 0x0D, 0x13, 0x08, 0x15, 0x0A, 0x04,
	0x02, 0x05, 0x0F, 0x0E, 0x1B, 0x07, 0x11, 0x1D, 0x19, 0x19, 0x0F, 0x1D,
	0x26, 0x17, 0x08, 0x08, 0x09, 0x20, 0x1E, 0x0D, 0x18, 0x1C, 0x0A, 0x01,
	0x08, 0x50, 0x04, 0x3B, 0x08, 0x0C, 0x01, 0x01, 0x04, 0x0A, 0x05, 0x09,
	0x19, 0x33, 0x01, 0x51, 0x18, 0x2D, 0x07, 0xFD, 0xA0, 0x03, 0x05, 0x37,
	0x0B, 0x18, 0x07, 0x01, 0x03, 0x01, 0x03, 0x06, 0x01, 0x0B, 0x05, 0x01,
	0x0F, 0x01, 0x02, 0x0C, 0x04, 0x03, 0x0A, 0x0F, 0x02, 0x02, 0x10, 0x02,
	0x0C, 0x01, 0x03, 0x07, 0x01, 0x04, 0x08, 0x14, 0x17, 0x05, 0x03, 0x03,
	0x09, 0x4C, 0x04, 0x03, 0x03, 0x02, 0xA8, 0x08, 0x06, 0x09, 0x03, 0x01,
	0x04, 0x06, 0x0B, 0x01, 0x05, 0x04, 0x0C, 0x03, 0x04, 0x01, 0x04, 0x09,
	0x07, 0x0C, 0x04, 0x09, 0x0B, 0x04, 0x05, 0x08, 0x10, 0x01, 0x04, 0x0A,
	0x01, 0x04, 0x0C, 0x12, 0x04, 0x03, 0x02, 0x04, 0x0A, 0x01, 0x11, 0x22,
	0x02, 0x02, 0x03, 0x0E, 0x0D, 0x1B, 0x0D, 0x01, 0xE5, 0x08, 0x10, 0x07,
	0x02, 0x05, 0x0F, 0x0B, 0x17, 0x11, 0x20, 0x07, 0x07, 0x03, 0x22, 0x04,
	0x07, 0x11, 0x1B, 0x0C, 0x01, 0x07, 0x05, 0x02, 0x0E, 0x15, 0x3A, 0x2A,
	0x0E, 0x13, 0x27, 0x05, 0x0A, 0x07, 0x0C, 0x08, 0x10, 0xF3, 0x02, 0x07,
	0x0D, 0x03, 0x05, 0x02, 0x04, 0x03, 0x10, 0x20, 0x07, 0x11, 0x04, 0x01,
	0x07, 0x08, 0x20, 0x08, 0x03, 0x0B, 0x05, 0x08, 0x0F, 0x31, 0x01, 0x04,
	0x0B, 0x06, 0x01, 0x2E, 0x30, 0x0B, 0x3C, 0x07, 0x0C, 0x01, 0x03, 0x06,
	0x05, 0x03, 0x27, 0x36, 0x06, 0x18, 0x30, 0x01, 0x01, 0x05, 0x0E, 0x1A,
	0x09, 0x09, 0x0C, 0x01, 0x03, 0x03, 0x21, 0x07, 0x07, 0x09, 0x0B, 0x03,
	0x01, 0x1C, 0x04, 0x04, 0x01, 0x04, 0x03, 0x2B, 0x0B, 0x15, 0x04, 0x01,
	0x0A, 0x02, 0x2F, 0x01, 0x01, 0x09, 0x4E, 0x01, 0xA4, 0x08, 0x21, 0x21,
	0x02, 0x06, 0x08, 0x01, 0x05, 0x02, 0x0A, 0x02, 0x06, 0x02, 0x04, 0x06,
	0x01, 0x04, 0x07, 0x0B, 0x03, 0x09, 0x03, 0x06, 0x04, 0x05, 0x09, 0x0A,
	0x06, 0x05, 0x01, 0x06, 0x0C, 0x03, 0x0B, 0x01, 0x03, 0x04, 0x07, 0x02,
	0x07, 0x02, 0x03, 0x0A, 0x05, 0x06, 0x17, 0x06, 0x02, 0x03, 0x02, 0x04,
	0x07, 0x04, 0x08, 0x02, 0x06, 0x04, 0x01, 0x01, 0x08, 0x01, 0x06, 0x07,
	0x02, 0x01, 0x06, 0x0E, 0x1A, 0x05, 0x0D, 0x19, 0x02, 0x05, 0x05, 0x06,
	0x03, 0x14, 0x01, 0x05, 0x09, 0x02, 0x04, 0x02, 0x06, 0x11, 0x16, 0x02,
	0x04, 0x04, 0x02, 0x04, 0x08, 0x0F, 0x10, 0x21, 0x0A, 0x0F, 0x02, 0x02,
	0x01, 0x03, 0x01, 0x03, 0x32, 0x0E, 0x0B, 0x17, 0x07, 0x09, 0x08, 0x01,
	0x1C, 0x38, 0x06, 0x0C, 0x3B, 0x04, 0x06, 0x0E, 0x19, 0x12, 0x23, 0x2D,
	0x07, 0x17, 0x01, 0x05, 0x1A, 0xFE, 0x2C, 0x01, 0x0A, 0x01, 0x76, 0x10,
	0x01, 0x08, 0x03, 0x07, 0x07, 0x0A, 0x0B, 0x05, 0x08, 0x05, 0x02, 0x01,
	0x01, 0x05, 0x0A, 0x02, 0x0B, 0x06, 0x05, 0x09, 0x07, 0x11, 0x09, 0x04,
	0x04, 0x04, 0x0C, 0x16, 0x07, 0x1E, 0x06, 0x03, 0x11, 0x03, 0x07, 0x0C,
	0x0F, 0x06, 0x07, 0x04, 0x04, 0x04, 0x02, 0x03, 0x08, 0x03, 0x03, 0x0D,
	0x05, 0x01, 0x12, 0x08, 0x19, 0x01, 0x0A, 0x01, 0x0D, 0x1E, 0x08, 0x02,
	0x01, 0x01, 0x07, 0x0D, 0x0D, 0x0F, 0x75, 0x06, 0x14, 0x05, 0x0F, 0x09,
	0x03, 0x02, 0x01, 0x04, 0x04, 0x07, 0x06, 0x02, 0x17, 0x03, 0x01, 0x08,
	0x05, 0x0D, 0x07, 0x07, 0x0A, 0x03, 0x01, 0x19, 0x11, 0x0A, 0x08, 0x0A,
	0x0B, 0x03, 0x02, 0x05, 0x13, 0x02, 0xF5, 0x0C, 0x10, 0x15, 0x06, 0x09,
	0x01, 0x01, 0x08, 0x02, 0x2C, 0x09, 0x06, 0x01, 0x03, 0x06, 0x18, 0x06,
	0x03, 0x15, 0x01, 0x02, 0x05, 0x08, 0x0E, 0x0F, 0x08, 0x06, 0x01, 0x1A,
	0x03, 0x1D, 0x01, 0x06, 0x0A, 0x17, 0x24, 0x05, 0x01, 0x05, 0x26, 0x01,
	0x2F, 0x06, 0x02, 0x1C, 0x15, 0x03, 0x06, 0x09, 0x01, 0x0C, 0x1C, 0x07,
	0x03, 0x02, 0x06, 0x13, 0x10, 0x04, 0x0B, 0x17, 0x19, 0x02, 0x03, 0x0B,
	0x1E, 0x06, 0xF7, 0x03, 0x0B, 0x04, 0x01, 0x01, 0x04, 0x0B, 0x02, 0x05,
	0x05, 0x0F, 0x08, 0x09, 0x0D, 0x02, 0x02, 0x02, 0x02, 0x03, 0x0C, 0x11,
	0x01, 0x03, 0x01, 0x02, 0x01, 0x06, 0x04, 0x03, 0x01, 0x02, 0x04, 0x07,
	0x02, 0x05, 0x11, 0x01, 0x03, 0x08, 0x03, 0x01, 0x05, 0x04, 0x20, 0x02,
	0x02, 0x02, 0x01, 0x01, 0x05, 0x0E, 0x01, 0x07, 0x0E, 0x10, 0x1B, 0x27,
	0x2A, 0x09, 0x03, 0x14, 0x1C, 0x04, 0x0B, 0x13, 0x5F, 0x22, 0x44, 0x05,
	0x07, 0x26, 0x63, 0x1E, 0x3E, 0x0C, 0x02, 0x40, 0x12, 0x26, 0x13, 0x28,
	0x0A, 0x0A, 0x09, 0x0D, 0x6F, 0x01, 0x01, 0x25, 0x08, 0x12, 0x26, 0x05,
	0x09, 0x18, 0x32, 0x01, 0x04, 0x02, 0x05, 0x1B, 0x32, 0x40, 0x10, 0x03,
	0x16, 0x23, 0x1A, 0x1E, 0x02, 0x01, 0x01, 0x04, 0x16, 0x32, 0x06, 0x01,
	0x0A, 0x1C, 0x01, 0x06, 0x0B, 0x1B, 0x0D, 0x15, 0x03, 0x02, 0x04, 0x04,
	0x0F, 0x04, 0x0D, 0x01, 0x08, 0x0B, 0x20, 0x02, 0x06, 0x0A, 0x0A, 0x3D,
	0x34, 0x03, 0x0B, 0x04, 0x03, 0x03, 0x02, 0x09, 0x17, 0x05, 0x24, 0x2A,
	0x12, 0x1E, 0x03, 0x05, 0x04, 0x01, 0x03, 0x09, 0x0C, 0x19, 0x08, 0x11,
	0x05, 0x04, 0x05, 0x0A, 0x10, 0x01, 0x19, 0x33, 0x04, 0x08, 0x07, 0x03,
	0x01, 0x09, 0x04, 0x02, 0x03, 0x06, 0x0D, 0x0A, 0x10, 0x01, 0x13, 0x24,
	0x0D, 0x1C, 0x01, 0x07, 0x01, 0x01, 0x08, 0x0D, 0x16, 0x02, 0x02, 0x0B,
	0x08, 0x0C, 0x15, 0x15, 0x09, 0x01, 0x07, 0x01, 0x38, 0x04, 0x1D, 0x1E,
	0x23, 0x43, 0x10, 0x20, 0x03, 0x07, 0x01, 0x09, 0x01, 0x19, 0x2F, 0x0A,
	0x15, 0x03, 0x15, 0x55, 0x02, 0x02, 0x02, 0x2E, 0x1D, 0x15, 0x0A, 0x0A,
	0x26, 0x4C, 0x13, 0x49, 0x14, 0x07, 0x03, 0x04, 0x33, 0x35, 0x02, 0x04,
	0x05, 0x01, 0x53, 0x1E, 0x15, 0x3D, 0x03, 0x15, 0x0E, 0x03, 0x03, 0x06,
	0x04, 0x0E, 0x22, 0x1D, 0x0C, 0x60, 0x06, 0x42, 0x19, 0x35, 0x02, 0x01,
	0x01, 0x2A, 0x50, 0x07, 0x37, 0x07, 0x1F, 0x1C, 0x05, 0x0A, 0x01, 0x01,
	0x03, 0x0A, 0x05, 0x0F, 0x07, 0x01, 0x04, 0x07, 0x11, 0x02, 0x06, 0x01,
	0x0B, 0x0A, 0x05, 0x08, 0x03, 0x0A, 0x20, 0x10, 0x0E, 0x01, 0x03, 0x06,
	0x0B, 0x03, 0x07, 0x0C, 0x02, 0x09, 0x0C, 0x01, 0x03, 0x02, 0x01, 0x09,
	0x01, 0x02, 0x0F, 0x02, 0x03, 0x05, 0x05, 0x03, 0x07, 0x03, 0xFE, 0x74,
	0x63, 0x15, 0x2D, 0x01, 0x8E, 0x0D, 0x19, 0x0C, 0x15, 0x02, 0x16, 0x29,
	0x02, 0x62, 0x03, 0x06, 0x69, 0x0C, 0x2E, 0x0C, 0x07, 0x0A, 0x0D, 0x05,
	0x33, 0x52, 0x0B, 0x67, 0x0E, 0x32, 0x0E, 0x05, 0x08, 0x2C, 0x41, 0x46,
	0x1B, 0xF6, 0x07, 0x52, 0x07, 0x0D, 0x76, 0x1F, 0x4A, 0x69, 0x0F, 0x26,
	0x06, 0x0E, 0x13, 0x17, 0x59, 0x24, 0x47, 0x03, 0x03, 0x15, 0x2D, 0x0D,
	0x3E, 0x0E, 0x02, 0x10, 0x17, 0x2D, 0x36, 0x6A, 0x11, 0x09, 0x03, 0x01,
	0x02, 0x05, 0x0F, 0x1B, 0x23, 0x0D, 0x1D, 0x03, 0x0F, 0x0A, 0x0A, 0x09,
	0x0A, 0x06, 0x04, 0x03, 0x02, 0x0A, 0x54, 0x08, 0x12, 0x03, 0x05, 0x05,
	0x03, 0x02, 0x06, 0x10, 0x21, 0x02, 0x61, 0x1D, 0x39, 0x09, 0x01, 0x3F,
	0x07, 0x03, 0x0D, 0x04, 0x02, 0x05, 0x09, 0x01, 0x01, 0x01, 0x01, 0x01,
	0x04, 0x03, 0x0A, 0x01, 0x03, 0x04, 0x04, 0x02, 0x02, 0x03, 0x02, 0x08,
	0x08, 0x01, 0x02, 0x01, 0x04, 0x01, 0x0D, 0x03, 0x02, 0x05, 0x01, 0x03,
	0x03, 0x01, 0x08, 0x02, 0x04, 0x04, 0x02, 0x02, 0x06, 0x0F, 0x04, 0x09,
	0x0C, 0x02, 0x39, 0xDC, 0x0E, 0x19, 0x1F, 0x09, 0x01, 0x06, 0x15, 0x29,
	0x09, 0x03, 0x08, 0x0F, 0x02, 0x0D, 0x07, 0x0B, 0x07, 0x0F, 0x19, 0x04,
	0x12, 0x04, 0x10, 0x05, 0x04, 0x04, 0x0E, 0x1D, 0x0C, 0x07, 0x18, 0x04,
	0x07, 0x0B, 0x1A, 0x01, 0x07, 0x03, 0x06, 0x0A, 0x01, 0x03, 0x18, 0x32,
	0x04, 0x01, 0x07, 0x0B, 0x07, 0x0E, 0x01, 0x01, 0x03, 0x03, 0x01, 0x12,
	0x17, 0x2E, 0x02, 0x07, 0x03, 0x0A, 0x0D, 0x06, 0x07, 0x05, 0x01, 0x04,
	0x0F, 0x01, 0x05, 0x05, 0x23, 0x10, 0x01, 0x03, 0x05, 0x10, 0x08, 0x01,
	0x55, 0x29, 0x29, 0x05, 0x04, 0x05, 0x16, 0x03, 0x01, 0x08, 0x1B, 0x14,
	0x2D, 0x9F, 0x20, 0x10, 0x02, 0x1F, 0x0E, 0x1E, 0x02, 0x04, 0x14, 0x25,
	0x12, 0x25, 0x01, 0x0C, 0x02, 0x03, 0x01, 0x07, 0x15, 0x06, 0x0A, 0x0B,
	0x14, 0x48, 0x03, 0x05, 0x02, 0x02, 0x05, 0x17, 0x13, 0x0A, 0x2F, 0x05,
	0x0D, 0x05, 0x02, 0x01, 0x01, 0x10, 0x0C, 0x04, 0x0C, 0x17, 0x07, 0x02,
	0x01, 0x06, 0x01, 0x0D, 0x07, 0x11, 0x01, 0x01, 0x02, 0x10, 0x07, 0x10,
	0x09, 0x16, 0x03, 0x0C, 0x16, 0x0C, 0x01, 0x01, 0x04, 0x84, 0x07, 0x11,
	0x04, 0x05, 0x04, 0x03, 0x04, 0x04, 0x02, 0x0F, 0x88, 0x04, 0x0D, 0x0B,
	0x04, 0x05, 0x0B, 0x02, 0x02, 0x02, 0x01, 0x08, 0x05, 0x06, 0x09, 0x02,
	0x03, 0x03, 0x05, 0x05, 0x08, 0x08, 0x06, 0x0E, 0x03, 0x06, 0x04, 0x0A,
	0x08, 0x10, 0x04, 0x09, 0x03, 0x0A, 0x02, 0x05, 0x05, 0x03, 0x05, 0x03,
	0x05, 0x0A, 0x07, 0x06, 0x09, 0x11, 0x05, 0x12, 0x05, 0x07, 0x0E, 0x06,
	0x10, 0x01, 0x06, 0x0D, 0x01, 0x06, 0x0A, 0x04, 0x01, 0x01, 0x07, 0x0C,
	0x01, 0x11, 0x07, 0x0D, 0x08, 0x31, 0x60, 0x07, 0x1B, 0x36, 0x05, 0x0C,
	0x0D, 0x12, 0x73, 0x0A, 0x11, 0x39, 0x3B, 0x5E, 0x05, 0x08, 0x0E, 0x27,
	0x49, 0x04, 0x84, 0x03, 0x02, 0x0D, 0x02, 0x0F, 0x20, 0x24, 0x48, 0x34,
	0x6B, 0x03, 0x09, 0x05, 0x04, 0x01, 0x47, 0x14, 0x14, 0x40, 0x0E, 0x1D,
	0x02, 0x1A, 0x31, 0x09, 0x13, 0x63, 0x04, 0x01, 0x09, 0x15, 0x0C, 0x17,
	0x32, 0x05, 0x19, 0x06, 0x06, 0x06, 0x01, 0x9A, 0x01, 0x01, 0x02, 0x04,
	0x0D, 0x03, 0x03, 0x03, 0x0B, 0x0B, 0x0D, 0x02, 0x03, 0x09, 0x1E, 0x0E,
	0x01, 0x0B, 0x0E, 0x16, 0x11, 0x07, 0x07, 0x01, 0x04, 0x01, 0x06, 0x08,
	0x10, 0x02, 0x01, 0x04, 0x1C, 0x06, 0x09, 0x05, 0x91, 0x05, 0x09, 0x18,
	0x01, 0x11, 0x02, 0x2A, 0x01, 0x06, 0x04, 0x08, 0x05, 0x07, 0x04, 0x05,
	0x14, 0x18, 0x05, 0x01, 0x03, 0x0F, 0x04, 0x0C, 0x01, 0x09, 0x0B, 0x06,
	0x0C, 0x01, 0x04, 0x05, 0x12, 0x0A, 0x09, 0x0D, 0x31, 0x02, 0x04, 0x1B,
	0x12, 0x1A, 0x2C, 0x01, 0x05, 0x0A, 0x12, 0x06, 0x01, 0x0E, 0x02, 0x0A,
	0x1D, 0x07, 0x02, 0x0C, 0x04, 0x09, 0x03, 0x02, 0x04, 0x05, 0x05, 0x0D,
	0x05, 0x10, 0x01, 0x06, 0x0F, 0x06, 0x18, 0x00, 0x00, 0x2A, 0x00, 0x00,
	0xFF, 0xFF, 0x03, 0x14, 0x03, 0x20, 0x00, 0x15, 0x00, 0x2F, 0x00, 0x42,
	0x00, 0x58, 0x00, 0x6D, 0x00, 0xC0, 0x00, 0xD5, 0x00, 0xEF, 0x01, 0x0A,
	0x01, 0x29, 0x01, 0x2D, 0x01, 0x53, 0x01, 0x57, 0x01, 0x72, 0x01, 0x7B,
	0x01, 0xA6, 0x01, 0xBD, 0x01, 0xC8, 0x01, 0xCF, 0x01, 0xDF, 0x01, 0xEA,
	0x02, 0x53, 0x02, 0x57, 0x02, 0x66, 0x02, 0x6F, 0x02, 0x78, 0x02, 0x81,
	0x02, 0xA5, 0x02, 0xAA, 0x02, 0xB1, 0x02, 0xE6, 0x02, 0xFA, 0x03, 0x0B,
	0x03, 0x16, 0x03, 0x26, 0x03, 0x37, 0x03, 0x3D, 0x03, 0x44, 0x03, 0x51,
	0x03, 0x59, 0x03, 0x60, 0x03, 0x66, 0x00, 0x00, 0x01, 0x06, 0x07, 0x16,
	0x17, 0x07, 0x27, 0x06, 0x07, 0x36, 0x37, 0x26, 0x27, 0x37, 0x36, 0x37,
	0x36, 0x37, 0x17, 0x14, 0x17, 0x36, 0x17, 0x06, 0x07, 0x06, 0x07, 0x17,
	0x27, 0x06, 0x07, 0x27, 0x26, 0x36, 0x35, 0x34, 0x27, 0x26, 0x27, 0x36,
	0x17, 0x36, 0x37, 0x16, 0x17, 0x16, 0x17, 0x36, 0x17, 0x0E, 0x01, 0x15,
	0x14, 0x17, 0x15, 0x22, 0x27, 0x26, 0x31, 0x06, 0x07, 0x37, 0x27, 0x36,
	0x35, 0x1E, 0x01, 0x01, 0x06, 0x07, 0x06, 0x17, 0x16, 0x07, 0x27, 0x06,
	0x07, 0x30, 0x37, 0x26, 0x27, 0x33, 0x3E, 0x01, 0x37, 0x1E, 0x01, 0x17,
	0x16, 0x01, 0x06, 0x07, 0x16, 0x17, 0x07, 0x27, 0x06, 0x07, 0x34, 0x36,
	0x37, 0x26, 0x27, 0x37, 0x36, 0x37, 0x1E, 0x01, 0x17, 0x36, 0x17, 0x06,
	0x23, 0x22, 0x27, 0x2E, 0x01, 0x27, 0x26, 0x35, 0x34, 0x37, 0x36, 0x37,
	0x36, 0x37, 0x32, 0x33, 0x32, 0x16, 0x15, 0x14, 0x06, 0x07, 0x06, 0x07,
	0x06, 0x07, 0x06, 0x17, 0x16, 0x07, 0x16, 0x17, 0x16, 0x07, 0x06, 0x27,
	0x06, 0x15, 0x16, 0x17, 0x16, 0x17, 0x36, 0x33, 0x32, 0x17, 0x16, 0x17,
	0x16, 0x15, 0x14, 0x0E, 0x01, 0x07, 0x16, 0x17, 0x30, 0x37, 0x3E, 0x01,
	0x37, 0x36, 0x17, 0x16, 0x17, 0x06, 0x0F, 0x01, 0x06, 0x07, 0x16, 0x15,
	0x14, 0x07, 0x06, 0x15, 0x14, 0x17, 0x16, 0x17, 0x16, 0x01, 0x06, 0x07,
	0x1E, 0x01, 0x07, 0x27, 0x07, 0x36, 0x37, 0x2E, 0x01, 0x27, 0x30, 0x37,
	0x36, 0x37, 0x16, 0x17, 0x16, 0x36, 0x07, 0x0E, 0x01, 0x07, 0x16, 0x17,
	0x16, 0x31, 0x07, 0x26, 0x27, 0x0E, 0x01, 0x07, 0x37, 0x2E, 0x01, 0x2F,
	0x01, 0x3E, 0x01, 0x37, 0x36, 0x37, 0x17, 0x32, 0x13, 0x06, 0x07, 0x16,
	0x17, 0x16, 0x07, 0x27, 0x06, 0x07, 0x06, 0x07, 0x36, 0x37, 0x26, 0x27,
	0x36, 0x37, 0x36, 0x3F, 0x01, 0x33, 0x32, 0x17, 0x16, 0x17, 0x16, 0x01,
	0x23, 0x26, 0x27, 0x0F, 0x01, 0x16, 0x17, 0x07, 0x36, 0x37, 0x16, 0x07,
	0x16, 0x37, 0x36, 0x17, 0x16, 0x33, 0x32, 0x37, 0x14, 0x17, 0x06, 0x26,
	0x27, 0x16, 0x17, 0x26, 0x27, 0x36, 0x07, 0x06, 0x07, 0x36, 0x17, 0x22,
	0x2F, 0x01, 0x06, 0x07, 0x06, 0x26, 0x07, 0x17, 0x07, 0x37, 0x23, 0x34,
	0x37, 0x17, 0x06, 0x07, 0x37, 0x32, 0x17, 0x27, 0x06, 0x23, 0x26, 0x27,
	0x26, 0x35, 0x34, 0x37, 0x16, 0x33, 0x32, 0x37, 0x16, 0x17, 0x27, 0x36,
	0x27, 0x26, 0x37, 0x07, 0x05, 0x23, 0x06, 0x27, 0x16, 0x07, 0x17, 0x36,
	0x33, 0x32, 0x16, 0x33, 0x32, 0x37, 0x33, 0x35, 0x23, 0x36, 0x17, 0x16,
	0x17, 0x06, 0x23, 0x17, 0x26, 0x07, 0x36, 0x0F, 0x01, 0x26, 0x23, 0x30,
	0x31, 0x14, 0x07, 0x36, 0x01, 0x27, 0x26, 0x27, 0x26, 0x31, 0x07, 0x06,
	0x27, 0x26, 0x07, 0x16, 0x17, 0x06, 0x07, 0x36, 0x37, 0x16, 0x17, 0x35,
	0x16, 0x07, 0x2E, 0x01, 0x23, 0x22, 0x07, 0x06, 0x27, 0x36, 0x37, 0x36,
	0x16, 0x31, 0x37, 0x36, 0x16, 0x17, 0x37, 0x32, 0x17, 0x26, 0x36, 0x01,
	0x26, 0x23, 0x22, 0x07, 0x16, 0x07, 0x06, 0x31, 0x06, 0x07, 0x22, 0x27,
	0x15, 0x16, 0x33, 0x35, 0x36, 0x37, 0x27, 0x3E, 0x01, 0x37, 0x17, 0x27,
	0x26, 0x27, 0x0F, 0x01, 0x17, 0x07, 0x37, 0x17, 0x27, 0x25, 0x34, 0x27,
	0x26, 0x31, 0x07, 0x36, 0x17, 0x22, 0x27, 0x16, 0x07, 0x22, 0x27, 0x16,
	0x15, 0x14, 0x06, 0x07, 0x17, 0x32, 0x37, 0x36, 0x27, 0x34, 0x26, 0x27,
	0x30, 0x27, 0x26, 0x07, 0x16, 0x17, 0x36, 0x01, 0x2E, 0x01, 0x35, 0x34,
	0x37, 0x36, 0x15, 0x34, 0x27, 0x06, 0x07, 0x06, 0x15, 0x14, 0x17, 0x07,
	0x16, 0x07, 0x26, 0x27, 0x36, 0x26, 0x35, 0x34, 0x37, 0x23, 0x26, 0x35,
	0x34, 0x37, 0x26, 0x27, 0x06, 0x27, 0x37, 0x16, 0x33, 0x32, 0x37, 0x36,
	0x37, 0x34, 0x27, 0x26, 0x23, 0x22, 0x07, 0x06, 0x07, 0x06, 0x07, 0x06,
	0x27, 0x16, 0x33, 0x32, 0x35, 0x14, 0x07, 0x06, 0x27, 0x26, 0x35, 0x34,
	0x37, 0x36, 0x33, 0x32, 0x16, 0x33, 0x32, 0x27, 0x26, 0x27, 0x06, 0x07,
	0x26, 0x37, 0x26, 0x37, 0x36, 0x37, 0x34, 0x27, 0x26, 0x37, 0x36, 0x37,
	0x26, 0x36, 0x35, 0x26, 0x23, 0x06, 0x07, 0x06, 0x15, 0x14, 0x17, 0x16,
	0x17, 0x16, 0x33, 0x32, 0x03, 0x06, 0x07, 0x36, 0x17, 0x27, 0x14, 0x07,
	0x15, 0x06, 0x27, 0x17, 0x14, 0x07, 0x06, 0x27, 0x17, 0x32, 0x36, 0x27,
	0x30, 0x27, 0x26, 0x07, 0x06, 0x07, 0x06, 0x1F, 0x01, 0x22, 0x07, 0x27,
	0x06, 0x17, 0x06, 0x07, 0x32, 0x27, 0x07, 0x06, 0x27, 0x06, 0x07, 0x16,
	0x37, 0x36, 0x27, 0x07, 0x06, 0x27, 0x26, 0x31, 0x07, 0x06, 0x22, 0x07,
	0x1E, 0x01, 0x17, 0x37, 0x36, 0x17, 0x16, 0x07, 0x34, 0x27, 0x14, 0x07,
	0x16, 0x3E, 0x01, 0x33, 0x32, 0x17, 0x27, 0x37, 0x17, 0x16, 0x07, 0x27,
	0x17, 0x27, 0x07, 0x23, 0x17, 0x07, 0x36, 0x17, 0x27, 0x16, 0x07, 0x27,
	0x06, 0x2F, 0x01, 0x26, 0x35, 0x34, 0x37, 0x07, 0x27, 0x34, 0x36, 0x35,
	0x34, 0x27, 0x37, 0x06, 0x23, 0x22, 0x27, 0x26, 0x27, 0x07, 0x06, 0x07,
	0x16, 0x17, 0x07, 0x36, 0x37, 0x36, 0x17, 0x27, 0x07, 0x23, 0x26, 0x35,
	0x34, 0x36, 0x35, 0x34, 0x27, 0x26, 0x27, 0x37, 0x32, 0x36, 0x33, 0x32,
	0x07, 0x1E, 0x01, 0x17, 0x37, 0x17, 0x16, 0x17, 0x27, 0x2E, 0x01, 0x27,
	0x0F, 0x01, 0x16, 0x17, 0x0E, 0x01, 0x07, 0x37, 0x36, 0x33, 0x32, 0x16,
	0x17, 0x27, 0x30, 0x01, 0x16, 0x15, 0x14, 0x06, 0x15, 0x07, 0x26, 0x23,
	0x22, 0x07, 0x0E, 0x01, 0x07, 0x06, 0x27, 0x36, 0x01, 0x26, 0x27, 0x06,
	0x31, 0x34, 0x37, 0x16, 0x3F, 0x01, 0x16, 0x01, 0x16, 0x06, 0x15, 0x06,
	0x07, 0x06, 0x07, 0x22, 0x27, 0x36, 0x37, 0x16, 0x36, 0x33, 0x16, 0x01,
	0x06, 0x23, 0x22, 0x27, 0x37, 0x16, 0x17, 0x16, 0x33, 0x32, 0x37, 0x36,
	0x35, 0x26, 0x33, 0x16, 0x01, 0x06, 0x07, 0x26, 0x37, 0x30, 0x17, 0x07,
	0x26, 0x37, 0x30, 0x17, 0x16, 0x17, 0x06, 0x17, 0x16, 0x15, 0x06, 0x27,
	0x26, 0x27, 0x37, 0x16, 0x17, 0x16, 0x07, 0x26, 0x27, 0x36, 0x16, 0x3F,
	0x01, 0x16, 0x27, 0x16, 0x07, 0x23, 0x30, 0x37, 0x36, 0x13, 0x26, 0x23,
	0x22, 0x07, 0x36, 0x02, 0x83, 0x0D, 0x1B, 0x0E, 0x04, 0x02, 0x33, 0x12,
	0x2A, 0x04, 0x1A, 0x25, 0x0F, 0x40, 0x04, 0x04, 0x03, 0x09, 0x0C, 0x08,
	0x13, 0x75, 0x04, 0x0B, 0x0E, 0x04, 0x0A, 0x2A, 0x0D, 0x1D, 0x02, 0x01,
	0x13, 0x12, 0x08, 0x0C, 0x22, 0x14, 0x04, 0x0E, 0x04, 0x05, 0x05, 0x0A,
	0x01, 0x5E, 0x01, 0x10, 0x05, 0x07, 0x08, 0x0D, 0x06, 0x10, 0x04, 0x1D,
	0x29, 0x04, 0x1D, 0xFE, 0x29, 0x0D, 0x19, 0x01, 0x02, 0x02, 0x05, 0x22,
	0x10, 0x21, 0x1B, 0x13, 0x10, 0x39, 0x04, 0x06, 0x06, 0x05, 0x04, 0x05,
	0x0F, 0x01, 0xAE, 0x0F, 0x13, 0x07, 0x09, 0x06, 0x26, 0x0E, 0x1E, 0x0E,
	0x02, 0x12, 0x1F, 0x37, 0x04, 0x0E, 0x05, 0x0A, 0x07, 0x18, 0x20, 0x39,
	0x51, 0x5D, 0x53, 0x56, 0x79, 0x0D, 0x08, 0x6D, 0x4B, 0x10, 0x37, 0x32,
	0x06, 0x06, 0x07, 0x05, 0x14, 0x02, 0x28, 0x10, 0x1B, 0x08, 0x03, 0x02,
	0x02, 0x01, 0x0A, 0x06, 0x03, 0x03, 0x04, 0x06, 0x02, 0x03, 0x0F, 0x07,
	0x0D, 0x2C, 0x18, 0x06, 0x07, 0x0D, 0x09, 0x02, 0x21, 0x32, 0x18, 0x0A,
	0x1F, 0x40, 0x02, 0x04, 0x0A, 0x03, 0x0D, 0x0B, 0x06, 0x02, 0x09, 0x12,
	0x0A, 0x22, 0x0E, 0x04, 0x0E, 0x0E, 0x4B, 0x76, 0x0A, 0xFE, 0x05, 0x09,
	0x12, 0x01, 0x0C, 0x01, 0x1C, 0x1E, 0x03, 0x03, 0x06, 0x1B, 0x05, 0x2C,
	0x01, 0x0B, 0x04, 0x04, 0x05, 0x19, 0x24, 0x04, 0x16, 0x0A, 0x09, 0x0A,
	0x0F, 0x02, 0x13, 0x29, 0x09, 0x1E, 0x0C, 0x0D, 0x06, 0x1C, 0x05, 0x1E,
	0x0A, 0x34, 0x0B, 0x05, 0x0B, 0x1E, 0x0F, 0x76, 0x0E, 0x1A, 0x01, 0x09,
	0x07, 0x01, 0x39, 0x0A, 0x0A, 0x0D, 0x0D, 0x03, 0x0B, 0x13, 0x23, 0x09,
	0x1D, 0x19, 0x0B, 0x0C, 0x06, 0x01, 0x08, 0x05, 0x0B, 0x12, 0x01, 0x9B,
	0x2C, 0x06, 0x0F, 0x0C, 0x38, 0x0F, 0x1F, 0x0C, 0x04, 0x0C, 0x03, 0x01,
	0x04, 0x04, 0x07, 0x0A, 0x0D, 0x01, 0x06, 0x04, 0x0E, 0x09, 0x16, 0x0A,
	0x0E, 0x1D, 0x06, 0x0C, 0x16, 0x33, 0x0D, 0x17, 0x0D, 0xAC, 0x01, 0x23,
	0x0E, 0x05, 0x05, 0x08, 0x24, 0x08, 0x24, 0x10, 0x0A, 0x02, 0x12, 0x06,
	0x02, 0x08, 0x0C, 0x01, 0x25, 0x02, 0x01, 0x05, 0x01, 0x0D, 0x09, 0x01,
	0x02, 0x03, 0x05, 0x06, 0x08, 0x02, 0x06, 0x0B, 0xAC, 0x06, 0x04, 0x08,
	0x01, 0x06, 0x08, 0x17, 0x05, 0x04, 0x1D, 0x11, 0x01, 0x02, 0x02, 0x05,
	0x03, 0x01, 0x02, 0x02, 0x02, 0x03, 0x07, 0x03, 0x05, 0x03, 0x01, 0x06,
	0x02, 0x01, 0x01, 0x1C, 0x02, 0x03, 0x01, 0x02, 0x03, 0xFE, 0x43, 0x22,
	0x06, 0x01, 0x03, 0x0A, 0x09, 0x10, 0x14, 0x08, 0x0C, 0x13, 0x08, 0x0F,
	0x0D, 0x1A, 0x0A, 0x16, 0x01, 0x03, 0x07, 0x15, 0x05, 0x06, 0x05, 0x07,
	0x07, 0x07, 0x09, 0x04, 0x04, 0x02, 0x05, 0x0A, 0x05, 0x08, 0x01, 0x03,
	0x04, 0x18, 0x01, 0x26, 0x04, 0x0B, 0x08, 0x03, 0x05, 0x01, 0x06, 0x04,
	0x02, 0x01, 0x03, 0x01, 0x05, 0x04, 0x0A, 0x06, 0x06, 0x06, 0x04, 0x83,
	0x2A, 0x06, 0x0A, 0x0C, 0x2F, 0x29, 0x10, 0x26, 0x24, 0x0E, 0xFE, 0xF6,
	0x05, 0x09, 0x02, 0x0A, 0x8F, 0x01, 0x03, 0x02, 0x02, 0x01, 0x03, 0x02,
	0x0B, 0x01, 0x02, 0x07, 0x03, 0x06, 0x6D, 0x0E, 0x02, 0x0E, 0x08, 0x06,
	0x09, 0x03, 0x0B, 0x01, 0x2D, 0x59, 0x78, 0x04, 0x0D, 0x01, 0x2A, 0x15,
	0x06, 0x06, 0x08, 0x03, 0x01, 0x01, 0x05, 0x01, 0x05, 0x08, 0x02, 0x01,
	0x1E, 0x26, 0x0B, 0x26, 0x0A, 0x02, 0x11, 0x15, 0x1A, 0x33, 0x26, 0x04,
	0x0E, 0x06, 0x06, 0x27, 0x2A, 0x06, 0x16, 0x19, 0x07, 0x0F, 0x1A, 0x06,
	0x0E, 0x15, 0x12, 0x18, 0x13, 0x02, 0x10, 0x0A, 0x0F, 0x06, 0x1B, 0x07,
	0x05, 0x01, 0x01, 0x01, 0x01, 0x05, 0x03, 0x01, 0x03, 0x01, 0x02, 0x06,
	0x08, 0x01, 0x05, 0x24, 0x4F, 0x01, 0x01, 0x01, 0x05, 0x5C, 0x6A, 0x6A,
	0x07, 0x0F, 0xA3, 0x6D, 0x6A, 0x46, 0xE3, 0x1E, 0x0C, 0x18, 0x6F, 0x06,
	0x04, 0x03, 0x01, 0x02, 0x02, 0x01, 0x03, 0x02, 0x05, 0x08, 0x80, 0x04,
	0x09, 0x25, 0x10, 0x0B, 0x04, 0x08, 0xBC, 0x02, 0x06, 0x02, 0x01, 0x03,
	0x02, 0x08, 0x0C, 0x6F, 0x04, 0x03, 0x05, 0x14, 0x23, 0x10, 0x13, 0x1E,
	0xB3, 0x11, 0x08, 0x05, 0x07, 0x04, 0x05, 0x1D, 0x04, 0x09, 0x13, 0x02,
	0x02, 0x04, 0x06, 0x01, 0x0D, 0x02, 0x04, 0x01, 0x06, 0x0C, 0x05, 0x03,
	0x03, 0x06, 0x0A, 0x06, 0x03, 0x05, 0x02, 0x0B, 0x0F, 0x14, 0x06, 0x02,
	0x0C, 0x04, 0x0A, 0x06, 0x03, 0x03, 0x02, 0x03, 0x05, 0x06, 0x0A, 0x06,
	0x02, 0x04, 0x08, 0x04, 0x02, 0x06, 0x05, 0x0C, 0x08, 0x0A, 0x05, 0x0E,
	0x16, 0x2B, 0x18, 0x2B, 0x0F, 0x18, 0x11, 0x04, 0x08, 0x0A, 0x1E, 0x04,
	0x01, 0x06, 0x01, 0x14, 0x21, 0x08, 0x02, 0x0B, 0x03, 0x07, 0x01, 0x0E,
	0x2D, 0x0A, 0x04, 0x08, 0x03, 0x6A, 0x2C, 0x0B, 0x09, 0x05, 0x0C, 0x3C,
	0x10, 0x1C, 0x01, 0x0C, 0x01, 0x16, 0x07, 0x0B, 0x09, 0x23, 0x07, 0x10,
	0x01, 0x1A, 0x04, 0x06, 0x16, 0x06, 0x0A, 0x03, 0x14, 0x0E, 0x1E, 0x0E,
	0x03, 0x05, 0x29, 0x01, 0x0B, 0x0A, 0x16, 0x10, 0x08, 0x0A, 0x0E, 0x04,
	0x04, 0xFE, 0xD4, 0x01, 0x0F, 0x0A, 0x02, 0x07, 0x02, 0x02, 0x04, 0x02,
	0x06, 0x06, 0x06, 0x03, 0x06, 0x01, 0x5A, 0x30, 0x40, 0x60, 0x50, 0x04,
	0x22, 0x22, 0x29, 0x1D, 0x1B, 0x17, 0x06, 0x01, 0x01, 0x23, 0xFE, 0x58,
	0x01, 0x05, 0x0A, 0x08, 0x10, 0x04, 0x09, 0x01, 0x0A, 0x01, 0xB2, 0x03,
	0x02, 0x01, 0x01, 0x07, 0x85, 0x26, 0x02, 0x05, 0x0D, 0x2A, 0x42, 0x15,
	0x0E, 0x03, 0x0D, 0x03, 0x02, 0x06, 0x2D, 0x01, 0x0D, 0x02, 0x06, 0x04,
	0xC0, 0x03, 0x05, 0x12, 0x01, 0x09, 0x02, 0xA9, 0x09, 0x0F, 0x1D, 0x1C,
	0x02, 0x1A, 0x13, 0x23, 0x14, 0x3A, 0x0C, 0x0F, 0x06, 0x05, 0x14, 0x11,
	0x04, 0x1A, 0x05, 0x0D, 0x01, 0xB5, 0x08, 0x06, 0x08, 0x04, 0x38, 0x22,
	0x0E, 0x16, 0x02, 0x08, 0x22, 0x07, 0x0C, 0x05, 0x04, 0x0A, 0x0A, 0x06,
	0x0E, 0x19, 0x0B, 0x0A, 0x0D, 0x03, 0x01, 0x86, 0x03, 0x0F, 0x05, 0x04,
	0x05, 0x0A, 0x05, 0x07, 0x08, 0x0E, 0x1A, 0x08, 0x0B, 0x1A, 0x0E, 0x03,
	0x01, 0x6D, 0x08, 0x14, 0x06, 0x10, 0x0D, 0x07, 0x1C, 0x08, 0x0C, 0x2A,
	0x0B, 0x11, 0x04, 0x17, 0x04, 0x03, 0x18, 0x04, 0x01, 0xFE, 0x24, 0x11,
	0x0C, 0x0E, 0x1E, 0x02, 0x18, 0x0F, 0x17, 0x0C, 0x26, 0x08, 0x06, 0x13,
	0x06, 0x0F, 0x1B, 0x04, 0x1B, 0x05, 0x01, 0xF5, 0x23, 0x29, 0x2A, 0xA1,
	0x5B, 0x22, 0x21, 0x75, 0x8D, 0x47, 0x0D, 0x2D, 0x0C, 0x0B, 0x05, 0x08,
	0x18, 0x05, 0x47, 0x25, 0x3E, 0x37, 0x03, 0x08, 0x09, 0x05, 0x02, 0x08,
	0x0D, 0x03, 0x01, 0x03, 0x02, 0x02, 0x04, 0x02, 0x05, 0x0D, 0x2C, 0x02,
	0x05, 0x0B, 0x0A, 0x0A, 0x21, 0x27, 0x11, 0x08, 0x2F, 0x27, 0x54, 0x0A,
	0x15, 0x01, 0x03, 0x03, 0x09, 0x0D, 0x09, 0x07, 0x02, 0x11, 0x2F, 0x07,
	0x09, 0x05, 0x03, 0x0F, 0x17, 0x17, 0x22, 0x6A, 0x09, 0x05, 0x02, 0x39,
	0x05, 0x0B, 0x04, 0x15, 0x07, 0x08, 0x1E, 0x0D, 0x1B, 0x06, 0x08, 0x04,
	0x08, 0x0D, 0x16, 0x09, 0x09, 0x0C, 0x03, 0xC5, 0x08, 0x11, 0x08, 0x0B,
	0x12, 0x1F, 0x02, 0x08, 0x0C, 0x06, 0x27, 0x05, 0x46, 0x06, 0x04, 0x02,
	0x0C, 0x07, 0x0E, 0x08, 0x1B, 0x13, 0x2A, 0xFE, 0xE0, 0x04, 0x0C, 0x08,
	0x17, 0x12, 0x0C, 0x26, 0x0C, 0x0C, 0x0F, 0x03, 0x16, 0x2B, 0x01, 0x0B,
	0x05, 0x07, 0x06, 0x0A, 0x28, 0x1B, 0x10, 0x05, 0x03, 0x02, 0x17, 0x0E,
	0x1A, 0x2E, 0x02, 0x07, 0x0E, 0x1E, 0x0B, 0x10, 0x03, 0x01, 0x08, 0x01,
	0x08, 0x05, 0x07, 0x09, 0x01, 0x1C, 0x01, 0x0C, 0x05, 0x08, 0x0E, 0x12,
	0x25, 0x0C, 0x2B, 0x09, 0x19, 0x0A, 0x69, 0x04, 0x1F, 0x0A, 0x17, 0x04,
	0x03, 0x03, 0x18, 0x2E, 0x0A, 0x07, 0x19, 0x04, 0x09, 0x07, 0x0A, 0x1E,
	0x0A, 0x02, 0x02, 0x09, 0x06, 0x06, 0x03, 0x02, 0x02, 0x0A, 0x0B, 0x11,
	0x20, 0x07, 0x6A, 0x04, 0x06, 0x14, 0xD4, 0x03, 0x10, 0x18, 0x01, 0x06,
	0x03, 0x06, 0x01, 0x04, 0x05, 0x01, 0x04, 0x0A, 0x02, 0x02, 0x1B, 0x09,
	0x09, 0x19, 0x02, 0x02, 0x04, 0x06, 0x03, 0x01, 0x94, 0x06, 0x04, 0x08,
	0x0E, 0x18, 0x05, 0x02, 0x03, 0x02, 0x06, 0x12, 0x0B, 0x17, 0x07, 0x0B,
	0x09, 0x0F, 0x10, 0x05, 0x07, 0x01, 0x14, 0x05, 0x07, 0x07, 0x08, 0x12,
	0x02, 0x0A, 0x02, 0x01, 0x0A, 0x05, 0x08, 0x0E, 0x0D, 0x12, 0xFE, 0x94,
	0x0A, 0x08, 0x03, 0x07, 0x04, 0x0C, 0x06, 0x02, 0x02, 0x02, 0x04, 0x05,
	0x05, 0x08, 0x02, 0x0C, 0x02, 0x68, 0x04, 0x09, 0x15, 0x24, 0x06, 0x13,
	0x32, 0x22, 0x16, 0x28, 0xEA, 0x05, 0x04, 0x05, 0x08, 0x02, 0x9B, 0x02,
	0x03, 0x05, 0x02, 0x02, 0x03, 0x03, 0x05, 0x01, 0x02, 0x08, 0x0C, 0x69,
	0x05, 0x0A, 0x03, 0x03, 0x02, 0x03, 0x08, 0x14, 0x01, 0xFE, 0x78, 0x11,
	0x68, 0x3A, 0x0D, 0x0D, 0x17, 0x01, 0x02, 0x03, 0x02, 0x37, 0x1E, 0x01,
	0x0A, 0x07, 0x08, 0x0B, 0x18, 0x01, 0x0C, 0x03, 0x0E, 0x03, 0x07, 0x03,
	0x08, 0x09, 0x28, 0x24, 0x2B, 0x37, 0x01, 0x0D, 0x02, 0x08, 0x13, 0x16,
	0x36, 0x09, 0x0D, 0x01, 0x41, 0x10, 0x03, 0x03, 0x0A, 0x02, 0x05, 0x06,
	0x01, 0x01, 0x08, 0x01, 0x20, 0x07, 0x07, 0x11, 0x19, 0x0A, 0x04, 0x06,
	0x04, 0x04, 0x01, 0x01, 0x03, 0x01, 0x05, 0x06, 0x06, 0x01, 0x02, 0x0F,
	0x06, 0x04, 0x93, 0x66, 0x02, 0x0C, 0x02, 0x03, 0x1A, 0x73, 0x90, 0x64,
	0x1E, 0x1F, 0xA1, 0x77, 0x3D, 0x01, 0xA8, 0x03, 0x1B, 0x03, 0x62, 0x02,
	0x03, 0x03, 0x04, 0x03, 0x01, 0x02, 0x02, 0x02, 0x01, 0x03, 0x02, 0x0B,
	0x7E, 0x12, 0x11, 0x01, 0x02, 0x18, 0x1D, 0x05, 0x75, 0x06, 0x02, 0x02,
	0x02, 0x05, 0x01, 0x95, 0x04, 0x01, 0x03, 0x06, 0x10, 0x08, 0x02, 0x08,
	0xD3, 0x02, 0x02, 0x08, 0x0E, 0x14, 0x06, 0x04, 0x03, 0x06, 0x07, 0x02,
	0x01, 0x03, 0x0D, 0x05, 0x05, 0x09, 0x01, 0x15, 0x01, 0x05, 0x13, 0x03,
	0x06, 0x08, 0x06, 0x04, 0x08, 0x02, 0x04, 0x1C, 0xB7, 0x02, 0x0C, 0x05,
	0x4A, 0x0C, 0x08, 0x02, 0x02, 0x02, 0x04, 0x1E, 0x14, 0x01, 0x05, 0x01,
	0x02, 0x04, 0x02, 0x07, 0x02, 0x03, 0x02, 0x02, 0x02, 0x11, 0x15, 0x04,
	0x30, 0x07, 0x0C, 0x04, 0x12, 0x3E, 0x16, 0x18, 0x01, 0x03, 0x04, 0x20,
	0x04, 0x05, 0x06, 0x1A, 0x06, 0x04, 0x03, 0x03, 0x0E, 0x04, 0x04, 0x08,
	0x02, 0x14, 0x03, 0x14, 0x08, 0x06, 0xED, 0x0A, 0x04, 0x1C, 0x0C, 0x2A,
	0x10, 0x02, 0x0A, 0x0B, 0x26, 0x0A, 0x16, 0x11, 0x1D, 0x02, 0x35, 0x02,
	0x9F, 0x03, 0x03, 0x03, 0x09, 0x03, 0x18, 0x0A, 0x06, 0x04, 0x1A, 0x0C,
	0x01, 0x03, 0x33, 0xFD, 0xE7, 0x05, 0x03, 0x0C, 0x09, 0x0D, 0x08, 0x06,
	0x04, 0x06, 0x01, 0x00, 0x05, 0x05, 0x04, 0x02, 0x01, 0x03, 0x06, 0x02,
	0x0A, 0x12, 0x02, 0x0C, 0x03, 0xFE, 0x2E, 0x19, 0x2F, 0x08, 0x0C, 0x0D,
	0x0E, 0x0B, 0x04, 0x08, 0x0E, 0x11, 0x01, 0x0B, 0x05, 0x03, 0x04, 0x0A,
	0x2A, 0x04, 0x04, 0x14, 0x06, 0x04, 0xD0, 0x02, 0x06, 0x08, 0x01, 0x04,
	0x01, 0x56, 0x74, 0x04, 0x0D, 0x18, 0x50, 0x4D, 0x09, 0x0F, 0x04, 0x05,
	0x05, 0x08, 0x0B, 0x01, 0x0C, 0x06, 0x0D, 0x07, 0x01, 0x87, 0x05, 0x13,
	0x04, 0x00, 0x00, 0x0E, 0x00, 0x01, 0xFF, 0xFE, 0x02, 0xD9, 0x03, 0x20,
	0x00, 0xFE, 0x02, 0x7C, 0x02, 0x91, 0x02, 0x99, 0x02, 0x9F, 0x02, 0xA7,
	0x02, 0xB1, 0x02, 0xBF, 0x02, 0xC8, 0x02, 0xD4, 0x02, 0xDE, 0x02, 0xE6,
	0x02, 0xEF, 0x02, 0xF6, 0x00, 0x00, 0x01, 0x16, 0x06, 0x15, 0x06, 0x07,
	0x06, 0x07, 0x06, 0x07, 0x06, 0x35, 0x36, 0x17, 0x16, 0x17, 0x16, 0x33,
	0x32, 0x37, 0x33, 0x30, 0x07, 0x06, 0x07, 0x06, 0x27, 0x22, 0x27, 0x06,
	0x07, 0x06, 0x07, 0x36, 0x17, 0x1E, 0x01, 0x37, 0x06, 0x07, 0x06, 0x23,
	0x22, 0x27, 0x26, 0x27, 0x06, 0x26, 0x07, 0x15, 0x06, 0x27, 0x34, 0x23,
	0x35, 0x06, 0x27, 0x0E, 0x01, 0x07, 0x36, 0x37, 0x36, 0x37, 0x26, 0x07,
	0x06, 0x07, 0x06, 0x23, 0x22, 0x27, 0x06, 0x07, 0x06, 0x31, 0x26, 0x37,
	0x36, 0x37, 0x36, 0x37, 0x36, 0x37, 0x36, 0x37, 0x30, 0x07, 0x06, 0x07,
	0x06, 0x23, 0x22, 0x27, 0x22, 0x07, 0x30, 0x37, 0x36, 0x37, 0x36, 0x37,
	0x36, 0x33, 0x32, 0x17, 0x36, 0x37, 0x22, 0x27, 0x26, 0x23, 0x22, 0x06,
	0x23, 0x22, 0x27, 0x26, 0x35, 0x30, 0x17, 0x16, 0x33, 0x32, 0x37, 0x36,
	0x37, 0x36, 0x17, 0x1E, 0x01, 0x17, 0x30, 0x37, 0x26, 0x27, 0x26, 0x35,
	0x34, 0x36, 0x35, 0x34, 0x27, 0x26, 0x27, 0x26, 0x27, 0x26, 0x35, 0x34,
	0x37, 0x33, 0x16, 0x17, 0x16, 0x1F, 0x01, 0x16, 0x07, 0x06, 0x17, 0x16,
	0x31, 0x26, 0x37, 0x36, 0x37, 0x36, 0x35, 0x34, 0x2E, 0x01, 0x35, 0x34,
	0x37, 0x36, 0x37, 0x33, 0x16, 0x17, 0x16, 0x15, 0x14, 0x06, 0x15, 0x14,
	0x17, 0x36, 0x35, 0x36, 0x37, 0x36, 0x37, 0x36, 0x27, 0x26, 0x37, 0x36,
	0x37, 0x14, 0x06, 0x07, 0x06, 0x17, 0x0E, 0x01, 0x07, 0x06, 0x07, 0x06,
	0x17, 0x36, 0x37, 0x36, 0x37, 0x36, 0x37, 0x36, 0x3F, 0x01, 0x06, 0x07,
	0x06, 0x15, 0x1C, 0x01, 0x15, 0x14, 0x07, 0x06, 0x07, 0x06, 0x15, 0x36,
	0x33, 0x32, 0x17, 0x16, 0x37, 0x35, 0x33, 0x16, 0x07, 0x06, 0x07, 0x06,
	0x07, 0x32, 0x37, 0x36, 0x33, 0x32, 0x16, 0x37, 0x36, 0x33, 0x06, 0x27,
	0x26, 0x23, 0x22, 0x07, 0x27, 0x36, 0x37, 0x36, 0x37, 0x36, 0x37, 0x34,
	0x37, 0x06, 0x23, 0x26, 0x23, 0x22, 0x07, 0x27, 0x26, 0x37, 0x3E, 0x01,
	0x35, 0x36, 0x35, 0x37, 0x0E, 0x01, 0x07, 0x0E, 0x02, 0x07, 0x16, 0x07,
	0x30, 0x26, 0x35, 0x34, 0x37, 0x36, 0x37, 0x36, 0x27, 0x26, 0x37, 0x07,
	0x06, 0x15, 0x34, 0x17, 0x16, 0x07, 0x06, 0x07, 0x06, 0x15, 0x14, 0x16,
	0x07, 0x30, 0x27, 0x26, 0x27, 0x26, 0x35, 0x34, 0x36, 0x35, 0x34, 0x27,
	0x26, 0x27, 0x06, 0x07, 0x06, 0x15, 0x14, 0x16, 0x15, 0x14, 0x06, 0x15,
	0x14, 0x17, 0x14, 0x16, 0x07, 0x06, 0x23, 0x30, 0x27, 0x26, 0x35, 0x34,
	0x36, 0x35, 0x26, 0x27, 0x26, 0x27, 0x26, 0x27, 0x26, 0x27, 0x06, 0x15,
	0x14, 0x17, 0x1E, 0x02, 0x15, 0x14, 0x06, 0x15, 0x16, 0x17, 0x0F, 0x01,
	0x2E, 0x01, 0x27, 0x26, 0x23, 0x22, 0x07, 0x0E, 0x01, 0x27, 0x22, 0x27,
	0x16, 0x17, 0x16, 0x33, 0x32, 0x36, 0x33, 0x16, 0x17, 0x16, 0x17, 0x16,
	0x37, 0x36, 0x17, 0x16, 0x07, 0x22, 0x23, 0x22, 0x07, 0x06, 0x07, 0x26,
	0x07, 0x06, 0x07, 0x36, 0x17, 0x16, 0x33, 0x32, 0x37, 0x3E, 0x01, 0x17,
	0x1E, 0x01, 0x07, 0x06, 0x07, 0x06, 0x07, 0x06, 0x17, 0x36, 0x37, 0x36,
	0x33, 0x32, 0x16, 0x33, 0x32, 0x37, 0x32, 0x36, 0x33, 0x32, 0x17, 0x06,
	0x07, 0x06, 0x07, 0x37, 0x36, 0x37, 0x36, 0x17, 0x32, 0x27, 0x26, 0x35,
	0x34, 0x36, 0x37, 0x06, 0x27, 0x26, 0x27, 0x26, 0x07, 0x06, 0x07, 0x06,
	0x27, 0x36, 0x37, 0x3E, 0x01, 0x27, 0x26, 0x27, 0x30, 0x36, 0x27, 0x26,
	0x31, 0x27, 0x34, 0x36, 0x37, 0x36, 0x37, 0x36, 0x37, 0x36, 0x35, 0x34,
	0x26, 0x27, 0x36, 0x23, 0x36, 0x27, 0x30, 0x07, 0x22, 0x27, 0x36, 0x37,
	0x2E, 0x01, 0x37, 0x26, 0x31, 0x16, 0x33, 0x32, 0x36, 0x33, 0x27, 0x34,
	0x37, 0x16, 0x17, 0x26, 0x27, 0x36, 0x37, 0x14, 0x17, 0x16, 0x17, 0x16,
	0x33, 0x32, 0x36, 0x33, 0x36, 0x27, 0x26, 0x37, 0x16, 0x17, 0x3E, 0x01,
	0x37, 0x16, 0x06, 0x17, 0x16, 0x17, 0x3E, 0x02, 0x31, 0x06, 0x07, 0x06,
	0x15, 0x14, 0x1E, 0x01, 0x15, 0x14, 0x07, 0x22, 0x06, 0x07, 0x36, 0x17,
	0x06, 0x07, 0x06, 0x17, 0x16, 0x33, 0x06, 0x07, 0x06, 0x07, 0x16, 0x17,
	0x06, 0x0F, 0x01, 0x06, 0x15, 0x14, 0x16, 0x17, 0x16, 0x23, 0x26, 0x07,
	0x37, 0x17, 0x16, 0x33, 0x32, 0x37, 0x06, 0x27, 0x26, 0x27, 0x06, 0x27,
	0x36, 0x37, 0x16, 0x17, 0x16, 0x33, 0x32, 0x37, 0x36, 0x37, 0x36, 0x37,
	0x06, 0x27, 0x26, 0x07, 0x26, 0x06, 0x07, 0x26, 0x31, 0x36, 0x37, 0x36,
	0x37, 0x36, 0x37, 0x36, 0x07, 0x2E, 0x01, 0x27, 0x37, 0x26, 0x27, 0x26,
	0x07, 0x06, 0x07, 0x06, 0x15, 0x14, 0x17, 0x1E, 0x01, 0x17, 0x32, 0x37,
	0x36, 0x03, 0x35, 0x26, 0x37, 0x26, 0x0F, 0x01, 0x16, 0x17, 0x35, 0x06,
	0x27, 0x17, 0x32, 0x13, 0x26, 0x07, 0x34, 0x36, 0x37, 0x36, 0x1F, 0x01,
	0x06, 0x07, 0x30, 0x07, 0x22, 0x27, 0x36, 0x37, 0x36, 0x27, 0x32, 0x27,
	0x26, 0x07, 0x22, 0x35, 0x36, 0x37, 0x36, 0x17, 0x16, 0x36, 0x1F, 0x01,
	0x07, 0x27, 0x37, 0x34, 0x27, 0x30, 0x17, 0x16, 0x27, 0x06, 0x07, 0x06,
	0x31, 0x26, 0x27, 0x36, 0x33, 0x32, 0x17, 0x16, 0x17, 0x14, 0x07, 0x06,
	0x23, 0x22, 0x27, 0x36, 0x17, 0x3F, 0x01, 0x26, 0x23, 0x22, 0x07, 0x17,
	0x3E, 0x01, 0x07, 0x26, 0x23, 0x22, 0x07, 0x16, 0x17, 0x16, 0x1F, 0x01,
	0x22, 0x26, 0x23, 0x16, 0x33, 0x36, 0x02, 0xD8, 0x01, 0x04, 0x0C, 0x3C,
	0x28, 0x05, 0x19, 0x0C, 0x0A, 0x15, 0x1B, 0x0C, 0x1D, 0x18, 0x12, 0x0A,
	0x0B, 0x04, 0x16, 0x0E, 0x12, 0x24, 0x2F, 0x07, 0x0E, 0x15, 0x04, 0x0E,
	0x03, 0x0C, 0x18, 0x0B, 0x1A, 0x0E, 0x05, 0x0C, 0x12, 0x16, 0x14, 0x1F,
	0x28, 0x0A, 0x04, 0x18, 0x04, 0x03, 0x12, 0x03, 0x0C, 0x17, 0x14, 0x16,
	0x28, 0x03, 0x04, 0x04, 0x10, 0x12, 0x12, 0x04, 0x19, 0x11, 0x20, 0x07,
	0x29, 0x1C, 0x18, 0x06, 0x01, 0x25, 0x03, 0x24, 0x18, 0x06, 0x04, 0x0F,
	0x0D, 0x0D, 0x11, 0x12, 0x12, 0x16, 0x13, 0x22, 0x28, 0x29, 0x14, 0x02,
	0x06, 0x04, 0x09, 0x0E, 0x24, 0x24, 0x0A, 0x0B, 0x33, 0x12, 0x22, 0x14,
	0x0A, 0x10, 0x07, 0x1D, 0x07, 0x0E, 0x0B, 0x1C, 0x0D, 0x0A, 0x0A, 0x11,
	0x15, 0x21, 0x03, 0x15, 0x12, 0x08, 0x12, 0x0E, 0x12, 0x06, 0x0A, 0x02,
	0x07, 0x09, 0x06, 0x1F, 0x17, 0x05, 0x01, 0x0D, 0x03, 0x09, 0x0A, 0x0C,
	0x13, 0x25, 0x17, 0x01, 0x08, 0x10, 0x0E, 0x0B, 0x02, 0x02, 0x11, 0x0F,
	0x10, 0x13, 0x0C, 0x0F, 0x02, 0x04, 0x01, 0x3A, 0x04, 0x17, 0x15, 0x01,
	0x01, 0x09, 0x05, 0x28, 0x1C, 0x05, 0x0E, 0x05, 0x0E, 0x1A, 0x07, 0x01,
	0x01, 0x1C, 0x01, 0x01, 0x08, 0x10, 0x10, 0x12, 0x01, 0x0B, 0x1A, 0x15,
	0x16, 0x0E, 0x0F, 0x13, 0x1E, 0x20, 0x03, 0x07, 0x13, 0x0B, 0x05, 0x26,
	0x1A, 0x18, 0x27, 0x1A, 0x1E, 0x13, 0x1A, 0x04, 0x07, 0x0C, 0x0C, 0x2B,
	0x25, 0x0B, 0x02, 0x10, 0x08, 0x07, 0x0D, 0x31, 0x0F, 0x0C, 0x14, 0x25,
	0x15, 0x1B, 0x19, 0x14, 0x10, 0x02, 0x09, 0x0E, 0x06, 0x2A, 0x1E, 0x09,
	0x02, 0x1A, 0x0C, 0x35, 0x0E, 0x2B, 0x16, 0x03, 0x01, 0x1F, 0x27, 0x0F,
	0x01, 0x12, 0x0C, 0x29, 0x0C, 0x0A, 0x0F, 0x4B, 0x08, 0x01, 0x04, 0x07,
	0x12, 0x11, 0x11, 0x0F, 0x08, 0x1C, 0x02, 0x0F, 0x09, 0x0B, 0x02, 0x17,
	0x14, 0x13, 0x14, 0x08, 0x01, 0x05, 0x08, 0x0F, 0x09, 0x19, 0x06, 0x37,
	0x02, 0x02, 0x0C, 0x0A, 0x22, 0x23, 0x03, 0x09, 0x03, 0x03, 0x03, 0x13,
	0x09, 0x03, 0x06, 0x11, 0x11, 0x10, 0x11, 0x0D, 0x0A, 0x0A, 0x0A, 0x06,
	0x07, 0x2D, 0x11, 0x06, 0x01, 0x14, 0x04, 0x1A, 0x0F, 0x1B, 0x12, 0x05,
	0x04, 0x0A, 0x1B, 0x0A, 0x14, 0x0A, 0x0B, 0x13, 0x01, 0x0D, 0x0C, 0x16,
	0x07, 0x20, 0x07, 0x0F, 0x0B, 0x0D, 0x06, 0x12, 0x17, 0x0B, 0x01, 0x02,
	0x03, 0x04, 0x03, 0x05, 0x01, 0x12, 0x31, 0x41, 0x25, 0x12, 0x0E, 0x17,
	0x22, 0x32, 0x19, 0x17, 0x11, 0x0D, 0x1C, 0x0D, 0x01, 0x09, 0x02, 0x0F,
	0x1B, 0x13, 0x2E, 0x33, 0x04, 0x08, 0x10, 0x0C, 0x0F, 0x08, 0x21, 0x08,
	0x08, 0x06, 0x14, 0x38, 0x13, 0x07, 0x08, 0x11, 0x06, 0x02, 0x05, 0x17,
	0x0F, 0x0E, 0x13, 0x12, 0x01, 0x25, 0x01, 0x0B, 0x01, 0x0B, 0x04, 0x06,
	0x06, 0x0E, 0x0E, 0x06, 0x07, 0x07, 0x04, 0x03, 0x11, 0x06, 0x0B, 0x01,
	0x0A, 0x0F, 0x08, 0x02, 0x05, 0x44, 0x0B, 0x01, 0x12, 0x08, 0x0E, 0x06,
	0x04, 0x11, 0x01, 0x07, 0x01, 0x04, 0x06, 0x18, 0x0E, 0x06, 0x22, 0x1D,
	0x01, 0x18, 0x01, 0x02, 0x0F, 0x09, 0x04, 0x11, 0x03, 0x03, 0x04, 0x08,
	0x11, 0x06, 0x02, 0x01, 0x07, 0x01, 0x04, 0x0D, 0x06, 0x13, 0x06, 0x19,
	0x05, 0x01, 0x05, 0x02, 0x04, 0x10, 0x1D, 0x03, 0x1A, 0x03, 0x03, 0x06,
	0x03, 0x03, 0x0F, 0x08, 0x1A, 0x1A, 0x0B, 0x11, 0x01, 0x0C, 0x02, 0x0C,
	0x02, 0x04, 0x01, 0x0E, 0x0D, 0x03, 0x13, 0x03, 0x01, 0x0B, 0x01, 0x02,
	0x04, 0x15, 0x06, 0x10, 0x0D, 0x0F, 0x24, 0x04, 0x03, 0x15, 0x02, 0x02,
	0x02, 0x1D, 0x1C, 0x09, 0x2E, 0x15, 0x18, 0x22, 0x18, 0x0E, 0x0F, 0x12,
	0x09, 0x0B, 0x13, 0x05, 0x31, 0x01, 0x27, 0x19, 0x12, 0x09, 0x09, 0x0D,
	0x0B, 0x11, 0x02, 0x25, 0x19, 0x20, 0x0D, 0x0C, 0x18, 0x0A, 0x03, 0x05,
	0x11, 0x12, 0x25, 0x2A, 0x0F, 0x1D, 0xDD, 0x01, 0x01, 0x08, 0x01, 0x0E,
	0x30, 0x28, 0x2A, 0x33, 0x04, 0x03, 0x46, 0x0C, 0x1C, 0x0E, 0x01, 0x13,
	0x3C, 0x4F, 0x03, 0x01, 0x05, 0x07, 0x01, 0x05, 0x0A, 0x06, 0x09, 0x01,
	0x02, 0x53, 0x20, 0x0D, 0x08, 0x01, 0x0D, 0x17, 0x0B, 0x08, 0x1C, 0x0F,
	0x09, 0x04, 0x09, 0x1E, 0x0A, 0x60, 0x03, 0x19, 0x1D, 0x18, 0x01, 0x0F,
	0x15, 0x01, 0x03, 0x05, 0x05, 0x1A, 0x2C, 0x11, 0x04, 0x10, 0x06, 0x05,
	0x02, 0x1A, 0x04, 0x0A, 0x10, 0x26, 0x19, 0x17, 0x11, 0x0B, 0x08, 0x0C,
	0x3B, 0x0C, 0x04, 0x04, 0x0C, 0x17, 0x03, 0x02, 0x01, 0x64, 0x05, 0x06,
	0x12, 0x12, 0x04, 0x0C, 0x1B, 0x5D, 0x1B, 0x17, 0x0E, 0x0B, 0x08, 0x10,
	0x0C, 0x0D, 0x40, 0x06, 0x16, 0x06, 0x08, 0x12, 0x08, 0x01, 0xD7, 0x04,
	0x0C, 0x02, 0x2A, 0x02, 0x01, 0x01, 0x04, 0x10, 0x19, 0x01, 0x14, 0x02,
	0x04, 0x17, 0x13, 0x06, 0x21, 0x14, 0x02, 0x05, 0x15, 0x02, 0x07, 0x02,
	0x07, 0x0D, 0x01, 0x06, 0x0A, 0x16, 0x03, 0x05, 0x08, 0x0B, 0x0A, 0x0C,
	0x02, 0x03, 0x01, 0x06, 0xE5, 0x06, 0x04, 0x01, 0xE1, 0x01, 0x02, 0x05,
	0x1D, 0x08, 0x14, 0x14, 0x18, 0x0A, 0x03, 0x0E, 0x04, 0x19, 0x11, 0x05,
	0x05, 0x10, 0x04, 0x36, 0x13, 0x03, 0x11, 0x0C, 0x14, 0x0D, 0x0B, 0x08,
	0x08, 0x02, 0x0A, 0x0B, 0x0D, 0x12, 0x1D, 0x15, 0x15, 0x09, 0x10, 0x08,
	0x14, 0x02, 0x03, 0x17, 0x2A, 0x0C, 0x07, 0x0B, 0x1C, 0x13, 0x06, 0x05,
	0x0F, 0x17, 0x01, 0x02, 0x0E, 0x0E, 0x1C, 0x02, 0x02, 0x07, 0x0F, 0x07,
	0x07, 0x08, 0x1E, 0x07, 0x0D, 0x0A, 0x07, 0x13, 0x0F, 0x13, 0x07, 0x08,
	0x0B, 0x2A, 0x15, 0x14, 0x18, 0x0A, 0x09, 0x16, 0x0A, 0x2F, 0x0F, 0x05,
	0x0E, 0x1D, 0x0B, 0x19, 0x16, 0x0E, 0x0C, 0x15, 0x18, 0x0B, 0x09, 0x17,
	0x1B, 0x09, 0x31, 0x33, 0x09, 0x0A, 0x0E, 0x33, 0x0C, 0x14, 0x0E, 0x10,
	0x0F, 0x14, 0x09, 0x08, 0x19, 0x12, 0x1A, 0x1B, 0x11, 0x1E, 0x09, 0x03,
	0x07, 0x02, 0x14, 0x31, 0x0E, 0x1E, 0x08, 0x0D, 0x0D, 0x11, 0x11, 0x12,
	0x08, 0x07, 0x07, 0x1C, 0x1C, 0x21, 0x06, 0x06, 0x03, 0x06, 0x0E, 0x20,
	0x04, 0x0F, 0x04, 0x1A, 0x0E, 0x06, 0x1B, 0x13, 0x17, 0x13, 0x08, 0x02,
	0x12, 0x05, 0x11, 0x16, 0x0F, 0x0E, 0x0C, 0x19, 0x04, 0x02, 0x11, 0x01,
	0x02, 0x07, 0x04, 0x0D, 0x0A, 0x03, 0x17, 0x09, 0x04, 0x0F, 0x0B, 0x14,
	0x07, 0x0D, 0x11, 0x08, 0x1A, 0x02, 0x1C, 0x16, 0x1D, 0x1B, 0x1A, 0x25,
	0x05, 0x16, 0x02, 0x0F, 0x17, 0x13, 0x2A, 0x11, 0x15, 0x07, 0x0B, 0x0B,
	0x07, 0x13, 0x13, 0x0F, 0x0F, 0x1C, 0x19, 0x2B, 0x16, 0x0F, 0x09, 0x0D,
	0x03, 0x2D, 0x17, 0x0F, 0x0B, 0x0C, 0x10, 0x1E, 0x0D, 0x19, 0x02, 0x04,
	0x07, 0x11, 0x0C, 0x0D, 0x0D, 0x30, 0x0D, 0x0B, 0x0A, 0x2F, 0x2B, 0x08,
	0x15, 0x11, 0x0C, 0x0D, 0x2A, 0x0D, 0x0D, 0x37, 0x11, 0x09, 0x09, 0x02,
	0x0C, 0x03, 0x01, 0x0C, 0x09, 0x10, 0x06, 0x1C, 0x07, 0x10, 0x07, 0x04,
	0x04, 0x09, 0x16, 0x13, 0x14, 0x2B, 0x03, 0x0D, 0x09, 0x0E, 0x17, 0x18,
	0x0F, 0x08, 0x21, 0x09, 0x08, 0x16, 0x04, 0x01, 0x04, 0x32, 0x01, 0x02,
	0x18, 0x05, 0x0C, 0x02, 0x08, 0x0A, 0x14, 0x10, 0x05, 0x01, 0x10, 0x16,
	0x04, 0x0E, 0x05, 0x01, 0x01, 0x04, 0x01, 0x03, 0x12, 0x0A, 0x07, 0x19,
	0x0C, 0x2F, 0x17, 0x01, 0x11, 0x0A, 0x09, 0x11, 0x01, 0x01, 0x02, 0x04,
	0x06, 0x13, 0x34, 0x06, 0x19, 0x2F, 0x04, 0x09, 0x07, 0x05, 0x02, 0x3A,
	0x02, 0x0B, 0x16, 0x04, 0x23, 0x04, 0x0C, 0x0C, 0x0E, 0x03, 0x02, 0x03,
	0x02, 0x04, 0x0A, 0x04, 0x01, 0x0C, 0x10, 0x03, 0x0C, 0x08, 0x01, 0x01,
	0x02, 0x04, 0x07, 0x08, 0x03, 0x07, 0x07, 0x06, 0x0F, 0x05, 0x07, 0x0D,
	0x05, 0x05, 0x07, 0x01, 0x01, 0x02, 0x04, 0x0A, 0x04, 0x03, 0x04, 0x07,
	0x05, 0x03, 0x06, 0x0C, 0x01, 0x08, 0x13, 0x02, 0x08, 0x1A, 0x0A, 0x0E,
	0x19, 0x09, 0x03, 0x09, 0x03, 0x04, 0x03, 0x06, 0x21, 0x15, 0x14, 0x0C,
	0x17, 0x07, 0x0B, 0x0E, 0x03, 0x0A, 0x04, 0x08, 0x06, 0x11, 0x0E, 0x07,
	0x19, 0x0A, 0x0B, 0x29, 0x0B, 0x0A, 0x04, 0x06, 0x03, 0x07, 0x06, 0x0F,
	0x03, 0x03, 0x07, 0x14, 0x07, 0x03, 0x02, 0x0F, 0x06, 0x01, 0x01, 0x05,
	0x08, 0x0D, 0x06, 0x07, 0x08, 0x08, 0x01, 0x03, 0x19, 0x06, 0x08, 0x0F,
	0x06, 0x05, 0x04, 0x04, 0x05, 0x08, 0x04, 0x07, 0x03, 0x25, 0x02, 0x0F,
	0x09, 0x11, 0x02, 0x0F, 0x11, 0x02, 0x02, 0x05, 0x19, 0x0A, 0x01, 0x0C,
	0x07, 0x02, 0x02, 0x10, 0x19, 0x02, 0x07, 0x16, 0x1C, 0x01, 0x02, 0x10,
	0x08, 0x08, 0x0D, 0x18, 0x0A, 0x02, 0x03, 0x04, 0x0A, 0x0D, 0x0D, 0x1F,
	0x08, 0x02, 0x2A, 0x0E, 0x0C, 0x12, 0x16, 0x2D, 0x10, 0x10, 0x3B, 0x5E,
	0x0A, 0x13, 0x01, 0x09, 0x48, 0xFE, 0xFE, 0xA6, 0x02, 0x04, 0x01, 0x02,
	0xA9, 0x01, 0x3A, 0x34, 0x01, 0x03, 0x35, 0x01, 0xCA, 0x07, 0x04, 0x02,
	0x03, 0x01, 0x02, 0x08, 0x32, 0x14, 0x07, 0x01, 0x06, 0x11, 0x0A, 0x01,
	0x2C, 0x02, 0x02, 0x16, 0x04, 0x0F, 0x03, 0x03, 0x01, 0x02, 0x02, 0x05,
	0x82, 0x16, 0x02, 0x14, 0x01, 0x48, 0x0C, 0x15, 0x15, 0x06, 0x01, 0x02,
	0x01, 0x13, 0x0F, 0x05, 0x02, 0x7A, 0x0B, 0x09, 0x01, 0x13, 0x05, 0x03,
	0x01, 0x75, 0x02, 0x14, 0x03, 0x03, 0x06, 0x03, 0x14, 0x09, 0x06, 0x04,
	0x03, 0x02, 0x6A, 0x02, 0x09, 0x06, 0x00, 0x0C, 0x00, 0x00, 0x00, 0x00,
	0x03, 0x20, 0x03, 0x20, 0x00, 0x03, 0x00, 0x0A, 0x00, 0x12, 0x00, 0x4C,
	0x00, 0x56, 0x00, 0x5F, 0x00, 0x69, 0x00, 0x71, 0x00, 0x79, 0x00, 0x92,
	0x00, 0x99, 0x00, 0xA6, 0x00, 0x00, 0x29, 0x01, 0x11, 0x21, 0x07, 0x26,
	0x07, 0x06, 0x17, 0x16, 0x36, 0x05, 0x26, 0x23, 0x22, 0x17, 0x16, 0x33,
	0x30, 0x05, 0x2E, 0x01, 0x23, 0x22, 0x07, 0x16, 0x17, 0x16, 0x17, 0x34,
	0x17, 0x16, 0x07, 0x06, 0x15, 0x14, 0x17, 0x06, 0x07, 0x0E, 0x01, 0x23,
	0x22, 0x27, 0x1E, 0x01, 0x17, 0x06, 0x07, 0x06, 0x07, 0x16, 0x37, 0x36,
	0x37, 0x32, 0x17, 0x0E, 0x01, 0x23, 0x22, 0x27, 0x06, 0x17, 0x06, 0x23,
	0x22, 0x27, 0x16, 0x17, 0x16, 0x33, 0x32, 0x37, 0x36, 0x35, 0x34, 0x03,
	0x36, 0x35, 0x34, 0x23, 0x22, 0x07, 0x06, 0x17, 0x16, 0x01, 0x26, 0x07,
	0x06, 0x15, 0x14, 0x17, 0x16, 0x36, 0x27, 0x30, 0x27, 0x26, 0x07, 0x06,
	0x17, 0x16, 0x37, 0x36, 0x17, 0x26, 0x23, 0x22, 0x07, 0x17, 0x16, 0x37,
	0x27, 0x34, 0x27, 0x06, 0x17, 0x16, 0x17, 0x36, 0x25, 0x07, 0x26, 0x27,
	0x26, 0x27, 0x14, 0x17, 0x16, 0x33, 0x32, 0x37, 0x0E, 0x01, 0x07, 0x26,
	0x22, 0x27, 0x16, 0x37, 0x36, 0x27, 0x37, 0x1E, 0x01, 0x17, 0x16, 0x07,
	0x30, 0x37, 0x36, 0x2F, 0x01, 0x16, 0x07, 0x06, 0x27, 0x35, 0x16, 0x17,
	0x36, 0x27, 0x26, 0x07, 0x36, 0x03, 0x20, 0xFC, 0xE0, 0x03, 0x20, 0x43,
	0x0B, 0x09, 0x01, 0x07, 0x08, 0x08, 0xFD, 0xBE, 0x04, 0x05, 0x0D, 0x02,
	0x03, 0x0E, 0x02, 0x32, 0x2B, 0xBE, 0x70, 0x26, 0x24, 0x41, 0x32, 0x36,
	0x0F, 0x03, 0x01, 0x07, 0x01, 0x12, 0x13, 0x25, 0x04, 0x14, 0x05, 0x05,
	0x05, 0x03, 0x2A, 0x13, 0x06, 0x06, 0x07, 0x0B, 0x3F, 0x12, 0x15, 0x0F,
	0x02, 0x04, 0x07, 0x29, 0x23, 0x1E, 0x1E, 0x0F, 0x01, 0x46, 0x85, 0x3C,
	0x3B, 0x3D, 0x60, 0x40, 0x48, 0x9A, 0x6E, 0x6B, 0x17, 0x01, 0x0A, 0x05,
	0x03, 0x06, 0x0C, 0x04, 0xFE, 0x53, 0x05, 0x09, 0x05, 0x05, 0x07, 0x08,
	0xBA, 0x08, 0x05, 0x04, 0x04, 0x04, 0x0A, 0x01, 0x08, 0xBF, 0x03, 0x03,
	0x0A, 0x04, 0x03, 0x06, 0x08, 0x89, 0x11, 0x04, 0x02, 0x01, 0x07, 0x08,
	0x01, 0xB5, 0x03, 0x04, 0x17, 0x13, 0x12, 0x05, 0x08, 0x0A, 0x0B, 0x07,
	0x03, 0x1B, 0x03, 0x03, 0x13, 0x03, 0x0A, 0x07, 0x01, 0x15, 0x03, 0x08,
	0x44, 0x05, 0x02, 0x0A, 0x04, 0x03, 0x05, 0x46, 0x02, 0x0A, 0x06, 0x08,
	0x01, 0x07, 0x0B, 0x02, 0x0B, 0x06, 0x0E, 0x03, 0x20, 0x3E, 0x0B, 0x0D,
	0x04, 0x08, 0x02, 0x09, 0x33, 0x05, 0x0E, 0x05, 0x84, 0x6A, 0x7D, 0x07,
	0x16, 0x30, 0x33, 0x40, 0x02, 0x1D, 0x11, 0x09, 0x04, 0x04, 0x09, 0x19,
	0x34, 0x2E, 0x01, 0x0E, 0x07, 0x14, 0x0E, 0x05, 0x0D, 0x0C, 0x0F, 0x08,
	0x06, 0x0C, 0x08, 0x25, 0x03, 0x1C, 0x20, 0x0A, 0x05, 0x1D, 0x4C, 0x11,
	0x53, 0x2B, 0x1C, 0x6B, 0x67, 0x9B, 0x46, 0xFE, 0x77, 0x03, 0x03, 0x0B,
	0x06, 0x04, 0x0C, 0x02, 0x01, 0xC4, 0x07, 0x01, 0x05, 0x05, 0x05, 0x05,
	0x02, 0x09, 0x0D, 0x04, 0x03, 0x05, 0x0B, 0x03, 0x05, 0x03, 0x05, 0xD4,
	0x02, 0x0B, 0x03, 0x08, 0x03, 0x3B, 0x07, 0x01, 0x05, 0x07, 0x07, 0x01,
	0x03, 0x68, 0x03, 0x14, 0x09, 0x08, 0x08, 0x01, 0x21, 0x03, 0x03, 0x04,
	0x05, 0x08, 0x06, 0x03, 0x01, 0x09, 0x2D, 0x03, 0x13, 0x11, 0x25, 0x85,
	0x16, 0x11, 0x13, 0x0C, 0x08, 0x1C, 0x11, 0x06, 0x01, 0x04, 0x03, 0x02,
	0x01, 0x08, 0x0C, 0x0A, 0x02, 0x02, 0x00, 0x0A, 0x00, 0x00, 0x00, 0x00,
	0x03, 0x0B, 0x03, 0x20, 0x01, 0x23, 0x01, 0x37, 0x01, 0x51, 0x01, 0x56,
	0x01, 0x5E, 0x01, 0x72, 0x01, 0x95, 0x01, 0xAF, 0x01, 0xB3, 0x01, 0xC3,
	0x00, 0x00, 0x25, 0x0E, 0x01, 0x23, 0x22, 0x27, 0x26, 0x27, 0x26, 0x23,
	0x06, 0x27, 0x1E, 0x01, 0x17, 0x16, 0x17, 0x33, 0x06, 0x27, 0x34, 0x27,
	0x26, 0x07, 0x2E, 0x01, 0x27, 0x06, 0x15, 0x14, 0x16, 0x15, 0x14, 0x07,
	0x16, 0x17, 0x16, 0x07, 0x17, 0x06, 0x23, 0x22, 0x26, 0x07, 0x26, 0x27,
	0x26, 0x35, 0x34, 0x27, 0x26, 0x35, 0x34, 0x37, 0x22, 0x07, 0x16, 0x06,
	0x15, 0x14, 0x17, 0x36, 0x17, 0x26, 0x27, 0x26, 0x27, 0x26, 0x35, 0x34,
	0x36, 0x37, 0x06, 0x27, 0x06, 0x07, 0x0E, 0x01, 0x15, 0x14, 0x17, 0x16,
	0x17, 0x14, 0x06, 0x15, 0x14, 0x17, 0x26, 0x27, 0x26, 0x27, 0x36, 0x35,
	0x26, 0x27, 0x26, 0x27, 0x26, 0x35, 0x34, 0x36, 0x35, 0x34, 0x27, 0x2E,
	0x01, 0x23, 0x22, 0x07, 0x06, 0x07, 0x06, 0x23, 0x22, 0x26, 0x27, 0x32,
	0x16, 0x33, 0x32, 0x37, 0x36, 0x37, 0x36, 0x31, 0x26, 0x23, 0x22, 0x07,
	0x3E, 0x01, 0x37, 0x36, 0x16, 0x33, 0x32, 0x37, 0x26, 0x27, 0x26, 0x27,
	0x06, 0x23, 0x22, 0x2F, 0x01, 0x36, 0x33, 0x32, 0x16, 0x33, 0x32, 0x36,
	0x33, 0x32, 0x1E, 0x01, 0x33, 0x32, 0x3F, 0x01, 0x26, 0x27, 0x26, 0x27,
	0x26, 0x23, 0x22, 0x07, 0x36, 0x33, 0x32, 0x17, 0x16, 0x17, 0x16, 0x33,
	0x32, 0x3F, 0x01, 0x26, 0x27, 0x26, 0x35, 0x34, 0x37, 0x16, 0x17, 0x16,
	0x37, 0x26, 0x35, 0x34, 0x37, 0x36, 0x27, 0x16, 0x17, 0x16, 0x06, 0x15,
	0x14, 0x17, 0x16, 0x17, 0x36, 0x35, 0x34, 0x26, 0x35, 0x34, 0x36, 0x37,
	0x36, 0x37, 0x36, 0x27, 0x16, 0x15, 0x14, 0x0E, 0x01, 0x15, 0x14, 0x17,
	0x3E, 0x01, 0x37, 0x36, 0x35, 0x16, 0x15, 0x14, 0x07, 0x06, 0x07, 0x06,
	0x07, 0x06, 0x17, 0x36, 0x37, 0x36, 0x33, 0x32, 0x17, 0x16, 0x33, 0x32,
	0x37, 0x0E, 0x01, 0x0F, 0x01, 0x06, 0x07, 0x06, 0x07, 0x16, 0x17, 0x3E,
	0x01, 0x33, 0x32, 0x17, 0x16, 0x17, 0x16, 0x33, 0x32, 0x3F, 0x01, 0x06,
	0x07, 0x06, 0x26, 0x23, 0x22, 0x07, 0x22, 0x07, 0x06, 0x17, 0x16, 0x17,
	0x16, 0x17, 0x16, 0x33, 0x32, 0x37, 0x03, 0x06, 0x07, 0x06, 0x16, 0x07,
	0x16, 0x17, 0x16, 0x17, 0x36, 0x35, 0x34, 0x26, 0x35, 0x34, 0x37, 0x36,
	0x35, 0x34, 0x13, 0x26, 0x27, 0x26, 0x27, 0x26, 0x27, 0x26, 0x37, 0x36,
	0x27, 0x26, 0x27, 0x16, 0x17, 0x16, 0x17, 0x16, 0x33, 0x36, 0x17, 0x16,
	0x17, 0x16, 0x33, 0x32, 0x27, 0x26, 0x27, 0x26, 0x23, 0x27, 0x35, 0x27,
	0x26, 0x33, 0x22, 0x07, 0x16, 0x17, 0x27, 0x26, 0x23, 0x22, 0x07, 0x06,
	0x07, 0x0E, 0x01, 0x15, 0x14, 0x17, 0x16, 0x33, 0x32, 0x37, 0x36, 0x37,
	0x36, 0x37, 0x26, 0x07, 0x06, 0x07, 0x06, 0x07, 0x06, 0x23, 0x22, 0x27,
	0x26, 0x27, 0x26, 0x23, 0x22, 0x06, 0x23, 0x22, 0x27, 0x17, 0x16, 0x33,
	0x32, 0x36, 0x33, 0x32, 0x17, 0x16, 0x37, 0x36, 0x37, 0x36, 0x37, 0x36,
	0x13, 0x26, 0x27, 0x2E, 0x01, 0x27, 0x26, 0x35, 0x34, 0x37, 0x27, 0x06,
	0x07, 0x06, 0x15, 0x14, 0x17, 0x16, 0x17, 0x16, 0x17, 0x16, 0x17, 0x16,
	0x17, 0x16, 0x27, 0x26, 0x07, 0x16, 0x27, 0x0E, 0x01, 0x07, 0x06, 0x27,
	0x17, 0x16, 0x33, 0x32, 0x37, 0x36, 0x33, 0x32, 0x16, 0x37, 0x03, 0x0B,
	0x0D, 0x1D, 0x0D, 0x18, 0x1B, 0x16, 0x16, 0x08, 0x10, 0x13, 0x07, 0x01,
	0x27, 0x06, 0x05, 0x1E, 0x08, 0x0A, 0x28, 0x21, 0x14, 0x15, 0x01, 0x0A,
	0x01, 0x02, 0x2B, 0x02, 0x0E, 0x0E, 0x0E, 0x03, 0x0D, 0x03, 0x03, 0x06,
	0x28, 0x0E, 0x13, 0x04, 0x0A, 0x02, 0x34, 0x04, 0x0D, 0x10, 0x04, 0x51,
	0x20, 0x01, 0x03, 0x25, 0x0D, 0x1B, 0x05, 0x04, 0x25, 0x02, 0x12, 0x1C,
	0x05, 0x0F, 0x02, 0x14, 0x03, 0x0F, 0x14, 0x02, 0x19, 0x14, 0x14, 0x17,
	0x09, 0x02, 0x0F, 0x0F, 0x12, 0x04, 0x02, 0x39, 0x01, 0x07, 0x1B, 0x08,
	0x08, 0x08, 0x15, 0x21, 0x06, 0x05, 0x13, 0x25, 0x11, 0x07, 0x1E, 0x07,
	0x1E, 0x08, 0x02, 0x1D, 0x32, 0x30, 0x13, 0x2D, 0x16, 0x06, 0x27, 0x19,
	0x08, 0x1D, 0x05, 0x0D, 0x07, 0x15, 0x19, 0x14, 0x15, 0x0D, 0x0E, 0x2E,
	0x35, 0x0E, 0x09, 0x0A, 0x0A, 0x28, 0x0B, 0x09, 0x24, 0x0D, 0x1B, 0x20,
	0x23, 0x10, 0x0C, 0x0C, 0x02, 0x14, 0x21, 0x11, 0x10, 0x15, 0x1E, 0x05,
	0x06, 0x0B, 0x14, 0x09, 0x2E, 0x15, 0x1F, 0x1B, 0x1C, 0x06, 0x07, 0x04,
	0x43, 0x09, 0x03, 0x17, 0x13, 0x3C, 0x04, 0x08, 0x13, 0x03, 0x16, 0x08,
	0x25, 0x06, 0x01, 0x05, 0x06, 0x0E, 0x17, 0x02, 0x09, 0x09, 0x28, 0x1D,
	0x06, 0x06, 0x0F, 0x27, 0x07, 0x27, 0x01, 0x0C, 0x52, 0x0B, 0x0D, 0x08,
	0x17, 0x11, 0x11, 0x12, 0x03, 0x01, 0x03, 0x08, 0x16, 0x13, 0x10, 0x07,
	0x08, 0x0E, 0x10, 0x1B, 0x2A, 0x04, 0x28, 0x1A, 0x31, 0x0B, 0x0B, 0x0E,
	0x10, 0x01, 0x16, 0x0A, 0x27, 0x0B, 0x06, 0x06, 0x0E, 0x0E, 0x12, 0x0E,
	0x08, 0x08, 0x0A, 0x0C, 0x2D, 0x0B, 0x27, 0x07, 0x0F, 0x0B, 0x0D, 0x16,
	0x03, 0x16, 0x2B, 0x08, 0x1C, 0x08, 0x12, 0x2B, 0x10, 0x11, 0xEF, 0x07,
	0x3B, 0x11, 0x15, 0x10, 0x0B, 0x09, 0x10, 0x01, 0x0A, 0x11, 0x07, 0x2B,
	0xDD, 0x4B, 0x14, 0x07, 0x1D, 0x28, 0x06, 0x1A, 0x07, 0x09, 0x0B, 0x16,
	0x28, 0x1C, 0x03, 0x03, 0x03, 0x0F, 0x23, 0x1F, 0x1E, 0x28, 0x0E, 0x0A,
	0x0B, 0x17, 0xFA, 0x09, 0x08, 0x0C, 0x0C, 0x40, 0x06, 0x2A, 0x01, 0x0A,
	0x07, 0x1E, 0x36, 0x06, 0x05, 0x06, 0x09, 0x0A, 0x08, 0x07, 0x01, 0x13,
	0x10, 0x0D, 0x02, 0x06, 0x01, 0x03, 0x0B, 0x13, 0x2E, 0x1C, 0x20, 0x1F,
	0x22, 0x1E, 0x1D, 0x0C, 0x0C, 0x15, 0x1C, 0x16, 0x16, 0x0A, 0x09, 0x0B,
	0x26, 0x0A, 0x0A, 0x09, 0x1F, 0x06, 0x06, 0x06, 0x16, 0x06, 0x0A, 0x08,
	0x32, 0x47, 0x07, 0x04, 0x05, 0x03, 0x35, 0xFA, 0x01, 0x07, 0x1D, 0x0E,
	0x17, 0x0B, 0x19, 0x10, 0x03, 0x12, 0x11, 0x03, 0x05, 0x26, 0x06, 0x01,
	0x02, 0x03, 0x06, 0x14, 0x18, 0xD7, 0x13, 0x2F, 0x1E, 0x4D, 0x06, 0x60,
	0x03, 0x13, 0x1B, 0x07, 0x07, 0x07, 0x20, 0x24, 0x07, 0x09, 0x06, 0x1D,
	0x09, 0xFE, 0x1D, 0x0C, 0x17, 0x14, 0x14, 0x05, 0x01, 0x03, 0x0D, 0x12,
	0x07, 0x36, 0x07, 0x09, 0x04, 0x01, 0x1C, 0x11, 0x02, 0x03, 0x04, 0x03,
	0x07, 0x06, 0x13, 0x3F, 0x15, 0x08, 0x08, 0x0E, 0x0E, 0x11, 0x13, 0x0A,
	0x02, 0x20, 0x03, 0x0C, 0x05, 0x09, 0x10, 0x09, 0x11, 0x2A, 0x2B, 0x0C,
	0x0C, 0x0F, 0x1C, 0x54, 0x12, 0x15, 0x14, 0x01, 0x03, 0x06, 0x06, 0x0B,
	0x19, 0x09, 0x09, 0x11, 0x32, 0x0E, 0x03, 0x0D, 0x10, 0x1D, 0x04, 0x0E,
	0x06, 0x04, 0x05, 0x08, 0x19, 0x06, 0x19, 0x07, 0x23, 0x10, 0x08, 0x07,
	0x0A, 0x10, 0x0E, 0x19, 0x0B, 0x0B, 0x0D, 0x0F, 0x07, 0x07, 0x17, 0x42,
	0x17, 0x06, 0x06, 0x01, 0x07, 0x04, 0x1E, 0x0B, 0x01, 0x17, 0x0B, 0x03,
	0x13, 0x1B, 0x0D, 0x14, 0x0A, 0x1F, 0x19, 0x32, 0x08, 0x01, 0x05, 0x08,
	0x04, 0x13, 0x12, 0x11, 0x04, 0x2D, 0x02, 0x04, 0x0E, 0x0C, 0x1B, 0x1C,
	0x08, 0x02, 0x0B, 0x1E, 0x1D, 0x1E, 0x23, 0x01, 0x0D, 0x0D, 0x08, 0x2D,
	0x27, 0x01, 0x04, 0x29, 0x26, 0x0C, 0x0D, 0x21, 0x2D, 0x6D, 0x11, 0x01,
	0x03, 0x19, 0x19, 0x09, 0x09, 0x21, 0x3A, 0x14, 0x32, 0x07, 0x1A, 0x07,
	0x0C, 0x08, 0x09, 0x16, 0x06, 0x07, 0x08, 0x23, 0x09, 0x09, 0x10, 0x28,
	0x1C, 0x19, 0x19, 0x19, 0x23, 0x30, 0x0D, 0x1A, 0x37, 0x12, 0x05, 0x06,
	0x13, 0x0F, 0x15, 0x22, 0x18, 0x18, 0x1C, 0x2E, 0x1E, 0x09, 0x0A, 0x0D,
	0x13, 0x09, 0x10, 0x04, 0x1A, 0x15, 0x04, 0x08, 0x1D, 0x17, 0x30, 0x05,
	0x04, 0x10, 0x0F, 0x12, 0x05, 0x08, 0x08, 0x01, 0x17, 0x02, 0x0A, 0x0B,
	0x0B, 0x03, 0x07, 0x28, 0x08, 0x02, 0x0E, 0x12, 0x0A, 0x14, 0x0D, 0x08,
	0x03, 0x0B, 0x1A, 0x1D, 0x05, 0x01, 0xF0, 0x30, 0x28, 0x12, 0x4C, 0x12,
	0x01, 0x0B, 0x14, 0x01, 0x0B, 0x0D, 0x0A, 0x29, 0x0C, 0x0C, 0x0B, 0x30,
	0x34, 0x0C, 0xFE, 0x0C, 0x05, 0x26, 0x17, 0x03, 0x04, 0x03, 0x0F, 0x25,
	0x2C, 0x10, 0x3C, 0x06, 0x19, 0x37, 0x4E, 0x0B, 0x17, 0x03, 0x1D, 0x28,
	0x06, 0x04, 0x8A, 0x0B, 0x0C, 0x0E, 0x2D, 0x0B, 0x06, 0x0A, 0x06, 0x06,
	0x3A, 0x06, 0x07, 0x0E, 0x0A, 0x0A, 0x05, 0x1C, 0x07, 0x0A, 0x05, 0x06,
	0x06, 0x11, 0x16, 0x25, 0x73, 0x08, 0x01, 0x07, 0x1A, 0x17, 0x17, 0x05,
	0x14, 0x11, 0x12, 0x03, 0x0B, 0x04, 0x0D, 0x02, 0x05, 0x07, 0x3A, 0x02,
	0x06, 0x0B, 0x0F, 0x04, 0x48, 0xFE, 0x23, 0x08, 0x0D, 0x0A, 0x5B, 0x0D,
	0x10, 0x14, 0x1E, 0x2F, 0x12, 0x0F, 0x24, 0x1F, 0x15, 0x09, 0x09, 0x15,
	0x21, 0x09, 0x13, 0x16, 0x08, 0x0E, 0x06, 0x06, 0xD2, 0x21, 0x04, 0x19,
	0x5F, 0x20, 0x21, 0x20, 0x15, 0x05, 0x05, 0x02, 0x2E, 0x04, 0x08, 0x02,
	0x00, 0x3B, 0x00, 0x00, 0x00, 0x00, 0x03, 0x20, 0x03, 0x20, 0x00, 0x08,
	0x00, 0x0C, 0x00, 0x10, 0x00, 0x17, 0x00, 0x21, 0x00, 0x27, 0x00, 0x2F,
	0x00, 0x36, 0x00, 0x3E, 0x00, 0x52, 0x00, 0x56, 0x00, 0x5B, 0x00, 0x63,
	0x00, 0x6B, 0x00, 0x7F, 0x00, 0x86, 0x00, 0x8C, 0x00, 0x91, 0x00, 0x9A,
	0x00, 0xA0, 0x00, 0xA5, 0x00, 0xAC, 0x00, 0xB5, 0x00, 0xBB, 0x00, 0xC0,
	0x00, 0xC9, 0x00, 0xCE, 0x00, 0xDA, 0x00, 0xE1, 0x00, 0xFC, 0x01, 0x01,
	0x01, 0x08, 0x01, 0x0E, 0x01, 0x17, 0x01, 0x1E, 0x01, 0x3E, 0x01, 0x4B,
	0x01, 0x51, 0x01, 0x57, 0x01, 0x67, 0x01, 0x71, 0x01, 0x77, 0x01, 0x7E,
	0x01, 0x86, 0x01, 0x8A, 0x01, 0x90, 0x01, 0x97, 0x01, 0x9E, 0x01, 0xA6,
	0x01, 0xAD, 0x01, 0xB2, 0x01, 0xC5, 0x01, 0xCC, 0x01, 0xD1, 0x01, 0xDB,
	0x01, 0xE0, 0x01, 0xEA, 0x01, 0xF2, 0x01, 0xF7, 0x00, 0x00, 0x25, 0x07,
	0x21, 0x03, 0x37, 0x05, 0x32, 0x37, 0x17, 0x03, 0x11, 0x21, 0x03, 0x25,
	0x21, 0x11, 0x21, 0x07, 0x26, 0x27, 0x06, 0x07, 0x33, 0x30, 0x27, 0x26,
	0x37, 0x30, 0x27, 0x22, 0x07, 0x36, 0x16, 0x33, 0x17, 0x26, 0x27, 0x15,
	0x33, 0x26, 0x27, 0x26, 0x23, 0x22, 0x07, 0x16, 0x17, 0x36, 0x17, 0x26,
	0x07, 0x06, 0x1F, 0x01, 0x36, 0x27, 0x30, 0x27, 0x26, 0x07, 0x16, 0x17,
	0x36, 0x17, 0x26, 0x27, 0x26, 0x35, 0x34, 0x37, 0x07, 0x27, 0x17, 0x06,
	0x07, 0x3E, 0x01, 0x37, 0x16, 0x17, 0x37, 0x3E, 0x01, 0x27, 0x36, 0x27,
	0x07, 0x17, 0x35, 0x26, 0x07, 0x30, 0x27, 0x26, 0x07, 0x22, 0x15, 0x16,
	0x17, 0x36, 0x17, 0x36, 0x35, 0x34, 0x27, 0x06, 0x17, 0x16, 0x17, 0x26,
	0x27, 0x26, 0x37, 0x07, 0x06, 0x27, 0x16, 0x17, 0x16, 0x07, 0x36, 0x17,
	0x26, 0x35, 0x26, 0x35, 0x34, 0x36, 0x27, 0x26, 0x07, 0x06, 0x17, 0x16,
	0x33, 0x27, 0x34, 0x07, 0x17, 0x07, 0x32, 0x17, 0x26, 0x06, 0x07, 0x17,
	0x2F, 0x01, 0x07, 0x16, 0x17, 0x16, 0x07, 0x33, 0x27, 0x01, 0x36, 0x27,
	0x26, 0x23, 0x06, 0x17, 0x36, 0x27, 0x07, 0x16, 0x01, 0x26, 0x27, 0x06,
	0x15, 0x14, 0x17, 0x27, 0x26, 0x07, 0x06, 0x15, 0x14, 0x16, 0x17, 0x26,
	0x27, 0x26, 0x27, 0x17, 0x16, 0x36, 0x01, 0x26, 0x27, 0x15, 0x36, 0x17,
	0x27, 0x07, 0x17, 0x07, 0x14, 0x17, 0x30, 0x36, 0x01, 0x22, 0x17, 0x33,
	0x36, 0x17, 0x26, 0x27, 0x26, 0x07, 0x06, 0x17, 0x16, 0x37, 0x36, 0x35,
	0x34, 0x27, 0x36, 0x23, 0x22, 0x1F, 0x01, 0x34, 0x25, 0x27, 0x26, 0x35,
	0x34, 0x36, 0x27, 0x06, 0x07, 0x27, 0x15, 0x07, 0x33, 0x36, 0x33, 0x32,
	0x17, 0x16, 0x17, 0x36, 0x37, 0x36, 0x33, 0x32, 0x16, 0x33, 0x32, 0x01,
	0x34, 0x26, 0x27, 0x15, 0x27, 0x26, 0x27, 0x0E, 0x01, 0x17, 0x16, 0x01,
	0x30, 0x27, 0x17, 0x16, 0x36, 0x17, 0x26, 0x23, 0x22, 0x15, 0x1E, 0x01,
	0x37, 0x36, 0x27, 0x26, 0x07, 0x16, 0x06, 0x17, 0x36, 0x01, 0x06, 0x23,
	0x22, 0x27, 0x26, 0x35, 0x34, 0x37, 0x36, 0x37, 0x06, 0x07, 0x15, 0x06,
	0x07, 0x06, 0x15, 0x14, 0x17, 0x16, 0x17, 0x36, 0x37, 0x16, 0x17, 0x16,
	0x17, 0x07, 0x16, 0x33, 0x32, 0x37, 0x26, 0x27, 0x06, 0x27, 0x16, 0x07,
	0x36, 0x33, 0x32, 0x16, 0x17, 0x26, 0x17, 0x35, 0x26, 0x07, 0x06, 0x17,
	0x01, 0x30, 0x27, 0x16, 0x37, 0x36, 0x01, 0x26, 0x27, 0x37, 0x07, 0x26,
	0x27, 0x17, 0x07, 0x36, 0x37, 0x16, 0x17, 0x16, 0x17, 0x37, 0x27, 0x26,
	0x23, 0x22, 0x07, 0x14, 0x17, 0x16, 0x31, 0x36, 0x01, 0x26, 0x07, 0x16,
	0x37, 0x36, 0x27, 0x26, 0x07, 0x06, 0x16, 0x33, 0x32, 0x27, 0x26, 0x07,
	0x06, 0x17, 0x36, 0x17, 0x26, 0x17, 0x26, 0x33, 0x17, 0x01, 0x26, 0x27,
	0x07, 0x16, 0x37, 0x01, 0x26, 0x27, 0x07, 0x16, 0x17, 0x16, 0x01, 0x34,
	0x27, 0x26, 0x07, 0x16, 0x17, 0x01, 0x26, 0x23, 0x22, 0x15, 0x16, 0x37,
	0x36, 0x01, 0x36, 0x23, 0x06, 0x07, 0x06, 0x17, 0x07, 0x26, 0x27, 0x06,
	0x17, 0x13, 0x2E, 0x01, 0x27, 0x07, 0x22, 0x27, 0x17, 0x16, 0x07, 0x06,
	0x31, 0x36, 0x33, 0x32, 0x17, 0x36, 0x27, 0x36, 0x27, 0x26, 0x07, 0x06,
	0x1F, 0x01, 0x36, 0x17, 0x26, 0x27, 0x07, 0x16, 0x17, 0x26, 0x07, 0x06,
	0x23, 0x06, 0x17, 0x36, 0x35, 0x34, 0x27, 0x35, 0x26, 0x07, 0x15, 0x17,
	0x22, 0x23, 0x06, 0x17, 0x16, 0x37, 0x36, 0x35, 0x34, 0x27, 0x30, 0x27,
	0x06, 0x15, 0x14, 0x17, 0x16, 0x17, 0x34, 0x27, 0x07, 0x16, 0x03, 0x20,
	0x06, 0xFC, 0xE9, 0x03, 0x06, 0x03, 0x0F, 0x01, 0x04, 0x03, 0x08, 0xFC,
	0xF9, 0x02, 0x02, 0xFA, 0xFD, 0x1A, 0x02, 0xE6, 0x14, 0x01, 0x08, 0x04,
	0x01, 0x0B, 0x31, 0x07, 0x02, 0x0E, 0x09, 0x01, 0x08, 0x03, 0x04, 0x1D,
	0x02, 0x07, 0x06, 0x01, 0x47, 0x06, 0x0D, 0x07, 0x03, 0x01, 0x16, 0x07,
	0x72, 0x05, 0x07, 0x07, 0x02, 0x08, 0x0C, 0xC1, 0x06, 0x09, 0x0E, 0x01,
	0x08, 0x08, 0x90, 0x0E, 0x0D, 0x12, 0x02, 0x17, 0x25, 0x17, 0x07, 0x08,
	0x06, 0x17, 0x06, 0x01, 0x16, 0x03, 0x02, 0x1D, 0x98, 0x01, 0x07, 0x09,
	0xB3, 0x02, 0x09, 0xFB, 0x03, 0x05, 0x06, 0x02, 0x09, 0x03, 0xCF, 0x02,
	0x10, 0x04, 0x04, 0x0C, 0x6A, 0x02, 0x0E, 0x0A, 0x03, 0x0C, 0x04, 0x0A,
	0x01, 0x0A, 0x09, 0x0B, 0x13, 0x0C, 0x03, 0x03, 0x0E, 0xBA, 0x0B, 0x06,
	0x08, 0x02, 0x07, 0x0A, 0x5C, 0x09, 0x03, 0x03, 0x04, 0xBA, 0x05, 0x04,
	0x02, 0x08, 0x2B, 0x11, 0x06, 0x05, 0x03, 0x03, 0x05, 0x0B, 0x02, 0xFE,
	0xCF, 0x04, 0x02, 0x02, 0x06, 0x02, 0x6C, 0x01, 0x06, 0x06, 0x07, 0x01,
	0x5E, 0x03, 0x0F, 0x06, 0x03, 0xF7, 0x02, 0x0F, 0x02, 0x0F, 0x01, 0x01,
	0xDC, 0x05, 0x0A, 0x06, 0x05, 0x02, 0x01, 0x69, 0x03, 0x08, 0x05, 0x90,
	0x08, 0x03, 0x03, 0x06, 0x03, 0x0C, 0xFE, 0xA3, 0x0C, 0x01, 0x08, 0x04,
	0xF4, 0x02, 0x05, 0x04, 0x03, 0x04, 0x01, 0x03, 0x0B, 0x03, 0x96, 0x01,
	0x0D, 0x09, 0x01, 0x11, 0xFE, 0xE9, 0x08, 0x0C, 0x0F, 0x01, 0x0B, 0x14,
	0x23, 0x1A, 0x09, 0x08, 0x06, 0x0C, 0x02, 0x03, 0x04, 0x0B, 0x03, 0x05,
	0x05, 0x04, 0x0F, 0x05, 0x03, 0x02, 0x0F, 0x08, 0x04, 0x4B, 0x04, 0x0A,
	0x04, 0x09, 0x02, 0x17, 0xFE, 0xC0, 0x0B, 0x03, 0x04, 0x03, 0x80, 0x02,
	0x09, 0x09, 0x03, 0x07, 0x04, 0x06, 0x3F, 0x0C, 0x06, 0x05, 0x06, 0x0A,
	0x0C, 0x01, 0x3F, 0x16, 0x14, 0x82, 0x60, 0xAA, 0x0C, 0x1B, 0x95, 0x82,
	0x90, 0x27, 0x1B, 0x15, 0x54, 0x1A, 0x14, 0x02, 0x0A, 0x01, 0x13, 0x1A,
	0x03, 0x0F, 0x5B, 0x85, 0x74, 0x3F, 0x03, 0x0B, 0x09, 0x03, 0x0A, 0x0D,
	0x03, 0x02, 0x03, 0x06, 0x04, 0x01, 0x51, 0x02, 0x04, 0x05, 0x03, 0xFD,
	0x67, 0x0F, 0x01, 0x0B, 0x03, 0x01, 0xEC, 0x0B, 0x15, 0x0F, 0x29, 0x07,
	0x1E, 0x03, 0x26, 0x0D, 0x19, 0x0F, 0x05, 0x07, 0x05, 0x11, 0xBE, 0x04,
	0x09, 0x09, 0x04, 0x06, 0x08, 0x09, 0x01, 0x03, 0x06, 0x09, 0x08, 0x04,
	0x03, 0xB5, 0x04, 0x10, 0x01, 0x08, 0x04, 0x06, 0x3F, 0x05, 0x0A, 0x07,
	0x01, 0x07, 0x0B, 0x01, 0xCA, 0x09, 0x01, 0x05, 0xFE, 0x2E, 0x06, 0x0B,
	0x06, 0x05, 0x0F, 0x01, 0x68, 0x04, 0x08, 0x03, 0x04, 0x04, 0x04, 0xFE,
	0xC3, 0x08, 0x07, 0x08, 0x02, 0x0A, 0x01, 0x76, 0x03, 0x06, 0x05, 0x07,
	0x04, 0x03, 0xFE, 0x7E, 0x04, 0x08, 0x02, 0x02, 0x02, 0x05, 0x0C, 0x06,
	0x08, 0x03, 0x08, 0xDB, 0x0B, 0x19, 0x01, 0x0F, 0x03, 0x0B, 0x0B, 0x02,
	0x03, 0x04, 0x09, 0x09, 0x0D, 0x09, 0x01, 0x04, 0x07, 0xC2, 0x03, 0x08,
	0x07, 0x01, 0x0E, 0x04, 0x1F, 0x02, 0x07, 0x06, 0x06, 0x48, 0x02, 0x03,
	0x06, 0x01, 0x01, 0x0A, 0x03, 0x48, 0x04, 0x02, 0x54, 0x05, 0x04, 0x06,
	0x01, 0x07, 0x04, 0x03, 0x62, 0x11, 0x03, 0x03, 0x10, 0x15, 0x03, 0x05,
	0x01, 0xF8, 0xF8, 0x03, 0x1A, 0x06, 0x03, 0x03, 0x03, 0xFC, 0xEC, 0x03,
	0x0C, 0xFC, 0xF4, 0x0E, 0x02, 0xEC, 0x39, 0x02, 0x01, 0x01, 0x0E, 0x26,
	0x07, 0x04, 0x01, 0x07, 0x02, 0x10, 0x31, 0x02, 0x01, 0x09, 0x03, 0x20,
	0x0B, 0x05, 0x0E, 0x04, 0x08, 0x8F, 0x05, 0x03, 0x04, 0x07, 0x05, 0x03,
	0xAF, 0x09, 0x08, 0x0E, 0x05, 0x09, 0x01, 0x66, 0x0A, 0x0A, 0x0C, 0x0F,
	0x05, 0x05, 0x25, 0x03, 0x1A, 0x0D, 0x1E, 0x03, 0x0B, 0x03, 0x01, 0x1C,
	0x23, 0x0B, 0x04, 0x36, 0x04, 0x07, 0x0B, 0xB5, 0x05, 0x05, 0x08, 0xDB,
	0x04, 0x01, 0x06, 0x02, 0x03, 0x01, 0xE5, 0x03, 0x02, 0x05, 0x05, 0x03,
	0x0C, 0x04, 0x55, 0x04, 0x03, 0x03, 0x0A, 0x11, 0x01, 0x04, 0x0B, 0x09,
	0x0A, 0x0D, 0x0A, 0x05, 0x02, 0x07, 0x03, 0x03, 0x04, 0x0B, 0x8C, 0x0B,
	0x02, 0x05, 0x0A, 0x08, 0x56, 0x05, 0x02, 0x03, 0x03, 0xAF, 0x02, 0x0A,
	0x04, 0x03, 0x37, 0x0C, 0x09, 0x01, 0x05, 0x05, 0x04, 0x03, 0x01, 0x20,
	0x04, 0x07, 0x06, 0x0F, 0x72, 0x07, 0x0A, 0x0B, 0x07, 0xFE, 0xAA, 0x08,
	0x0D, 0x04, 0x0A, 0x08, 0x04, 0xF4, 0x10, 0x04, 0x03, 0x02, 0x04, 0x04,
	0x04, 0x02, 0xD0, 0x02, 0x06, 0x11, 0x02, 0x07, 0xFE, 0x90, 0x09, 0x03,
	0x09, 0x01, 0x88, 0x0B, 0x02, 0x03, 0x06, 0x07, 0x02, 0x05, 0x01, 0x4F,
	0x06, 0x04, 0xF3, 0x02, 0x01, 0x01, 0x01, 0x01, 0x05, 0x0B, 0x03, 0x01,
	0x04, 0x06, 0x82, 0x0B, 0x0B, 0x06, 0x02, 0xFE, 0x0C, 0x07, 0x09, 0x06,
	0x1B, 0x08, 0x04, 0x0D, 0x1A, 0x28, 0x23, 0x04, 0x13, 0x18, 0x04, 0x11,
	0x17, 0x06, 0x07, 0xFD, 0xD6, 0x04, 0x03, 0x01, 0x08, 0x50, 0x08, 0x0C,
	0x03, 0x09, 0x05, 0x06, 0x01, 0x3A, 0x03, 0x0B, 0x02, 0x07, 0x84, 0x06,
	0x06, 0x03, 0x08, 0x02, 0x09, 0x31, 0x0B, 0x03, 0x03, 0x12, 0x02, 0x04,
	0xFE, 0xA9, 0x03, 0x56, 0x99, 0xBD, 0x2F, 0x2E, 0x6A, 0x40, 0x0C, 0x8A,
	0x06, 0x25, 0x4B, 0x39, 0x3F, 0x86, 0x55, 0x1B, 0x08, 0x09, 0x0B, 0x11,
	0x07, 0x0B, 0x02, 0x0F, 0x38, 0x63, 0x07, 0x0B, 0x09, 0x06, 0x12, 0x05,
	0x01, 0x0B, 0x02, 0x0A, 0x52, 0x06, 0x05, 0x03, 0x03, 0x05, 0x02, 0xA2,
	0x03, 0x10, 0x04, 0x02, 0xFE, 0x43, 0x0C, 0x19, 0x2C, 0x1D, 0x07, 0x18,
	0x31, 0x25, 0x02, 0x01, 0x04, 0x14, 0x1A, 0x05, 0x31, 0xC4, 0x06, 0x06,
	0x05, 0x02, 0x05, 0x03, 0xFE, 0xE3, 0x0A, 0x0C, 0x08, 0x02, 0x01, 0x97,
	0x0A, 0x07, 0x02, 0x08, 0x3B, 0x0E, 0x02, 0x05, 0x0A, 0x01, 0x04, 0x02,
	0xD7, 0x06, 0x09, 0x01, 0xE1, 0x03, 0x06, 0x09, 0x0F, 0x03, 0xFE, 0x93,
	0x02, 0x07, 0x06, 0x02, 0x03, 0x03, 0x01, 0x50, 0x09, 0x01, 0x01, 0x05,
	0x10, 0x02, 0xFE, 0x99, 0x03, 0x06, 0x07, 0x01, 0x01, 0x01, 0x2D, 0x0C,
	0x01, 0x02, 0x06, 0x09, 0x64, 0x06, 0x0B, 0x12, 0x08, 0xFE, 0xF2, 0x02,
	0x05, 0x0D, 0x12, 0x03, 0x08, 0x06, 0x08, 0x0C, 0x06, 0x0F, 0x08, 0x0C,
	0x07, 0x9D, 0x08, 0x01, 0x01, 0x08, 0x03, 0x04, 0x38, 0x04, 0x07, 0x0E,
	0x01, 0x44, 0x04, 0x02, 0x02, 0x06, 0x06, 0x02, 0x03, 0x07, 0x0E, 0x06,
	0x04, 0x01, 0x09, 0x4D, 0x01, 0x05, 0x07, 0x01, 0x01, 0x04, 0x07, 0x22,
	0x03, 0x01, 0x05, 0x04, 0x01, 0x03, 0x17, 0x07, 0x01, 0x06, 0x02, 0x00,
	0x00, 0x13, 0x00, 0x01, 0x00, 0x00, 0x03, 0x1E, 0x03, 0x20, 0x00, 0x14,
	0x02, 0x09, 0x02, 0x17, 0x02, 0x18, 0x02, 0x1C, 0x02, 0x20, 0x02, 0x26,
	0x02, 0x29, 0x02, 0x2C, 0x02, 0x2F, 0x02, 0x32, 0x02, 0x33, 0x02, 0x3C,
	0x02, 0x3D, 0x02, 0x43, 0x02, 0x46, 0x02, 0x48, 0x02, 0x49, 0x02, 0x4C,
	0x00, 0x00, 0x01, 0x16, 0x15, 0x14, 0x07, 0x06, 0x23, 0x22, 0x27, 0x2E,
	0x01, 0x27, 0x26, 0x35, 0x34, 0x37, 0x36, 0x33, 0x32, 0x17, 0x16, 0x13,
	0x26, 0x07, 0x06, 0x27, 0x37, 0x16, 0x37, 0x07, 0x37, 0x16, 0x37, 0x36,
	0x37, 0x26, 0x07, 0x06, 0x07, 0x36, 0x37, 0x16, 0x33, 0x32, 0x37, 0x36,
	0x37, 0x06, 0x07, 0x3E, 0x01, 0x37, 0x22, 0x06, 0x07, 0x26, 0x23, 0x22,
	0x06, 0x27, 0x34, 0x36, 0x3F, 0x01, 0x30, 0x07, 0x26, 0x35, 0x34, 0x36,
	0x27, 0x36, 0x37, 0x07, 0x06, 0x07, 0x27, 0x36, 0x37, 0x06, 0x07, 0x27,
	0x36, 0x26, 0x37, 0x36, 0x37, 0x36, 0x35, 0x06, 0x07, 0x0E, 0x01, 0x07,
	0x22, 0x27, 0x36, 0x37, 0x06, 0x07, 0x06, 0x15, 0x06, 0x17, 0x16, 0x07,
	0x27, 0x36, 0x35, 0x34, 0x27, 0x26, 0x37, 0x36, 0x35, 0x34, 0x26, 0x35,
	0x07, 0x06, 0x17, 0x32, 0x17, 0x07, 0x06, 0x2F, 0x01, 0x15, 0x07, 0x06,
	0x27, 0x36, 0x33, 0x16, 0x31, 0x35, 0x2E, 0x01, 0x27, 0x16, 0x15, 0x14,
	0x06, 0x15, 0x14, 0x17, 0x16, 0x07, 0x26, 0x35, 0x26, 0x27, 0x16, 0x17,
	0x16, 0x07, 0x26, 0x27, 0x26, 0x27, 0x32, 0x16, 0x17, 0x06, 0x15, 0x14,
	0x16, 0x15, 0x14, 0x07, 0x26, 0x27, 0x16, 0x17, 0x16, 0x15, 0x2E, 0x01,
	0x27, 0x17, 0x16, 0x17, 0x16, 0x17, 0x1E, 0x01, 0x15, 0x14, 0x07, 0x26,
	0x35, 0x34, 0x31, 0x27, 0x17, 0x26, 0x27, 0x2E, 0x01, 0x23, 0x22, 0x07,
	0x16, 0x17, 0x16, 0x17, 0x16, 0x15, 0x14, 0x07, 0x26, 0x27, 0x26, 0x27,
	0x17, 0x06, 0x23, 0x22, 0x26, 0x23, 0x22, 0x07, 0x36, 0x17, 0x1E, 0x01,
	0x17, 0x26, 0x27, 0x16, 0x17, 0x16, 0x07, 0x26, 0x35, 0x34, 0x31, 0x26,
	0x06, 0x26, 0x07, 0x22, 0x07, 0x37, 0x16, 0x32, 0x17, 0x07, 0x17, 0x34,
	0x37, 0x17, 0x16, 0x07, 0x26, 0x23, 0x22, 0x31, 0x06, 0x07, 0x06, 0x07,
	0x36, 0x33, 0x32, 0x16, 0x33, 0x32, 0x37, 0x36, 0x33, 0x32, 0x17, 0x06,
	0x27, 0x36, 0x37, 0x27, 0x07, 0x36, 0x37, 0x06, 0x07, 0x06, 0x07, 0x36,
	0x37, 0x16, 0x36, 0x37, 0x30, 0x17, 0x16, 0x07, 0x26, 0x06, 0x23, 0x26,
	0x27, 0x37, 0x07, 0x36, 0x37, 0x36, 0x37, 0x0E, 0x01, 0x15, 0x36, 0x37,
	0x3E, 0x01, 0x37, 0x36, 0x37, 0x36, 0x33, 0x32, 0x17, 0x06, 0x23, 0x06,
	0x07, 0x06, 0x07, 0x36, 0x37, 0x16, 0x07, 0x06, 0x17, 0x37, 0x36, 0x37,
	0x36, 0x37, 0x06, 0x07, 0x06, 0x07, 0x37, 0x16, 0x15, 0x14, 0x06, 0x17,
	0x37, 0x36, 0x37, 0x36, 0x37, 0x14, 0x07, 0x06, 0x07, 0x36, 0x37, 0x36,
	0x37, 0x16, 0x15, 0x14, 0x06, 0x07, 0x16, 0x15, 0x14, 0x06, 0x15, 0x14,
	0x17, 0x37, 0x36, 0x37, 0x36, 0x37, 0x16, 0x07, 0x36, 0x27, 0x23, 0x06,
	0x07, 0x26, 0x35, 0x34, 0x36, 0x37, 0x06, 0x27, 0x36, 0x33, 0x32, 0x17,
	0x15, 0x1E, 0x01, 0x17, 0x26, 0x35, 0x34, 0x36, 0x35, 0x36, 0x35, 0x34,
	0x26, 0x35, 0x34, 0x37, 0x16, 0x07, 0x06, 0x1F, 0x01, 0x2E, 0x01, 0x27,
	0x16, 0x17, 0x16, 0x17, 0x16, 0x17, 0x26, 0x27, 0x36, 0x35, 0x34, 0x26,
	0x35, 0x34, 0x37, 0x33, 0x16, 0x17, 0x16, 0x17, 0x26, 0x27, 0x26, 0x27,
	0x1E, 0x01, 0x17, 0x14, 0x17, 0x16, 0x17, 0x2E, 0x01, 0x27, 0x2E, 0x01,
	0x35, 0x34, 0x37, 0x16, 0x17, 0x16, 0x17, 0x27, 0x36, 0x17, 0x37, 0x16,
	0x17, 0x2E, 0x01, 0x27, 0x37, 0x27, 0x34, 0x26, 0x35, 0x34, 0x37, 0x16,
	0x17, 0x27, 0x36, 0x16, 0x37, 0x06, 0x27, 0x26, 0x27, 0x26, 0x27, 0x26,
	0x27, 0x16, 0x17, 0x16, 0x17, 0x27, 0x36, 0x33, 0x32, 0x17, 0x16, 0x37,
	0x27, 0x26, 0x27, 0x26, 0x27, 0x36, 0x17, 0x16, 0x17, 0x33, 0x26, 0x27,
	0x36, 0x33, 0x32, 0x16, 0x33, 0x32, 0x37, 0x36, 0x27, 0x16, 0x06, 0x15,
	0x14, 0x17, 0x22, 0x07, 0x30, 0x17, 0x26, 0x35, 0x34, 0x36, 0x1F, 0x01,
	0x23, 0x35, 0x33, 0x17, 0x2E, 0x01, 0x37, 0x27, 0x06, 0x27, 0x26, 0x27,
	0x16, 0x13, 0x27, 0x35, 0x25, 0x27, 0x17, 0x01, 0x27, 0x33, 0x07, 0x27,
	0x33, 0x09, 0x01, 0x26, 0x35, 0x34, 0x37, 0x06, 0x15, 0x14, 0x17, 0x01,
	0x07, 0x27, 0x16, 0x17, 0x31, 0x30, 0x17, 0x07, 0x2F, 0x01, 0x07, 0x17,
	0x27, 0x07, 0x37, 0x02, 0xE5, 0x39, 0x40, 0x7E, 0xD2, 0x1A, 0x1A, 0x69,
	0xB9, 0x22, 0x15, 0x8A, 0x70, 0x99, 0x45, 0x3F, 0x85, 0x3E, 0x1D, 0x35,
	0x3C, 0x17, 0x09, 0x53, 0x2E, 0x7B, 0x0C, 0x1C, 0x22, 0x2B, 0x0D, 0x2E,
	0x12, 0x23, 0x3D, 0x09, 0x12, 0x09, 0x0A, 0x13, 0x1B, 0x20, 0x06, 0x21,
	0x3D, 0x06, 0x4F, 0x09, 0x09, 0x0F, 0x07, 0x06, 0x06, 0x15, 0x3F, 0x18,
	0x0C, 0x06, 0x5A, 0x60, 0x03, 0x05, 0x02, 0x3D, 0x05, 0x06, 0x0E, 0x40,
	0x03, 0x0C, 0x1E, 0x1B, 0x2D, 0x03, 0x05, 0x07, 0x05, 0x17, 0x05, 0x02,
	0x0F, 0x21, 0x05, 0x05, 0x05, 0x01, 0x0B, 0x05, 0x10, 0x02, 0x09, 0x0D,
	0x06, 0x04, 0x04, 0x0B, 0x03, 0x03, 0x04, 0x03, 0x01, 0x0F, 0x09, 0x06,
	0x1A, 0x08, 0x07, 0x01, 0x03, 0x0A, 0x04, 0x0A, 0x06, 0x06, 0x08, 0x01,
	0x04, 0x06, 0x0E, 0x04, 0x0C, 0x05, 0x08, 0x09, 0x0B, 0x14, 0x03, 0x0D,
	0x1D, 0x01, 0x0A, 0x09, 0x02, 0x14, 0x0A, 0x0A, 0x17, 0x07, 0x08, 0x03,
	0x02, 0x23, 0x03, 0x18, 0x2D, 0x01, 0x12, 0x0B, 0x12, 0x20, 0x10, 0x0C,
	0x05, 0x04, 0x07, 0x0B, 0x01, 0x19, 0x05, 0x03, 0x66, 0x4E, 0x14, 0x1F,
	0x0A, 0x16, 0x0A, 0x03, 0x03, 0x0D, 0x12, 0x0F, 0x14, 0x1A, 0x02, 0x13,
	0x21, 0x1C, 0x1C, 0x54, 0x0A, 0x0A, 0x10, 0x37, 0x0F, 0x09, 0x09, 0x0B,
	0x1A, 0x0A, 0x51, 0x0B, 0x27, 0x5A, 0x2C, 0x55, 0x01, 0x04, 0x03, 0x10,
	0x43, 0x1B, 0x13, 0x14, 0x01, 0x15, 0x11, 0x5B, 0x12, 0x82, 0x85, 0x03,
	0x03, 0x01, 0x04, 0x05, 0x09, 0x10, 0x10, 0x31, 0x2C, 0x09, 0x0A, 0x10,
	0x06, 0x1B, 0x07, 0x07, 0x06, 0x10, 0x17, 0x15, 0x15, 0x12, 0x12, 0x05,
	0x10, 0x0F, 0x6F, 0x22, 0x41, 0x0C, 0x2B, 0x27, 0x08, 0x06, 0x14, 0x1D,
	0x4F, 0x16, 0x02, 0x01, 0x06, 0x02, 0x08, 0x01, 0x02, 0x02, 0x09, 0x6F,
	0x01, 0x2F, 0x1C, 0x0E, 0x02, 0x46, 0x08, 0x19, 0x1F, 0x10, 0x0A, 0x04,
	0x0E, 0x0B, 0x06, 0x04, 0x03, 0x04, 0x02, 0x14, 0x1C, 0x21, 0x0F, 0x1F,
	0x35, 0x04, 0x19, 0x1C, 0x01, 0x0C, 0x17, 0x10, 0x14, 0x0D, 0x05, 0x11,
	0x0F, 0x0E, 0x3F, 0x02, 0x1C, 0x02, 0x0C, 0x15, 0x08, 0x0A, 0x0F, 0x0B,
	0x0D, 0x03, 0x10, 0x14, 0x02, 0x0A, 0x03, 0x05, 0x01, 0x02, 0x09, 0x01,
	0x09, 0x10, 0x02, 0x02, 0x07, 0x0C, 0x02, 0x0B, 0x02, 0x06, 0x03, 0x07,
	0x03, 0x06, 0x01, 0x06, 0x0A, 0x07, 0x0A, 0x0A, 0x06, 0x0C, 0x03, 0x10,
	0x09, 0x06, 0x07, 0x0B, 0x0A, 0x04, 0x02, 0x04, 0x02, 0x21, 0x02, 0x12,
	0x01, 0x02, 0x04, 0x11, 0x0B, 0x0A, 0x19, 0x0B, 0x04, 0x03, 0x19, 0x01,
	0x03, 0x01, 0x19, 0x16, 0x15, 0x0C, 0x0C, 0x0F, 0x03, 0x0B, 0x11, 0x08,
	0x14, 0x18, 0x01, 0x10, 0x12, 0x17, 0x01, 0x0D, 0x02, 0x10, 0x22, 0x26,
	0x0E, 0x4E, 0x18, 0x15, 0x03, 0x09, 0x2D, 0x0C, 0x1D, 0x07, 0x03, 0x2D,
	0x09, 0x03, 0x0D, 0x6B, 0x69, 0x17, 0x4C, 0x18, 0x09, 0x08, 0x0E, 0x02,
	0x09, 0x1C, 0x21, 0x0B, 0x17, 0x26, 0x31, 0x0E, 0x85, 0x0A, 0x0C, 0x12,
	0x2A, 0x26, 0x16, 0x10, 0x11, 0x2E, 0x32, 0x10, 0x03, 0x05, 0x03, 0x04,
	0x7C, 0x2A, 0x52, 0x09, 0x0D, 0x06, 0x1A, 0x07, 0x06, 0x05, 0x17, 0xA4,
	0x01, 0x0C, 0x02, 0x04, 0x05, 0x06, 0x04, 0x10, 0x06, 0x36, 0x03, 0x03,
	0x06, 0x01, 0x0D, 0x02, 0xEB, 0x01, 0x03, 0x05, 0x06, 0x05, 0xF5, 0x09,
	0xFE, 0xEE, 0x15, 0x15, 0x01, 0x09, 0x18, 0x06, 0x09, 0x06, 0x06, 0xFE,
	0xD9, 0x01, 0x1B, 0x13, 0x04, 0x04, 0x0A, 0xFE, 0xEE, 0x09, 0x18, 0x06,
	0x14, 0xDF, 0x02, 0x03, 0x91, 0x09, 0x09, 0x1E, 0x12, 0x0F, 0x02, 0x63,
	0x5C, 0x7B, 0x81, 0x5A, 0xB1, 0x03, 0x0C, 0x99, 0x67, 0x3E, 0x41, 0xB5,
	0x7A, 0x63, 0x18, 0x32, 0xFE, 0xE1, 0x08, 0x01, 0x02, 0x04, 0x06, 0x02,
	0x0E, 0x09, 0x06, 0x04, 0x14, 0x18, 0x02, 0x01, 0x0D, 0x02, 0x0A, 0x06,
	0x09, 0x03, 0x0E, 0x12, 0x01, 0x0A, 0x11, 0x1A, 0x22, 0x16, 0x0F, 0x07,
	0x02, 0x37, 0x05, 0x06, 0x02, 0x01, 0x5B, 0x49, 0x03, 0x04, 0x02, 0x0E,
	0x04, 0x33, 0x31, 0x06, 0x2C, 0x22, 0x03, 0x1A, 0x34, 0x22, 0x48, 0x03,
	0x09, 0x22, 0x09, 0x0D, 0x1E, 0x0A, 0x2E, 0x46, 0x17, 0x09, 0x26, 0x08,
	0x09, 0x1B, 0x76, 0x14, 0x1C, 0x2B, 0x02, 0x08, 0x16, 0x12, 0x07, 0x03,
	0x07, 0x09, 0x06, 0x13, 0x10, 0x09, 0x0F, 0x1A, 0x0D, 0x2F, 0x08, 0x4C,
	0x20, 0x3D, 0x03, 0x03, 0x01, 0x07, 0x85, 0x81, 0x0A, 0x01, 0x04, 0x04,
	0x01, 0x28, 0x0F, 0x4E, 0x0F, 0x0A, 0x0B, 0x09, 0x21, 0x08, 0x0E, 0x0C,
	0x21, 0x1B, 0x05, 0x01, 0x3B, 0x46, 0x0E, 0x22, 0x1E, 0x12, 0x0B, 0x28,
	0x24, 0x07, 0x0C, 0x06, 0x08, 0x07, 0x14, 0x3E, 0x11, 0x09, 0x0A, 0x28,
	0x50, 0x02, 0x29, 0x1A, 0x11, 0x06, 0x40, 0x02, 0x10, 0x0F, 0x0F, 0x12,
	0x05, 0x03, 0x23, 0x0C, 0x09, 0x08, 0x02, 0x04, 0x06, 0x66, 0x60, 0x03,
	0x12, 0x0C, 0x19, 0x01, 0x07, 0x1D, 0x19, 0x05, 0x11, 0x0E, 0x04, 0x04,
	0x11, 0x11, 0x0F, 0x0E, 0x3F, 0x04, 0x1F, 0x03, 0x02, 0x0B, 0x18, 0x0F,
	0x15, 0x03, 0x15, 0x0E, 0x22, 0x06, 0x09, 0x01, 0x04, 0x07, 0x08, 0x07,
	0x09, 0x01, 0x06, 0x03, 0x12, 0x12, 0x0C, 0x03, 0x07, 0x02, 0x03, 0x06,
	0x09, 0x03, 0x10, 0x05, 0x05, 0x11, 0x0A, 0x05, 0x02, 0x0D, 0x0A, 0x0D,
	0x03, 0x06, 0x04, 0x03, 0x2E, 0x0B, 0x0E, 0x11, 0x17, 0x14, 0x19, 0x0E,
	0x0A, 0x03, 0x33, 0x01, 0x08, 0x05, 0x03, 0x01, 0x07, 0x01, 0x02, 0x09,
	0x4E, 0x01, 0x18, 0x0F, 0x12, 0x19, 0x37, 0x14, 0x0F, 0x0D, 0x10, 0x0F,
	0x10, 0x02, 0x09, 0x07, 0x02, 0x04, 0x0F, 0x23, 0x28, 0x0F, 0x1A, 0x38,
	0x17, 0x1F, 0x22, 0x15, 0x12, 0x07, 0x1C, 0x24, 0x0A, 0x18, 0x24, 0x1E,
	0x1E, 0x66, 0x07, 0x08, 0x11, 0x45, 0x16, 0x1E, 0x07, 0x23, 0x28, 0x0B,
	0x19, 0x2A, 0x32, 0x12, 0x23, 0x4C, 0x0D, 0x11, 0x02, 0x03, 0x02, 0x09,
	0x02, 0x0A, 0x0B, 0x10, 0x3F, 0x0D, 0x09, 0x07, 0x18, 0x0E, 0x22, 0x27,
	0x0C, 0x38, 0x40, 0x4E, 0x39, 0x06, 0x0C, 0x02, 0x03, 0x02, 0x09, 0x02,
	0x01, 0x04, 0x04, 0x04, 0x24, 0x11, 0x5B, 0x12, 0x08, 0x0C, 0x05, 0x1A,
	0x06, 0x0B, 0x0D, 0x09, 0x25, 0x09, 0x0F, 0x0B, 0x05, 0x08, 0x0A, 0x04,
	0x6F, 0x1A, 0x62, 0x17, 0x03, 0x12, 0x0F, 0x30, 0x2C, 0x10, 0x09, 0x0F,
	0x0C, 0x0C, 0x12, 0x43, 0x12, 0x08, 0x06, 0x1D, 0x27, 0x20, 0x20, 0x1A,
	0x19, 0x1F, 0x14, 0x03, 0x16, 0x0B, 0x10, 0x0E, 0x10, 0x02, 0x0C, 0x49,
	0x0B, 0x04, 0x12, 0x05, 0x03, 0x03, 0x13, 0x1C, 0x1F, 0x0F, 0x5A, 0x02,
	0x1A, 0x03, 0x1B, 0x0C, 0x08, 0x2B, 0x06, 0x03, 0x21, 0x03, 0x09, 0x02,
	0x02, 0x03, 0x09, 0x3C, 0x4E, 0x03, 0x30, 0x03, 0x01, 0x07, 0x0A, 0x01,
	0x16, 0x0B, 0x0E, 0x0E, 0x02, 0x0C, 0x10, 0x03, 0x39, 0x02, 0x09, 0x08,
	0x03, 0x03, 0x17, 0x04, 0x05, 0x10, 0x05, 0x03, 0x03, 0x02, 0x03, 0x06,
	0x06, 0x04, 0x01, 0x0D, 0x93, 0x07, 0x12, 0x04, 0x02, 0x02, 0x04, 0x09,
	0x05, 0x05, 0x06, 0x17, 0x33, 0x8A, 0x12, 0x33, 0x04, 0x02, 0x06, 0xCC,
	0x03, 0x10, 0x14, 0x06, 0x09, 0xFE, 0xE6, 0x08, 0x07, 0xDB, 0x22, 0x1F,
	0xFE, 0xD6, 0x13, 0x13, 0x0A, 0x01, 0x0E, 0xFE, 0xBB, 0x0F, 0x0D, 0x05,
	0x03, 0x02, 0x05, 0x04, 0x10, 0x01, 0x06, 0x06, 0x0C, 0x03, 0x0A, 0xFF,
	0x06, 0x03, 0x16, 0x0A, 0x12, 0x30, 0x14, 0x17, 0x00, 0x00, 0x00, 0x00,
	0x00, 0x00, 0x00, 0x7E, 0x00, 0x00, 0x00, 0x7E, 0x00, 0x00, 0x00, 0x7E,
	0x00, 0x00, 0x00, 0x7E, 0x00, 0x00, 0x1E, 0x3A, 0x00, 0x00, 0x25, 0xB4,
	0x00, 0x00, 0x34, 0xBA, 0x00, 0x00, 0x46, 0x50, 0x00, 0x00, 0x4D, 0xFA,
	0x00, 0x00, 0x64, 0xFE, 0x00, 0x00, 0x75, 0x74, 0x00, 0x00, 0x7E, 0xCC,
	0x00, 0x00, 0x86, 0x42, 0x00, 0x00, 0x91, 0x72, 0x00, 0x00, 0xA5, 0xA2,
	0x00, 0x00, 0xAD, 0x3E, 0x00, 0x00, 0xB0, 0xCE, 0x00, 0x00, 0xB9, 0xB4,
	0x00, 0x00, 0xC5, 0x08, 0x00, 0x00, 0xC8, 0x3E, 0x00, 0x00, 0xC9, 0xFE,
	0x00, 0x00, 0xCE, 0x5C, 0x00, 0x00, 0xD9, 0xE6, 0x00, 0x00, 0xDD, 0x6A,
	0x00, 0x00, 0xE9, 0x48, 0x00, 0x00, 0xEE, 0x20, 0x00, 0x00, 0xFF, 0x54,
	0x00, 0x01, 0x02, 0x84, 0x00, 0x01, 0x09, 0xD8, 0x00, 0x01, 0x12, 0x6C,
	0x00, 0x01, 0x1E, 0x96, 0x00, 0x01, 0x24, 0xCC, 0x00, 0x01, 0x31, 0x0A,
	0x00, 0x01, 0x34, 0x3C, 0x00, 0x01, 0x3D, 0x02, 0x00, 0x01, 0x55, 0xBC,
	0x00, 0x01, 0x5B, 0x6C, 0x00, 0x01, 0x61, 0x82, 0x00, 0x01, 0x67, 0xFC,
	0x00, 0x01, 0x7D, 0x6E, 0x00, 0x01, 0x87, 0x2E, 0x00, 0x01, 0x8C, 0xB0,
	0x00, 0x01, 0x91, 0x88, 0x00, 0x01, 0x98, 0xD4, 0x00, 0x01, 0x9F, 0x52,
	0x00, 0x01, 0xBA, 0xDA, 0x00, 0x01, 0xC0, 0x86, 0x00, 0x01, 0xC5, 0xEC,
	0x00, 0x01, 0xCB, 0x1C, 0x00, 0x01, 0xD7, 0x08, 0x00, 0x01, 0xE0, 0xFE,
	0x00, 0x01, 0xE9, 0x42, 0x00, 0x01, 0xEB, 0x3A, 0x00, 0x01, 0xF0, 0x2C,
	0x00, 0x01, 0xF6, 0x50, 0x00, 0x01, 0xFC, 0xE8, 0x01, 0xF4, 0x00, 0x3F,
	0x00, 0x00, 0x00, 0x00, 0x01, 0xF4, 0x00, 0x00, 0x01, 0xF4, 0x00, 0x00,
	0x02, 0xF5, 0x00, 0x00, 0x03, 0x28, 0x00, 0x00, 0x03, 0x81, 0x00, 0x00,
	0x03, 0x4A, 0xFF, 0xFF, 0x03, 0xD0, 0x00, 0x00, 0x03, 0x5E, 0x00, 0x00,
	0x03, 0x0C, 0x00, 0x00, 0x03, 0x4E, 0x00, 0x00, 0x03, 0xB9, 0x00, 0x00,
	0x04, 0x87, 0x00, 0x00, 0x03, 0x33, 0x00, 0x00, 0x03, 0x5E, 0xFF, 0xFE,
	0x02, 0x99, 0x00, 0x00, 0x02, 0xE7, 0xFF, 0xF8, 0x03, 0x23, 0x00, 0x00,
	0x03, 0x4D, 0xFF, 0xFB, 0x02, 0x62, 0x00, 0x00, 0x03, 0x49, 0x00, 0x01,
	0x03, 0x4C, 0x00, 0x00, 0x03, 0x5D, 0x00, 0x00, 0x03, 0x69, 0x00, 0x00,
	0x03, 0x28, 0x00, 0x00, 0x03, 0x1A, 0x00, 0x00, 0x03, 0x3A, 0x00, 0x00,
	0x03, 0x4C, 0x00, 0x00, 0x03, 0x42, 0x00, 0x00, 0x02, 0xC1, 0x00, 0x00,
	0x03, 0x60, 0x00, 0x00, 0x03, 0xCA, 0x00, 0x00, 0x02, 0x3D, 0x00, 0x00,
	0x03, 0x38, 0x00, 0x00, 0x03, 0xCC, 0x00, 0x00, 0x03, 0x46, 0x00, 0x00,
	0x01, 0xCC, 0x00, 0x00, 0x03, 0x6B, 0x00, 0x00, 0x02, 0xD2, 0x00, 0x00,
	0x03, 0x33, 0x00, 0x00, 0x03, 0x4D, 0x00, 0x00, 0x01, 0xB0, 0x00, 0x00,
	0x03, 0x4B, 0x00, 0x00, 0x03, 0x56, 0x00, 0x00, 0x03, 0x37, 0x00, 0x00,
	0x01, 0xE8, 0x00, 0x00, 0x03, 0x50, 0x00, 0x00, 0x02, 0x2A, 0x00, 0x00,
	0x03, 0x2D, 0x00, 0x00, 0x03, 0x3B, 0x00, 0x00, 0x02, 0xFD, 0x00, 0x01,
	0x03, 0x48, 0x00, 0x00, 0x03, 0x32, 0x00, 0x00, 0x03, 0x48, 0x00, 0x00,
	0x03, 0x47, 0x00, 0x01, 0x00, 0x02, 0x00, 0x00, 0x00, 0x00, 0x00, 0x00,
	0xFF, 0x7B, 0x00, 0x14, 0x00, 0x00, 0x00, 0x00, 0x00, 0x00, 0x00, 0x00,
	0x00, 0x00, 0x00, 0x00, 0x00, 0x00, 0x00, 0x00, 0x00, 0x00, 0x00, 0x00,
	0x00, 0x38, 0x00, 0x00, 0x00, 0x01, 0x00, 0x02, 0x00, 0x03, 0x00, 0x24,
	0x00, 0x25, 0x00, 0x26, 0x00, 0x27, 0x00, 0x28, 0x00, 0x29, 0x00, 0x2A,
	0x00, 0x2B, 0x00, 0x2C, 0x00, 0x2D, 0x00, 0x2E, 0x00, 0x2F, 0x00, 0x30,
	0x00, 0x31, 0x00, 0x32, 0x00, 0x33, 0x00, 0x34, 0x00, 0x35, 0x00, 0x36,
	0x00, 0x37, 0x00, 0x38, 0x00, 0x39, 0x00, 0x3A, 0x00, 0x3B, 0x00, 0x3C,
	0x00, 0x3D, 0x00, 0x44, 0x00, 0x45, 0x00, 0x46, 0x00, 0x47, 0x00, 0x48,
	0x00, 0x49, 0x00, 0x4A, 0x00, 0x4B, 0x00, 0x4C, 0x00, 0x4D, 0x00, 0x4E,
	0x00, 0x4F, 0x00, 0x50, 0x00, 0x51, 0x00, 0x52, 0x00, 0x53, 0x00, 0x54,
	0x00, 0x55, 0x00, 0x56, 0x00, 0x57, 0x00, 0x58, 0x00, 0x59, 0x00, 0x5A,
	0x00, 0x5B, 0x00, 0x5C, 0x00, 0x5D, 0x00, 0x00, 0x00, 0x00, 0x00, 0x03,
	0x00, 0x00, 0x00, 0x00, 0x00, 0x00, 0x01, 0x1C, 0x00, 0x01, 0x00, 0x00,
	0x00, 0x00, 0x00, 0x1C, 0x00, 0x03, 0x00, 0x01, 0x00, 0x00, 0x01, 0x1C,
	0x00, 0x06, 0x01, 0x00, 0x00, 0x00, 0x00, 0x00, 0x00, 0x7B, 0x00, 0x01,
	0x00, 0x00, 0x00, 0x00, 0x00, 0x00, 0x00, 0x00, 0x00, 0x00, 0x00, 0x00,
	0x00, 0x00, 0x00, 0x01, 0x00, 0x03, 0x00, 0x00, 0x00, 0x00, 0x00, 0x00,
	0x00, 0x02, 0x00, 0x00, 0x00, 0x00, 0x00, 0x00, 0x00, 0x00, 0x00, 0x00,
	0x00, 0x00, 0x00, 0x00, 0x00, 0x00, 0x00, 0x00, 0x00, 0x00, 0x00, 0x00,
	0x00, 0x00, 0x00, 0x00, 0x00, 0x00, 0x00, 0x00, 0x00, 0x01, 0x00, 0x00,
	0x00, 0x00, 0x00, 0x03, 0x00, 0x00, 0x00, 0x00, 0x00, 0x00, 0x00, 0x00,
	0x00, 0x00, 0x00, 0x00, 0x00, 0x00, 0x00, 0x00, 0x00, 0x00, 0x00, 0x00,
	0x00, 0x00, 0x00, 0x00, 0x00, 0x00, 0x00, 0x00, 0x00, 0x00, 0x00, 0x00,
	0x00, 0x00, 0x00, 0x00, 0x00, 0x00, 0x00, 0x00, 0x00, 0x00, 0x00, 0x00,
	0x00, 0x00, 0x00, 0x00, 0x00, 0x00, 0x00, 0x00, 0x00, 0x00, 0x00, 0x00,
	0x00, 0x00, 0x00, 0x00, 0x00, 0x00, 0x00, 0x00, 0x00, 0x04, 0x00, 0x05,
	0x00, 0x06, 0x00, 0x07, 0x00, 0x08, 0x00, 0x09, 0x00, 0x0A, 0x00, 0x0B,
	0x00, 0x0C, 0x00, 0x0D, 0x00, 0x0E, 0x00, 0x0F, 0x00, 0x10, 0x00, 0x11,
	0x00, 0x12, 0x00, 0x13, 0x00, 0x14, 0x00, 0x15, 0x00, 0x16, 0x00, 0x17,
	0x00, 0x18, 0x00, 0x19, 0x00, 0x1A, 0x00, 0x1B, 0x00, 0x1C, 0x00, 0x1D,
	0x00, 0x00, 0x00, 0x00, 0x00, 0x00, 0x00, 0x00, 0x00, 0x00, 0x00, 0x00,
	0x00, 0x1E, 0x00, 0x1F, 0x00, 0x20, 0x00, 0x21, 0x00, 0x22, 0x00, 0x23,
	0x00, 0x24, 0x00, 0x25, 0x00, 0x26, 0x00, 0x27, 0x00, 0x28, 0x00, 0x29,
	0x00, 0x2A, 0x00, 0x2B, 0x00, 0x2C, 0x00, 0x2D, 0x00, 0x2E, 0x00, 0x2F,
	0x00, 0x30, 0x00, 0x31, 0x00, 0x32, 0x00, 0x33, 0x00, 0x34, 0x00, 0x35,
	0x00, 0x36, 0x00, 0x37, 0x00, 0x04, 0x00, 0x9C, 0x00, 0x00, 0x00, 0x08,
	0x00, 0x08, 0x00, 0x02, 0x00, 0x00, 0x00, 0x20, 0x00, 0x5A, 0x00, 0x7A,
	0xFF, 0xFF, 0x00, 0x00, 0x00, 0x20, 0x00, 0x41, 0x00, 0x61, 0xFF, 0xFF,
	0x00, 0x00, 0x00, 0x00, 0x00, 0x00, 0x00, 0x01, 0x00, 0x08, 0x00, 0x08,
	0x00, 0x3A, 0xFF, 0xFF, 0x00, 0x03, 0x00, 0x04, 0x00, 0x05, 0x00, 0x06,
	0x00, 0x07, 0x00, 0x08, 0x00, 0x09, 0x00, 0x0A, 0x00, 0x0B, 0x00, 0x0C,
	0x00, 0x0D, 0x00, 0x0E, 0x00, 0x0F, 0x00, 0x10, 0x00, 0x11, 0x00, 0x12,
	0x00, 0x13, 0x00, 0x14, 0x00, 0x15, 0x00, 0x16, 0x00, 0x17, 0x00, 0x18,
	0x00, 0x19, 0x00, 0x1A, 0x00, 0x1B, 0x00, 0x1C, 0x00, 0x1D, 0x00, 0x1E,
	0x00, 0x1F, 0x00, 0x20, 0x00, 0x21, 0x00, 0x22, 0x00, 0x23, 0x00, 0x24,
	0x00, 0x25, 0x00, 0x26, 0x00, 0x27, 0x00, 0x28, 0x00, 0x29, 0x00, 0x2A,
	0x00, 0x2B, 0x00, 0x2C, 0x00, 0x2D, 0x00, 0x2E, 0x00, 0x2F, 0x00, 0x30,
	0x00, 0x31, 0x00, 0x32, 0x00, 0x33, 0x00, 0x34, 0x00, 0x35, 0x00, 0x36,
	0x00, 0x37, 0x00, 0x00, 0x00, 0x00, 0x00, 0x10, 0x00, 0x00, 0x00, 0x3C,
	0x09, 0x0A, 0x05, 0x00, 0x05, 0x05, 0x07, 0x07, 0x08, 0x08, 0x09, 0x08,
	0x07, 0x08, 0x09, 0x0A, 0x07, 0x08, 0x06, 0x07, 0x07, 0x08, 0x05, 0x08,
	0x08, 0x08, 0x08, 0x07, 0x07, 0x07, 0x08, 0x08, 0x06, 0x08, 0x09, 0x05,
	0x07, 0x09, 0x08, 0x04, 0x08, 0x06, 0x07, 0x08, 0x04, 0x08, 0x08, 0x07,
	0x04, 0x08, 0x05, 0x07, 0x07, 0x07, 0x08, 0x07, 0x08, 0x08, 0x00, 0x00,
	0x0A, 0x0C, 0x05, 0x00, 0x05, 0x05, 0x08, 0x08, 0x09, 0x08, 0x0A, 0x09,
	0x08, 0x08, 0x0A, 0x0C, 0x08, 0x09, 0x07, 0x07, 0x08, 0x08, 0x06, 0x08,
	0x08, 0x09, 0x09, 0x08, 0x08, 0x08, 0x08, 0x08, 0x07, 0x09, 0x0A, 0x06,
	0x08, 0x0A, 0x08, 0x05, 0x09, 0x07, 0x08, 0x08, 0x04, 0x08, 0x09, 0x08,
	0x05, 0x08, 0x06, 0x08, 0x08, 0x08, 0x08, 0x08, 0x08, 0x08, 0x00, 0x00,
	0x0B, 0x0D, 0x06, 0x00, 0x06, 0x06, 0x08, 0x09, 0x0A, 0x09, 0x0B, 0x09,
	0x09, 0x09, 0x0A, 0x0D, 0x09, 0x09, 0x07, 0x08, 0x09, 0x09, 0x07, 0x09,
	0x09, 0x09, 0x0A, 0x09, 0x09, 0x09, 0x09, 0x09, 0x08, 0x0A, 0x0B, 0x06,
	0x09, 0x0B, 0x09, 0x05, 0x0A, 0x08, 0x09, 0x09, 0x05, 0x09, 0x09, 0x09,
	0x05, 0x09, 0x06, 0x09, 0x09, 0x08, 0x09, 0x09, 0x09, 0x09, 0x00, 0x00,
	0x0C, 0x0E, 0x06, 0x00, 0x06, 0x06, 0x09, 0x0A, 0x0B, 0x0A, 0x0C, 0x0A,
	0x09, 0x0A, 0x0B, 0x0E, 0x0A, 0x0A, 0x08, 0x09, 0x0A, 0x0A, 0x07, 0x0A,
	0x0A, 0x0A, 0x0A, 0x0A, 0x0A, 0x0A, 0x0A, 0x0A, 0x08, 0x0A, 0x0C, 0x07,
	0x0A, 0x0C, 0x0A, 0x06, 0x0B, 0x09, 0x0A, 0x0A, 0x05, 0x0A, 0x0A, 0x0A,
	0x06, 0x0A, 0x07, 0x0A, 0x0A, 0x09, 0x0A, 0x0A, 0x0A, 0x0A, 0x00, 0x00,
	0x0D, 0x0F, 0x07, 0x00, 0x07, 0x07, 0x0A, 0x0B, 0x0C, 0x0B, 0x0D, 0x0B,
	0x0A, 0x0B, 0x0C, 0x0F, 0x0B, 0x0B, 0x09, 0x0A, 0x0A, 0x0B, 0x08, 0x0B,
	0x0B, 0x0B, 0x0B, 0x0B, 0x0A, 0x0B, 0x0B, 0x0B, 0x09, 0x0B, 0x0D, 0x07,
	0x0B, 0x0D, 0x0B, 0x06, 0x0B, 0x09, 0x0B, 0x0B, 0x06, 0x0B, 0x0B, 0x0B,
	0x06, 0x0B, 0x07, 0x0B, 0x0B, 0x0A, 0x0B, 0x0B, 0x0B, 0x0B, 0x00, 0x00,
	0x0E, 0x10, 0x07, 0x00, 0x07, 0x07, 0x0B, 0x0B, 0x0D, 0x0C, 0x0E, 0x0C,
	0x0B, 0x0C, 0x0D, 0x10, 0x0B, 0x0C, 0x09, 0x0A, 0x0B, 0x0C, 0x09, 0x0C,
	0x0C, 0x0C, 0x0C, 0x0B, 0x0B, 0x0C, 0x0C, 0x0C, 0x0A, 0x0C, 0x0E, 0x08,
	0x0C, 0x0E, 0x0C, 0x06, 0x0C, 0x0A, 0x0B, 0x0C, 0x06, 0x0C, 0x0C, 0x0C,
	0x07, 0x0C, 0x08, 0x0B, 0x0C, 0x0B, 0x0C, 0x0B, 0x0C, 0x0C, 0x00, 0x00,
	0x0F, 0x11, 0x08, 0x00, 0x08, 0x08, 0x0B, 0x0C, 0x0D, 0x0D, 0x0F, 0x0D,
	0x0C, 0x0D, 0x0E, 0x11, 0x0C, 0x0D, 0x0A, 0x0B, 0x0C, 0x0D, 0x09, 0x0D,
	0x0D, 0x0D, 0x0D, 0x0C, 0x0C, 0x0C, 0x0D, 0x0D, 0x0B, 0x0D, 0x0F, 0x09,
	0x0C, 0x0F, 0x0D, 0x07, 0x0D, 0x0B, 0x0C, 0x0D, 0x06, 0x0D, 0x0D, 0x0C,
	0x07, 0x0D, 0x08, 0x0C, 0x0C, 0x0B, 0x0D, 0x0C, 0x0D, 0x0D, 0x00, 0x00,
	0x10, 0x13, 0x08, 0x00, 0x08, 0x08, 0x0C, 0x0D, 0x0E, 0x0D, 0x10, 0x0E,
	0x0C, 0x0E, 0x0F, 0x13, 0x0D, 0x0E, 0x0B, 0x0C, 0x0D, 0x0E, 0x0A, 0x0D,
	0x0E, 0x0E, 0x0E, 0x0D, 0x0D, 0x0D, 0x0E, 0x0D, 0x0B, 0x0E, 0x10, 0x09,
	0x0D, 0x10, 0x0D, 0x07, 0x0E, 0x0C, 0x0D, 0x0E, 0x07, 0x0D, 0x0E, 0x0D,
	0x08, 0x0E, 0x09, 0x0D, 0x0D, 0x0C, 0x0D, 0x0D, 0x0D, 0x0D, 0x00, 0x00,
	0x11, 0x14, 0x09, 0x00, 0x09, 0x09, 0x0D, 0x0E, 0x0F, 0x0E, 0x11, 0x0F,
	0x0D, 0x0E, 0x10, 0x14, 0x0E, 0x0F, 0x0B, 0x0D, 0x0E, 0x0E, 0x0A, 0x0E,
	0x0E, 0x0F, 0x0F, 0x0E, 0x0D, 0x0E, 0x0E, 0x0E, 0x0C, 0x0F, 0x10, 0x0A,
	0x0E, 0x11, 0x0E, 0x08, 0x0F, 0x0C, 0x0E, 0x0E, 0x07, 0x0E, 0x0F, 0x0E,
	0x08, 0x0E, 0x09, 0x0E, 0x0E, 0x0D, 0x0E, 0x0E, 0x0E, 0x0E, 0x00, 0x00,
	0x12, 0x15, 0x09, 0x00, 0x09, 0x09, 0x0E, 0x0F, 0x10, 0x0F, 0x12, 0x10,
	0x0E, 0x0F, 0x11, 0x15, 0x0F, 0x10, 0x0C, 0x0D, 0x0E, 0x0F, 0x0B, 0x0F,
	0x0F, 0x0F, 0x10, 0x0F, 0x0E, 0x0F, 0x0F, 0x0F, 0x0D, 0x10, 0x11, 0x0A,
	0x0F, 0x11, 0x0F, 0x08, 0x10, 0x0D, 0x0F, 0x0F, 0x08, 0x0F, 0x0F, 0x0F,
	0x09, 0x0F, 0x0A, 0x0F, 0x0F, 0x0E, 0x0F, 0x0F, 0x0F, 0x0F, 0x00, 0x00,
	0x13, 0x16, 0x0A, 0x00, 0x0A, 0x0A, 0x0E, 0x0F, 0x11, 0x10, 0x13, 0x10,
	0x0F, 0x10, 0x12, 0x16, 0x10, 0x10, 0x0D, 0x0E, 0x0F, 0x10, 0x0C, 0x10,
	0x10, 0x10, 0x11, 0x0F, 0x0F, 0x10, 0x10, 0x10, 0x0D, 0x10, 0x12, 0x0B,
	0x10, 0x12, 0x10, 0x09, 0x11, 0x0E, 0x10, 0x10, 0x08, 0x10, 0x10, 0x10,
	0x09, 0x10, 0x0B, 0x0F, 0x10, 0x0F, 0x10, 0x10, 0x10, 0x10, 0x00, 0x00,
	0x14, 0x17, 0x0A, 0x00, 0x0A, 0x0A, 0x0F, 0x10, 0x12, 0x11, 0x14, 0x11,
	0x10, 0x11, 0x13, 0x17, 0x10, 0x11, 0x0D, 0x0F, 0x10, 0x11, 0x0C, 0x11,
	0x11, 0x11, 0x11, 0x10, 0x10, 0x11, 0x11, 0x11, 0x0E, 0x11, 0x13, 0x0B,
	0x10, 0x13, 0x11, 0x09, 0x12, 0x0E, 0x10, 0x11, 0x09, 0x11, 0x11, 0x10,
	0x0A, 0x11, 0x0B, 0x10, 0x11, 0x0F, 0x11, 0x10, 0x11, 0x11, 0x00, 0x00,
	0x15, 0x18, 0x0B, 0x00, 0x0B, 0x0B, 0x10, 0x11, 0x13, 0x12, 0x14, 0x12,
	0x10, 0x12, 0x14, 0x18, 0x11, 0x12, 0x0E, 0x10, 0x11, 0x12, 0x0D, 0x12,
	0x12, 0x12, 0x12, 0x11, 0x11, 0x11, 0x12, 0x12, 0x0F, 0x12, 0x14, 0x0C,
	0x11, 0x14, 0x12, 0x0A, 0x12, 0x0F, 0x11, 0x12, 0x09, 0x12, 0x12, 0x11,
	0x0A, 0x12, 0x0C, 0x11, 0x11, 0x10, 0x12, 0x11, 0x12, 0x12, 0x00, 0x00,
	0x16, 0x19, 0x0B, 0x00, 0x0B, 0x0B, 0x11, 0x12, 0x14, 0x13, 0x15, 0x13,
	0x11, 0x13, 0x15, 0x19, 0x12, 0x13, 0x0F, 0x10, 0x12, 0x13, 0x0D, 0x13,
	0x13, 0x13, 0x13, 0x12, 0x11, 0x12, 0x13, 0x12, 0x10, 0x13, 0x15, 0x0D,
	0x12, 0x15, 0x12, 0x0A, 0x13, 0x10, 0x12, 0x13, 0x0A, 0x13, 0x13, 0x12,
	0x0B, 0x13, 0x0C, 0x12, 0x12, 0x11, 0x12, 0x12, 0x12, 0x12, 0x00, 0x00,
	0x17, 0x1B, 0x0C, 0x00, 0x0C, 0x0C, 0x11, 0x13, 0x15, 0x13, 0x16, 0x14,
	0x12, 0x13, 0x16, 0x1B, 0x13, 0x14, 0x0F, 0x11, 0x12, 0x13, 0x0E, 0x13,
	0x13, 0x14, 0x14, 0x13, 0x12, 0x13, 0x13, 0x13, 0x10, 0x14, 0x16, 0x0D,
	0x13, 0x16, 0x13, 0x0B, 0x14, 0x11, 0x13, 0x13, 0x0A, 0x13, 0x14, 0x13,
	0x0B, 0x14, 0x0D, 0x13, 0x13, 0x12, 0x13, 0x13, 0x13, 0x13, 0x00, 0x00,
	0x18, 0x1C, 0x0C, 0x00, 0x0C, 0x0C, 0x12, 0x13, 0x16, 0x14, 0x17, 0x15,
	0x13, 0x14, 0x17, 0x1C, 0x14, 0x15, 0x10, 0x12, 0x13, 0x14, 0x0F, 0x14,
	0x14, 0x15, 0x15, 0x13, 0x13, 0x14, 0x14, 0x14, 0x11, 0x15, 0x17, 0x0E,
	0x14, 0x17, 0x14, 0x0B, 0x15, 0x11, 0x14, 0x14, 0x0A, 0x14, 0x14, 0x14,
	0x0C, 0x14, 0x0D, 0x14, 0x14, 0x12, 0x14, 0x14, 0x14, 0x14, 0x00, 0x00,
	0x00, 0x01, 0x00, 0x00, 0x01, 0x90, 0x00, 0x05, 0x00, 0x02, 0x02, 0xBC,
	0x02, 0x8A, 0x00, 0x00, 0x00, 0x8F, 0x02, 0xBC, 0x02, 0x8A, 0x00, 0x00,
	0x01, 0xC5, 0x00, 0x32, 0x01, 0x03, 0x00, 0x00, 0x00, 0x00, 0x04, 0x00,
	0x00, 0x00, 0x00, 0x00, 0x00, 0x00, 0x00, 0x00, 0x00, 0x03, 0x00, 0x00,
	0x00, 0x00, 0x00, 0x00, 0x00, 0x00, 0x00, 0x00, 0x00, 0x00, 0x4D, 0x41,
	0x43, 0x52, 0x00, 0x40, 0x00, 0x20, 0x00, 0x7A, 0x03, 0x21, 0xFF, 0xFF,
	0x00, 0x00, 0x03, 0x21, 0x00, 0x01, 0x00, 0x00, 0x00, 0x01, 0x00, 0x00,
	0x00, 0x00, 0x00, 0x00, 0x00, 0x01, 0x00, 0x00, 0x80, 0x00, 0x00, 0x00,
	0x01, 0xF4, 0x03, 0x20, 0x00, 0x00, 0x60, 0x00, 0x03, 0x20, 0x02, 0x75,
	0x53, 0x75, 0x6E, 0x61, 0x6E, 0x64, 0x4D, 0x6F, 0x6F, 0x6E, 0x20, 0x20,
	0x20, 0x20, 0x20, 0x20, 0xFF, 0xFF, 0xFF, 0xFF, 0x37, 0xFF, 0xFF, 0xFE,
	0x53, 0x55, 0x4E, 0x52, 0x30, 0x30, 0x00, 0x00, 0x00, 0x00, 0x00, 0x00,
	0x00, 0x01, 0x00, 0x00, 0x00, 0x01, 0x00, 0x00, 0x72, 0x2C, 0x35, 0xCD,
	0x5F, 0x0F, 0x3C, 0xF5, 0x00, 0x00, 0x03, 0xE8, 0x00, 0x00, 0x00, 0x00,
	0xB5, 0xE6, 0xF6, 0x75, 0x00, 0x00, 0x00, 0x00, 0xB5, 0xE6, 0xF6, 0x75,
	0xFF, 0xF8, 0xFF, 0xFC, 0x04, 0x50, 0x03, 0x23, 0x00, 0x00, 0x00, 0x03,
	0x00, 0x02, 0x00, 0x01, 0x00, 0x00, 0x00, 0x00, 0x00, 0x01, 0x00, 0x00,
	0x03, 0x23, 0xFF, 0x38, 0x00, 0x00, 0x04, 0x87, 0xFF, 0xF8, 0x00, 0x14,
	0x04, 0x50, 0x00, 0x01, 0x00, 0x00, 0x00, 0x00, 0x00, 0x00, 0x00, 0x00,
	0x00, 0x00, 0x00, 0x00, 0x00, 0x00, 0x00, 0x38, 0x00, 0x01, 0x00, 0x00,
	0x00, 0x38, 0x08, 0xCD, 0x00, 0x8B, 0x00, 0x00, 0x00, 0x00, 0x00, 0x02,
	0x00, 0x08, 0x00, 0x40, 0x00, 0x0A, 0x00, 0x00, 0x05, 0xD5, 0x0B, 0xAC,
	0x00, 0x01, 0x00, 0x01, 0x31
};
